target,variant,seed,outer_fold,best_c,candidate_objectives,outer_train_records,outer_test_records,outer_train_women,outer_test_women,outer_train_qc_pass,outer_test_qc_pass
T13,unweighted,20260824,0,1.0,"{""0.03"": 0.2232756039133104, ""0.1"": 0.23174723493572177, ""0.3"": 0.2341953301122958, ""1.0"": 0.2344730896732364, ""3.0"": 0.23331521550336418, ""10.0"": 0.23057337604068012}",452,153,111,36,377,112
T13,unweighted,20260824,1,0.03,"{""0.03"": 0.14240704049780845, ""0.1"": 0.13181282660789798, ""0.3"": 0.1295109510376781, ""1.0"": 0.12826021387295022, ""3.0"": 0.1278141094460968, ""10.0"": 0.12527424421545874}",453,152,111,36,376,133
T13,unweighted,20260824,2,0.03,"{""0.03"": 0.39804791370525583, ""0.1"": 0.340740421692409, ""0.3"": 0.32553741148319226, ""1.0"": 0.32034535833948985, ""3.0"": 0.3188284695316764, ""10.0"": 0.31233115925908667}",455,150,110,37,377,131
T13,unweighted,20260824,3,3.0,"{""0.03"": 0.30774047384362957, ""0.1"": 0.368437710546742, ""0.3"": 0.38820912780620476, ""1.0"": 0.3971287536855767, ""3.0"": 0.40432403590534494, ""10.0"": 0.40086098729394365}",455,150,109,38,380,127
T18,unweighted,20260824,0,3.0,"{""0.03"": 0.22597648496649347, ""0.1"": 0.24801722089800862, ""0.3"": 0.25288674791896215, ""1.0"": 0.25391101695595686, ""3.0"": 0.2562809762310942, ""10.0"": 0.2531792229156095}",453,152,111,36,375,114
T18,unweighted,20260824,1,0.03,"{""0.03"": 0.3281535493620975, ""0.1"": 0.3164311785991485, ""0.3"": 0.31238727435790414, ""1.0"": 0.31194104593263294, ""3.0"": 0.3142805550432849, ""10.0"": 0.3159962523599795}",453,152,110,37,377,135
T18,unweighted,20260824,2,1.0,"{""0.03"": 0.18513978232457157, ""0.1"": 0.18715945105617623, ""0.3"": 0.18791033650682598, ""1.0"": 0.1880908681046664, ""3.0"": 0.18766921785273982, ""10.0"": 0.1857056928457338}",456,149,109,38,380,120
T18,unweighted,20260824,3,3.0,"{""0.03"": 0.3486972175891853, ""0.1"": 0.36331236389588323, ""0.3"": 0.3692876163404706, ""1.0"": 0.3761811022917685, ""3.0"": 0.3774590441543094, ""10.0"": 0.3751305898227779}",453,152,111,36,377,131
T21,unweighted,20260824,0,10.0,"{""0.03"": 0.14805624624238736, ""0.1"": 0.1515079950130185, ""0.3"": 0.15998550338982187, ""1.0"": 0.16853376592775784, ""3.0"": 0.17349119593049236, ""10.0"": 0.17824441890695208}",454,151,111,36,373,115
T21,unweighted,20260824,1,3.0,"{""0.03"": 0.21715121662855702, ""0.1"": 0.2379147408159712, ""0.3"": 0.2509826353696733, ""1.0"": 0.26305554626414646, ""3.0"": 0.2651655908104683, ""10.0"": 0.2588919052416834}",454,151,111,36,379,131
T21,unweighted,20260824,2,3.0,"{""0.03"": 0.1589656079058782, ""0.1"": 0.15759961456474247, ""0.3"": 0.15628174292221264, ""1.0"": 0.1605643496471868, ""3.0"": 0.1616966536865474, ""10.0"": 0.16019333585057077}",452,153,109,38,375,136
T21,unweighted,20260824,3,10.0,"{""0.03"": 0.2658537049408342, ""0.1"": 0.26836834625742845, ""0.3"": 0.27428171329532364, ""1.0"": 0.27310174005826426, ""3.0"": 0.27802365770661197, ""10.0"": 0.28113199004813133}",455,150,110,37,381,122
T13,group_class_weighted,20260824,0,0.03,"{""0.03"": 0.2320046301505107, ""0.1"": 0.22945078659755833, ""0.3"": 0.22831527616618597, ""1.0"": 0.22468330276161216, ""3.0"": 0.22034273277531008, ""10.0"": 0.21341011298716475}",452,153,111,36,377,112
T13,group_class_weighted,20260824,1,0.03,"{""0.03"": 0.1804317310025966, ""0.1"": 0.17148448070126407, ""0.3"": 0.16602852894575265, ""1.0"": 0.1613347130208397, ""3.0"": 0.15727868090671993, ""10.0"": 0.15344415523958826}",453,152,111,36,376,133
T13,group_class_weighted,20260824,2,0.03,"{""0.03"": 0.2915843330594187, ""0.1"": 0.2853810583658867, ""0.3"": 0.27270551935713533, ""1.0"": 0.27122683840966905, ""3.0"": 0.2686902943075249, ""10.0"": 0.26430637972327753}",455,150,110,37,377,131
T13,group_class_weighted,20260824,3,0.03,"{""0.03"": 0.437000456635312, ""0.1"": 0.4353160093062262, ""0.3"": 0.4300158712361768, ""1.0"": 0.40795487268294417, ""3.0"": 0.40683915276723603, ""10.0"": 0.4034271379613429}",455,150,109,38,380,127
T18,group_class_weighted,20260824,0,1.0,"{""0.03"": 0.2644114141712831, ""0.1"": 0.29263310722371616, ""0.3"": 0.3015004478895159, ""1.0"": 0.30380807703749146, ""3.0"": 0.30279509624579326, ""10.0"": 0.29729256227442646}",453,152,111,36,375,114
T18,group_class_weighted,20260824,1,0.03,"{""0.03"": 0.3085017016051447, ""0.1"": 0.30122459240740873, ""0.3"": 0.2848622086657834, ""1.0"": 0.27981466121093, ""3.0"": 0.27969396775458744, ""10.0"": 0.2787255970667045}",453,152,110,37,377,135
T18,group_class_weighted,20260824,2,0.3,"{""0.03"": 0.2218174853914433, ""0.1"": 0.2286946999679405, ""0.3"": 0.2298353247356631, ""1.0"": 0.22846866143093997, ""3.0"": 0.22621632016563015, ""10.0"": 0.22316302055639092}",456,149,109,38,380,120
T18,group_class_weighted,20260824,3,0.3,"{""0.03"": 0.42185237309292023, ""0.1"": 0.4113190009768337, ""0.3"": 0.42297440432531225, ""1.0"": 0.419431640214564, ""3.0"": 0.417750311312271, ""10.0"": 0.41713188847054805}",453,152,111,36,377,131
T21,group_class_weighted,20260824,0,10.0,"{""0.03"": 0.15359316360914274, ""0.1"": 0.16213610071385778, ""0.3"": 0.1718458294747287, ""1.0"": 0.18134398437705973, ""3.0"": 0.18662163600767726, ""10.0"": 0.18716688810243334}",454,151,111,36,373,115
T21,group_class_weighted,20260824,1,1.0,"{""0.03"": 0.16308450417491174, ""0.1"": 0.16112136033604788, ""0.3"": 0.162166170626523, ""1.0"": 0.16540888562932254, ""3.0"": 0.16350076686643517, ""10.0"": 0.1628257060301061}",454,151,111,36,379,131
T21,group_class_weighted,20260824,2,1.0,"{""0.03"": 0.1818402477215971, ""0.1"": 0.18511940401497856, ""0.3"": 0.18579688358785856, ""1.0"": 0.18593257517572429, ""3.0"": 0.18499904641441253, ""10.0"": 0.1827988304077664}",452,153,109,38,375,136
T21,group_class_weighted,20260824,3,0.1,"{""0.03"": 0.29508147427123277, ""0.1"": 0.29962807233060285, ""0.3"": 0.2980199932958661, ""1.0"": 0.29795379269141936, ""3.0"": 0.2967271736625599, ""10.0"": 0.2970776021118812}",455,150,110,37,381,122
T13,unweighted,20360827,0,0.3,"{""0.03"": 0.1348084593230972, ""0.1"": 0.13929649328294, ""0.3"": 0.13973156178349758, ""1.0"": 0.13804484271301512, ""3.0"": 0.1370871517130639, ""10.0"": 0.13671374799089075}",452,153,111,36,374,128
T13,unweighted,20360827,1,10.0,"{""0.03"": 0.29884917421515445, ""0.1"": 0.31554222965127116, ""0.3"": 0.3193281566948466, ""1.0"": 0.33944566840337076, ""3.0"": 0.3425438772844023, ""10.0"": 0.3430742969093977}",449,156,110,37,374,131
T13,unweighted,20360827,2,1.0,"{""0.03"": 0.16321022768054005, ""0.1"": 0.1833339941300109, ""0.3"": 0.19364542628007492, ""1.0"": 0.1963644475442843, ""3.0"": 0.19532202779049884, ""10.0"": 0.1935938725822174}",457,148,111,36,381,122
T13,unweighted,20360827,3,0.03,"{""0.03"": 0.20000886605282198, ""0.1"": 0.19504554341798536, ""0.3"": 0.19305059716126033, ""1.0"": 0.1894960199379216, ""3.0"": 0.18499015917386818, ""10.0"": 0.16261904154153078}",457,148,109,38,383,122
T18,unweighted,20360827,0,3.0,"{""0.03"": 0.22724509011197846, ""0.1"": 0.23226458896571842, ""0.3"": 0.23512292178265629, ""1.0"": 0.23549440167076763, ""3.0"": 0.23630944396931372, ""10.0"": 0.2354502704386579}",453,152,110,37,376,115
T18,unweighted,20360827,1,1.0,"{""0.03"": 0.3532182287190698, ""0.1"": 0.37915861776652215, ""0.3"": 0.38558757789708903, ""1.0"": 0.3898399291005263, ""3.0"": 0.38086333355517815, ""10.0"": 0.36949563326304313}",454,151,109,38,376,126
T18,unweighted,20360827,2,1.0,"{""0.03"": 0.31376751847195594, ""0.1"": 0.3220026783943602, ""0.3"": 0.3273662757262823, ""1.0"": 0.3289628113879136, ""3.0"": 0.3267219382415866, ""10.0"": 0.3224808754161121}",454,151,111,36,379,132
T18,unweighted,20360827,3,0.03,"{""0.03"": 0.2206723129804791, ""0.1"": 0.21984080949065282, ""0.3"": 0.21763220690906374, ""1.0"": 0.21645025448618477, ""3.0"": 0.21593614617788548, ""10.0"": 0.21532018986557713}",454,151,111,36,381,128
T21,unweighted,20360827,0,10.0,"{""0.03"": 0.2335173396274453, ""0.1"": 0.23978640875361992, ""0.3"": 0.24563785787785059, ""1.0"": 0.2498511686271052, ""3.0"": 0.2513866642338968, ""10.0"": 0.2554130894962226}",455,150,110,37,377,108
T21,unweighted,20360827,1,10.0,"{""0.03"": 0.09245057516085366, ""0.1"": 0.09475900136082646, ""0.3"": 0.09597873052547898, ""1.0"": 0.09813222837780838, ""3.0"": 0.0997876137584625, ""10.0"": 0.10035569770282812}",453,152,110,37,377,128
T21,unweighted,20360827,2,0.03,"{""0.03"": 0.13555430568226245, ""0.1"": 0.134900798423756, ""0.3"": 0.13201366312011428, ""1.0"": 0.13147273184839667, ""3.0"": 0.13027040173590887, ""10.0"": 0.1286042503235728}",452,153,110,37,378,140
T21,unweighted,20360827,3,0.03,"{""0.03"": 0.09846886358437645, ""0.1"": 0.09490383386616186, ""0.3"": 0.09199311774360888, ""1.0"": 0.08968637428488559, ""3.0"": 0.0904949911377042, ""10.0"": 0.0914693950731541}",455,150,111,36,382,124
T13,group_class_weighted,20360827,0,0.1,"{""0.03"": 0.15447511268619696, ""0.1"": 0.1553287274684094, ""0.3"": 0.15525042669126934, ""1.0"": 0.15330733482025624, ""3.0"": 0.1493006297922049, ""10.0"": 0.14457752193041415}",452,153,111,36,374,128
T13,group_class_weighted,20360827,1,3.0,"{""0.03"": 0.3613245728221406, ""0.1"": 0.3773580107695462, ""0.3"": 0.40437385198793785, ""1.0"": 0.4040538840347011, ""3.0"": 0.4057381802698322, ""10.0"": 0.39344966919306745}",449,156,110,37,374,131
T13,group_class_weighted,20360827,2,0.03,"{""0.03"": 0.17278021898575005, ""0.1"": 0.16865430308148396, ""0.3"": 0.16385110083342302, ""1.0"": 0.15996055067127943, ""3.0"": 0.15619438478232855, ""10.0"": 0.15322328682709596}",457,148,111,36,381,122
T13,group_class_weighted,20360827,3,10.0,"{""0.03"": 0.1668818268388088, ""0.1"": 0.16040237200299232, ""0.3"": 0.1605635914684152, ""1.0"": 0.16202125119258584, ""3.0"": 0.16141265030936705, ""10.0"": 0.1678979537062428}",457,148,109,38,383,122
T18,group_class_weighted,20360827,0,1.0,"{""0.03"": 0.233494127586124, ""0.1"": 0.23790630884243497, ""0.3"": 0.24029778578617064, ""1.0"": 0.24272585129270186, ""3.0"": 0.24207457288865686, ""10.0"": 0.24178348773268682}",453,152,110,37,376,115
T18,group_class_weighted,20360827,1,0.03,"{""0.03"": 0.4166290276440142, ""0.1"": 0.41004498445626125, ""0.3"": 0.4017017614343655, ""1.0"": 0.3941787247779689, ""3.0"": 0.3801599224516002, ""10.0"": 0.36869654846686084}",454,151,109,38,376,126
T18,group_class_weighted,20360827,2,0.1,"{""0.03"": 0.3484944905932044, ""0.1"": 0.3767716368252376, ""0.3"": 0.37386370506851885, ""1.0"": 0.36857496904562337, ""3.0"": 0.3692934402180291, ""10.0"": 0.36493053072951853}",454,151,111,36,379,132
T18,group_class_weighted,20360827,3,0.1,"{""0.03"": 0.24972407843138117, ""0.1"": 0.2544973166066486, ""0.3"": 0.25431970626340117, ""1.0"": 0.2507168022374322, ""3.0"": 0.24770408677463793, ""10.0"": 0.24574034921619814}",454,151,111,36,381,128
T21,group_class_weighted,20360827,0,3.0,"{""0.03"": 0.23376296528946064, ""0.1"": 0.23546188496090537, ""0.3"": 0.23578356502360556, ""1.0"": 0.2349774673905928, ""3.0"": 0.23613029059420915, ""10.0"": 0.2332896490428599}",455,150,110,37,377,108
T21,group_class_weighted,20360827,1,0.03,"{""0.03"": 0.09437491369048492, ""0.1"": 0.09117693324085942, ""0.3"": 0.09134998431475999, ""1.0"": 0.09090960859422037, ""3.0"": 0.09152320924249892, ""10.0"": 0.09363439552710552}",453,152,110,37,377,128
T21,group_class_weighted,20360827,2,0.03,"{""0.03"": 0.13903279772581648, ""0.1"": 0.13182575765361507, ""0.3"": 0.13022901474786155, ""1.0"": 0.12875484584943012, ""3.0"": 0.128004005443084, ""10.0"": 0.12699505545816925}",452,153,110,37,378,140
T21,group_class_weighted,20360827,3,10.0,"{""0.03"": 0.08525645677032785, ""0.1"": 0.08782031945760813, ""0.3"": 0.08969937894371786, ""1.0"": 0.09324586674783175, ""3.0"": 0.09751727496253809, ""10.0"": 0.10319031335428824}",455,150,111,36,382,124
T13,unweighted,20460830,0,0.03,"{""0.03"": 0.26834888005201984, ""0.1"": 0.24256896555762875, ""0.3"": 0.23712785955982357, ""1.0"": 0.23469851627715338, ""3.0"": 0.2326464431832342, ""10.0"": 0.23140257270420542}",453,152,112,35,374,118
T13,unweighted,20460830,1,3.0,"{""0.03"": 0.182218121705632, ""0.1"": 0.23249042793419356, ""0.3"": 0.25284775032921386, ""1.0"": 0.26091092201980215, ""3.0"": 0.2628271931321549, ""10.0"": 0.23655929173989182}",456,149,109,38,378,118
T13,unweighted,20460830,2,1.0,"{""0.03"": 0.16914634166175133, ""0.1"": 0.1828194712409788, ""0.3"": 0.18343492858727362, ""1.0"": 0.1857387395358295, ""3.0"": 0.18394051487162774, ""10.0"": 0.18286417190862425}",455,150,110,37,382,134
T13,unweighted,20460830,3,0.03,"{""0.03"": 0.21788195905291208, ""0.1"": 0.21176433492994104, ""0.3"": 0.20941577336993572, ""1.0"": 0.20728723749192682, ""3.0"": 0.18386130469185197, ""10.0"": 0.18654209686136122}",451,154,110,37,378,126
T18,unweighted,20460830,0,0.03,"{""0.03"": 0.3666312721253733, ""0.1"": 0.3628030161661983, ""0.3"": 0.36098768154021266, ""1.0"": 0.3594165766968521, ""3.0"": 0.35795552364315475, ""10.0"": 0.3530306828945522}",452,153,111,36,375,118
T18,unweighted,20460830,1,0.3,"{""0.03"": 0.2751115580695391, ""0.1"": 0.2795192175779569, ""0.3"": 0.28136961907886915, ""1.0"": 0.28088530540800744, ""3.0"": 0.2785254768835949, ""10.0"": 0.2750680305554743}",453,152,111,36,379,137
T18,unweighted,20460830,2,0.03,"{""0.03"": 0.20392010485662398, ""0.1"": 0.20110099298443104, ""0.3"": 0.20166432904383688, ""1.0"": 0.20045102643116258, ""3.0"": 0.20283267745864922, ""10.0"": 0.2013038681757312}",454,151,107,40,378,130
T18,unweighted,20460830,3,3.0,"{""0.03"": 0.2685040140466625, ""0.1"": 0.27161039950000476, ""0.3"": 0.272169579557843, ""1.0"": 0.27303108514299246, ""3.0"": 0.2741298084167238, ""10.0"": 0.27321048454297336}",456,149,112,35,381,120
T21,unweighted,20460830,0,10.0,"{""0.03"": 0.16857667922011993, ""0.1"": 0.17824064716316348, ""0.3"": 0.1823053005831679, ""1.0"": 0.18625379110133009, ""3.0"": 0.18647337798401523, ""10.0"": 0.18665639080907465}",454,151,111,36,377,117
T21,unweighted,20460830,1,0.03,"{""0.03"": 0.0918209930962289, ""0.1"": 0.08719925793204628, ""0.3"": 0.08354659531102546, ""1.0"": 0.08245391439615439, ""3.0"": 0.08312892317440083, ""10.0"": 0.08617646959430278}",452,153,110,37,379,123
T21,unweighted,20460830,2,1.0,"{""0.03"": 0.1615900675224565, ""0.1"": 0.17192284441033637, ""0.3"": 0.18158486939797186, ""1.0"": 0.18305093710290762, ""3.0"": 0.18180585060782614, ""10.0"": 0.17828895417089227}",454,151,110,37,380,128
T21,unweighted,20460830,3,10.0,"{""0.03"": 0.18462304224467196, ""0.1"": 0.20344982856412042, ""0.3"": 0.2097556148726807, ""1.0"": 0.21315176400770613, ""3.0"": 0.21715565909492185, ""10.0"": 0.2224877507507625}",455,150,110,37,379,131
T13,group_class_weighted,20460830,0,10.0,"{""0.03"": 0.27663967001218115, ""0.1"": 0.2873612347579721, ""0.3"": 0.28858756184413215, ""1.0"": 0.292829910241878, ""3.0"": 0.299237452089792, ""10.0"": 0.3022280057903106}",453,152,112,35,374,118
T13,group_class_weighted,20460830,1,0.3,"{""0.03"": 0.3100748830205216, ""0.1"": 0.33926973683694994, ""0.3"": 0.3433620732662853, ""1.0"": 0.33404574641338225, ""3.0"": 0.30730362526855515, ""10.0"": 0.29795968537445927}",456,149,109,38,378,118
T13,group_class_weighted,20460830,2,0.03,"{""0.03"": 0.2521166007749107, ""0.1"": 0.2514261570422175, ""0.3"": 0.2505539529932588, ""1.0"": 0.23329634346594466, ""3.0"": 0.2315558027763878, ""10.0"": 0.20105936806152094}",455,150,110,37,382,134
T13,group_class_weighted,20460830,3,0.3,"{""0.03"": 0.22356038858935168, ""0.1"": 0.2285184301363406, ""0.3"": 0.23370723029565144, ""1.0"": 0.23125537287727366, ""3.0"": 0.21166976515946961, ""10.0"": 0.21506179742952586}",451,154,110,37,378,126
T18,group_class_weighted,20460830,0,0.03,"{""0.03"": 0.3538267766204134, ""0.1"": 0.3441815017127651, ""0.3"": 0.34194838019959595, ""1.0"": 0.34223688319729373, ""3.0"": 0.3398076431083742, ""10.0"": 0.3400280007266525}",452,153,111,36,375,118
T18,group_class_weighted,20460830,1,0.3,"{""0.03"": 0.28004623434469705, ""0.1"": 0.28701458560082316, ""0.3"": 0.2878268204244014, ""1.0"": 0.28599036569143277, ""3.0"": 0.2825862217145315, ""10.0"": 0.2801790554021986}",453,152,111,36,379,137
T18,group_class_weighted,20460830,2,1.0,"{""0.03"": 0.2028176239810503, ""0.1"": 0.2050752434949314, ""0.3"": 0.20524478384116776, ""1.0"": 0.20563389939234603, ""3.0"": 0.2052297156999035, ""10.0"": 0.20250012844592633}",454,151,107,40,378,130
T18,group_class_weighted,20460830,3,10.0,"{""0.03"": 0.28837738228264553, ""0.1"": 0.29448746796521474, ""0.3"": 0.3003920595037193, ""1.0"": 0.30169110722392395, ""3.0"": 0.30241235871595873, ""10.0"": 0.3040223796322661}",456,149,112,35,381,120
T21,group_class_weighted,20460830,0,10.0,"{""0.03"": 0.1828785785384756, ""0.1"": 0.18386475982190412, ""0.3"": 0.1841120665988699, ""1.0"": 0.18382360643010182, ""3.0"": 0.18444570138464894, ""10.0"": 0.1855628225207837}",454,151,111,36,377,117
T21,group_class_weighted,20460830,1,10.0,"{""0.03"": 0.08841816856319146, ""0.1"": 0.08898377391153749, ""0.3"": 0.09080727437524666, ""1.0"": 0.09360390687030411, ""3.0"": 0.09614446640522968, ""10.0"": 0.10200826154485858}",452,153,110,37,379,123
T21,group_class_weighted,20460830,2,0.3,"{""0.03"": 0.16702949859619415, ""0.1"": 0.1681091529308305, ""0.3"": 0.16841754757501506, ""1.0"": 0.16088658953874319, ""3.0"": 0.1526504031683406, ""10.0"": 0.1438900624392762}",454,151,110,37,380,128
T21,group_class_weighted,20460830,3,10.0,"{""0.03"": 0.20663411593764425, ""0.1"": 0.2071174633312456, ""0.3"": 0.2092532103830239, ""1.0"": 0.21476414628661605, ""3.0"": 0.22355893197841542, ""10.0"": 0.2336756759666811}",455,150,110,37,379,131
T13,unweighted,20560833,0,3.0,"{""0.03"": 0.2359150715323771, ""0.1"": 0.2440113894760252, ""0.3"": 0.2473247006911688, ""1.0"": 0.24922231662714595, ""3.0"": 0.24978537755800284, ""10.0"": 0.24959025361020598}",455,150,110,37,379,111
T13,unweighted,20560833,1,0.03,"{""0.03"": 0.1848625136769559, ""0.1"": 0.1731534761696028, ""0.3"": 0.17110390354655414, ""1.0"": 0.1639425048726651, ""3.0"": 0.162995033009929, ""10.0"": 0.1610614691870538}",453,152,111,36,378,137
T13,unweighted,20560833,2,0.03,"{""0.03"": 0.23319099564580226, ""0.1"": 0.22845573669289593, ""0.3"": 0.22828078766917487, ""1.0"": 0.22730676776955272, ""3.0"": 0.22684240141541, ""10.0"": 0.22568631737068245}",454,151,111,36,377,126
T13,unweighted,20560833,3,0.03,"{""0.03"": 0.3582562937543587, ""0.1"": 0.34807423025186723, ""0.3"": 0.3356709335872175, ""1.0"": 0.33085014537508106, ""3.0"": 0.32678015796686305, ""10.0"": 0.323620755219834}",453,152,109,38,377,131
T18,unweighted,20560833,0,10.0,"{""0.03"": 0.26528313425896033, ""0.1"": 0.28848213295581193, ""0.3"": 0.2941202890524377, ""1.0"": 0.29846025901242584, ""3.0"": 0.3027277697714726, ""10.0"": 0.30315387277949707}",452,153,111,36,376,118
T18,unweighted,20560833,1,0.03,"{""0.03"": 0.2760718238367351, ""0.1"": 0.267907013014418, ""0.3"": 0.26192528370967494, ""1.0"": 0.26006309794310895, ""3.0"": 0.2562164568501129, ""10.0"": 0.25119485789682783}",456,149,108,39,381,127
T18,unweighted,20560833,2,3.0,"{""0.03"": 0.2709495374948258, ""0.1"": 0.28951303184588995, ""0.3"": 0.2947165221060454, ""1.0"": 0.29904243031934985, ""3.0"": 0.2992658509434742, ""10.0"": 0.29179496917757336}",451,154,110,37,376,135
T18,unweighted,20560833,3,3.0,"{""0.03"": 0.2236874315743016, ""0.1"": 0.23885481479569268, ""0.3"": 0.2508320954147841, ""1.0"": 0.25556739158585284, ""3.0"": 0.2557856166309862, ""10.0"": 0.254939451857904}",456,149,112,35,381,120
T21,unweighted,20560833,0,0.03,"{""0.03"": 0.33840656275279524, ""0.1"": 0.32519163347524516, ""0.3"": 0.3178561410482644, ""1.0"": 0.3181782562040133, ""3.0"": 0.3169083997647978, ""10.0"": 0.32102642046843777}",455,150,111,36,375,115
T21,unweighted,20560833,1,0.3,"{""0.03"": 0.2266939740406953, ""0.1"": 0.23767541158310068, ""0.3"": 0.24054020905172716, ""1.0"": 0.23571244881641956, ""3.0"": 0.23053898010268364, ""10.0"": 0.225026323494784}",455,150,111,36,383,127
T21,unweighted,20560833,2,1.0,"{""0.03"": 0.14727368411527655, ""0.1"": 0.15018085197299785, ""0.3"": 0.15110504861563473, ""1.0"": 0.15132692093210198, ""3.0"": 0.14858767720859403, ""10.0"": 0.14411497431223524}",451,154,109,38,376,136
T21,unweighted,20560833,3,3.0,"{""0.03"": 0.2017020342182932, ""0.1"": 0.20300245630768302, ""0.3"": 0.20314001189236106, ""1.0"": 0.2015273500084889, ""3.0"": 0.20393478086101346, ""10.0"": 0.20326704971222107}",454,151,110,37,379,122
T13,group_class_weighted,20560833,0,0.03,"{""0.03"": 0.2250264927025734, ""0.1"": 0.22172427061577824, ""0.3"": 0.22016797403915003, ""1.0"": 0.21908395043064677, ""3.0"": 0.21703166202636479, ""10.0"": 0.21893597204006146}",455,150,110,37,379,111
T13,group_class_weighted,20560833,1,0.03,"{""0.03"": 0.1427626964370114, ""0.1"": 0.13709406360361542, ""0.3"": 0.13716718190047816, ""1.0"": 0.13764492126265598, ""3.0"": 0.13768052342908021, ""10.0"": 0.13731168118043013}",453,152,111,36,378,137
T13,group_class_weighted,20560833,2,0.1,"{""0.03"": 0.2443351267139084, ""0.1"": 0.2443988769006965, ""0.3"": 0.24367496909531422, ""1.0"": 0.24147103106746154, ""3.0"": 0.24027310935747312, ""10.0"": 0.2396989014390618}",454,151,111,36,377,126
T13,group_class_weighted,20560833,3,0.03,"{""0.03"": 0.4679976967983065, ""0.1"": 0.46500379305468387, ""0.3"": 0.46736983437921253, ""1.0"": 0.46197471226066544, ""3.0"": 0.4070946029452449, ""10.0"": 0.40337457479638833}",453,152,109,38,377,131
T18,group_class_weighted,20560833,0,10.0,"{""0.03"": 0.3204220236532024, ""0.1"": 0.3373988342221484, ""0.3"": 0.35101165598086737, ""1.0"": 0.36451818940195824, ""3.0"": 0.381766757908342, ""10.0"": 0.3825811536839579}",452,153,111,36,376,118
T18,group_class_weighted,20560833,1,0.03,"{""0.03"": 0.2662036224910711, ""0.1"": 0.2631305039298011, ""0.3"": 0.2613939412545988, ""1.0"": 0.2537263148150503, ""3.0"": 0.24725028100325447, ""10.0"": 0.24405774995858903}",456,149,108,39,381,127
T18,group_class_weighted,20560833,2,0.3,"{""0.03"": 0.29682046981550547, ""0.1"": 0.31896609304678225, ""0.3"": 0.33234830866177295, ""1.0"": 0.3294265342863454, ""3.0"": 0.32368469425061064, ""10.0"": 0.3160311513186691}",451,154,110,37,376,135
T18,group_class_weighted,20560833,3,0.3,"{""0.03"": 0.27646060538292816, ""0.1"": 0.29501597126319357, ""0.3"": 0.2967482631271824, ""1.0"": 0.2960440921431879, ""3.0"": 0.2948306973445284, ""10.0"": 0.29255950178483786}",456,149,112,35,381,120
T21,group_class_weighted,20560833,0,0.03,"{""0.03"": 0.3507716091042461, ""0.1"": 0.3347845712588971, ""0.3"": 0.3330502577318267, ""1.0"": 0.3180181325892406, ""3.0"": 0.31022049181967587, ""10.0"": 0.31353245756897286}",455,150,111,36,375,115
T21,group_class_weighted,20560833,1,0.03,"{""0.03"": 0.1883292362165154, ""0.1"": 0.18252255251409, ""0.3"": 0.17697332224093393, ""1.0"": 0.17098148621637305, ""3.0"": 0.1652079280213734, ""10.0"": 0.161517820054995}",455,150,111,36,383,127
T21,group_class_weighted,20560833,2,0.3,"{""0.03"": 0.1672976316075447, ""0.1"": 0.16653312448683888, ""0.3"": 0.16848031404300567, ""1.0"": 0.16712518082316036, ""3.0"": 0.16440871060114798, ""10.0"": 0.158546112346908}",451,154,109,38,376,136
T21,group_class_weighted,20560833,3,10.0,"{""0.03"": 0.19032524041434665, ""0.1"": 0.18926209908558614, ""0.3"": 0.18828667293334753, ""1.0"": 0.1898592019203537, ""3.0"": 0.19273669143804434, ""10.0"": 0.19415398487584107}",454,151,110,37,379,122
T13,unweighted,20660836,0,0.1,"{""0.03"": 0.22228915398776505, ""0.1"": 0.22442871340078685, ""0.3"": 0.22014891684990925, ""1.0"": 0.21701811934408835, ""3.0"": 0.21703629029361313, ""10.0"": 0.20127642781348437}",451,154,111,36,372,119
T13,unweighted,20660836,1,10.0,"{""0.03"": 0.2152539014700086, ""0.1"": 0.22065375880468602, ""0.3"": 0.2272344085744226, ""1.0"": 0.23236253715182234, ""3.0"": 0.23419551233560734, ""10.0"": 0.23601204647556723}",456,149,109,38,385,124
T13,unweighted,20660836,2,0.03,"{""0.03"": 0.29103288757408596, ""0.1"": 0.2754146663407202, ""0.3"": 0.2600126735351487, ""1.0"": 0.24616604931190272, ""3.0"": 0.24427712836541443, ""10.0"": 0.23393894317076946}",457,148,111,36,378,129
T13,unweighted,20660836,3,0.3,"{""0.03"": 0.19579072974632514, ""0.1"": 0.19805515164843968, ""0.3"": 0.19856929866702355, ""1.0"": 0.1958325280441836, ""3.0"": 0.19391983882431346, ""10.0"": 0.1949297440063319}",451,154,110,37,375,128
T18,unweighted,20660836,0,0.03,"{""0.03"": 0.24547349531082127, ""0.1"": 0.23830538052620281, ""0.3"": 0.23591932460750215, ""1.0"": 0.23567991843292338, ""3.0"": 0.23508543224617837, ""10.0"": 0.23531038425962594}",452,153,110,37,375,117
T18,unweighted,20660836,1,0.1,"{""0.03"": 0.32005133810909003, ""0.1"": 0.32480711287392827, ""0.3"": 0.3197922122977336, ""1.0"": 0.3142806040476212, ""3.0"": 0.31299139202782156, ""10.0"": 0.31082429634102604}",454,151,110,37,378,138
T18,unweighted,20660836,2,3.0,"{""0.03"": 0.32266655956729073, ""0.1"": 0.3203927142831815, ""0.3"": 0.32495452789812224, ""1.0"": 0.32839780460010815, ""3.0"": 0.3288082190975551, ""10.0"": 0.32817610106827594}",456,149,110,37,380,119
T18,unweighted,20660836,3,1.0,"{""0.03"": 0.22105873660524789, ""0.1"": 0.23226400322887988, ""0.3"": 0.2378067615748935, ""1.0"": 0.23984209763090147, ""3.0"": 0.23955908108722684, ""10.0"": 0.23648173941930647}",453,152,111,36,378,129
T21,unweighted,20660836,0,10.0,"{""0.03"": 0.18474534824394678, ""0.1"": 0.19213217032215396, ""0.3"": 0.1969863272370255, ""1.0"": 0.20326637106160766, ""3.0"": 0.20710215272974652, ""10.0"": 0.20991356051683788}",455,150,111,36,376,120
T21,unweighted,20660836,1,10.0,"{""0.03"": 0.24126089000802328, ""0.1"": 0.25290594761030605, ""0.3"": 0.2624083041513898, ""1.0"": 0.26815227961501076, ""3.0"": 0.2767125086412943, ""10.0"": 0.278166929173168}",453,152,110,37,380,130
T21,unweighted,20660836,2,10.0,"{""0.03"": 0.09874995015192395, ""0.1"": 0.10497213803050677, ""0.3"": 0.1072317618183632, ""1.0"": 0.10716128593364659, ""3.0"": 0.10863098113563563, ""10.0"": 0.10971159318912004}",452,153,110,37,376,129
T21,unweighted,20660836,3,10.0,"{""0.03"": 0.06922259306775656, ""0.1"": 0.07787417090272197, ""0.3"": 0.08346341005311868, ""1.0"": 0.08938291192738862, ""3.0"": 0.09379927147819467, ""10.0"": 0.0985135599134783}",455,150,110,37,379,127
T13,group_class_weighted,20660836,0,0.03,"{""0.03"": 0.19634876539584895, ""0.1"": 0.1733393569853719, ""0.3"": 0.17071510150396513, ""1.0"": 0.16770760345105334, ""3.0"": 0.1664974601422917, ""10.0"": 0.16308125296401632}",451,154,111,36,372,119
T13,group_class_weighted,20660836,1,10.0,"{""0.03"": 0.25135859385367515, ""0.1"": 0.2659987157247591, ""0.3"": 0.27393456938294647, ""1.0"": 0.28185795308680606, ""3.0"": 0.2837971511037216, ""10.0"": 0.28399974723124916}",456,149,109,38,385,124
T13,group_class_weighted,20660836,2,0.03,"{""0.03"": 0.21468614570087968, ""0.1"": 0.20512711258886218, ""0.3"": 0.20002582106360445, ""1.0"": 0.19807627656730714, ""3.0"": 0.19870639359555547, ""10.0"": 0.19860805673262882}",457,148,111,36,378,129
T13,group_class_weighted,20660836,3,1.0,"{""0.03"": 0.205668863415201, ""0.1"": 0.20907467738612617, ""0.3"": 0.2111985011919299, ""1.0"": 0.21299759607730417, ""3.0"": 0.20750216364270893, ""10.0"": 0.1834997156028545}",451,154,110,37,375,128
T18,group_class_weighted,20660836,0,1.0,"{""0.03"": 0.22530035788353608, ""0.1"": 0.2276126450360426, ""0.3"": 0.22997937188401832, ""1.0"": 0.2307488861527769, ""3.0"": 0.22989810213846154, ""10.0"": 0.2299476179518989}",452,153,110,37,375,117
T18,group_class_weighted,20660836,1,0.1,"{""0.03"": 0.31582093628018926, ""0.1"": 0.31865457207867376, ""0.3"": 0.3182484030750474, ""1.0"": 0.31490403221099106, ""3.0"": 0.3111856761951375, ""10.0"": 0.3067494363446992}",454,151,110,37,378,138
T18,group_class_weighted,20660836,2,10.0,"{""0.03"": 0.318231364202155, ""0.1"": 0.3265403574829724, ""0.3"": 0.3305199617052294, ""1.0"": 0.33098419762935755, ""3.0"": 0.33280385078996366, ""10.0"": 0.3339072477175866}",456,149,110,37,380,119
T18,group_class_weighted,20660836,3,0.3,"{""0.03"": 0.28061673055867076, ""0.1"": 0.2956207978283935, ""0.3"": 0.29733505925631515, ""1.0"": 0.29372285376594154, ""3.0"": 0.2876455199884152, ""10.0"": 0.28156774883626273}",453,152,111,36,378,129
T21,group_class_weighted,20660836,0,10.0,"{""0.03"": 0.1848797918671358, ""0.1"": 0.1830647488393416, ""0.3"": 0.1836699179552441, ""1.0"": 0.18544677993996997, ""3.0"": 0.18903844426741157, ""10.0"": 0.1937094277683501}",455,150,111,36,376,120
T21,group_class_weighted,20660836,1,3.0,"{""0.03"": 0.2735169166622053, ""0.1"": 0.2899644540644409, ""0.3"": 0.29618065566507784, ""1.0"": 0.297126100960609, ""3.0"": 0.2994213144095872, ""10.0"": 0.2976570167165719}",453,152,110,37,380,130
T21,group_class_weighted,20660836,2,1.0,"{""0.03"": 0.150091986974281, ""0.1"": 0.15766651561547035, ""0.3"": 0.16344152420664362, ""1.0"": 0.16345674721776876, ""3.0"": 0.16164602145186258, ""10.0"": 0.15740028941762219}",452,153,110,37,376,129
T21,group_class_weighted,20660836,3,10.0,"{""0.03"": 0.07728171123567293, ""0.1"": 0.08130441189695388, ""0.3"": 0.08424537890229088, ""1.0"": 0.08804783382805484, ""3.0"": 0.09056678688635907, ""10.0"": 0.09110490386699796}",455,150,110,37,379,127
T13,unweighted,20760839,0,0.03,"{""0.03"": 0.1436419337359064, ""0.1"": 0.13682634377074013, ""0.3"": 0.13628252525100026, ""1.0"": 0.13533276166783118, ""3.0"": 0.1342873963183308, ""10.0"": 0.13295939132770576}",453,152,112,35,376,118
T13,unweighted,20760839,1,0.03,"{""0.03"": 0.1924842371098341, ""0.1"": 0.18386463372586465, ""0.3"": 0.1796119868060072, ""1.0"": 0.17722973370048, ""3.0"": 0.17602833383682032, ""10.0"": 0.1771070999855377}",456,149,109,38,379,123
T13,unweighted,20760839,2,0.03,"{""0.03"": 0.3658033449021819, ""0.1"": 0.3555009950109667, ""0.3"": 0.3484420230705074, ""1.0"": 0.3426967765223958, ""3.0"": 0.3352945205075453, ""10.0"": 0.30870591055356866}",454,151,110,37,379,125
T13,unweighted,20760839,3,1.0,"{""0.03"": 0.2017921239806178, ""0.1"": 0.22314566518351453, ""0.3"": 0.23194293379286102, ""1.0"": 0.2335700942653163, ""3.0"": 0.23271273713888904, ""10.0"": 0.23164872017984428}",452,153,110,37,378,136
T18,unweighted,20760839,0,0.03,"{""0.03"": 0.28041025015596, ""0.1"": 0.27651590010461585, ""0.3"": 0.26744703479231635, ""1.0"": 0.26694943705143076, ""3.0"": 0.2657982108995002, ""10.0"": 0.2647269985396665}",452,153,109,38,373,120
T18,unweighted,20760839,1,0.3,"{""0.03"": 0.2395878338843564, ""0.1"": 0.2511278106341966, ""0.3"": 0.2522140484323235, ""1.0"": 0.2506160148919833, ""3.0"": 0.24935858760375468, ""10.0"": 0.24511174527461776}",454,151,111,36,382,128
T18,unweighted,20760839,2,0.03,"{""0.03"": 0.31594785490710275, ""0.1"": 0.31440126379537614, ""0.3"": 0.3142129944820927, ""1.0"": 0.3117063130932499, ""3.0"": 0.3059944449506942, ""10.0"": 0.2995567787410169}",453,152,109,38,379,134
T18,unweighted,20760839,3,0.1,"{""0.03"": 0.34727101763688906, ""0.1"": 0.3508980874486658, ""0.3"": 0.35040007608840135, ""1.0"": 0.3499277365498352, ""3.0"": 0.35035123565529447, ""10.0"": 0.34966865101908573}",456,149,112,35,378,121
T21,unweighted,20760839,0,0.03,"{""0.03"": 0.11072848600894754, ""0.1"": 0.0946847212319784, ""0.3"": 0.09209032667295912, ""1.0"": 0.09005691704489376, ""3.0"": 0.09002892446351654, ""10.0"": 0.09100094953056118}",454,151,110,37,374,117
T21,unweighted,20760839,1,0.03,"{""0.03"": 0.08764025275027447, ""0.1"": 0.07629060628802169, ""0.3"": 0.0731175295623733, ""1.0"": 0.0732944606366485, ""3.0"": 0.07342608546235138, ""10.0"": 0.07513449910870793}",451,154,110,37,377,127
T21,unweighted,20760839,2,10.0,"{""0.03"": 0.16060068334760064, ""0.1"": 0.1765642041964169, ""0.3"": 0.18744003772700027, ""1.0"": 0.19702022861899315, ""3.0"": 0.20087089610044487, ""10.0"": 0.2064367948662379}",454,151,110,37,381,133
T21,unweighted,20760839,3,3.0,"{""0.03"": 0.271285083282946, ""0.1"": 0.28896608198356094, ""0.3"": 0.29304023523754347, ""1.0"": 0.29868750141861977, ""3.0"": 0.3024444741140494, ""10.0"": 0.3008385786048593}",456,149,111,36,380,126
T13,group_class_weighted,20760839,0,0.03,"{""0.03"": 0.16998366688388872, ""0.1"": 0.16080465439574648, ""0.3"": 0.15603240474066768, ""1.0"": 0.15381657073237454, ""3.0"": 0.15429469698397028, ""10.0"": 0.15428491086780827}",453,152,112,35,376,118
T13,group_class_weighted,20760839,1,10.0,"{""0.03"": 0.19870533583518674, ""0.1"": 0.1975691639337884, ""0.3"": 0.19929012420716735, ""1.0"": 0.20210812892685628, ""3.0"": 0.2066941248803227, ""10.0"": 0.2152672763016368}",456,149,109,38,379,123
T13,group_class_weighted,20760839,2,0.03,"{""0.03"": 0.3004291097334555, ""0.1"": 0.28909256060113325, ""0.3"": 0.28928437317613037, ""1.0"": 0.25734157225404597, ""3.0"": 0.2538468679262708, ""10.0"": 0.2455727974709849}",454,151,110,37,379,125
T13,group_class_weighted,20760839,3,1.0,"{""0.03"": 0.22400138224624516, ""0.1"": 0.22802004224763422, ""0.3"": 0.22700465614465049, ""1.0"": 0.23041847799663856, ""3.0"": 0.22704752178662518, ""10.0"": 0.22064146569796156}",452,153,110,37,378,136
T18,group_class_weighted,20760839,0,3.0,"{""0.03"": 0.29669562287139484, ""0.1"": 0.30180023774311693, ""0.3"": 0.30486274030505534, ""1.0"": 0.3068453675353039, ""3.0"": 0.3071746213374125, ""10.0"": 0.30704123073221246}",452,153,109,38,373,120
T18,group_class_weighted,20760839,1,1.0,"{""0.03"": 0.24289632932593724, ""0.1"": 0.2476027026698267, ""0.3"": 0.2523715384507239, ""1.0"": 0.2534623170525879, ""3.0"": 0.25222749811805306, ""10.0"": 0.251005542257274}",454,151,111,36,382,128
T18,group_class_weighted,20760839,2,0.1,"{""0.03"": 0.3219552625661546, ""0.1"": 0.32642464308707764, ""0.3"": 0.32437755358721576, ""1.0"": 0.31889308472324623, ""3.0"": 0.310918385162666, ""10.0"": 0.30526433013916165}",453,152,109,38,379,134
T18,group_class_weighted,20760839,3,3.0,"{""0.03"": 0.355601843134006, ""0.1"": 0.35524513659634094, ""0.3"": 0.3554730014226004, ""1.0"": 0.35492476291139363, ""3.0"": 0.3562968862862672, ""10.0"": 0.35620478989732884}",456,149,112,35,378,121
T21,group_class_weighted,20760839,0,10.0,"{""0.03"": 0.1121135604631995, ""0.1"": 0.11470141978950768, ""0.3"": 0.1171032326152145, ""1.0"": 0.11894032344842434, ""3.0"": 0.11994718253187578, ""10.0"": 0.12026228641562614}",454,151,110,37,374,117
T21,group_class_weighted,20760839,1,10.0,"{""0.03"": 0.08450312171755653, ""0.1"": 0.0843319764983808, ""0.3"": 0.08599173359205502, ""1.0"": 0.08832414239455189, ""3.0"": 0.09148865897177948, ""10.0"": 0.09464266814527392}",451,154,110,37,377,127
T21,group_class_weighted,20760839,2,10.0,"{""0.03"": 0.18544315969264435, ""0.1"": 0.1785082340328073, ""0.3"": 0.1765333032778899, ""1.0"": 0.17662106659282203, ""3.0"": 0.1809664708246552, ""10.0"": 0.18748546261174476}",454,151,110,37,381,133
T21,group_class_weighted,20760839,3,0.03,"{""0.03"": 0.2918606183711199, ""0.1"": 0.2864644761695362, ""0.3"": 0.2810431511644708, ""1.0"": 0.2738685210682225, ""3.0"": 0.2710653578825959, ""10.0"": 0.2726595019801366}",456,149,111,36,380,126
T13,unweighted,20860842,0,1.0,"{""0.03"": 0.22979376077505176, ""0.1"": 0.23988803421458435, ""0.3"": 0.23858388327646046, ""1.0"": 0.24169697406981008, ""3.0"": 0.23999146041387825, ""10.0"": 0.23942568933497443}",456,149,111,36,379,112
T13,unweighted,20860842,1,0.03,"{""0.03"": 0.22096350894198175, ""0.1"": 0.21030434761619082, ""0.3"": 0.20437102750508174, ""1.0"": 0.20240966043164796, ""3.0"": 0.2010639900263807, ""10.0"": 0.19903222541884213}",454,151,109,38,377,124
T13,unweighted,20860842,2,0.1,"{""0.03"": 0.1285326413816219, ""0.1"": 0.15631820052667103, ""0.3"": 0.155681805497427, ""1.0"": 0.1292795036283448, ""3.0"": 0.12858259259209445, ""10.0"": 0.12889849282088725}",452,153,111,36,376,129
T13,unweighted,20860842,3,3.0,"{""0.03"": 0.2709922944815587, ""0.1"": 0.2971682015566772, ""0.3"": 0.3300392388978157, ""1.0"": 0.346198382504818, ""3.0"": 0.35627388039834573, ""10.0"": 0.35226196085971306}",453,152,110,37,379,137
T18,unweighted,20860842,0,10.0,"{""0.03"": 0.3092614187594548, ""0.1"": 0.32239524960214805, ""0.3"": 0.32223558150018633, ""1.0"": 0.3231467248944809, ""3.0"": 0.3242186920603011, ""10.0"": 0.32642999919900806}",454,151,109,38,380,123
T18,unweighted,20860842,1,0.03,"{""0.03"": 0.31652044386003797, ""0.1"": 0.30477185768592435, ""0.3"": 0.29896842848000366, ""1.0"": 0.29708076914406417, ""3.0"": 0.2953497593591069, ""10.0"": 0.29463092112056954}",454,151,111,36,378,132
T18,unweighted,20860842,2,1.0,"{""0.03"": 0.37666217080045317, ""0.1"": 0.4007576540031894, ""0.3"": 0.4051962583396067, ""1.0"": 0.4139047363986662, ""3.0"": 0.40990653520256015, ""10.0"": 0.40963090674024205}",455,150,111,36,384,116
T18,unweighted,20860842,3,10.0,"{""0.03"": 0.26109986319520334, ""0.1"": 0.27294511944010663, ""0.3"": 0.2739061373997515, ""1.0"": 0.27756517099598654, ""3.0"": 0.2774802166635799, ""10.0"": 0.2783710678193298}",452,153,110,37,373,127
T21,unweighted,20860842,0,10.0,"{""0.03"": 0.391094809369691, ""0.1"": 0.39665933782701557, ""0.3"": 0.40060215869978666, ""1.0"": 0.40641137920391307, ""3.0"": 0.4108756520473551, ""10.0"": 0.41329937577357784}",454,151,110,37,376,128
T21,unweighted,20860842,1,10.0,"{""0.03"": 0.19498073320143194, ""0.1"": 0.21049304834154897, ""0.3"": 0.21829592875566917, ""1.0"": 0.22402070046587128, ""3.0"": 0.22560128787899794, ""10.0"": 0.2268418486327371}",456,149,112,35,382,116
T21,unweighted,20860842,2,0.3,"{""0.03"": 0.18867818270759293, ""0.1"": 0.19284912474284285, ""0.3"": 0.19382176945252066, ""1.0"": 0.19115309191733654, ""3.0"": 0.18851276907320869, ""10.0"": 0.18419877007013036}",453,152,110,37,380,131
T21,unweighted,20860842,3,3.0,"{""0.03"": 0.13658757253509393, ""0.1"": 0.14375780873659064, ""0.3"": 0.15010266322368668, ""1.0"": 0.15601753148565034, ""3.0"": 0.15942628971179731, ""10.0"": 0.15880784657647784}",452,153,109,38,374,125
T13,group_class_weighted,20860842,0,0.03,"{""0.03"": 0.2683134105944343, ""0.1"": 0.25716551862179277, ""0.3"": 0.25032296448581354, ""1.0"": 0.248204640198823, ""3.0"": 0.249637450642251, ""10.0"": 0.25083931145926897}",456,149,111,36,379,112
T13,group_class_weighted,20860842,1,0.03,"{""0.03"": 0.18954274526946865, ""0.1"": 0.18501339677038667, ""0.3"": 0.18302450020582636, ""1.0"": 0.17995607709916786, ""3.0"": 0.17786583858691996, ""10.0"": 0.17540351723731992}",454,151,109,38,377,124
T13,group_class_weighted,20860842,2,0.1,"{""0.03"": 0.1396366556957427, ""0.1"": 0.14504770527108088, ""0.3"": 0.13851446034078646, ""1.0"": 0.13872666844313075, ""3.0"": 0.1415052608582849, ""10.0"": 0.1409022678489948}",452,153,111,36,376,129
T13,group_class_weighted,20860842,3,1.0,"{""0.03"": 0.3784411947089129, ""0.1"": 0.4148975540481883, ""0.3"": 0.43731217984778936, ""1.0"": 0.4675925799674994, ""3.0"": 0.4668375956488358, ""10.0"": 0.4350865064303706}",453,152,110,37,379,137
T18,group_class_weighted,20860842,0,10.0,"{""0.03"": 0.3221644003498365, ""0.1"": 0.32264277344032877, ""0.3"": 0.3243122344344269, ""1.0"": 0.323333509158121, ""3.0"": 0.3261392445940698, ""10.0"": 0.32807411047242263}",454,151,109,38,380,123
T18,group_class_weighted,20860842,1,0.03,"{""0.03"": 0.2765627398727657, ""0.1"": 0.26763607316469035, ""0.3"": 0.2624662932204213, ""1.0"": 0.2613852270130956, ""3.0"": 0.26168388831710615, ""10.0"": 0.26165903125474665}",454,151,111,36,378,132
T18,group_class_weighted,20860842,2,0.03,"{""0.03"": 0.41490952284316435, ""0.1"": 0.4047399869367065, ""0.3"": 0.3998618192328075, ""1.0"": 0.39566234836306635, ""3.0"": 0.39260597259349916, ""10.0"": 0.3906727540476045}",455,150,111,36,384,116
T18,group_class_weighted,20860842,3,0.1,"{""0.03"": 0.28184579279472405, ""0.1"": 0.28282291137438087, ""0.3"": 0.28250217305513114, ""1.0"": 0.2789136347619332, ""3.0"": 0.27665968263098106, ""10.0"": 0.2745984557225617}",452,153,110,37,373,127
T21,group_class_weighted,20860842,0,10.0,"{""0.03"": 0.38353453443228736, ""0.1"": 0.38424218294923473, ""0.3"": 0.3842066355987155, ""1.0"": 0.39028076270423684, ""3.0"": 0.395312496691091, ""10.0"": 0.3971189951385989}",454,151,110,37,376,128
T21,group_class_weighted,20860842,1,10.0,"{""0.03"": 0.21986927402650924, ""0.1"": 0.2240221966919754, ""0.3"": 0.22529356612577034, ""1.0"": 0.22759795355566728, ""3.0"": 0.2272190863724548, ""10.0"": 0.22920997429051787}",456,149,112,35,382,116
T21,group_class_weighted,20860842,2,0.1,"{""0.03"": 0.185298282824516, ""0.1"": 0.18615626505995772, ""0.3"": 0.18195691338411565, ""1.0"": 0.1724007366760016, ""3.0"": 0.1662772186594283, ""10.0"": 0.16545154785706703}",453,152,110,37,380,131
T21,group_class_weighted,20860842,3,1.0,"{""0.03"": 0.15933751227355003, ""0.1"": 0.16014755247927398, ""0.3"": 0.1625382944309892, ""1.0"": 0.1639931067931328, ""3.0"": 0.16348235084807633, ""10.0"": 0.16336275323171295}",452,153,109,38,374,125
T13,unweighted,20960845,0,0.03,"{""0.03"": 0.33671524069060177, ""0.1"": 0.32664822736097865, ""0.3"": 0.32111694570666677, ""1.0"": 0.31671670403418395, ""3.0"": 0.31256820583606176, ""10.0"": 0.3106849132654398}",455,150,111,36,377,115
T13,unweighted,20960845,1,1.0,"{""0.03"": 0.16880715171063798, ""0.1"": 0.1767050839717485, ""0.3"": 0.18114834518341863, ""1.0"": 0.18309079552229787, ""3.0"": 0.18115678096776375, ""10.0"": 0.17558735314170137}",453,152,111,36,375,130
T13,unweighted,20960845,2,0.03,"{""0.03"": 0.221772620872523, ""0.1"": 0.21700678732919287, ""0.3"": 0.21371281734145176, ""1.0"": 0.2122823694201102, ""3.0"": 0.21298001131909478, ""10.0"": 0.21321316614236843}",454,151,110,37,379,132
T13,unweighted,20960845,3,10.0,"{""0.03"": 0.29188801533381903, ""0.1"": 0.36421006061392547, ""0.3"": 0.3792403784997783, ""1.0"": 0.3924510989122363, ""3.0"": 0.40951168959264045, ""10.0"": 0.41071030258619917}",453,152,109,38,380,124
T18,unweighted,20960845,0,10.0,"{""0.03"": 0.28702567382402466, ""0.1"": 0.2933339232930919, ""0.3"": 0.2982782945363838, ""1.0"": 0.2990002353326702, ""3.0"": 0.3067649829159556, ""10.0"": 0.308015923913571}",453,152,109,38,375,131
T18,unweighted,20960845,1,3.0,"{""0.03"": 0.37849602854446507, ""0.1"": 0.3844067314045639, ""0.3"": 0.3881378475118445, ""1.0"": 0.3882760890633249, ""3.0"": 0.3891600782892859, ""10.0"": 0.3877472923492079}",454,151,111,36,377,124
T18,unweighted,20960845,2,0.03,"{""0.03"": 0.22773847955618648, ""0.1"": 0.22729169977117958, ""0.3"": 0.22447972354954315, ""1.0"": 0.21951871631494324, ""3.0"": 0.21373492598039703, ""10.0"": 0.20611439325651393}",452,153,109,38,378,131
T18,unweighted,20960845,3,0.3,"{""0.03"": 0.15648644722922112, ""0.1"": 0.15684330439840527, ""0.3"": 0.1577013800191562, ""1.0"": 0.1576651954181316, ""3.0"": 0.15742621105802101, ""10.0"": 0.15621665930753786}",456,149,112,35,380,115
T21,unweighted,20960845,0,3.0,"{""0.03"": 0.13224446473744284, ""0.1"": 0.13355951378576475, ""0.3"": 0.13645376171702808, ""1.0"": 0.13977081213860618, ""3.0"": 0.14038282476901112, ""10.0"": 0.1374078583374217}",453,152,110,37,374,113
T21,unweighted,20960845,1,1.0,"{""0.03"": 0.1937707866373894, ""0.1"": 0.21189281707787366, ""0.3"": 0.22077651101910864, ""1.0"": 0.222045020911156, ""3.0"": 0.21940364284346414, ""10.0"": 0.20703594753459492}",455,150,111,36,381,128
T21,unweighted,20960845,2,10.0,"{""0.03"": 0.24832439003118606, ""0.1"": 0.25356744851063684, ""0.3"": 0.25635936707632695, ""1.0"": 0.261013239197075, ""3.0"": 0.26362575008996797, ""10.0"": 0.26591213786071793}",452,153,110,37,378,131
T21,unweighted,20960845,3,10.0,"{""0.03"": 0.21393196721172436, ""0.1"": 0.2475718477380703, ""0.3"": 0.25491467702229575, ""1.0"": 0.25260510976547673, ""3.0"": 0.25370183193638907, ""10.0"": 0.27008481427340086}",455,150,110,37,380,127
T13,group_class_weighted,20960845,0,0.03,"{""0.03"": 0.275930266522294, ""0.1"": 0.27246648882822, ""0.3"": 0.2725495399055402, ""1.0"": 0.27063911301627447, ""3.0"": 0.26780730555216337, ""10.0"": 0.26519604013946463}",455,150,111,36,377,115
T13,group_class_weighted,20960845,1,0.3,"{""0.03"": 0.2332935039635367, ""0.1"": 0.2548697234427335, ""0.3"": 0.25962175602467585, ""1.0"": 0.2495132797349138, ""3.0"": 0.2467525524402352, ""10.0"": 0.2397200739170929}",453,152,111,36,375,130
T13,group_class_weighted,20960845,2,0.03,"{""0.03"": 0.2077759875693047, ""0.1"": 0.20751531600124437, ""0.3"": 0.20718573568864898, ""1.0"": 0.20656566149975686, ""3.0"": 0.2062183266967741, ""10.0"": 0.20610353807925685}",454,151,110,37,379,132
T13,group_class_weighted,20960845,3,0.03,"{""0.03"": 0.445158773358187, ""0.1"": 0.43441780331039337, ""0.3"": 0.424877359652027, ""1.0"": 0.4217965771930302, ""3.0"": 0.42056170544379523, ""10.0"": 0.4169289109164875}",453,152,109,38,380,124
T18,group_class_weighted,20960845,0,3.0,"{""0.03"": 0.299430647469724, ""0.1"": 0.3086586447209556, ""0.3"": 0.3166241282184633, ""1.0"": 0.32135954878755313, ""3.0"": 0.32258197005454337, ""10.0"": 0.3222038511883858}",453,152,109,38,375,131
T18,group_class_weighted,20960845,1,0.03,"{""0.03"": 0.38939175705912743, ""0.1"": 0.3877169618394696, ""0.3"": 0.3867840160961476, ""1.0"": 0.3877710205552543, ""3.0"": 0.38772806065289006, ""10.0"": 0.3873945239479833}",454,151,111,36,377,124
T18,group_class_weighted,20960845,2,0.1,"{""0.03"": 0.2172290624748344, ""0.1"": 0.21753174223244934, ""0.3"": 0.21431201294297555, ""1.0"": 0.21143708843162837, ""3.0"": 0.20829793862436902, ""10.0"": 0.2066278082825282}",452,153,109,38,378,131
T18,group_class_weighted,20960845,3,0.3,"{""0.03"": 0.15701699548254416, ""0.1"": 0.1593612813748429, ""0.3"": 0.15956778378059983, ""1.0"": 0.159488403580411, ""3.0"": 0.15734466868313277, ""10.0"": 0.15618568841929997}",456,149,112,35,380,115
T21,group_class_weighted,20960845,0,0.3,"{""0.03"": 0.13947897613567337, ""0.1"": 0.14339021501960983, ""0.3"": 0.14438311892098227, ""1.0"": 0.14206037878256073, ""3.0"": 0.14194822933479, ""10.0"": 0.1417728372309759}",453,152,110,37,374,113
T21,group_class_weighted,20960845,1,10.0,"{""0.03"": 0.16613869018391578, ""0.1"": 0.16753999874446612, ""0.3"": 0.1708097278860515, ""1.0"": 0.17147250564517766, ""3.0"": 0.17166804508023556, ""10.0"": 0.1735152097600333}",455,150,111,36,381,128
T21,group_class_weighted,20960845,2,1.0,"{""0.03"": 0.26206861072855026, ""0.1"": 0.260694287588287, ""0.3"": 0.260970386851107, ""1.0"": 0.26286873117101545, ""3.0"": 0.26201090317208037, ""10.0"": 0.2625181243159208}",452,153,110,37,378,131
T21,group_class_weighted,20960845,3,0.03,"{""0.03"": 0.21613575396212625, ""0.1"": 0.2087482643843986, ""0.3"": 0.20593683339638325, ""1.0"": 0.2041952550259506, ""3.0"": 0.2045746585707184, ""10.0"": 0.20384537297263408}",455,150,110,37,380,127
T13,unweighted,21060848,0,0.1,"{""0.03"": 0.29619964882164085, ""0.1"": 0.300535832528981, ""0.3"": 0.2989794169316028, ""1.0"": 0.2978961978998723, ""3.0"": 0.2785801141605339, ""10.0"": 0.266728107590088}",456,149,111,36,380,124
T13,unweighted,21060848,1,10.0,"{""0.03"": 0.09155878529432832, ""0.1"": 0.09572350886447292, ""0.3"": 0.10639939901935647, ""1.0"": 0.11876855367701986, ""3.0"": 0.12216027160774698, ""10.0"": 0.1226286391858253}",454,151,109,38,386,120
T13,unweighted,21060848,2,0.3,"{""0.03"": 0.2639673698020355, ""0.1"": 0.26158517883102383, ""0.3"": 0.27349574028318024, ""1.0"": 0.2704589156529524, ""3.0"": 0.2665429521598217, ""10.0"": 0.26639296885166003}",450,155,110,37,372,118
T13,unweighted,21060848,3,0.1,"{""0.03"": 0.15062798119300588, ""0.1"": 0.15195307119382323, ""0.3"": 0.1508745235237856, ""1.0"": 0.1502483000672933, ""3.0"": 0.14801618751015233, ""10.0"": 0.1419088172365262}",455,150,111,36,380,136
T18,unweighted,21060848,0,10.0,"{""0.03"": 0.30184503701769844, ""0.1"": 0.3140806187459964, ""0.3"": 0.31265003302030886, ""1.0"": 0.3142206184133554, ""3.0"": 0.3143182036025278, ""10.0"": 0.31562551245945286}",451,154,110,37,375,121
T18,unweighted,21060848,1,3.0,"{""0.03"": 0.24466907399479487, ""0.1"": 0.2518221226289557, ""0.3"": 0.25371674274216505, ""1.0"": 0.2565674569630934, ""3.0"": 0.2572289873976784, ""10.0"": 0.25599926328375805}",454,151,110,37,378,118
T18,unweighted,21060848,2,0.03,"{""0.03"": 0.2378116728704538, ""0.1"": 0.223141848123445, ""0.3"": 0.22098619344042342, ""1.0"": 0.21604686813870028, ""3.0"": 0.21319033192045944, ""10.0"": 0.20790891177942644}",455,150,110,37,382,133
T18,unweighted,21060848,3,0.1,"{""0.03"": 0.27548009399837314, ""0.1"": 0.27932641477820214, ""0.3"": 0.2731254886433033, ""1.0"": 0.2703909169660899, ""3.0"": 0.26946440442456165, ""10.0"": 0.26923461400277965}",455,150,111,36,378,127
T21,unweighted,21060848,0,0.3,"{""0.03"": 0.16324139834647122, ""0.1"": 0.19247209724857284, ""0.3"": 0.19838701549220183, ""1.0"": 0.19450979203356622, ""3.0"": 0.19047016077577417, ""10.0"": 0.18796453081737668}",451,154,110,37,372,108
T21,unweighted,21060848,1,10.0,"{""0.03"": 0.22161935390736426, ""0.1"": 0.228624551162736, ""0.3"": 0.23344606537295015, ""1.0"": 0.23832999776566371, ""3.0"": 0.2410043086087269, ""10.0"": 0.24441637287900156}",455,150,111,36,381,131
T21,unweighted,21060848,2,1.0,"{""0.03"": 0.2058923538802626, ""0.1"": 0.24418015786191746, ""0.3"": 0.261815355215753, ""1.0"": 0.27222687217964703, ""3.0"": 0.2712813929202802, ""10.0"": 0.26712360126315793}",454,151,110,37,380,134
T21,unweighted,21060848,3,3.0,"{""0.03"": 0.17539725552215257, ""0.1"": 0.17931172176334292, ""0.3"": 0.18295256618835076, ""1.0"": 0.18526771025551292, ""3.0"": 0.18613971767940846, ""10.0"": 0.18464042898225017}",455,150,110,37,378,126
T13,group_class_weighted,21060848,0,0.03,"{""0.03"": 0.25444384921307917, ""0.1"": 0.2297153130516823, ""0.3"": 0.22406079318021438, ""1.0"": 0.2188726318756928, ""3.0"": 0.21697783305748708, ""10.0"": 0.21563996046177983}",456,149,111,36,380,124
T13,group_class_weighted,21060848,1,10.0,"{""0.03"": 0.07951940952565668, ""0.1"": 0.07855580397736205, ""0.3"": 0.0783059741061734, ""1.0"": 0.0786071544214401, ""3.0"": 0.07955605580278255, ""10.0"": 0.08158081118635617}",454,151,109,38,386,120
T13,group_class_weighted,21060848,2,0.03,"{""0.03"": 0.27377255462679106, ""0.1"": 0.25418922349110895, ""0.3"": 0.25205884054669037, ""1.0"": 0.24759035549489833, ""3.0"": 0.2433631197334179, ""10.0"": 0.24232133124653618}",450,155,110,37,372,118
T13,group_class_weighted,21060848,3,1.0,"{""0.03"": 0.16149623318271533, ""0.1"": 0.17015782528814707, ""0.3"": 0.17429525989575534, ""1.0"": 0.17562527292887872, ""3.0"": 0.17142793662392256, ""10.0"": 0.16535098499612477}",455,150,111,36,380,136
T18,group_class_weighted,21060848,0,3.0,"{""0.03"": 0.3008877957685322, ""0.1"": 0.3105997044208328, ""0.3"": 0.31113060139029247, ""1.0"": 0.3111994067258559, ""3.0"": 0.3113349486940903, ""10.0"": 0.30888993456153113}",451,154,110,37,375,121
T18,group_class_weighted,21060848,1,10.0,"{""0.03"": 0.24019420022886498, ""0.1"": 0.24040128022497145, ""0.3"": 0.24316751690109997, ""1.0"": 0.24640302337323858, ""3.0"": 0.24585123067521564, ""10.0"": 0.24647719647618394}",454,151,110,37,378,118
T18,group_class_weighted,21060848,2,0.03,"{""0.03"": 0.20229971219945952, ""0.1"": 0.1984698223226397, ""0.3"": 0.19602516779154186, ""1.0"": 0.19317210870459245, ""3.0"": 0.19171771749708116, ""10.0"": 0.19056083434523713}",455,150,110,37,382,133
T18,group_class_weighted,21060848,3,0.03,"{""0.03"": 0.2995665267494263, ""0.1"": 0.29496492360280735, ""0.3"": 0.29177391042566386, ""1.0"": 0.28936305601257367, ""3.0"": 0.28689243282483756, ""10.0"": 0.280901742022695}",455,150,111,36,378,127
T21,group_class_weighted,21060848,0,0.03,"{""0.03"": 0.20740156956928757, ""0.1"": 0.2054671304485467, ""0.3"": 0.20019233641191972, ""1.0"": 0.19729196934930449, ""3.0"": 0.19399743772774192, ""10.0"": 0.19292631247394643}",451,154,110,37,372,108
T21,group_class_weighted,21060848,1,3.0,"{""0.03"": 0.23654086500053803, ""0.1"": 0.23783400639492652, ""0.3"": 0.2397614955493847, ""1.0"": 0.24351309022281076, ""3.0"": 0.2469005719048692, ""10.0"": 0.24687493440863703}",455,150,111,36,381,131
T21,group_class_weighted,21060848,2,0.3,"{""0.03"": 0.2667793407007437, ""0.1"": 0.27526843880461993, ""0.3"": 0.2799375915702177, ""1.0"": 0.2730963637479831, ""3.0"": 0.2568557681407486, ""10.0"": 0.2337422781526356}",454,151,110,37,380,134
T21,group_class_weighted,21060848,3,0.3,"{""0.03"": 0.1692561147939169, ""0.1"": 0.17391415616751357, ""0.3"": 0.17490643922473012, ""1.0"": 0.17363689346054545, ""3.0"": 0.17132845771989053, ""10.0"": 0.16696371306688326}",455,150,110,37,378,126
T13,unweighted,21160851,0,3.0,"{""0.03"": 0.1551264742637758, ""0.1"": 0.17953826790909047, ""0.3"": 0.20697047314046257, ""1.0"": 0.2095285151120447, ""3.0"": 0.21115656358260684, ""10.0"": 0.20990196144661455}",457,148,111,36,379,121
T13,unweighted,21160851,1,1.0,"{""0.03"": 0.31320822099193874, ""0.1"": 0.33866369793193124, ""0.3"": 0.36043793242225647, ""1.0"": 0.36530714239007656, ""3.0"": 0.3613087530361614, ""10.0"": 0.36081528183008116}",450,155,109,38,376,121
T13,unweighted,21160851,2,0.03,"{""0.03"": 0.2690143589689597, ""0.1"": 0.268919072040794, ""0.3"": 0.26696623047034745, ""1.0"": 0.2583203088331714, ""3.0"": 0.2541937539489192, ""10.0"": 0.2546347132737943}",456,149,111,36,381,128
T13,unweighted,21160851,3,10.0,"{""0.03"": 0.09293963307688304, ""0.1"": 0.09946812248602016, ""0.3"": 0.10235126272147156, ""1.0"": 0.10456355101366054, ""3.0"": 0.10655727191466369, ""10.0"": 0.10730729851393533}",452,153,110,37,376,134
T18,unweighted,21160851,0,1.0,"{""0.03"": 0.2084463194693283, ""0.1"": 0.22253932301776508, ""0.3"": 0.23314519846278914, ""1.0"": 0.24029286219163487, ""3.0"": 0.23572878336225242, ""10.0"": 0.23680325318318532}",455,150,111,36,379,119
T18,unweighted,21160851,1,1.0,"{""0.03"": 0.23225204313808692, ""0.1"": 0.24095270451311723, ""0.3"": 0.2440966726674978, ""1.0"": 0.24556317773733716, ""3.0"": 0.24547830010927751, ""10.0"": 0.24488957386256893}",452,153,110,37,375,129
T18,unweighted,21160851,2,10.0,"{""0.03"": 0.287915449521126, ""0.1"": 0.29957447301136375, ""0.3"": 0.30838577422725555, ""1.0"": 0.31821221272271716, ""3.0"": 0.3175929820097393, ""10.0"": 0.31833848117492525}",453,152,110,37,379,125
T18,unweighted,21160851,3,0.03,"{""0.03"": 0.26236349779007506, ""0.1"": 0.2568111004744686, ""0.3"": 0.2575759852538559, ""1.0"": 0.25725708762632227, ""3.0"": 0.25724215182931254, ""10.0"": 0.25476282012918755}",455,150,110,37,381,127
T21,unweighted,21160851,0,0.1,"{""0.03"": 0.23772451896743765, ""0.1"": 0.24440478799497914, ""0.3"": 0.24422211743380062, ""1.0"": 0.24301771696098623, ""3.0"": 0.24275398225021175, ""10.0"": 0.24309660646256673}",454,151,111,36,373,108
T21,unweighted,21160851,1,1.0,"{""0.03"": 0.2423971305526274, ""0.1"": 0.28239710701082654, ""0.3"": 0.2965190982109163, ""1.0"": 0.30482921695701654, ""3.0"": 0.3021748726800703, ""10.0"": 0.2930632642897883}",451,154,110,37,377,132
T21,unweighted,21160851,2,1.0,"{""0.03"": 0.21635643782061303, ""0.1"": 0.23050242055335177, ""0.3"": 0.2337688347673935, ""1.0"": 0.237237221968455, ""3.0"": 0.23444656061352373, ""10.0"": 0.22803532252552358}",455,150,110,37,380,122
T21,unweighted,21160851,3,10.0,"{""0.03"": 0.17283647253084625, ""0.1"": 0.19423642186143258, ""0.3"": 0.2042086623244647, ""1.0"": 0.21348294150711405, ""3.0"": 0.22009186132795178, ""10.0"": 0.2243725729832868}",455,150,110,37,380,138
T13,group_class_weighted,21160851,0,3.0,"{""0.03"": 0.2029438666797124, ""0.1"": 0.20712172608906643, ""0.3"": 0.20983625401416728, ""1.0"": 0.21004448109458135, ""3.0"": 0.2132665679792227, ""10.0"": 0.21122923923118142}",457,148,111,36,379,121
T13,group_class_weighted,21160851,1,0.03,"{""0.03"": 0.41080493359280623, ""0.1"": 0.4045949568568948, ""0.3"": 0.39118163772783743, ""1.0"": 0.384207244978371, ""3.0"": 0.3602409075047364, ""10.0"": 0.36116897786141533}",450,155,109,38,376,121
T13,group_class_weighted,21160851,2,0.03,"{""0.03"": 0.2785891249014697, ""0.1"": 0.2683136547384972, ""0.3"": 0.24826473365682017, ""1.0"": 0.23865992665280433, ""3.0"": 0.231213627173139, ""10.0"": 0.22604336941179615}",456,149,111,36,381,128
T13,group_class_weighted,21160851,3,10.0,"{""0.03"": 0.11645078949464456, ""0.1"": 0.13463187285974995, ""0.3"": 0.1360140994057767, ""1.0"": 0.13692440672653458, ""3.0"": 0.13815487070826676, ""10.0"": 0.13954715096350148}",452,153,110,37,376,134
T18,group_class_weighted,21160851,0,3.0,"{""0.03"": 0.26852703364254166, ""0.1"": 0.300871090008285, ""0.3"": 0.32096350834393056, ""1.0"": 0.3381655279560834, ""3.0"": 0.33826952806436716, ""10.0"": 0.33789424633986276}",455,150,111,36,379,119
T18,group_class_weighted,21160851,1,0.1,"{""0.03"": 0.25201481738269027, ""0.1"": 0.253927768352542, ""0.3"": 0.25341774544825163, ""1.0"": 0.25236355908154223, ""3.0"": 0.2521705381833176, ""10.0"": 0.25146686452371914}",452,153,110,37,375,129
T18,group_class_weighted,21160851,2,0.1,"{""0.03"": 0.3093651568509176, ""0.1"": 0.3182283523496664, ""0.3"": 0.31650176707736366, ""1.0"": 0.3161125298499178, ""3.0"": 0.3159363422843706, ""10.0"": 0.3162570196353175}",453,152,110,37,379,125
T18,group_class_weighted,21160851,3,3.0,"{""0.03"": 0.21830220638423875, ""0.1"": 0.22138300122145788, ""0.3"": 0.2222074350273125, ""1.0"": 0.22227461716283692, ""3.0"": 0.22236562715698382, ""10.0"": 0.22093040122991336}",455,150,110,37,381,127
T21,group_class_weighted,21160851,0,10.0,"{""0.03"": 0.2266168323365855, ""0.1"": 0.27690427913639737, ""0.3"": 0.2784562911395562, ""1.0"": 0.27961721273972184, ""3.0"": 0.28764198371145644, ""10.0"": 0.2920414131714221}",454,151,111,36,373,108
T21,group_class_weighted,21160851,1,0.1,"{""0.03"": 0.32736743409909214, ""0.1"": 0.3281082230022967, ""0.3"": 0.32145275786796534, ""1.0"": 0.3124999703194209, ""3.0"": 0.3028916299221474, ""10.0"": 0.2873074321513941}",451,154,110,37,377,132
T21,group_class_weighted,21160851,2,0.1,"{""0.03"": 0.2012770413247159, ""0.1"": 0.20609992406683403, ""0.3"": 0.20518111725566376, ""1.0"": 0.19833514769338162, ""3.0"": 0.19018505608589698, ""10.0"": 0.190570182576098}",455,150,110,37,380,122
T21,group_class_weighted,21160851,3,10.0,"{""0.03"": 0.16621116821812532, ""0.1"": 0.16936284827862447, ""0.3"": 0.1720124860693061, ""1.0"": 0.17424747663577655, ""3.0"": 0.17771079413202198, ""10.0"": 0.18110199079779132}",455,150,110,37,380,138
T13,unweighted,21260854,0,3.0,"{""0.03"": 0.1872236662216571, ""0.1"": 0.2304672655397892, ""0.3"": 0.27577753238646885, ""1.0"": 0.30012653970256564, ""3.0"": 0.3037482881089614, ""10.0"": 0.30249151766819005}",454,151,109,38,378,128
T13,unweighted,21260854,1,10.0,"{""0.03"": 0.3020034810630562, ""0.1"": 0.3150911655157585, ""0.3"": 0.3215226109946936, ""1.0"": 0.32240257364872366, ""3.0"": 0.32332454628456925, ""10.0"": 0.32399911838938084}",455,150,111,36,378,124
T13,unweighted,21260854,2,0.03,"{""0.03"": 0.25005770654679427, ""0.1"": 0.23679881440924078, ""0.3"": 0.23050361486811005, ""1.0"": 0.22875329058709085, ""3.0"": 0.22761833585547775, ""10.0"": 0.22881125915515516}",453,152,110,37,380,130
T13,unweighted,21260854,3,0.1,"{""0.03"": 0.2862645588336217, ""0.1"": 0.28679636124058344, ""0.3"": 0.2740947241559551, ""1.0"": 0.26515527212980117, ""3.0"": 0.262636571325569, ""10.0"": 0.25750069357220484}",453,152,111,36,375,121
T18,unweighted,21260854,0,10.0,"{""0.03"": 0.23779446820395667, ""0.1"": 0.23573484774346287, ""0.3"": 0.23930877550322222, ""1.0"": 0.24069740769816633, ""3.0"": 0.24411881765147814, ""10.0"": 0.24574312191528186}",453,152,111,36,376,119
T18,unweighted,21260854,1,1.0,"{""0.03"": 0.21846793094676917, ""0.1"": 0.22424713389809173, ""0.3"": 0.23081118733164632, ""1.0"": 0.23227434829232935, ""3.0"": 0.23204699178154795, ""10.0"": 0.23180163379499544}",453,152,109,38,378,123
T18,unweighted,21260854,2,0.1,"{""0.03"": 0.3364891151431635, ""0.1"": 0.3405044665171362, ""0.3"": 0.33684387931832427, ""1.0"": 0.3354534711169744, ""3.0"": 0.3259919428469683, ""10.0"": 0.283736920538829}",453,152,109,38,381,130
T18,unweighted,21260854,3,0.3,"{""0.03"": 0.23476662045919336, ""0.1"": 0.24037738741449, ""0.3"": 0.24387920055648227, ""1.0"": 0.24332519119614646, ""3.0"": 0.2426081881783644, ""10.0"": 0.2400839911212872}",456,149,112,35,380,133
T21,unweighted,21260854,0,10.0,"{""0.03"": 0.13726749680118489, ""0.1"": 0.13682883291180997, ""0.3"": 0.13809276646928503, ""1.0"": 0.1452160652082609, ""3.0"": 0.1507367954061904, ""10.0"": 0.15556051975948113}",454,151,111,36,375,123
T21,unweighted,21260854,1,10.0,"{""0.03"": 0.18860928985594266, ""0.1"": 0.19891249700686714, ""0.3"": 0.2052413108989009, ""1.0"": 0.27047807894385445, ""3.0"": 0.27614964547503007, ""10.0"": 0.2836356748822325}",455,150,111,36,380,125
T21,unweighted,21260854,2,0.3,"{""0.03"": 0.3156659551334515, ""0.1"": 0.3404998328845446, ""0.3"": 0.3461273097508857, ""1.0"": 0.3399388220634151, ""3.0"": 0.34368717973336615, ""10.0"": 0.3324489429129077}",455,150,111,36,382,121
T21,unweighted,21260854,3,0.3,"{""0.03"": 0.12856953083600078, ""0.1"": 0.12716237549046228, ""0.3"": 0.13041896083497537, ""1.0"": 0.12787669226580775, ""3.0"": 0.12168248657641777, ""10.0"": 0.11361963067172734}",451,154,108,39,374,132
T13,group_class_weighted,21260854,0,0.3,"{""0.03"": 0.3631431052070504, ""0.1"": 0.37083927218726076, ""0.3"": 0.4000755764778886, ""1.0"": 0.37473581662223576, ""3.0"": 0.37228532521183344, ""10.0"": 0.3655123928233456}",454,151,109,38,378,128
T13,group_class_weighted,21260854,1,0.3,"{""0.03"": 0.38293745232966975, ""0.1"": 0.4096679880034363, ""0.3"": 0.42514225700111635, ""1.0"": 0.4236004830388824, ""3.0"": 0.4228297501579745, ""10.0"": 0.4221882597382716}",455,150,111,36,378,124
T13,group_class_weighted,21260854,2,0.03,"{""0.03"": 0.22179588676939577, ""0.1"": 0.21889193670375146, ""0.3"": 0.2137823584399, ""1.0"": 0.20469768429728852, ""3.0"": 0.16965703910734317, ""10.0"": 0.1500884108944857}",453,152,110,37,380,130
T13,group_class_weighted,21260854,3,0.03,"{""0.03"": 0.43743641783533393, ""0.1"": 0.4365749619487076, ""0.3"": 0.43541771401702695, ""1.0"": 0.43465400688083033, ""3.0"": 0.43211251223557556, ""10.0"": 0.4245549797902515}",453,152,111,36,375,121
T18,group_class_weighted,21260854,0,3.0,"{""0.03"": 0.2774392141619877, ""0.1"": 0.2920793949947084, ""0.3"": 0.29931542737517547, ""1.0"": 0.31018387269120085, ""3.0"": 0.31332649923070155, ""10.0"": 0.31264916708351376}",453,152,111,36,376,119
T18,group_class_weighted,21260854,1,0.3,"{""0.03"": 0.28985321873854775, ""0.1"": 0.30280863261327773, ""0.3"": 0.30530276136582357, ""1.0"": 0.30153684488176496, ""3.0"": 0.2964391965179474, ""10.0"": 0.2941965077288729}",453,152,109,38,378,123
T18,group_class_weighted,21260854,2,0.03,"{""0.03"": 0.2906596374021906, ""0.1"": 0.2809601690068906, ""0.3"": 0.2757691573384238, ""1.0"": 0.2641391249230856, ""3.0"": 0.2487839618995432, ""10.0"": 0.23036619468403152}",453,152,109,38,381,130
T18,group_class_weighted,21260854,3,0.3,"{""0.03"": 0.2437123234246138, ""0.1"": 0.2558928341949793, ""0.3"": 0.25940566749624844, ""1.0"": 0.25688985977611495, ""3.0"": 0.2531404455096625, ""10.0"": 0.2511357083358299}",456,149,112,35,380,133
T21,group_class_weighted,21260854,0,10.0,"{""0.03"": 0.09837607895354117, ""0.1"": 0.09955852191427711, ""0.3"": 0.10909965559837667, ""1.0"": 0.119695777706455, ""3.0"": 0.12885891014674833, ""10.0"": 0.13788868893789846}",454,151,111,36,375,123
T21,group_class_weighted,21260854,1,10.0,"{""0.03"": 0.1870082980503117, ""0.1"": 0.2109545648508136, ""0.3"": 0.24353815181284255, ""1.0"": 0.24582240301385194, ""3.0"": 0.24953654145982107, ""10.0"": 0.2524314307871315}",455,150,111,36,380,125
T21,group_class_weighted,21260854,2,0.03,"{""0.03"": 0.3423497414846199, ""0.1"": 0.33797822010816336, ""0.3"": 0.3301162645702229, ""1.0"": 0.3202461808942369, ""3.0"": 0.31886845918309575, ""10.0"": 0.32403799566490965}",455,150,111,36,382,121
T21,group_class_weighted,21260854,3,0.3,"{""0.03"": 0.12317461246567407, ""0.1"": 0.12516288197785932, ""0.3"": 0.12525692733593724, ""1.0"": 0.12134055761383306, ""3.0"": 0.11643548785031688, ""10.0"": 0.11182894260859531}",451,154,108,39,374,132
T13,unweighted,21360857,0,10.0,"{""0.03"": 0.21915818639930545, ""0.1"": 0.23745134763185605, ""0.3"": 0.24447620181996965, ""1.0"": 0.24324984637031313, ""3.0"": 0.24443823615086044, ""10.0"": 0.24647560040649338}",453,152,111,36,376,123
T13,unweighted,21360857,1,0.1,"{""0.03"": 0.19880042293463304, ""0.1"": 0.20269717566823992, ""0.3"": 0.19948352922844592, ""1.0"": 0.199070323921579, ""3.0"": 0.19567805698853696, ""10.0"": 0.19399487462554008}",454,151,110,37,377,127
T13,unweighted,21360857,2,10.0,"{""0.03"": 0.22338255666571682, ""0.1"": 0.2824272987878651, ""0.3"": 0.3051925661659845, ""1.0"": 0.3333593981603614, ""3.0"": 0.35538592088681586, ""10.0"": 0.3606388245508507}",454,151,109,38,380,123
T13,unweighted,21360857,3,10.0,"{""0.03"": 0.20617277607210321, ""0.1"": 0.20647024306544975, ""0.3"": 0.208294466934493, ""1.0"": 0.20873186442633881, ""3.0"": 0.20891740109836884, ""10.0"": 0.21001537914519758}",454,151,111,36,379,125
T18,unweighted,21360857,0,0.3,"{""0.03"": 0.3429500499476046, ""0.1"": 0.348895132678563, ""0.3"": 0.3494151039128226, ""1.0"": 0.3491642836638603, ""3.0"": 0.3484483541038855, ""10.0"": 0.34710725474180504}",455,150,111,36,378,119
T18,unweighted,21360857,1,0.03,"{""0.03"": 0.2971282508862515, ""0.1"": 0.29453133154264816, ""0.3"": 0.29153655398336603, ""1.0"": 0.2889400038030535, ""3.0"": 0.2869044876857533, ""10.0"": 0.28342657204649474}",453,152,109,38,377,122
T18,unweighted,21360857,2,0.3,"{""0.03"": 0.3701879951503883, ""0.1"": 0.37447060193601367, ""0.3"": 0.37629944794632575, ""1.0"": 0.3723375486574435, ""3.0"": 0.3710221506376067, ""10.0"": 0.3665089657782461}",452,153,111,36,379,139
T18,unweighted,21360857,3,1.0,"{""0.03"": 0.27213847629429916, ""0.1"": 0.2812873664176556, ""0.3"": 0.2844532838351995, ""1.0"": 0.2858624399149533, ""3.0"": 0.28296970283809075, ""10.0"": 0.2803929472644101}",455,150,110,37,381,118
T21,unweighted,21360857,0,10.0,"{""0.03"": 0.14328132955454057, ""0.1"": 0.14564757503943823, ""0.3"": 0.15144471710819787, ""1.0"": 0.15282518710681658, ""3.0"": 0.15362801726160838, ""10.0"": 0.1547092763136197}",454,151,111,36,378,121
T21,unweighted,21360857,1,0.03,"{""0.03"": 0.1119840034399936, ""0.1"": 0.11152837202632411, ""0.3"": 0.11145294787824037, ""1.0"": 0.11059930694906456, ""3.0"": 0.11140112975838429, ""10.0"": 0.11135245922551879}",452,153,110,37,375,130
T21,unweighted,21360857,2,0.3,"{""0.03"": 0.2578187022426622, ""0.1"": 0.27212964636146303, ""0.3"": 0.28429527440167157, ""1.0"": 0.27868011456989783, ""3.0"": 0.27928691401212424, ""10.0"": 0.2799257342005351}",454,151,110,37,379,131
T21,unweighted,21360857,3,3.0,"{""0.03"": 0.17941528450249622, ""0.1"": 0.18569698577217647, ""0.3"": 0.18718113791000512, ""1.0"": 0.18952335537635537, ""3.0"": 0.19080210815953838, ""10.0"": 0.19061322657896262}",455,150,110,37,380,119
T13,group_class_weighted,21360857,0,0.03,"{""0.03"": 0.2763008721538598, ""0.1"": 0.27101709258825735, ""0.3"": 0.26646842329543624, ""1.0"": 0.2637157225847408, ""3.0"": 0.263073342678238, ""10.0"": 0.2630739139318234}",453,152,111,36,376,123
T13,group_class_weighted,21360857,1,0.03,"{""0.03"": 0.17878233974271288, ""0.1"": 0.17393934877336006, ""0.3"": 0.17014768733321675, ""1.0"": 0.16443840836962278, ""3.0"": 0.16079005679046451, ""10.0"": 0.15824304437939896}",454,151,110,37,377,127
T13,group_class_weighted,21360857,2,0.1,"{""0.03"": 0.39500107793948047, ""0.1"": 0.4225793631593826, ""0.3"": 0.42225001216811847, ""1.0"": 0.4219169369350467, ""3.0"": 0.418609192353957, ""10.0"": 0.41811791148063665}",454,151,109,38,380,123
T13,group_class_weighted,21360857,3,0.1,"{""0.03"": 0.20965621261799985, ""0.1"": 0.21057016556176186, ""0.3"": 0.21034295296492475, ""1.0"": 0.20914427341893188, ""3.0"": 0.2071037124294742, ""10.0"": 0.20373926335609677}",454,151,111,36,379,125
T18,group_class_weighted,21360857,0,3.0,"{""0.03"": 0.36829131036093943, ""0.1"": 0.3708991283897638, ""0.3"": 0.3716820735046886, ""1.0"": 0.37260579367578617, ""3.0"": 0.37310898581906915, ""10.0"": 0.37214266669810914}",455,150,111,36,378,119
T18,group_class_weighted,21360857,1,0.03,"{""0.03"": 0.2800135762794895, ""0.1"": 0.266027814980629, ""0.3"": 0.25764496666943126, ""1.0"": 0.25621590975235725, ""3.0"": 0.2552648120784987, ""10.0"": 0.2541911614844167}",453,152,109,38,377,122
T18,group_class_weighted,21360857,2,0.3,"{""0.03"": 0.3980406491561065, ""0.1"": 0.4280078555456005, ""0.3"": 0.4330663750047454, ""1.0"": 0.42915383861700984, ""3.0"": 0.43113162949110184, ""10.0"": 0.42204538920191326}",452,153,111,36,379,139
T18,group_class_weighted,21360857,3,0.03,"{""0.03"": 0.2593717742159843, ""0.1"": 0.2585917377060036, ""0.3"": 0.25540731198102123, ""1.0"": 0.25741535436654994, ""3.0"": 0.25579025034447767, ""10.0"": 0.24944731115794433}",455,150,110,37,381,118
T21,group_class_weighted,21360857,0,3.0,"{""0.03"": 0.14855832439963704, ""0.1"": 0.15083971676014507, ""0.3"": 0.15282903798286368, ""1.0"": 0.1554160524503495, ""3.0"": 0.156908696645791, ""10.0"": 0.15572854654754648}",454,151,111,36,378,121
T21,group_class_weighted,21360857,1,10.0,"{""0.03"": 0.118425814331339, ""0.1"": 0.11997037379584377, ""0.3"": 0.11826267178331153, ""1.0"": 0.11916683689976926, ""3.0"": 0.11893340989857518, ""10.0"": 0.12025214031245601}",452,153,110,37,375,130
T21,group_class_weighted,21360857,2,0.03,"{""0.03"": 0.2818573090048307, ""0.1"": 0.2802801209988275, ""0.3"": 0.27830933985011674, ""1.0"": 0.27549996015271133, ""3.0"": 0.27522310451852205, ""10.0"": 0.27549678679246176}",454,151,110,37,379,131
T21,group_class_weighted,21360857,3,10.0,"{""0.03"": 0.1330274256753082, ""0.1"": 0.12950524356696716, ""0.3"": 0.1311730099082218, ""1.0"": 0.13415946453798583, ""3.0"": 0.13618906061370056, ""10.0"": 0.13778488749750747}",455,150,110,37,380,119
T13,unweighted,21460860,0,0.03,"{""0.03"": 0.19494859982275906, ""0.1"": 0.1916500639697713, ""0.3"": 0.18239985982106383, ""1.0"": 0.17578243788756792, ""3.0"": 0.17408125685377981, ""10.0"": 0.17222483912664668}",453,152,110,37,377,116
T13,unweighted,21460860,1,0.03,"{""0.03"": 0.1317663619889194, ""0.1"": 0.1309515572491171, ""0.3"": 0.12612501575553592, ""1.0"": 0.1247368311106019, ""3.0"": 0.12306598924259192, ""10.0"": 0.12145731869492854}",455,150,110,37,381,133
T13,unweighted,21460860,2,0.1,"{""0.03"": 0.3350333173392307, ""0.1"": 0.33588771113000965, ""0.3"": 0.332944555886555, ""1.0"": 0.32689056516203696, ""3.0"": 0.3233100707958184, ""10.0"": 0.31985243309040223}",455,150,110,37,376,127
T13,unweighted,21460860,3,1.0,"{""0.03"": 0.16873581412129474, ""0.1"": 0.2177995199198921, ""0.3"": 0.21980937471023498, ""1.0"": 0.2210906583677124, ""3.0"": 0.22061168529942993, ""10.0"": 0.19864194808652555}",452,153,111,36,378,130
T18,unweighted,21460860,0,0.03,"{""0.03"": 0.28451632445008385, ""0.1"": 0.2748443940062807, ""0.3"": 0.26954322975639733, ""1.0"": 0.26812946868003734, ""3.0"": 0.26784078931172695, ""10.0"": 0.2706884843794356}",451,154,107,40,374,118
T18,unweighted,21460860,1,1.0,"{""0.03"": 0.32701749830645216, ""0.1"": 0.32815635003830274, ""0.3"": 0.32865223470186766, ""1.0"": 0.3295022377331633, ""3.0"": 0.3293156310250318, ""10.0"": 0.32856709669966094}",455,150,111,36,381,130
T18,unweighted,21460860,2,1.0,"{""0.03"": 0.2385618891321487, ""0.1"": 0.24987536410415306, ""0.3"": 0.2573394433360973, ""1.0"": 0.2598771540293273, ""3.0"": 0.2544511326475964, ""10.0"": 0.2494118506056603}",455,150,111,36,378,127
T18,unweighted,21460860,3,0.03,"{""0.03"": 0.2543579349630829, ""0.1"": 0.24346117229820508, ""0.3"": 0.23944521768150756, ""1.0"": 0.2362174661732294, ""3.0"": 0.23266083414209834, ""10.0"": 0.23174500656926172}",454,151,112,35,383,124
T21,unweighted,21460860,0,1.0,"{""0.03"": 0.17658625207139322, ""0.1"": 0.18314324218256128, ""0.3"": 0.19146293589563373, ""1.0"": 0.19171897750266687, ""3.0"": 0.18999394667627598, ""10.0"": 0.18728549702905947}",451,154,110,37,373,123
T21,unweighted,21460860,1,3.0,"{""0.03"": 0.14758070076619076, ""0.1"": 0.1516909337623694, ""0.3"": 0.15504991586201652, ""1.0"": 0.1563007539789146, ""3.0"": 0.1577888174123936, ""10.0"": 0.15763893728119002}",453,152,110,37,379,131
T21,unweighted,21460860,2,0.3,"{""0.03"": 0.20466350930234714, ""0.1"": 0.21076932055255693, ""0.3"": 0.2207269820635772, ""1.0"": 0.22023885948043115, ""3.0"": 0.2173831989702628, ""10.0"": 0.21307875582572816}",456,149,111,36,380,126
T21,unweighted,21460860,3,3.0,"{""0.03"": 0.12305906894578153, ""0.1"": 0.13215176605867193, ""0.3"": 0.13439661678908846, ""1.0"": 0.13667429705499448, ""3.0"": 0.1395629497102029, ""10.0"": 0.13912876354610537}",455,150,110,37,380,123
T13,group_class_weighted,21460860,0,0.03,"{""0.03"": 0.2247639951472319, ""0.1"": 0.20848429527097256, ""0.3"": 0.2015866511610516, ""1.0"": 0.1982035831785384, ""3.0"": 0.19696914969239063, ""10.0"": 0.19804447917920082}",453,152,110,37,377,116
T13,group_class_weighted,21460860,1,0.03,"{""0.03"": 0.1184557874973992, ""0.1"": 0.11541197718225896, ""0.3"": 0.1131071311193178, ""1.0"": 0.1116826134231906, ""3.0"": 0.11096076882213805, ""10.0"": 0.11070385460067284}",455,150,110,37,381,133
T13,group_class_weighted,21460860,2,0.03,"{""0.03"": 0.3200521374742177, ""0.1"": 0.3160939010654005, ""0.3"": 0.3132222354517453, ""1.0"": 0.3146279369407271, ""3.0"": 0.3118215793012076, ""10.0"": 0.3061969172438579}",455,150,110,37,376,127
T13,group_class_weighted,21460860,3,0.03,"{""0.03"": 0.23461843466139487, ""0.1"": 0.2306346973943483, ""0.3"": 0.23033795731400206, ""1.0"": 0.22969426281618766, ""3.0"": 0.23089882540769371, ""10.0"": 0.2316681352121226}",452,153,111,36,378,130
T18,group_class_weighted,21460860,0,0.03,"{""0.03"": 0.26408085048480945, ""0.1"": 0.24150194991528057, ""0.3"": 0.2398659804696159, ""1.0"": 0.24440307518925725, ""3.0"": 0.24944765292070467, ""10.0"": 0.2536098801896726}",451,154,107,40,374,118
T18,group_class_weighted,21460860,1,1.0,"{""0.03"": 0.36792957644597357, ""0.1"": 0.37197107373852556, ""0.3"": 0.3736443892795759, ""1.0"": 0.37425646005648194, ""3.0"": 0.3734311414156941, ""10.0"": 0.37339386456284607}",455,150,111,36,381,130
T18,group_class_weighted,21460860,2,0.3,"{""0.03"": 0.2591118289190826, ""0.1"": 0.2715212932628078, ""0.3"": 0.2822002688011273, ""1.0"": 0.27801444838015515, ""3.0"": 0.27134742166564935, ""10.0"": 0.2652522220237332}",455,150,111,36,378,127
T18,group_class_weighted,21460860,3,0.3,"{""0.03"": 0.2596295804163999, ""0.1"": 0.2631619217897624, ""0.3"": 0.26535423880278947, ""1.0"": 0.26313449713069087, ""3.0"": 0.2610702825006266, ""10.0"": 0.2600415367043877}",454,151,112,35,383,124
T21,group_class_weighted,21460860,0,3.0,"{""0.03"": 0.203444831883282, ""0.1"": 0.21406746008372932, ""0.3"": 0.21749166965650277, ""1.0"": 0.2175820076583984, ""3.0"": 0.21772656563856857, ""10.0"": 0.21588734389605707}",451,154,110,37,373,123
T21,group_class_weighted,21460860,1,10.0,"{""0.03"": 0.14616633187790162, ""0.1"": 0.15107726026515797, ""0.3"": 0.15124785556734371, ""1.0"": 0.15171284298709084, ""3.0"": 0.152486711545414, ""10.0"": 0.15667560931790883}",453,152,110,37,379,131
T21,group_class_weighted,21460860,2,0.1,"{""0.03"": 0.24964133178492837, ""0.1"": 0.2502981568169667, ""0.3"": 0.22934733847795163, ""1.0"": 0.23479012977087133, ""3.0"": 0.23047107621491741, ""10.0"": 0.21756123953247455}",456,149,111,36,380,126
T21,group_class_weighted,21460860,3,10.0,"{""0.03"": 0.10397185089662939, ""0.1"": 0.10602370496608617, ""0.3"": 0.11255393984437527, ""1.0"": 0.11924274360039397, ""3.0"": 0.12110967888635453, ""10.0"": 0.12343005159016873}",455,150,110,37,380,123
T13,unweighted,21560863,0,0.03,"{""0.03"": 0.22851964844700012, ""0.1"": 0.212466090949349, ""0.3"": 0.205333081281994, ""1.0"": 0.20189087830167657, ""3.0"": 0.19910861229018256, ""10.0"": 0.16736326803624113}",455,150,108,39,375,126
T13,unweighted,21560863,1,0.3,"{""0.03"": 0.3577602079493931, ""0.1"": 0.41318791640258945, ""0.3"": 0.4507310759439518, ""1.0"": 0.4430785138675888, ""3.0"": 0.4457722710804653, ""10.0"": 0.43822367357407455}",451,154,111,36,375,130
T13,unweighted,21560863,2,3.0,"{""0.03"": 0.27700693075719407, ""0.1"": 0.27543412625566405, ""0.3"": 0.29318109268108117, ""1.0"": 0.30629223348638257, ""3.0"": 0.31071742175458356, ""10.0"": 0.30607479519326025}",456,149,111,36,382,122
T13,unweighted,21560863,3,0.03,"{""0.03"": 0.2604127397214496, ""0.1"": 0.24242669611884626, ""0.3"": 0.23897661095755582, ""1.0"": 0.23731886446272132, ""3.0"": 0.23522158805559673, ""10.0"": 0.20748997350377052}",453,152,111,36,379,123
T18,unweighted,21560863,0,0.03,"{""0.03"": 0.25875142120802863, ""0.1"": 0.2548371252581651, ""0.3"": 0.24880316239986489, ""1.0"": 0.2472303257749508, ""3.0"": 0.24832793025476851, ""10.0"": 0.24877813265548654}",452,153,109,38,373,125
T18,unweighted,21560863,1,3.0,"{""0.03"": 0.26660449080207577, ""0.1"": 0.2789020733433298, ""0.3"": 0.2901502667442341, ""1.0"": 0.295488010671545, ""3.0"": 0.29788444919939705, ""10.0"": 0.29473559116579967}",456,149,112,35,381,126
T18,unweighted,21560863,2,0.3,"{""0.03"": 0.27771431734713015, ""0.1"": 0.28666368488478206, ""0.3"": 0.2894344234150701, ""1.0"": 0.28717428423166536, ""3.0"": 0.28777673460104614, ""10.0"": 0.2867291613627413}",455,150,110,37,377,123
T18,unweighted,21560863,3,3.0,"{""0.03"": 0.36139461185147703, ""0.1"": 0.3652645771710657, ""0.3"": 0.38510741714221375, ""1.0"": 0.38562617202862814, ""3.0"": 0.3856936484095897, ""10.0"": 0.38462269820236383}",452,153,110,37,378,129
T21,unweighted,21560863,0,10.0,"{""0.03"": 0.14895444764293045, ""0.1"": 0.15826358385855355, ""0.3"": 0.16813154791058385, ""1.0"": 0.17498596072629308, ""3.0"": 0.17915661847112963, ""10.0"": 0.1847160299349723}",454,151,110,37,376,120
T21,unweighted,21560863,1,0.3,"{""0.03"": 0.16901264991750165, ""0.1"": 0.1824626094973625, ""0.3"": 0.1858997808511758, ""1.0"": 0.1857234043929408, ""3.0"": 0.18292753264711092, ""10.0"": 0.1776525299140772}",454,151,111,36,378,127
T21,unweighted,21560863,2,10.0,"{""0.03"": 0.06083275960343985, ""0.1"": 0.05662824495027743, ""0.3"": 0.057376907561159964, ""1.0"": 0.061155571260747235, ""3.0"": 0.06551031367403108, ""10.0"": 0.06891700252323531}",452,153,110,37,377,136
T21,unweighted,21560863,3,0.03,"{""0.03"": 0.1564588129261379, ""0.1"": 0.14523262053675448, ""0.3"": 0.13728844559207756, ""1.0"": 0.13462086361400563, ""3.0"": 0.1339535381366534, ""10.0"": 0.13333727946763024}",455,150,110,37,383,116
T13,group_class_weighted,21560863,0,0.03,"{""0.03"": 0.19128059783756607, ""0.1"": 0.18628112024890692, ""0.3"": 0.18326916640791302, ""1.0"": 0.15161128149153985, ""3.0"": 0.14810464935898637, ""10.0"": 0.1459653789295099}",455,150,108,39,375,126
T13,group_class_weighted,21560863,1,0.1,"{""0.03"": 0.44200214729952414, ""0.1"": 0.4434977138674265, ""0.3"": 0.4366532554392025, ""1.0"": 0.4357626925056823, ""3.0"": 0.42756161392192765, ""10.0"": 0.4158411315599433}",451,154,111,36,375,130
T13,group_class_weighted,21560863,2,10.0,"{""0.03"": 0.2947485764263823, ""0.1"": 0.30351339450153053, ""0.3"": 0.3083119415689328, ""1.0"": 0.3138780231062902, ""3.0"": 0.3143205210988428, ""10.0"": 0.31463768222309507}",456,149,111,36,382,122
T13,group_class_weighted,21560863,3,0.03,"{""0.03"": 0.22627656589810835, ""0.1"": 0.22269751719518993, ""0.3"": 0.22444015170294407, ""1.0"": 0.2248078966231633, ""3.0"": 0.19978482536211456, ""10.0"": 0.20121948010804838}",453,152,111,36,379,123
T18,group_class_weighted,21560863,0,0.03,"{""0.03"": 0.2567060754919879, ""0.1"": 0.2562961696285563, ""0.3"": 0.25539947843624755, ""1.0"": 0.2521117730871043, ""3.0"": 0.251479467079877, ""10.0"": 0.2498486453794739}",452,153,109,38,373,125
T18,group_class_weighted,21560863,1,0.3,"{""0.03"": 0.29442978115047325, ""0.1"": 0.3190784948414019, ""0.3"": 0.3252907542366292, ""1.0"": 0.3238793513314995, ""3.0"": 0.32209537642276326, ""10.0"": 0.3197454468091062}",456,149,112,35,381,126
T18,group_class_weighted,21560863,2,3.0,"{""0.03"": 0.2965386197093987, ""0.1"": 0.3282229854156735, ""0.3"": 0.3319123058997447, ""1.0"": 0.34639682452264264, ""3.0"": 0.35449727207672743, ""10.0"": 0.3537989593873987}",455,150,110,37,377,123
T18,group_class_weighted,21560863,3,1.0,"{""0.03"": 0.37436012202203084, ""0.1"": 0.37672654805336414, ""0.3"": 0.3794623273216613, ""1.0"": 0.3824891729327924, ""3.0"": 0.381313854647537, ""10.0"": 0.37916594966867245}",452,153,110,37,378,129
T21,group_class_weighted,21560863,0,10.0,"{""0.03"": 0.13994860400127274, ""0.1"": 0.14321808872960745, ""0.3"": 0.14734233411637218, ""1.0"": 0.15163415881184478, ""3.0"": 0.15633322077342382, ""10.0"": 0.1637790513365523}",454,151,110,37,376,120
T21,group_class_weighted,21560863,1,0.03,"{""0.03"": 0.17395944590387716, ""0.1"": 0.16997133912427856, ""0.3"": 0.16796052064121184, ""1.0"": 0.16398066101780126, ""3.0"": 0.16319618352897405, ""10.0"": 0.15881679192633}",454,151,111,36,378,127
T21,group_class_weighted,21560863,2,10.0,"{""0.03"": 0.07740522673822939, ""0.1"": 0.08191906368225718, ""0.3"": 0.085074288941073, ""1.0"": 0.08635188956820788, ""3.0"": 0.08778153717721641, ""10.0"": 0.09036893790910988}",452,153,110,37,377,136
T21,group_class_weighted,21560863,3,0.03,"{""0.03"": 0.1419541429739904, ""0.1"": 0.1370673632131859, ""0.3"": 0.13131308605878392, ""1.0"": 0.12715811729352405, ""3.0"": 0.1258195292470251, ""10.0"": 0.12451181586618416}",455,150,110,37,383,116
T13,unweighted,21660866,0,0.1,"{""0.03"": 0.17659012807320398, ""0.1"": 0.2004125447545798, ""0.3"": 0.18901362766013075, ""1.0"": 0.18321310614797925, ""3.0"": 0.1515201729626805, ""10.0"": 0.15101867963536383}",451,154,109,38,373,119
T13,unweighted,21660866,1,1.0,"{""0.03"": 0.16805111112367863, ""0.1"": 0.1778139394004775, ""0.3"": 0.19356516189329356, ""1.0"": 0.21718963252719997, ""3.0"": 0.21658493475285281, ""10.0"": 0.2158494974742472}",454,151,111,36,380,112
T13,unweighted,21660866,2,1.0,"{""0.03"": 0.1999050584955282, ""0.1"": 0.2025011097236717, ""0.3"": 0.20491468000352897, ""1.0"": 0.20515779659483963, ""3.0"": 0.20452537450355832, ""10.0"": 0.20367049582693958}",454,151,110,37,379,133
T13,unweighted,21660866,3,1.0,"{""0.03"": 0.3624509298589843, ""0.1"": 0.38146131350118284, ""0.3"": 0.3914449521210814, ""1.0"": 0.39497629793322264, ""3.0"": 0.3929770017553712, ""10.0"": 0.39194680773633533}",456,149,111,36,382,132
T18,unweighted,21660866,0,3.0,"{""0.03"": 0.208853071058335, ""0.1"": 0.22315325445779838, ""0.3"": 0.2339464961778467, ""1.0"": 0.2390229782886351, ""3.0"": 0.23987121037753803, ""10.0"": 0.2395824222279323}",455,150,111,36,379,122
T18,unweighted,21660866,1,0.03,"{""0.03"": 0.3655809423353542, ""0.1"": 0.3653765538425316, ""0.3"": 0.36553525396371145, ""1.0"": 0.3622974595822752, ""3.0"": 0.36293558804318216, ""10.0"": 0.36382261967913043}",457,148,111,36,383,126
T18,unweighted,21660866,2,10.0,"{""0.03"": 0.3212441022673259, ""0.1"": 0.322577992716905, ""0.3"": 0.3275141173417502, ""1.0"": 0.3321682364613132, ""3.0"": 0.33296642271771515, ""10.0"": 0.3331689343194867}",453,152,110,37,377,127
T18,unweighted,21660866,3,0.03,"{""0.03"": 0.2960276922219165, ""0.1"": 0.295000643402699, ""0.3"": 0.29328859844214944, ""1.0"": 0.29217109420893755, ""3.0"": 0.29159383787337534, ""10.0"": 0.29055620319210257}",450,155,109,38,373,126
T21,unweighted,21660866,0,10.0,"{""0.03"": 0.2869401210698632, ""0.1"": 0.3438095130407107, ""0.3"": 0.39280972709474427, ""1.0"": 0.39980745886631686, ""3.0"": 0.4002608419816208, ""10.0"": 0.40467783248607925}",455,150,111,36,374,118
T21,unweighted,21660866,1,1.0,"{""0.03"": 0.1661141181168915, ""0.1"": 0.17713816289209505, ""0.3"": 0.18212614787342285, ""1.0"": 0.18586614551074165, ""3.0"": 0.18514890514346763, ""10.0"": 0.17824221916425018}",454,151,111,36,378,122
T21,unweighted,21660866,2,0.03,"{""0.03"": 0.1732091801891552, ""0.1"": 0.1703309308620329, ""0.3"": 0.16581557507927253, ""1.0"": 0.1583092171310127, ""3.0"": 0.15070841807577853, ""10.0"": 0.1442436592576779}",454,151,109,38,380,137
T21,unweighted,21660866,3,0.03,"{""0.03"": 0.19293726914399154, ""0.1"": 0.1876837212181543, ""0.3"": 0.1826945233025679, ""1.0"": 0.17721438842949527, ""3.0"": 0.1747939624172578, ""10.0"": 0.17051255468379856}",452,153,110,37,379,124
T13,group_class_weighted,21660866,0,0.03,"{""0.03"": 0.19493490300759192, ""0.1"": 0.1498850073052116, ""0.3"": 0.148665185776075, ""1.0"": 0.1492230046607088, ""3.0"": 0.1422093499053067, ""10.0"": 0.14349468649696692}",451,154,109,38,373,119
T13,group_class_weighted,21660866,1,1.0,"{""0.03"": 0.21925493557472248, ""0.1"": 0.2540635457711446, ""0.3"": 0.263191163435727, ""1.0"": 0.26465109254613994, ""3.0"": 0.263939044650798, ""10.0"": 0.2631895776304424}",454,151,111,36,380,112
T13,group_class_weighted,21660866,2,0.03,"{""0.03"": 0.22468655208119187, ""0.1"": 0.22315764933888388, ""0.3"": 0.2220636996894757, ""1.0"": 0.21943451639203848, ""3.0"": 0.215328704478989, ""10.0"": 0.21310739238175008}",454,151,110,37,379,133
T13,group_class_weighted,21660866,3,0.03,"{""0.03"": 0.39618229216531786, ""0.1"": 0.38517570992501227, ""0.3"": 0.3830540933591622, ""1.0"": 0.3773836193907888, ""3.0"": 0.3753937184921833, ""10.0"": 0.3723373468441725}",456,149,111,36,382,132
T18,group_class_weighted,21660866,0,0.3,"{""0.03"": 0.2532790651062875, ""0.1"": 0.27188163649253827, ""0.3"": 0.2813005796994405, ""1.0"": 0.27881645942990985, ""3.0"": 0.2771860766679268, ""10.0"": 0.27596765374323795}",455,150,111,36,379,122
T18,group_class_weighted,21660866,1,0.03,"{""0.03"": 0.33965637694608564, ""0.1"": 0.3366032919559486, ""0.3"": 0.33671079477550026, ""1.0"": 0.3355008253237776, ""3.0"": 0.33619684486181645, ""10.0"": 0.3363846997655875}",457,148,111,36,383,126
T18,group_class_weighted,21660866,2,0.03,"{""0.03"": 0.32334465619269653, ""0.1"": 0.320408224528838, ""0.3"": 0.3185307846049257, ""1.0"": 0.31875293307728736, ""3.0"": 0.3190396769483228, ""10.0"": 0.3184359987622057}",453,152,110,37,377,127
T18,group_class_weighted,21660866,3,0.1,"{""0.03"": 0.29558199230619997, ""0.1"": 0.2999492864490545, ""0.3"": 0.2998813035006873, ""1.0"": 0.29967421106284314, ""3.0"": 0.2987300605474562, ""10.0"": 0.29832765720921317}",450,155,109,38,373,126
T21,group_class_weighted,21660866,0,3.0,"{""0.03"": 0.38529506560898846, ""0.1"": 0.38089038978693696, ""0.3"": 0.38185276483558733, ""1.0"": 0.3771989275756903, ""3.0"": 0.3982155228573191, ""10.0"": 0.3966810622613013}",455,150,111,36,374,118
T21,group_class_weighted,21660866,1,10.0,"{""0.03"": 0.17355792332823605, ""0.1"": 0.17621610768814347, ""0.3"": 0.17952057881047134, ""1.0"": 0.17929389524054698, ""3.0"": 0.17772096173695684, ""10.0"": 0.17987799797154005}",454,151,111,36,378,122
T21,group_class_weighted,21660866,2,0.03,"{""0.03"": 0.12470654987431139, ""0.1"": 0.11884079597254861, ""0.3"": 0.11859795338290498, ""1.0"": 0.11904357370532653, ""3.0"": 0.12040044631796908, ""10.0"": 0.1209522455260891}",454,151,109,38,380,137
T21,group_class_weighted,21660866,3,0.03,"{""0.03"": 0.1900300877324292, ""0.1"": 0.18508182500850592, ""0.3"": 0.18363724180618088, ""1.0"": 0.17869280249277286, ""3.0"": 0.1757262791688687, ""10.0"": 0.1743151822973405}",452,153,110,37,379,124
T13,unweighted,21760869,0,3.0,"{""0.03"": 0.11367503770213493, ""0.1"": 0.11250228872799578, ""0.3"": 0.11454262352302857, ""1.0"": 0.1168937276908222, ""3.0"": 0.11736056008714335, ""10.0"": 0.11697385717985116}",451,154,111,36,371,121
T13,unweighted,21760869,1,10.0,"{""0.03"": 0.20976076094612642, ""0.1"": 0.20916091147666857, ""0.3"": 0.21329811743117771, ""1.0"": 0.2184205824860934, ""3.0"": 0.22362941692536978, ""10.0"": 0.22829206031682198}",456,149,109,38,380,130
T13,unweighted,21760869,2,0.03,"{""0.03"": 0.38296044188484546, ""0.1"": 0.3728491579900508, ""0.3"": 0.37940021966544357, ""1.0"": 0.37494008250716543, ""3.0"": 0.35895608370592946, ""10.0"": 0.3503540158426321}",457,148,111,36,381,124
T13,unweighted,21760869,3,3.0,"{""0.03"": 0.17078513716014898, ""0.1"": 0.18789696084258836, ""0.3"": 0.19615406405788127, ""1.0"": 0.20477242545550095, ""3.0"": 0.20995616688955165, ""10.0"": 0.20905367418691656}",451,154,110,37,379,126
T18,unweighted,21760869,0,0.03,"{""0.03"": 0.29438089778020343, ""0.1"": 0.2910361444567273, ""0.3"": 0.29065687459884504, ""1.0"": 0.29009227437273294, ""3.0"": 0.2908836555671813, ""10.0"": 0.2909193427970196}",453,152,110,37,377,112
T18,unweighted,21760869,1,0.03,"{""0.03"": 0.23038906512797774, ""0.1"": 0.2274580945435022, ""0.3"": 0.22615756937486975, ""1.0"": 0.22194917280167056, ""3.0"": 0.21844884148228066, ""10.0"": 0.21575047592523647}",454,151,111,36,379,134
T18,unweighted,21760869,2,1.0,"{""0.03"": 0.25817223339880624, ""0.1"": 0.2759951983579658, ""0.3"": 0.2847342818936917, ""1.0"": 0.2878371518181111, ""3.0"": 0.287730006835095, ""10.0"": 0.28736532528622744}",454,151,109,38,378,132
T18,unweighted,21760869,3,0.03,"{""0.03"": 0.33544851996444924, ""0.1"": 0.3291474950390353, ""0.3"": 0.3267331836140988, ""1.0"": 0.32483979370329563, ""3.0"": 0.32078006926366553, ""10.0"": 0.3217961718847199}",454,151,111,36,378,122
T21,unweighted,21760869,0,1.0,"{""0.03"": 0.23003793178281068, ""0.1"": 0.23777824577796172, ""0.3"": 0.24112503171284272, ""1.0"": 0.2436287913160397, ""3.0"": 0.24152897329108391, ""10.0"": 0.23922016496914633}",454,151,110,37,376,123
T21,unweighted,21760869,1,1.0,"{""0.03"": 0.2225180302851367, ""0.1"": 0.24493053383663488, ""0.3"": 0.2707453356882533, ""1.0"": 0.27781946806818586, ""3.0"": 0.2680694621733179, ""10.0"": 0.2504635012898315}",454,151,111,36,379,134
T21,unweighted,21760869,2,3.0,"{""0.03"": 0.19319304466750417, ""0.1"": 0.19396526449136167, ""0.3"": 0.19339348725918482, ""1.0"": 0.19430868936247675, ""3.0"": 0.19572779936892903, ""10.0"": 0.19480240390477935}",452,153,110,37,377,128
T21,unweighted,21760869,3,10.0,"{""0.03"": 0.1691608745955616, ""0.1"": 0.18280494769037972, ""0.3"": 0.18814766808166522, ""1.0"": 0.19297249932372912, ""3.0"": 0.19279317506287924, ""10.0"": 0.19431671097433478}",455,150,110,37,381,118
T13,group_class_weighted,21760869,0,1.0,"{""0.03"": 0.10905184465516465, ""0.1"": 0.11158987030596859, ""0.3"": 0.11317456858499605, ""1.0"": 0.11325636301937705, ""3.0"": 0.11155358862210021, ""10.0"": 0.11072360709356599}",451,154,111,36,371,121
T13,group_class_weighted,21760869,1,3.0,"{""0.03"": 0.2111189499783155, ""0.1"": 0.21894559543715586, ""0.3"": 0.2229167677113074, ""1.0"": 0.2257042921826084, ""3.0"": 0.22733392423735757, ""10.0"": 0.22712944702243382}",456,149,109,38,380,130
T13,group_class_weighted,21760869,2,0.03,"{""0.03"": 0.34335674631628943, ""0.1"": 0.33603215464334557, ""0.3"": 0.32263788187438647, ""1.0"": 0.2942604870197365, ""3.0"": 0.288669337634478, ""10.0"": 0.28559254750083213}",457,148,111,36,381,124
T13,group_class_weighted,21760869,3,1.0,"{""0.03"": 0.24951329097379218, ""0.1"": 0.2756925348170671, ""0.3"": 0.28336752415649524, ""1.0"": 0.2939313020137461, ""3.0"": 0.28984530096511507, ""10.0"": 0.28013395396883234}",451,154,110,37,379,126
T18,group_class_weighted,21760869,0,0.03,"{""0.03"": 0.2969193808467716, ""0.1"": 0.2906139742614762, ""0.3"": 0.292717265402976, ""1.0"": 0.2940393406332345, ""3.0"": 0.2925869742085635, ""10.0"": 0.29295972945598114}",453,152,110,37,377,112
T18,group_class_weighted,21760869,1,0.1,"{""0.03"": 0.24764561105023863, ""0.1"": 0.24821968158626356, ""0.3"": 0.24602713296404072, ""1.0"": 0.2409438665420725, ""3.0"": 0.2235452793659371, ""10.0"": 0.21871413615004964}",454,151,111,36,379,134
T18,group_class_weighted,21760869,2,10.0,"{""0.03"": 0.32364925627769614, ""0.1"": 0.343124606484126, ""0.3"": 0.3432961579985817, ""1.0"": 0.34141762582097673, ""3.0"": 0.3407212775587215, ""10.0"": 0.346366636870858}",454,151,109,38,378,132
T18,group_class_weighted,21760869,3,0.1,"{""0.03"": 0.3413091522246085, ""0.1"": 0.35026373549478146, ""0.3"": 0.3484053323319968, ""1.0"": 0.3465967623284345, ""3.0"": 0.34093851515191964, ""10.0"": 0.33730875553042594}",454,151,111,36,378,122
T21,group_class_weighted,21760869,0,0.03,"{""0.03"": 0.21818358620252395, ""0.1"": 0.21564501980863776, ""0.3"": 0.21673263298419337, ""1.0"": 0.21606191916639195, ""3.0"": 0.21444810914204698, ""10.0"": 0.2118428933784268}",454,151,110,37,376,123
T21,group_class_weighted,21760869,1,0.1,"{""0.03"": 0.21317454307935868, ""0.1"": 0.21325578394503641, ""0.3"": 0.2076924566740001, ""1.0"": 0.1944349428913065, ""3.0"": 0.18200947963543546, ""10.0"": 0.17121821969441836}",454,151,111,36,379,134
T21,group_class_weighted,21760869,2,1.0,"{""0.03"": 0.17863712181518202, ""0.1"": 0.17839813355338535, ""0.3"": 0.17825238760246556, ""1.0"": 0.1799237141267136, ""3.0"": 0.1794130978631041, ""10.0"": 0.1777817902464983}",452,153,110,37,377,128
T21,group_class_weighted,21760869,3,0.3,"{""0.03"": 0.2138644711516028, ""0.1"": 0.2166976311542792, ""0.3"": 0.21797707440703804, ""1.0"": 0.21719764587931062, ""3.0"": 0.2113500119276134, ""10.0"": 0.20379685535816208}",455,150,110,37,381,118
T13,unweighted,21860872,0,10.0,"{""0.03"": 0.1445610946843941, ""0.1"": 0.14700739447503428, ""0.3"": 0.1478010319500674, ""1.0"": 0.14863825268078948, ""3.0"": 0.1491624814151211, ""10.0"": 0.1497454343643481}",455,150,110,37,377,125
T13,unweighted,21860872,1,10.0,"{""0.03"": 0.26836363286029524, ""0.1"": 0.28102665499185964, ""0.3"": 0.27565465715040216, ""1.0"": 0.28606028978710873, ""3.0"": 0.2860657471945145, ""10.0"": 0.3044620123739696}",456,149,110,37,382,134
T13,unweighted,21860872,2,0.1,"{""0.03"": 0.18157472525582036, ""0.1"": 0.18482116929367629, ""0.3"": 0.1840316663428473, ""1.0"": 0.1841254721867717, ""3.0"": 0.18233732508695985, ""10.0"": 0.17778453151654333}",451,154,110,37,376,124
T13,unweighted,21860872,3,10.0,"{""0.03"": 0.2952206879259071, ""0.1"": 0.29507610618956254, ""0.3"": 0.3016233410885599, ""1.0"": 0.3050500317185169, ""3.0"": 0.30545076572396984, ""10.0"": 0.3057410859114985}",453,152,111,36,380,115
T18,unweighted,21860872,0,0.03,"{""0.03"": 0.19550755967803263, ""0.1"": 0.19187706674411467, ""0.3"": 0.18911507214070217, ""1.0"": 0.1880211017665364, ""3.0"": 0.18707616693844403, ""10.0"": 0.18703277572243712}",450,155,110,37,373,129
T18,unweighted,21860872,1,0.1,"{""0.03"": 0.24620513262867702, ""0.1"": 0.248123759614509, ""0.3"": 0.2468809316410732, ""1.0"": 0.24654429159320485, ""3.0"": 0.24673431811033897, ""10.0"": 0.24412976033494366}",458,147,109,38,379,123
T18,unweighted,21860872,2,1.0,"{""0.03"": 0.2590308095794147, ""0.1"": 0.26189295000916923, ""0.3"": 0.26433006970247125, ""1.0"": 0.264912790586558, ""3.0"": 0.2632826957614021, ""10.0"": 0.25947496976640105}",452,153,111,36,378,123
T18,unweighted,21860872,3,0.3,"{""0.03"": 0.20776961021246546, ""0.1"": 0.2372214552696146, ""0.3"": 0.26913327842269646, ""1.0"": 0.25985457628233327, ""3.0"": 0.2620916890503169, ""10.0"": 0.2622535633666667}",455,150,111,36,379,125
T21,unweighted,21860872,0,10.0,"{""0.03"": 0.22069275211603154, ""0.1"": 0.27679672087150003, ""0.3"": 0.3145858004470379, ""1.0"": 0.3664320931150413, ""3.0"": 0.3697166401449552, ""10.0"": 0.3715114039077444}",456,149,112,35,378,113
T21,unweighted,21860872,1,10.0,"{""0.03"": 0.10309603980747231, ""0.1"": 0.10398506476242554, ""0.3"": 0.10628486596650207, ""1.0"": 0.10692625644372439, ""3.0"": 0.10904177046099747, ""10.0"": 0.11114267830291161}",451,154,110,37,375,136
T21,unweighted,21860872,2,10.0,"{""0.03"": 0.13666653002391643, ""0.1"": 0.13828830985574495, ""0.3"": 0.13885299516137625, ""1.0"": 0.13917777497332365, ""3.0"": 0.13991475378113538, ""10.0"": 0.14477722751822014}",455,150,111,36,381,116
T21,unweighted,21860872,3,3.0,"{""0.03"": 0.09944460573536593, ""0.1"": 0.10795399307977685, ""0.3"": 0.11728559753441158, ""1.0"": 0.12655763436975662, ""3.0"": 0.13019407200419975, ""10.0"": 0.12998310446702951}",453,152,108,39,378,135
T13,group_class_weighted,21860872,0,10.0,"{""0.03"": 0.14195423950437983, ""0.1"": 0.14224591860206395, ""0.3"": 0.14410224601285734, ""1.0"": 0.14436589718249138, ""3.0"": 0.14466264876368276, ""10.0"": 0.14484371715289107}",455,150,110,37,377,125
T13,group_class_weighted,21860872,1,1.0,"{""0.03"": 0.2816244701187662, ""0.1"": 0.2929830602316097, ""0.3"": 0.29526349896711723, ""1.0"": 0.29653636212294127, ""3.0"": 0.2923143123641686, ""10.0"": 0.2660269559395381}",456,149,110,37,382,134
T13,group_class_weighted,21860872,2,0.03,"{""0.03"": 0.1816840967197945, ""0.1"": 0.17932789201881463, ""0.3"": 0.178156139314039, ""1.0"": 0.1761128291711641, ""3.0"": 0.1732342676731467, ""10.0"": 0.16834624989405683}",451,154,110,37,376,124
T13,group_class_weighted,21860872,3,0.3,"{""0.03"": 0.37040648691335254, ""0.1"": 0.3987940274193627, ""0.3"": 0.41794348167830525, ""1.0"": 0.4018005294671715, ""3.0"": 0.3788899931281915, ""10.0"": 0.3793307928773173}",453,152,111,36,380,115
T18,group_class_weighted,21860872,0,0.03,"{""0.03"": 0.17114342888189973, ""0.1"": 0.16779194245916573, ""0.3"": 0.1656200634982898, ""1.0"": 0.16528077421618725, ""3.0"": 0.1649179854962353, ""10.0"": 0.16454625685464508}",450,155,110,37,373,129
T18,group_class_weighted,21860872,1,0.03,"{""0.03"": 0.27817575025748204, ""0.1"": 0.27755857528793465, ""0.3"": 0.2771747550641617, ""1.0"": 0.2760001112674343, ""3.0"": 0.27449463168625887, ""10.0"": 0.27157748419553673}",458,147,109,38,379,123
T18,group_class_weighted,21860872,2,0.03,"{""0.03"": 0.34490413162550404, ""0.1"": 0.3428397038503587, ""0.3"": 0.3413143221692383, ""1.0"": 0.3381765343899661, ""3.0"": 0.33361270004486376, ""10.0"": 0.32956985628362084}",452,153,111,36,378,123
T18,group_class_weighted,21860872,3,1.0,"{""0.03"": 0.2909893100133298, ""0.1"": 0.35089142283223007, ""0.3"": 0.3528557921976667, ""1.0"": 0.36675856399911844, ""3.0"": 0.36509450101699514, ""10.0"": 0.36434285086490714}",455,150,111,36,379,125
T21,group_class_weighted,21860872,0,3.0,"{""0.03"": 0.34083267895385383, ""0.1"": 0.3425165527648143, ""0.3"": 0.34450899421012593, ""1.0"": 0.3908143920251087, ""3.0"": 0.39117373348992046, ""10.0"": 0.3894272585184698}",456,149,112,35,378,113
T21,group_class_weighted,21860872,1,10.0,"{""0.03"": 0.11909015788096432, ""0.1"": 0.11843860271442953, ""0.3"": 0.1185898415242013, ""1.0"": 0.11976926993596183, ""3.0"": 0.12028009922973261, ""10.0"": 0.12301152438419562}",451,154,110,37,375,136
T21,group_class_weighted,21860872,2,10.0,"{""0.03"": 0.16414917389840486, ""0.1"": 0.17012382928375988, ""0.3"": 0.1763080693644245, ""1.0"": 0.18170761149639417, ""3.0"": 0.18315807306336945, ""10.0"": 0.1881024554140508}",455,150,111,36,381,116
T21,group_class_weighted,21860872,3,0.3,"{""0.03"": 0.11990065091893623, ""0.1"": 0.1260693464207946, ""0.3"": 0.1307925469430788, ""1.0"": 0.13077689209266244, ""3.0"": 0.130728133514472, ""10.0"": 0.129008413551569}",453,152,108,39,378,135
T13,unweighted,21960875,0,3.0,"{""0.03"": 0.16851307515054884, ""0.1"": 0.21518053168151932, ""0.3"": 0.2510996347314327, ""1.0"": 0.2836457265195146, ""3.0"": 0.2877665089098239, ""10.0"": 0.2846658774139317}",455,150,110,37,375,117
T13,unweighted,21960875,1,0.03,"{""0.03"": 0.2778692602800069, ""0.1"": 0.25801276310716925, ""0.3"": 0.23923804882051303, ""1.0"": 0.22798478157137936, ""3.0"": 0.22369296305302927, ""10.0"": 0.22081564374809032}",450,155,110,37,375,128
T13,unweighted,21960875,2,1.0,"{""0.03"": 0.23727642316663755, ""0.1"": 0.23742859641558117, ""0.3"": 0.23962613363884339, ""1.0"": 0.23966942072038555, ""3.0"": 0.23423915031470588, ""10.0"": 0.22582480842543823}",454,151,110,37,382,117
T13,unweighted,21960875,3,0.1,"{""0.03"": 0.36084214862243363, ""0.1"": 0.3657750994412109, ""0.3"": 0.35514481934201203, ""1.0"": 0.3423506988632158, ""3.0"": 0.3317888344841525, ""10.0"": 0.3212422618435013}",456,149,111,36,379,135
T18,unweighted,21960875,0,10.0,"{""0.03"": 0.2332980768244946, ""0.1"": 0.25027166481693447, ""0.3"": 0.25652023724812834, ""1.0"": 0.2622989698865323, ""3.0"": 0.2622445601691005, ""10.0"": 0.26506794637669284}",456,149,109,38,378,103
T18,unweighted,21960875,1,0.1,"{""0.03"": 0.38217097343331397, ""0.1"": 0.3822414477688856, ""0.3"": 0.38081545101612013, ""1.0"": 0.3779524532260713, ""3.0"": 0.373946656181821, ""10.0"": 0.3666668674361887}",452,153,110,37,377,139
T18,unweighted,21960875,2,0.1,"{""0.03"": 0.27119339344266763, ""0.1"": 0.27422667095044473, ""0.3"": 0.264761870020106, ""1.0"": 0.2536536771402403, ""3.0"": 0.2515114926651088, ""10.0"": 0.2522168790486189}",455,150,111,36,379,127
T18,unweighted,21960875,3,3.0,"{""0.03"": 0.2342020897955761, ""0.1"": 0.26391337378304236, ""0.3"": 0.279963441332851, ""1.0"": 0.28731546614614856, ""3.0"": 0.2883574366924633, ""10.0"": 0.28404793063578265}",452,153,111,36,378,124
T21,unweighted,21960875,0,10.0,"{""0.03"": 0.17575504953788884, ""0.1"": 0.18366380735789223, ""0.3"": 0.18912918209779647, ""1.0"": 0.1924363264084846, ""3.0"": 0.19421657871835946, ""10.0"": 0.1953147793580599}",454,151,111,36,378,114
T21,unweighted,21960875,1,0.3,"{""0.03"": 0.08875593294918328, ""0.1"": 0.0979223542760183, ""0.3"": 0.09855900712441175, ""1.0"": 0.09825367611214553, ""3.0"": 0.09581435659528549, ""10.0"": 0.09695582190530078}",451,154,109,38,377,130
T21,unweighted,21960875,2,3.0,"{""0.03"": 0.242584710354637, ""0.1"": 0.2506961745945361, ""0.3"": 0.2615819108890781, ""1.0"": 0.26956716183223794, ""3.0"": 0.26969716783213815, ""10.0"": 0.2692746882845646}",455,150,111,36,376,128
T21,unweighted,21960875,3,10.0,"{""0.03"": 0.20467592050150243, ""0.1"": 0.22199645902165016, ""0.3"": 0.22460679100839678, ""1.0"": 0.22286119834440243, ""3.0"": 0.22365849059452655, ""10.0"": 0.2252724351287053}",455,150,110,37,379,131
T13,group_class_weighted,21960875,0,0.3,"{""0.03"": 0.3427157401576669, ""0.1"": 0.3739481975975883, ""0.3"": 0.39039211865382384, ""1.0"": 0.3861100510636021, ""3.0"": 0.3806360975911629, ""10.0"": 0.34845857176797157}",455,150,110,37,375,117
T13,group_class_weighted,21960875,1,0.03,"{""0.03"": 0.24216744702327134, ""0.1"": 0.22355746002896015, ""0.3"": 0.21653554340664316, ""1.0"": 0.21393636628177545, ""3.0"": 0.21238457699003693, ""10.0"": 0.21065742869308957}",450,155,110,37,375,128
T13,group_class_weighted,21960875,2,0.1,"{""0.03"": 0.21927617026721166, ""0.1"": 0.21991083631482783, ""0.3"": 0.21546708776674275, ""1.0"": 0.20894838415360417, ""3.0"": 0.178964530368288, ""10.0"": 0.17120125403141317}",454,151,110,37,382,117
T13,group_class_weighted,21960875,3,0.03,"{""0.03"": 0.3355126189752309, ""0.1"": 0.3019062906858551, ""0.3"": 0.2833359649578796, ""1.0"": 0.27321518152565444, ""3.0"": 0.2668670950832659, ""10.0"": 0.26096812578931144}",456,149,111,36,379,135
T18,group_class_weighted,21960875,0,10.0,"{""0.03"": 0.261922479786024, ""0.1"": 0.27465629133031605, ""0.3"": 0.2798620322273221, ""1.0"": 0.28240830580541476, ""3.0"": 0.2840585594703619, ""10.0"": 0.2842199708589322}",456,149,109,38,378,103
T18,group_class_weighted,21960875,1,0.03,"{""0.03"": 0.36180228796885894, ""0.1"": 0.35328775460035877, ""0.3"": 0.34998503094160494, ""1.0"": 0.34366208546334087, ""3.0"": 0.3329722864350788, ""10.0"": 0.3190077241106139}",452,153,110,37,377,139
T18,group_class_weighted,21960875,2,0.03,"{""0.03"": 0.32137737761719193, ""0.1"": 0.31320197555431845, ""0.3"": 0.31091283988794116, ""1.0"": 0.30833453574594993, ""3.0"": 0.3064443201320921, ""10.0"": 0.3052947702168327}",455,150,111,36,379,127
T18,group_class_weighted,21960875,3,0.3,"{""0.03"": 0.34850778035093316, ""0.1"": 0.3917981901250163, ""0.3"": 0.39422591558921743, ""1.0"": 0.39290628600480637, ""3.0"": 0.388053913722151, ""10.0"": 0.3680905542629436}",452,153,111,36,378,124
T21,group_class_weighted,21960875,0,10.0,"{""0.03"": 0.21328333189113616, ""0.1"": 0.21379010490306416, ""0.3"": 0.21454642317329548, ""1.0"": 0.21588601536131793, ""3.0"": 0.21546439368814307, ""10.0"": 0.21643962868730318}",454,151,111,36,378,114
T21,group_class_weighted,21960875,1,10.0,"{""0.03"": 0.1388349333912616, ""0.1"": 0.15099938044796876, ""0.3"": 0.15577278580585543, ""1.0"": 0.15589080223616275, ""3.0"": 0.1565718734234644, ""10.0"": 0.15661363639200726}",451,154,109,38,377,130
T21,group_class_weighted,21960875,2,10.0,"{""0.03"": 0.18648834479454482, ""0.1"": 0.18558219032740994, ""0.3"": 0.18982366753791705, ""1.0"": 0.19352532211698134, ""3.0"": 0.1969411262681068, ""10.0"": 0.19811099649283043}",455,150,111,36,376,128
T21,group_class_weighted,21960875,3,0.03,"{""0.03"": 0.221519274060971, ""0.1"": 0.2151157840443263, ""0.3"": 0.21188628969902998, ""1.0"": 0.21244338903316773, ""3.0"": 0.21773557348557168, ""10.0"": 0.21948306913055485}",455,150,110,37,379,131
T13,unweighted,22060878,0,0.03,"{""0.03"": 0.2859420259339416, ""0.1"": 0.28488995834748765, ""0.3"": 0.2529305925760156, ""1.0"": 0.24925350177037764, ""3.0"": 0.2336465004210784, ""10.0"": 0.22415344836689355}",455,150,110,37,380,123
T13,unweighted,22060878,1,0.03,"{""0.03"": 0.2777252428091179, ""0.1"": 0.27123726674249304, ""0.3"": 0.2691517814310886, ""1.0"": 0.26759510215191484, ""3.0"": 0.26677312598546254, ""10.0"": 0.2608937137109949}",453,152,111,36,375,119
T13,unweighted,22060878,2,1.0,"{""0.03"": 0.2824471258792925, ""0.1"": 0.2964809335108344, ""0.3"": 0.30582770849767094, ""1.0"": 0.30837832493647466, ""3.0"": 0.30826750664083874, ""10.0"": 0.3066731155874263}",455,150,111,36,380,126
T13,unweighted,22060878,3,3.0,"{""0.03"": 0.18440214761190388, ""0.1"": 0.18173076065490537, ""0.3"": 0.18459366438207186, ""1.0"": 0.18752457805542375, ""3.0"": 0.18845053159752667, ""10.0"": 0.1636247933633063}",452,153,109,38,377,135
T18,unweighted,22060878,0,1.0,"{""0.03"": 0.19722789538529326, ""0.1"": 0.2013868550440658, ""0.3"": 0.20505655267798767, ""1.0"": 0.20546504198967963, ""3.0"": 0.20530230598758195, ""10.0"": 0.20487101728185084}",458,147,111,36,378,122
T18,unweighted,22060878,1,10.0,"{""0.03"": 0.2586108332462718, ""0.1"": 0.3046617478577892, ""0.3"": 0.3142177783444437, ""1.0"": 0.33073042485695764, ""3.0"": 0.3461645177901975, ""10.0"": 0.34651001999525033}",454,151,111,36,379,128
T18,unweighted,22060878,2,0.03,"{""0.03"": 0.22333746366337306, ""0.1"": 0.22002596794702187, ""0.3"": 0.2194396896871753, ""1.0"": 0.21841832847993525, ""3.0"": 0.21696295083593226, ""10.0"": 0.21471756249427013}",453,152,109,38,377,131
T18,unweighted,22060878,3,1.0,"{""0.03"": 0.3829669277078527, ""0.1"": 0.3821245676925184, ""0.3"": 0.3975043353478177, ""1.0"": 0.40253545252607004, ""3.0"": 0.4015222751163249, ""10.0"": 0.3989815750692184}",450,155,110,37,377,122
T21,unweighted,22060878,0,3.0,"{""0.03"": 0.14237215473162712, ""0.1"": 0.14775388925087907, ""0.3"": 0.15724863752572585, ""1.0"": 0.1634256078850331, ""3.0"": 0.16485263866768665, ""10.0"": 0.16441618697454122}",451,154,109,38,371,129
T21,unweighted,22060878,1,0.03,"{""0.03"": 0.09550620377468765, ""0.1"": 0.09073191090659392, ""0.3"": 0.08988020069274667, ""1.0"": 0.09035603357318182, ""3.0"": 0.09054012883520532, ""10.0"": 0.09155342115288898}",454,151,111,36,379,122
T21,unweighted,22060878,2,10.0,"{""0.03"": 0.1537853855172609, ""0.1"": 0.16808374377518026, ""0.3"": 0.17959148290605553, ""1.0"": 0.18757220386458312, ""3.0"": 0.19163647001128395, ""10.0"": 0.19548453812667388}",455,150,111,36,381,118
T21,unweighted,22060878,3,0.1,"{""0.03"": 0.323790803145779, ""0.1"": 0.3253399390723803, ""0.3"": 0.31038540931373276, ""1.0"": 0.29909219845989277, ""3.0"": 0.29322134548439077, ""10.0"": 0.2940394347153967}",455,150,110,37,381,132
T13,group_class_weighted,22060878,0,0.1,"{""0.03"": 0.23378396687126832, ""0.1"": 0.23872820611663226, ""0.3"": 0.2290059899376024, ""1.0"": 0.21502954769431956, ""3.0"": 0.20971955965354447, ""10.0"": 0.20651484850407803}",455,150,110,37,380,123
T13,group_class_weighted,22060878,1,0.03,"{""0.03"": 0.2779295386312168, ""0.1"": 0.27740705227711854, ""0.3"": 0.27164398869071554, ""1.0"": 0.26600854229106763, ""3.0"": 0.24384776739931002, ""10.0"": 0.23721845785273446}",453,152,111,36,375,119
T13,group_class_weighted,22060878,2,0.03,"{""0.03"": 0.4420992277763659, ""0.1"": 0.438564285190959, ""0.3"": 0.43773650410027043, ""1.0"": 0.38171850446780486, ""3.0"": 0.3774384982125032, ""10.0"": 0.3804087767839248}",455,150,111,36,380,126
T13,group_class_weighted,22060878,3,3.0,"{""0.03"": 0.1999883784277514, ""0.1"": 0.19579647324624097, ""0.3"": 0.19551536745614184, ""1.0"": 0.2001353643978951, ""3.0"": 0.202429023727711, ""10.0"": 0.17608517056540365}",452,153,109,38,377,135
T18,group_class_weighted,22060878,0,1.0,"{""0.03"": 0.23349832802448864, ""0.1"": 0.23926082441300311, ""0.3"": 0.24061097448015017, ""1.0"": 0.24067479407129452, ""3.0"": 0.23706841755274102, ""10.0"": 0.235086038902916}",458,147,111,36,378,122
T18,group_class_weighted,22060878,1,1.0,"{""0.03"": 0.347513805941666, ""0.1"": 0.34979945636261267, ""0.3"": 0.3522358616184653, ""1.0"": 0.35348358476570657, ""3.0"": 0.35099626333256384, ""10.0"": 0.35100044711087897}",454,151,111,36,379,128
T18,group_class_weighted,22060878,2,0.1,"{""0.03"": 0.2233820641544079, ""0.1"": 0.22359875690149011, ""0.3"": 0.2221748867613188, ""1.0"": 0.2197942810251452, ""3.0"": 0.2148801829549748, ""10.0"": 0.21297699553106936}",453,152,109,38,377,131
T18,group_class_weighted,22060878,3,3.0,"{""0.03"": 0.37388195756916714, ""0.1"": 0.3898559667004463, ""0.3"": 0.4034002624023053, ""1.0"": 0.40923162579068306, ""3.0"": 0.4093532473295549, ""10.0"": 0.40749558619837034}",450,155,110,37,377,122
T21,group_class_weighted,22060878,0,0.1,"{""0.03"": 0.14421769556820746, ""0.1"": 0.14624967370243222, ""0.3"": 0.1455588363803557, ""1.0"": 0.1435053810365323, ""3.0"": 0.1426649617588858, ""10.0"": 0.14357434501705438}",451,154,109,38,371,129
T21,group_class_weighted,22060878,1,10.0,"{""0.03"": 0.08979709233054542, ""0.1"": 0.09039406713154478, ""0.3"": 0.08999874388809821, ""1.0"": 0.09007493945929847, ""3.0"": 0.09354260339876504, ""10.0"": 0.09506009964095095}",454,151,111,36,379,122
T21,group_class_weighted,22060878,2,10.0,"{""0.03"": 0.13497177679003836, ""0.1"": 0.13601194391374308, ""0.3"": 0.13929905708760001, ""1.0"": 0.14568206427825608, ""3.0"": 0.15281739706197656, ""10.0"": 0.15648497569533792}",455,150,111,36,381,118
T21,group_class_weighted,22060878,3,0.03,"{""0.03"": 0.354429210056735, ""0.1"": 0.35210195396280664, ""0.3"": 0.3182056564678363, ""1.0"": 0.3169239437980211, ""3.0"": 0.31614552726818185, ""10.0"": 0.3111578635775738}",455,150,110,37,381,132
T13,unweighted,22160881,0,3.0,"{""0.03"": 0.2693089943779594, ""0.1"": 0.29256896211444544, ""0.3"": 0.31762670404479443, ""1.0"": 0.3296554437963501, ""3.0"": 0.34041024764345107, ""10.0"": 0.339872176773086}",454,151,111,36,374,125
T13,unweighted,22160881,1,0.1,"{""0.03"": 0.26950895262561064, ""0.1"": 0.29322939339331394, ""0.3"": 0.28961133740262024, ""1.0"": 0.27971692610285415, ""3.0"": 0.271967816073325, ""10.0"": 0.2702981853258301}",455,150,111,36,382,130
T13,unweighted,22160881,2,0.1,"{""0.03"": 0.2669106433259534, ""0.1"": 0.2686467140736538, ""0.3"": 0.25977359687800006, ""1.0"": 0.25707220062301905, ""3.0"": 0.25741684879025606, ""10.0"": 0.25733342929218667}",455,150,111,36,382,120
T13,unweighted,22160881,3,0.1,"{""0.03"": 0.13679662592786276, ""0.1"": 0.14186793430350922, ""0.3"": 0.13962201760656023, ""1.0"": 0.13315396448506883, ""3.0"": 0.1282885745072877, ""10.0"": 0.1236083785995839}",451,154,108,39,373,126
T18,unweighted,22160881,0,0.1,"{""0.03"": 0.34738594040279247, ""0.1"": 0.34794522282667006, ""0.3"": 0.3464577148331086, ""1.0"": 0.3448763729394497, ""3.0"": 0.34501801151198286, ""10.0"": 0.3439139786550789}",452,153,111,36,373,121
T18,unweighted,22160881,1,1.0,"{""0.03"": 0.31948151739058317, ""0.1"": 0.34965417768778034, ""0.3"": 0.3671057282713942, ""1.0"": 0.3757822061502213, ""3.0"": 0.37429142729644105, ""10.0"": 0.37047973951807056}",456,149,111,36,382,127
T18,unweighted,22160881,2,10.0,"{""0.03"": 0.25430681307733327, ""0.1"": 0.27059856865563947, ""0.3"": 0.28434375224901387, ""1.0"": 0.2907735863520219, ""3.0"": 0.29415228012977346, ""10.0"": 0.29417400939036903}",455,150,112,35,381,130
T18,unweighted,22160881,3,0.03,"{""0.03"": 0.3080125316667216, ""0.1"": 0.28727787285884065, ""0.3"": 0.2801068552732445, ""1.0"": 0.272133230185943, ""3.0"": 0.27286254215658395, ""10.0"": 0.27077590545286734}",452,153,107,40,375,126
T21,unweighted,22160881,0,3.0,"{""0.03"": 0.2071943694221482, ""0.1"": 0.2361162489079978, ""0.3"": 0.2425983031950355, ""1.0"": 0.2442134516969754, ""3.0"": 0.2470848220180047, ""10.0"": 0.24617570786297344}",455,150,111,36,380,113
T21,unweighted,22160881,1,3.0,"{""0.03"": 0.15738097539383564, ""0.1"": 0.1759898065736439, ""0.3"": 0.1886635066890832, ""1.0"": 0.19549823878399525, ""3.0"": 0.1962682870333949, ""10.0"": 0.19486066769831933}",453,152,110,37,378,133
T21,unweighted,22160881,2,0.03,"{""0.03"": 0.09348518361551668, ""0.1"": 0.08776364101954934, ""0.3"": 0.08578910769002251, ""1.0"": 0.08536072234533912, ""3.0"": 0.08305340638274529, ""10.0"": 0.07932465484785448}",452,153,110,37,376,132
T21,unweighted,22160881,3,1.0,"{""0.03"": 0.22114341972869334, ""0.1"": 0.2315410985073735, ""0.3"": 0.2347192457848326, ""1.0"": 0.2360187974451305, ""3.0"": 0.23567300768220678, ""10.0"": 0.23276780695512658}",455,150,110,37,379,122
T13,group_class_weighted,22160881,0,1.0,"{""0.03"": 0.33030717903641127, ""0.1"": 0.34511071090245105, ""0.3"": 0.3529506609659876, ""1.0"": 0.3582777147922045, ""3.0"": 0.3369590336556744, ""10.0"": 0.3161141685577947}",454,151,111,36,374,125
T13,group_class_weighted,22160881,1,0.1,"{""0.03"": 0.3402332854679492, ""0.1"": 0.35523721740940983, ""0.3"": 0.326537169874079, ""1.0"": 0.28775423060313426, ""3.0"": 0.26717604584719123, ""10.0"": 0.24504926875642435}",455,150,111,36,382,130
T13,group_class_weighted,22160881,2,0.03,"{""0.03"": 0.27838767850793006, ""0.1"": 0.2636714073776702, ""0.3"": 0.258188147494619, ""1.0"": 0.25578121829794415, ""3.0"": 0.25553005142657315, ""10.0"": 0.2553038444733088}",455,150,111,36,382,120
T13,group_class_weighted,22160881,3,0.03,"{""0.03"": 0.11780133052286992, ""0.1"": 0.11194860200195793, ""0.3"": 0.10985440489782768, ""1.0"": 0.10972024559391266, ""3.0"": 0.11012869264413104, ""10.0"": 0.11020726457005978}",451,154,108,39,373,126
T18,group_class_weighted,22160881,0,0.03,"{""0.03"": 0.3529573041904499, ""0.1"": 0.3449133263906877, ""0.3"": 0.34314742611430393, ""1.0"": 0.3418686591883171, ""3.0"": 0.3408588872134393, ""10.0"": 0.33956625485812925}",452,153,111,36,373,121
T18,group_class_weighted,22160881,1,0.1,"{""0.03"": 0.362066851710798, ""0.1"": 0.3854548110640178, ""0.3"": 0.38435539742297775, ""1.0"": 0.38043996804414404, ""3.0"": 0.3772267544834105, ""10.0"": 0.3744269043093694}",456,149,111,36,382,127
T18,group_class_weighted,22160881,2,10.0,"{""0.03"": 0.2840088376212711, ""0.1"": 0.29266849436581976, ""0.3"": 0.30426672038703406, ""1.0"": 0.3108459182916332, ""3.0"": 0.31414618276045386, ""10.0"": 0.3177731004123286}",455,150,112,35,381,130
T18,group_class_weighted,22160881,3,0.03,"{""0.03"": 0.2491083500116948, ""0.1"": 0.24220462786857358, ""0.3"": 0.2429982760735839, ""1.0"": 0.24306850927239493, ""3.0"": 0.24334336066358653, ""10.0"": 0.24238868676431508}",452,153,107,40,375,126
T21,group_class_weighted,22160881,0,0.03,"{""0.03"": 0.2311301213323316, ""0.1"": 0.22512567077741258, ""0.3"": 0.22403476718381066, ""1.0"": 0.22564169342983742, ""3.0"": 0.22671446499693743, ""10.0"": 0.22785531498803735}",455,150,111,36,380,113
T21,group_class_weighted,22160881,1,10.0,"{""0.03"": 0.17807799241084923, ""0.1"": 0.18128750067040636, ""0.3"": 0.18531848333905862, ""1.0"": 0.19017128586622262, ""3.0"": 0.19202109626170077, ""10.0"": 0.1948261521822494}",453,152,110,37,378,133
T21,group_class_weighted,22160881,2,0.03,"{""0.03"": 0.10642128000896856, ""0.1"": 0.10359049500409419, ""0.3"": 0.09800183390878545, ""1.0"": 0.09167797973427476, ""3.0"": 0.08856921202800452, ""10.0"": 0.08334898303997007}",452,153,110,37,376,132
T21,group_class_weighted,22160881,3,1.0,"{""0.03"": 0.24650414698745943, ""0.1"": 0.24581732539332543, ""0.3"": 0.24833473748503962, ""1.0"": 0.2511995637609163, ""3.0"": 0.25093303565232444, ""10.0"": 0.2484448964892855}",455,150,110,37,379,122
