target,track,feature_set,model,n_features,roc_auc_w,pr_auc_w,precision_w,recall_w,specificity_w,npv_w,f1_w,balanced_accuracy_w,mcc_w,accuracy_w,brier_w,logloss_w,precision_raw,recall_raw,f1_raw,accuracy_raw,predicted_positive,n,positive,seed,mean_threshold,sd_threshold,mean_inner_f1
ANY,record,core,elastic,29,0.8164826410744757,0.5153381582904191,0.39458160367052714,0.5098814229249014,0.898602166276346,0.9339748221960213,0.44488237467668473,0.7042417946006236,0.36634670476626496,0.854000647878199,0.1571781511317041,0.4825193991031926,0.36363636363636365,0.47761194029850745,0.4129032258064516,0.8495867768595041,88,605,67,20260824,0.6421529770532769,0.10592728714318832,0.43602916516050066
ANY,record,core,elastic,29,0.8027745773396835,0.527385874342664,0.3838308224946204,0.5790513833992098,0.8795191744730674,0.9415901122363032,0.4616510044454455,0.7292852789361384,0.3863009960935603,0.8450437317784257,0.15268492514807946,0.4769234797760479,0.3627450980392157,0.5522388059701493,0.4378698224852071,0.8429752066115702,102,605,67,20268743,0.6174920931596645,0.10581949230734894,0.44423609252524304
ANY,record,core,elastic,29,0.7646436012868992,0.4120603287680514,0.3675582398619504,0.42094861660079075,0.9061219262295076,0.9235086803289384,0.39244587747581794,0.6635352714151491,0.3085440253623081,0.8504535147392291,0.15967949401860995,0.4911039319014426,0.37662337662337664,0.43283582089552236,0.4027777777777778,0.8578512396694215,77,605,67,20276662,0.6693339254968707,0.017187135646694184,0.4755447368111479
ANY,record,core,elastic,29,0.7769599806710575,0.41576587132424825,0.39318290926548244,0.3468379446640318,0.930620608899297,0.9166171090807513,0.36855921398034963,0.6387292767816644,0.2931836710736777,0.8636378360868158,0.15793992353707464,0.48648976863454746,0.3870967741935484,0.3582089552238806,0.37209302325581395,0.8661157024793389,62,605,67,20284581,0.6966898884501888,0.049783300984579636,0.4734424777233411
ANY,record,core,elastic,29,0.7745030638871406,0.49395657727298986,0.41337467978967257,0.4328063241106721,0.92039300351288,0.9260350127938438,0.4228673884559688,0.6765996638117759,0.34623586643993737,0.8644476838354391,0.1602279416786961,0.4935823025897597,0.391304347826087,0.40298507462686567,0.39705882352941174,0.8644628099173554,69,605,67,20292500,0.7008987645433997,0.07253143724262011,0.4436694360313268
ANY,record,core,elastic,29,0.8066953329657691,0.48228043562974926,0.5064729574223247,0.4970355731225299,0.9372255562060886,0.9349675111338246,0.5017098888572246,0.7171305646643091,0.4378360839475753,0.8867184969225786,0.14879915989492037,0.46773785740748386,0.5,0.5074626865671642,0.5037037037037037,0.8892561983471075,68,605,67,20300419,0.7044710668787484,0.04266424129911201,0.44599859379073764
ANY,record,core,elastic,29,0.8058507162199585,0.47737368608613745,0.34587378640776767,0.563241106719368,0.8619364754098353,0.9383714445064134,0.42857142857142916,0.7125887910646014,0.3476416258330529,0.8276643990929706,0.1605804075606074,0.4956273141466207,0.34285714285714286,0.5373134328358209,0.4186046511627907,0.8347107438016529,105,605,67,20308338,0.6233005418999663,0.11377305860197909,0.4236648081124977
ANY,record,core,elastic,29,0.7962874468131061,0.47063588233648646,0.32765646222965267,0.4426877470355734,0.8822636124121774,0.9243228737372765,0.37658360852596867,0.6624756797238753,0.28614861134591457,0.8318270165208942,0.15492662577319938,0.48132923446375914,0.31958762886597936,0.4626865671641791,0.3780487804878049,0.8314049586776859,97,605,67,20316257,0.6395511485261136,0.11321383619843554,0.4521625960930126
ANY,record,core,elastic,29,0.7966792855368674,0.46279741891820203,0.3775899023577047,0.447628458498024,0.9043654859484772,0.9266431704847958,0.4096369978039017,0.6759969722232505,0.3272433335316572,0.8519598315516684,0.15998340247066997,0.48938354235457177,0.3780487804878049,0.4626865671641791,0.4161073825503356,0.856198347107438,82,605,67,20324176,0.663264639031142,0.032910465953418996,0.4629293191223293
ANY,record,core,elastic,29,0.8227015350339255,0.5053641029208543,0.46163757760337404,0.5563241106719371,0.9159104215456669,0.94092438396331,0.50457717175597,0.7361172661088018,0.4360087838668436,0.8746517654680921,0.15311233141630406,0.4739324957771609,0.4375,0.5223880597014925,0.47619047619047616,0.8727272727272727,80,605,67,20332095,0.6749508169749974,0.05445073222453228,0.4609818365285959
ANY,record,core,elastic,29,0.7683309651859189,0.43019426247798853,0.3589175502452921,0.3201581027667986,0.9258818793911003,0.9131015319102862,0.33843169439677695,0.6230199910789493,0.2587036337591069,0.8563816002591514,0.15292563378129118,0.522193159567029,0.36065573770491804,0.3283582089552239,0.34375,0.8611570247933884,61,605,67,20340014,0.6824211037725615,0.10426466702998104,0.45716806425807216
ANY,record,core,elastic,29,0.7908700745715735,0.4322184447305618,0.37645948814718766,0.45059288537549436,0.9032677107728332,0.92692589324271,0.4102036882349166,0.6769302980741636,0.3276524559976874,0.8513281503077422,0.16077793716410843,0.49507340546165407,0.36904761904761907,0.4626865671641791,0.4105960264900662,0.8528925619834711,84,605,67,20347933,0.6624701407715557,0.04689135887702619,0.4507210377780121
ANY,record,core,elastic,29,0.808365667561086,0.48663913747474463,0.47987245914707083,0.5098814229249014,0.9283701697892268,0.9359563204397465,0.49442201081377063,0.7191257963570641,0.42689299004585946,0.8803530936183999,0.15478569999767763,0.479381135326736,0.4507042253521127,0.47761194029850745,0.463768115942029,0.8776859504132232,71,605,67,20355852,0.691940003939743,0.04855482686613697,0.44278045285029544
ANY,record,core,elastic,29,0.7967326496079059,0.4776267643004019,0.39859479865771874,0.5365612648221347,0.8950709894613578,0.9371120986897552,0.45740072202166115,0.715816127141746,0.3806598545691506,0.853935860058309,0.15343782411068144,0.47351952995739616,0.37362637362637363,0.5074626865671642,0.43037974683544306,0.8512396694214877,91,605,67,20363771,0.641129885079302,0.03398351802143997,0.4377120778642782
ANY,record,core,elastic,29,0.7994241935378117,0.45148680946975567,0.4209115281501345,0.46541501976284616,0.917008196721311,0.929749383196987,0.44204598779915566,0.6912116082420784,0.36619786128899134,0.8651927437641724,0.1577892069825123,0.49052705011977527,0.4266666666666667,0.47761194029850745,0.4507042253521127,0.8710743801652893,75,605,67,20371690,0.6921124644476165,0.046208969900584616,0.43262892711797946
ANY,record,core,elastic,29,0.7980411028817345,0.46435835563441374,0.3545511744966448,0.4772727272727275,0.8873865632318495,0.929066738180982,0.40685920577617374,0.6823296452522885,0.32159587499128905,0.8403304178814384,0.15287961552403342,0.47377278058049194,0.3548387096774194,0.4925373134328358,0.4125,0.8446280991735537,93,605,67,20379609,0.6527140431578619,0.030993187848246954,0.4637590366305641
ANY,record,core,elastic,29,0.7940501393022219,0.48598895531895464,0.35033492822966567,0.5167984189723323,0.8757867388758777,0.9332618444141154,0.4175886848408811,0.6962925789241048,0.33367032195507296,0.8345966958211857,0.15561550661504328,0.4782261801465528,0.3431372549019608,0.5223880597014925,0.41420118343195267,0.8363636363636363,102,605,67,20387528,0.6226217208858242,0.07873567077317903,0.4267779080013171
ANY,record,core,elastic,29,0.7915563527964968,0.4176601054468121,0.4159233997901368,0.447628458498024,0.9185267857142851,0.927692364550225,0.43119390807723723,0.6830776221061544,0.3547065182756642,0.8644962747003564,0.16122872295121865,0.502974111264727,0.4189189189189189,0.4626865671641791,0.4397163120567376,0.8694214876033057,74,605,67,20395447,0.692697506578367,0.0151286665891125,0.4406939094061479
ANY,record,core,elastic,29,0.7185095091339525,0.3795771913101557,0.39101522092507784,0.37351778656126505,0.9246011416861822,0.919269459552871,0.38206627680311916,0.6490594641237235,0.30414098111844035,0.8613702623906707,0.1649691570859962,0.5255902429151535,0.4,0.3880597014925373,0.3939393939393939,0.8677685950413223,65,605,67,20403366,0.6857496310221359,0.07532898372003784,0.4564741581160659
ANY,record,core,elastic,29,0.7876536764717227,0.44570029102096687,0.3411630794701991,0.46541501976284605,0.8835077576112407,0.9272793609340191,0.3937186529734897,0.6744613886870432,0.30604849594617756,0.8355361192095887,0.1580833268784234,0.48694385832229314,0.31868131868131866,0.43283582089552236,0.3670886075949367,0.8347107438016529,91,605,67,20411285,0.6768630899009541,0.07848208894189435,0.4743018870836022
ANY,record,core,elastic,29,0.7695838487139494,0.4162865483955346,0.4306039893988007,0.43577075098814255,0.925314695550351,0.9267559692877165,0.4331719637970956,0.6805427232692467,0.35921787296472085,0.869144800777454,0.1559809264098502,0.4862477552566996,0.42857142857142855,0.44776119402985076,0.43795620437956206,0.8727272727272727,70,605,67,20419204,0.6807201972172999,0.04358123428780827,0.4381469148740471
ANY,record,core,elastic,29,0.8019986860445922,0.43124145153471494,0.4758322886195852,0.48221343873517813,0.9311512002341917,0.9327724931727785,0.47900161256397694,0.7066823194846849,0.41097781948270506,0.8796404275996114,0.1543586556179322,0.48242139358029973,0.4714285714285714,0.4925373134328358,0.48175182481751827,0.8826446280991735,70,605,67,20427123,0.6947006116641903,0.03041437620444301,0.4530190259487126
ANY,record,core,elastic,29,0.7877702638594477,0.4368665075071422,0.3285683806272678,0.6521739130434786,0.8272650761124116,0.9483210637806998,0.43698273823599043,0.739719494577945,0.3643509233347596,0.8071752510528022,0.15920041318084885,0.49232505041051605,0.3088235294117647,0.6268656716417911,0.41379310344827586,0.8033057851239669,136,605,67,20435042,0.5695335373670983,0.0764694271608524,0.4276674258424742
ANY,record,core,elastic,29,0.747689808799095,0.41248168656585127,0.31207987346777455,0.44565217391304374,0.8726763758782194,0.9239307298930726,0.36709302325581455,0.6591642748956315,0.2740965397505394,0.8236799481697441,0.15529816524479492,0.514205100052009,0.31958762886597936,0.4626865671641791,0.3780487804878049,0.8314049586776859,97,605,67,20442961,0.6328710704074665,0.10017083789348204,0.44224327411263986
ANY,record,core,elastic,29,0.7863853291146369,0.45615348553989854,0.3498778785764139,0.5662055335968382,0.8636380269320837,0.9388773967698302,0.4324994608583142,0.7149217802644607,0.3523061107564528,0.8295108519598317,0.1610572463290825,0.4977867779019979,0.32727272727272727,0.5373134328358209,0.4067796610169492,0.8264462809917356,110,605,67,20450880,0.6171988596045012,0.07970179501275126,0.44722533821681637
ANY,record,core,elastic,29,0.8005703850823684,0.5090053685377419,0.36627906976744257,0.5691699604743087,0.8723653395784537,0.939840731688086,0.4457218660181302,0.7207676500263811,0.36764479921217247,0.8375769355361193,0.16244113329508414,0.49424549868202905,0.3564356435643564,0.5373134328358209,0.42857142857142855,0.8413223140495868,101,605,67,20458799,0.6410495927082798,0.08859935215600494,0.4563278043962226
ANY,record,core,elastic,29,0.781838656024274,0.44071753243050854,0.3823938761308287,0.46541501976284616,0.902572453161592,0.9287059000715384,0.4198395517636577,0.683993736462219,0.3383501447791434,0.8524133462908974,0.1582013071958069,0.4863053610147221,0.37209302325581395,0.47761194029850745,0.41830065359477125,0.8528925619834711,86,605,67,20466718,0.6399761968931991,0.11136684507124768,0.44138470517332373
ANY,record,core,elastic,29,0.7621703769731992,0.3683392645740885,0.37405655630472046,0.5247035573122533,0.8861973067915684,0.9350037642607567,0.43675459726220606,0.7054504320519107,0.35636098661407684,0.8447197926789763,0.1614113572575166,0.5044104178119293,0.375,0.5373134328358209,0.44171779141104295,0.8495867768595041,96,605,67,20474637,0.6276194899005143,0.06227986568517045,0.42956989903013654
ANY,record,core,elastic,29,0.7851133900030239,0.3786629170355961,0.40477839335180055,0.33003952569169975,0.9370974824355968,0.9151954828103777,0.36360808709175746,0.6335685040636482,0.29236426586855396,0.8674441205053451,0.15730014453001512,0.48270238939039684,0.4107142857142857,0.34328358208955223,0.37398373983739835,0.8727272727272727,56,605,67,20482556,0.7109418983896733,0.05515323223951839,0.48146796403907643
ANY,record,core,elastic,29,0.7855528134478378,0.49924699414144086,0.4499806376661937,0.4920948616600793,0.9220396662763461,0.9333617320763798,0.4700964196615201,0.7070672639682125,0.39844110145838524,0.8727081308713962,0.15602557079986495,0.4858131090836923,0.4305555555555556,0.4626865671641791,0.4460431654676259,0.8727272727272727,72,605,67,20490475,0.7088546730922137,0.05516355805442292,0.4083311034142142
ANY,record,core,elastic,29,0.7690368052148615,0.45082860105995565,0.39803300926972696,0.4970355731225299,0.9025724531615921,0.9326388626309219,0.44205900816070354,0.6998040131420609,0.3635094690347064,0.8560414642047297,0.16320151251883777,0.5076577304795843,0.3953488372093023,0.5074626865671642,0.4444444444444444,0.859504132231405,86,605,67,20498394,0.6649067005640225,0.05837094763431636,0.4701176465504438
ANY,record,core,elastic,29,0.8267286391367603,0.5384897814993741,0.5042327227951362,0.46245059288537566,0.9410677693208427,0.9310681896348854,0.482438701126574,0.7017591811031091,0.41910847193851186,0.8861516034985425,0.1514792496075472,0.46953184079337695,0.4915254237288136,0.43283582089552236,0.4603174603174603,0.8876033057851239,59,605,67,20506313,0.7271895781575342,0.033682484952558406,0.4375303073060563
ANY,record,core,elastic,29,0.7953952091876405,0.4456530333162258,0.4327037379474313,0.4624505928853757,0.9214175936768145,0.9297014897819782,0.447082906857728,0.691934093281095,0.372982355573486,0.8687560738581148,0.1638000326870062,0.5019435997772637,0.4383561643835616,0.47761194029850745,0.45714285714285713,0.8743801652892562,73,605,67,20514232,0.703266306383711,0.07618362918201176,0.4616086705593689
ANY,record,core,elastic,29,0.7563526506569875,0.40232509951356343,0.3774509803921571,0.3913043478260871,0.9163495316159247,0.9207294654018674,0.38425284169670104,0.6538269397210058,0.30288012632439315,0.8561062520246194,0.1592587275090951,0.54089871595816,0.35294117647058826,0.3582089552238806,0.35555555555555557,0.856198347107438,68,605,67,20522151,0.7050716029949563,0.044967996558631866,0.46089258273035466
ANY,record,core,elastic,29,0.7961639832644488,0.47940062168403064,0.2910443211607642,0.6739130434782613,0.7872328747072594,0.9490482387453953,0.4065227572699801,0.7305729590927602,0.3327426993751145,0.7742306446388081,0.159480299339857,0.493856578630382,0.2802547770700637,0.6567164179104478,0.39285714285714285,0.775206611570248,157,605,67,20530070,0.5450869243446441,0.11148294160901102,0.40949067980455794
ANY,record,core,elastic,29,0.8025113427125858,0.4864550547672985,0.5020040080160322,0.4950592885375496,0.9363473360655733,0.9346714395295317,0.4985074626865674,0.7157033123015614,0.4340330412223119,0.8857142857142858,0.15786316043959678,0.48941019438167255,0.49206349206349204,0.4626865671641791,0.47692307692307695,0.8876033057851239,63,605,67,20537989,0.7148012295155141,0.021537331301716655,0.45181023575061774
ANY,record,core,elastic,29,0.8090942694303795,0.4781876629566297,0.40333013895543884,0.47529644268774723,0.9088663641686178,0.9303828288882227,0.4363659927423538,0.6920814034281824,0.35805042998324815,0.8591188856494979,0.1539729359525563,0.4787243680093708,0.379746835443038,0.44776119402985076,0.410958904109589,0.8578512396694215,79,605,67,20545908,0.6731828239668404,0.0920269322947629,0.4561315692144305
ANY,record,core,elastic,29,0.778630797381076,0.4696984031867764,0.4869674635987777,0.3824110671936761,0.9477824941451988,0.9221211527849471,0.42840199256740746,0.6650967806694373,0.3675301717504761,0.8829122125040492,0.1594528578181385,0.5058776364107299,0.45098039215686275,0.34328358208955223,0.3898305084745763,0.8809917355371901,51,605,67,20553827,0.7539078417699457,0.03836365608971029,0.4782685088350335
ANY,record,core,elastic,29,0.7854234018090486,0.43038333823213876,0.45814479638009076,0.40019762845849827,0.9386526639344258,0.9235131048387093,0.427215189873418,0.669425146196462,0.3596177017640549,0.8768707482993199,0.15507106296632056,0.4838307047459049,0.45901639344262296,0.417910447761194,0.4375,0.8809917355371901,61,605,67,20561746,0.6990811941531184,0.12138431809153327,0.44645157109003
ANY,record,core,elastic,29,0.8109912883319759,0.5006017693459685,0.38387096774193613,0.5711462450592889,0.8811841334894607,0.9406640624999997,0.45914661824784436,0.7261651892743746,0.383141035496936,0.845610625202462,0.1567603621134747,0.48520340923964306,0.36,0.5373134328358209,0.4311377245508982,0.8429752066115702,100,605,67,20569665,0.6405027974849206,0.07442481372224906,0.43711010632370145
ANY,record,core,elastic,29,0.784687495902025,0.4482767869830825,0.3934461805555561,0.5118577075098817,0.8977239461358307,0.934163430051024,0.4449079754601231,0.704790826822856,0.3663098225033982,0.8534499514091353,0.16019222460417104,0.4956272276523913,0.40229885057471265,0.5223880597014925,0.45454545454545453,0.8611570247933884,87,605,67,20577584,0.6565229539044821,0.036867872848385184,0.44440441345070725
ANY,record,core,elastic,29,0.785384627734169,0.41871883580578134,0.41556316024401146,0.39426877470355753,0.9281323185011706,0.9220087606099706,0.40463600144875067,0.6612005466023639,0.32989931239477205,0.8668772270813087,0.156723574137032,0.4821810536993027,0.39705882352941174,0.40298507462686567,0.4,0.8661157024793389,68,605,67,20585503,0.7069363600953508,0.05708035515766764,0.458808390004645
ANY,record,core,elastic,29,0.770508213257846,0.4749826164890454,0.44608695652173974,0.5069169960474311,0.9184170081967208,0.9349413298565837,0.47456059204440376,0.7126670021220758,0.40257208891772317,0.871201814058957,0.15495787400644648,0.4880253844725954,0.42105263157894735,0.47761194029850745,0.44755244755244755,0.8694214876033057,76,605,67,20593422,0.6652109671527415,0.029504219365242064,0.4622335617889632
ANY,record,core,elastic,29,0.8122382900606462,0.472244184199208,0.4010840108401088,0.43873517786561284,0.9150870901639339,0.9263580967198233,0.4190655969797078,0.6769111340147733,0.34037671651455464,0.8604308390022678,0.15108632621187057,0.4714456929506594,0.375,0.40298507462686567,0.38848920863309355,0.859504132231405,72,605,67,20601341,0.6736572739058544,0.11964793024681465,0.4073621263294442
ANY,record,core,elastic,29,0.8092456594731298,0.49577904375794646,0.45641505024538503,0.5513833992094864,0.9148858313817326,0.940242939340378,0.4994246260069049,0.7331346152956093,0.4300574561753498,0.8731778425655978,0.1496215494824682,0.4634191301263672,0.4430379746835443,0.5223880597014925,0.4794520547945205,0.8743801652892562,79,605,67,20609260,0.6318922054589281,0.06851734865038477,0.42461267083296184
ANY,record,core,elastic,29,0.7978176969554266,0.4761131293815616,0.4649747507445297,0.5069169960474311,0.9243998829039808,0.9353351722605842,0.4850408590531509,0.7156584394757057,0.4155242791989958,0.8764982183349532,0.15507676840947593,0.47789831118002324,0.4383561643835616,0.47761194029850745,0.45714285714285713,0.8743801652892562,73,605,67,20617179,0.698333414022966,0.06570174960095801,0.4574617809159611
ANY,record,core,elastic,29,0.7308577743791906,0.3705105045679054,0.3131695022054196,0.42094861660079075,0.8803425058548003,0.9214447125512272,0.35914729615801566,0.6506455612277955,0.26587060783032657,0.8276320051830257,0.17061377971801156,0.5188382725384089,0.3118279569892473,0.43283582089552236,0.3625,0.8314049586776859,93,605,67,20625098,0.6862598607414178,0.13057618071137514,0.42882502493625585
ANY,record,core,elastic,29,0.8024314442536556,0.4923984256721686,0.4046772684752112,0.6106719367588936,0.8835626463700228,0.9459745347698332,0.48677844041858964,0.7471172915644579,0.41629826783235246,0.8522513767411728,0.1503598572019245,0.4956041633664882,0.38613861386138615,0.582089552238806,0.4642857142857143,0.8512396694214877,101,605,67,20633017,0.5963325508375424,0.03601264653578485,0.41341768591386086
ANY,record,core,elastic,29,0.801974471833702,0.5037779528405896,0.4431145113524191,0.5069169960474311,0.9174290105386412,0.9348758296666414,0.47287332104292906,0.712173003293036,0.4004980546014495,0.8703271784904439,0.1512886459011134,0.472940639860966,0.42105263157894735,0.47761194029850745,0.44755244755244755,0.8694214876033057,76,605,67,20640936,0.6794016078658823,0.0840565735693756,0.4381622176694193
ANY,record,core,elastic,29,0.812154878190828,0.49506359606637607,0.4085056986070078,0.5464426877470359,0.8974495023419198,0.9385236491657735,0.4675120772946865,0.7219460950444776,0.3924839069414196,0.8571752510528021,0.15135779188062495,0.47297682385770284,0.3888888888888889,0.5223880597014925,0.445859872611465,0.856198347107438,90,605,67,20648855,0.6386946219462581,0.07461820397562985,0.452888630692262
ANY,record,core,elastic,29,0.8057019778080676,0.48161411915983166,0.46164199192463046,0.5326086956521742,0.9194964871194374,0.9381895570033785,0.49459264599855846,0.7260525913858057,0.4251657506266859,0.875105280207321,0.15513047879792105,0.4850230919300614,0.42857142857142855,0.4925373134328358,0.4583333333333333,0.8710743801652893,77,605,67,20656774,0.6815925174518075,0.04878279728077176,0.4819176161575387
ANY,record,core,elastic,29,0.7876556049305292,0.4480145108328575,0.3534468369220505,0.5978260869565222,0.858258928571428,0.9427428755175044,0.44424630231826356,0.7280425077639749,0.36754277247310013,0.828377065111759,0.15741005160612495,0.4830923664546899,0.3333333333333333,0.5671641791044776,0.4198895027624309,0.8264462809917356,114,605,67,20664693,0.5870154300125757,0.07438655173340758,0.4547464921490634
ANY,record,core,elastic,29,0.7639155176909098,0.41583200031961554,0.43247240869268466,0.5365612648221347,0.908738290398126,0.9379992823553848,0.47892647892647944,0.7226497776101302,0.4061660734790668,0.8660349854227406,0.15508378876415116,0.507822350347991,0.4146341463414634,0.5074626865671642,0.4563758389261745,0.8661157024793389,82,605,67,20672612,0.6495330750754115,0.02534183987125112,0.44112510861535725
ANY,record,core,elastic,29,0.8075547867915227,0.46405257815475087,0.403141361256545,0.5000000000000002,0.9040544496487114,0.9331117573743244,0.4463768115942032,0.7020272248243558,0.36859811284250843,0.857693553611921,0.1563913339783827,0.48523676978268093,0.38271604938271603,0.4626865671641791,0.4189189189189189,0.8578512396694215,81,605,67,20680531,0.6707541220689549,0.07925814086280107,0.47469418808319197
ANY,record,core,elastic,29,0.785334276880016,0.4664813761848333,0.3511164888351121,0.45059288537549436,0.8920704039812641,0.9260764686888636,0.39468315301391077,0.6713316446783791,0.30819450126777626,0.8414156138645935,0.15185781773733503,0.47677973600125856,0.3522727272727273,0.4626865671641791,0.4,0.8462809917355372,88,605,67,20688450,0.6325713578155991,0.06332243715781109,0.4468962164700819
ANY,record,core,elastic,29,0.8058313653411213,0.4978204324681922,0.40826767625089605,0.563241106719368,0.8941927693208426,0.9404622164065654,0.4733938423206982,0.7287169380201051,0.399400634062326,0.8562196307094267,0.1575271596622329,0.4846007634223798,0.391304347826087,0.5373134328358209,0.4528301886792453,0.856198347107438,92,605,67,20696369,0.6630312778886985,0.07519987365757383,0.4452029542025472
ANY,record,core,elastic,29,0.8110115974137826,0.47208206849303325,0.4432047318187932,0.46541501976284616,0.9242169203747068,0.9302591112502527,0.4540384218136752,0.6948159700687764,0.3814622415734202,0.8715743440233239,0.15419235707081527,0.4818387205173825,0.4383561643835616,0.47761194029850745,0.45714285714285713,0.8743801652892562,73,605,67,20704288,0.6946549333282617,0.06530069375758617,0.4150576873478202
ANY,record,core,elastic,29,0.8058542477101482,0.49177752238666544,0.36409169716817635,0.5335968379446644,0.8792081381733015,0.9356672767631135,0.4328409481277918,0.7064024880589828,0.3517698055189669,0.8395529640427601,0.15626764627123824,0.48183533445371696,0.37373737373737376,0.5522388059701493,0.4457831325301205,0.8479338842975207,99,605,67,20712207,0.6462901528554038,0.0861042946169115,0.4347398115714905
ANY,record,core,elastic,29,0.7464028337352242,0.4300092553438426,0.376962799030457,0.5049407114624509,0.8918325526932078,0.93288166733651,0.43166596271043317,0.6983866320778293,0.35062515640066294,0.8474408811143507,0.16755209368394458,0.555591568226851,0.38461538461538464,0.5223880597014925,0.4430379746835443,0.8545454545454545,91,605,67,20720126,0.6721395021707778,0.10339790988556742,0.4711382537098775
ANY,record,core,elastic,29,0.7653681714720002,0.35420454814922436,0.3737556561085973,0.3498023715415021,0.9240339578454329,0.916421702050444,0.36138252880268346,0.6369181646934674,0.2818884577797914,0.8581470683511502,0.17562720414147118,0.5326258531848905,0.38095238095238093,0.3582089552238806,0.36923076923076925,0.8644628099173554,63,605,67,20728045,0.7234464623137795,0.05209897313906307,0.4750681339182419
ANY,record,core,elastic,29,0.7999000769069371,0.4701271077996451,0.41469850903813205,0.4436758893280635,0.9188378220140511,0.9272354646332227,0.42869808361181233,0.6812568556710572,0.35207350628747885,0.8643181081956592,0.1591991164039896,0.49186474332096786,0.410958904109589,0.44776119402985076,0.42857142857142855,0.8677685950413223,73,605,67,20735964,0.711364380552276,0.02301640996028945,0.4680562103390458
ANY,record,core,elastic,29,0.7851739616888517,0.4188664962637275,0.4381915902624091,0.39130434782608714,0.9349751170960183,0.9221857292380983,0.4134228187919465,0.6631397324610526,0.3429048249539344,0.8725947521865891,0.15062060313067815,0.4683934210635242,0.43548387096774194,0.40298507462686567,0.4186046511627907,0.8760330578512396,62,605,67,20743883,0.7064240063153432,0.06194635497105975,0.47949934138770084
ANY,record,core,elastic,29,0.7839930880179453,0.41561161481581643,0.40117560617193293,0.4624505928853757,0.9105313231850112,0.9289207451375664,0.4296393442622955,0.6864909580351933,0.35088455309298006,0.8591188856494979,0.1572546412308052,0.48546616244743757,0.4,0.47761194029850745,0.43537414965986393,0.8628099173553719,80,605,67,20751802,0.6537906626400642,0.04133143807330112,0.46194004148621204
ANY,record,core,elastic,29,0.8107869862007202,0.49959554854688304,0.415494458653027,0.5503952569169963,0.8996450526932078,0.93916647566659,0.4735244109788685,0.725020154805102,0.3995143510411662,0.8595724003887271,0.15345032663331967,0.4743218771554497,0.3977272727272727,0.5223880597014925,0.45161290322580644,0.859504132231405,88,605,67,20759721,0.6379172205461832,0.09528087294238574,0.4557126230211179
ANY,record,core,elastic,29,0.7315924991051951,0.3462134161111381,0.3044428259286239,0.4130434782608698,0.8776895491803272,0.9202363367799109,0.3505241090146754,0.6453665137205984,0.25558101098713454,0.8243764172335601,0.1690210818386445,0.523520348728982,0.31868131868131866,0.43283582089552236,0.3670886075949367,0.8347107438016529,91,605,67,20767640,0.6531229411576874,0.09313057555628677,0.4560818909686463
ANY,record,core,elastic,29,0.8092900803164524,0.4954400308791329,0.3854971343134815,0.4367588932806326,0.9097628805620603,0.9257176899877122,0.4095301125082729,0.6732608869213463,0.3283941427050603,0.8554907677356658,0.15928853278468086,0.4916198533027515,0.3684210526315789,0.417910447761194,0.3916083916083916,0.856198347107438,76,605,67,20775559,0.6834626448055161,0.11015947983532844,0.45578798783373137
ANY,record,core,elastic,29,0.7993125176936096,0.4677686068934429,0.4087711069418391,0.4920948616600793,0.9077502927400463,0.9323836728557464,0.44657955418908574,0.6999225772000626,0.3693360063715779,0.860058309037901,0.15599991328447269,0.47925871120283453,0.4146341463414634,0.5074626865671642,0.4563758389261745,0.8661157024793389,82,605,67,20783478,0.6849370247531907,0.051844168321635783,0.4500663162663078
ANY,record,core,elastic,29,0.7602161913208555,0.40378147506737805,0.3887819631564479,0.39920948616600815,0.9186548594847771,0.9218595086843165,0.3939267307424435,0.6589321728253925,0.3142321565000338,0.8590540978296082,0.1713500001890215,0.5213917598554899,0.375,0.40298507462686567,0.38848920863309355,0.859504132231405,72,605,67,20791397,0.7146113694019971,0.08626212327082747,0.4623806478918372
ANY,record,core,elastic,29,0.7982841248499659,0.43868939349288616,0.41915535444947216,0.3922924901185773,0.9295411299765804,0.9218835057158405,0.405279276651597,0.6609168100475789,0.3312971037605498,0.8678976352445742,0.15770605747918637,0.48794702873461926,0.43548387096774194,0.40298507462686567,0.4186046511627907,0.8760330578512396,62,605,67,20799316,0.7232771813075225,0.07861836150897993,0.46576317328452194
ANY,record,core,elastic,29,0.803894879324762,0.5138195034536096,0.47324198552223423,0.5167984189723323,0.9254427693208426,0.9366158062365746,0.494062078272605,0.7211205941465872,0.42574170204318906,0.8785552316164563,0.1470367428813561,0.46021313167361966,0.44594594594594594,0.4925373134328358,0.46808510638297873,0.8760330578512396,74,605,67,20807235,0.6652864304273717,0.05550753331186344,0.4481849047708095
ANY,record,core,elastic,29,0.765676297004255,0.4124856839663858,0.3817455790074163,0.47233201581027695,0.9008526053864164,0.9294384143463894,0.42223484131490985,0.6865923105983466,0.3407771715978257,0.8516844833171365,0.1588797679951442,0.496195201664084,0.38823529411764707,0.4925373134328358,0.4342105263157895,0.8578512396694215,85,605,67,20815154,0.6563144632698047,0.06663593606621909,0.43242149890939846
ANY,record,core,elastic,29,0.7647791237295314,0.4966466141310836,0.3624405261684865,0.5484189723320162,0.8749634074941446,0.9373003273162027,0.43644329607369603,0.7116911899130802,0.3562372746912822,0.837495950761257,0.15973820369216013,0.5186875210029772,0.3465346534653465,0.5223880597014925,0.4166666666666667,0.8380165289256198,101,605,67,20823073,0.6194495437586998,0.04179544323509836,0.4358380714254343
ANY,record,core,elastic,29,0.8108739175078605,0.4638816497910321,0.457725947521866,0.46541501976284605,0.9285348360655733,0.9305609036067253,0.4615384615384617,0.6969749279142096,0.3911081040098486,0.8753968253968254,0.15430366677177482,0.4787377553855305,0.4393939393939394,0.43283582089552236,0.43609022556390975,0.8760330578512396,66,605,67,20830992,0.7291804642749575,0.051018692566991396,0.4760008730215995
ANY,record,core,elastic,29,0.8145986754284266,0.4862947785746585,0.3856929398580508,0.5830039525691704,0.8796472482435591,0.9421147515284524,0.4642535971223028,0.7313256004063646,0.38943628754343607,0.845610625202462,0.14991073648528558,0.4688840508372,0.37,0.5522388059701493,0.4431137724550898,0.8462809917355372,100,605,67,20838911,0.5989895928805438,0.03872521286436318,0.44021210852532866
ANY,record,core,elastic,29,0.7849528096487738,0.5079041467092487,0.37276505267227267,0.5444664031620555,0.8812573185011704,0.9372093475765179,0.44254489128564095,0.7128618608316128,0.3632677460142052,0.8426141885325559,0.15084471658830179,0.4679404707899029,0.35051546391752575,0.5074626865671642,0.4146341463414634,0.8413223140495868,97,605,67,20846830,0.6167464303130181,0.06918354429706368,0.4378550043394213
ANY,record,core,elastic,29,0.8097953365237757,0.4018084699952118,0.3398244651673074,0.5247035573122533,0.8678827576112407,0.933723081768434,0.41249583841970994,0.6962931574617468,0.32770569633111885,0.8285066407515388,0.15290593300141164,0.4792038735108138,0.33962264150943394,0.5373134328358209,0.4161849710982659,0.8330578512396695,106,605,67,20854749,0.622484062440262,0.09378416696626866,0.4128833507686281
ANY,record,core,elastic,29,0.7830501319258671,0.4613581285950425,0.4077451190731609,0.5365612648221347,0.8989863875878215,0.9373688427639356,0.46336706083140367,0.717773826204978,0.3877029480053599,0.8574020084224167,0.16012055773409695,0.5218184995952004,0.38636363636363635,0.5074626865671642,0.43870967741935485,0.856198347107438,88,605,67,20862668,0.6776901959592532,0.06185029413530942,0.4865603820305466
ANY,record,core,elastic,29,0.7817340491868847,0.42315623018284004,0.3612440191387565,0.447628458498024,0.8974129098360651,0.9261168384879721,0.3998234774933809,0.6725206841670445,0.31488312676481006,0.8458049886621316,0.16036012057442975,0.496415997038316,0.36470588235294116,0.4626865671641791,0.40789473684210525,0.8512396694214877,85,605,67,20870587,0.6704884478375374,0.03151639450888761,0.4857173333149079
ANY,record,core,elastic,29,0.7881555036382305,0.4471890796715004,0.3683834778174407,0.5098814229249015,0.8866913056206083,0.9331472032348124,0.4277340280656054,0.6982863642727548,0.34580174222389015,0.8434564301911242,0.16112902711566743,0.4927360870590361,0.34782608695652173,0.47761194029850745,0.4025157232704403,0.8429752066115702,92,605,67,20878506,0.6265252808399163,0.10554348013797865,0.4767315114373772
ANY,record,core,elastic,29,0.7910809394892052,0.42978050448632554,0.4160868026889967,0.49802371541502,0.9094152517564399,0.9332344492217567,0.45338302383859186,0.7037194835857298,0.37726262747528944,0.8622125040492389,0.15467868359520617,0.484063296965159,0.3875,0.4626865671641791,0.4217687074829932,0.859504132231405,80,605,67,20886425,0.6726210376461925,0.05024494927327833,0.41381439903111306
ANY,record,core,elastic,29,0.7929655559901017,0.4889157608495466,0.4964992389649926,0.46047430830039554,0.939475995316159,0.930723219140837,0.47780870074703413,0.6999751518082771,0.4133615267913028,0.8845157110463235,0.15235177384480006,0.4754397929599174,0.5,0.47761194029850745,0.48854961832061067,0.8892561983471075,64,605,67,20894344,0.6861873107166518,0.06632569676708674,0.41019744047349893
ANY,record,core,elastic,29,0.8004507242134202,0.48004721579883153,0.4446520317608595,0.40316205533596866,0.9347372658079621,0.9235678001337739,0.42289183386392254,0.6689496605719654,0.35273393830042593,0.8737447359896341,0.15419858925732471,0.4778166452381131,0.45161290322580644,0.417910447761194,0.43410852713178294,0.8793388429752066,62,605,67,20902263,0.6962400109016259,0.10782906459470008,0.42939003217862143
ANY,record,core,elastic,29,0.8002909875598979,0.45399306274106616,0.37797588896768386,0.5266798418972335,0.8876610070257605,0.9353563785690872,0.4401061633736367,0.7071704244614968,0.3603142485749791,0.8462423064463882,0.16244628364292973,0.4990884151071199,0.375,0.5373134328358209,0.44171779141104295,0.8495867768595041,96,605,67,20910182,0.6584487105548472,0.04433072049878272,0.43089310784105217
ANY,record,core,elastic,29,0.7661541028057535,0.44723325024642696,0.4372764435360249,0.4832015810276682,0.9194050058548006,0.9320930405104612,0.45909334763948534,0.7013032934412343,0.3856301171725239,0.8693553611920961,0.15798976698043662,0.5506599121870868,0.410958904109589,0.44776119402985076,0.42857142857142855,0.8677685950413223,73,605,67,20918101,0.6942719197822199,0.07783449200087769,0.49465695161971546
ANY,record,core,elastic,29,0.8166465178879982,0.5110763770724785,0.42400710006656367,0.539525691699605,0.9050058548009362,0.9381329894169855,0.4748415952292214,0.7222657732502704,0.4012264871964041,0.8630709426627795,0.1452149656357733,0.4570165236835774,0.40476190476190477,0.5074626865671642,0.4503311258278146,0.8628099173553719,84,605,67,20926020,0.6764935045453738,0.08667180576261412,0.44948066999063224
ANY,record,core,elastic,29,0.8066341586365642,0.5003333305070238,0.3535439795046972,0.40909090909090934,0.9030481557377044,0.9218198457314677,0.3792945487860745,0.6560695324143067,0.29317538589868963,0.8463718820861679,0.1523683613390841,0.4697530711387971,0.358974358974359,0.417910447761194,0.38620689655172413,0.8528925619834711,78,605,67,20933939,0.6813156555453361,0.07997657720012835,0.4379498583327684
ANY,record,core,elastic,29,0.7694741435135902,0.38965549237483466,0.3572129538763499,0.4624505928853757,0.8921435889929736,0.9275618710646956,0.4030759766225781,0.6772970909391746,0.3177727113355076,0.8428409459021705,0.16312009805358,0.4990104851533462,0.36363636363636365,0.47761194029850745,0.4129032258064516,0.8495867768595041,88,605,67,20941858,0.6411660695522164,0.051609125471557916,0.4480909922141442
ANY,record,core,elastic,29,0.747506526868831,0.4179934870594489,0.2761245674740491,0.5069169960474311,0.8277590749414513,0.9283266646147529,0.35750908457364794,0.6673380354944412,0.26158160306932177,0.7909459021703921,0.1596218026437637,0.5504222611444439,0.2755905511811024,0.5223880597014925,0.36082474226804123,0.7950413223140496,127,605,67,20949777,0.5382546144683279,0.10452963211026102,0.41804395729088234
ANY,record,core,elastic,29,0.8222272486697493,0.47037577199190905,0.34616565987509007,0.4772727272727275,0.8831601288056199,0.9287514671079211,0.40128182303720894,0.6802164280391736,0.3147843154659082,0.8365889212827989,0.15146269661875522,0.47447090546892606,0.35106382978723405,0.4925373134328358,0.40993788819875776,0.8429752066115702,94,605,67,20957696,0.6522310166449676,0.0927110873523123,0.4255444941419329
ANY,record,core,elastic,29,0.7647932858488922,0.40364933177567713,0.3351405991545677,0.514822134387352,0.867626610070257,0.9324196783200279,0.4059890905042863,0.6912243722288044,0.319887624310301,0.8271460965338516,0.16215656366979667,0.5606216420200993,0.3137254901960784,0.47761194029850745,0.378698224852071,0.8264462809917356,102,605,67,20965615,0.6203192750178594,0.03914834703224874,0.4217765653466417
ANY,record,core,elastic,29,0.7882958954393493,0.436621326649661,0.3914839529710842,0.5217391304347829,0.8948880269320838,0.9352186466280422,0.44732223903177054,0.7083135786834331,0.36893519129428337,0.8520732102364755,0.15881120247086605,0.4888379977213852,0.3707865168539326,0.4925373134328358,0.4230769230769231,0.8512396694214877,89,605,67,20973534,0.6423451270560065,0.08637298147084059,0.4541882007312627
ANY,record,core,elastic,29,0.8172513066754759,0.4666449410160749,0.3596681436787033,0.538537549407115,0.8757318501170954,0.9360686836289673,0.43129274772483234,0.7071346997621051,0.3500210248912826,0.837042436022028,0.15928259767380248,0.4944334081058314,0.34,0.5074626865671642,0.40718562874251496,0.8363636363636363,100,605,67,20981453,0.6344074804066291,0.08097324895765333,0.4262562330943399
ANY,record,core,elastic,29,0.8225146794284357,0.5084582323631675,0.4266325224071706,0.4703557312252966,0.9180693793911002,0.9304283330242904,0.44742849469585094,0.6942125553081984,0.37241294589172225,0.8666990605766118,0.15289022401760186,0.47337571928963895,0.4027777777777778,0.43283582089552236,0.4172661870503597,0.8661157024793389,72,605,67,20989372,0.6998007525757352,0.06496555457767303,0.4625392691088826
ANY,record,core,elastic,29,0.7863795256589157,0.4188740835191412,0.3581502131846511,0.4624505928853757,0.8925826990632313,0.9275949270815504,0.40367198570636476,0.6775166459743034,0.3185106557197509,0.8432296728215097,0.15989103753286774,0.49234014598498804,0.367816091954023,0.47761194029850745,0.4155844155844156,0.8512396694214877,87,605,67,20997291,0.6337084074179992,0.06827185130915939,0.38873402873464524
ANY,record,core,elastic,29,0.7762510370287234,0.4014283653405789,0.3052277877627575,0.5513833992094864,0.8373280152224818,0.9350673232127165,0.39293798098687244,0.6943557072159839,0.30562305617927954,0.8045189504373178,0.1684246107748341,0.5189343396281012,0.30701754385964913,0.5223880597014925,0.3867403314917127,0.8165289256198347,114,605,67,21005210,0.5933255381737612,0.06042291098507149,0.4660434065486957
ANY,record,core,elastic,29,0.8068750593001084,0.5086803517439631,0.32724439442472586,0.5335968379446644,0.8578198185011703,0.9341688417780785,0.40568822108934866,0.6957083282229172,0.319877312207644,0.8206187236799483,0.15329844330025644,0.472785116830039,0.3090909090909091,0.5074626865671642,0.384180790960452,0.8198347107438017,110,605,67,21013129,0.6106359292382061,0.09919088968897388,0.4545536122977722
ANY,record,core,elastic,29,0.802630605836905,0.4673896670438212,0.44424131627056707,0.4802371541501978,0.9221311475409831,0.9319181982914828,0.4615384615384618,0.7011841508455904,0.3890432688523351,0.8714285714285716,0.15359726415432426,0.47940471994920963,0.4225352112676056,0.44776119402985076,0.43478260869565216,0.8710743801652893,71,605,67,21021048,0.679921888555237,0.04753078710278151,0.424357124367565
ANY,record,core,elastic,29,0.787071396414378,0.43164582845662997,0.3232052427762888,0.4594861660079054,0.8752927400468378,0.9258936693181594,0.37948120081608905,0.6673894530273714,0.2887785679208308,0.8275834143181083,0.16047624935770338,0.48988971988255514,0.32653061224489793,0.47761194029850745,0.3878787878787879,0.8330578512396695,98,605,67,21028967,0.6517014438177978,0.10715129213779492,0.46574863638545916
ANY,record,core,elastic,29,0.8094490214807171,0.47840539659279974,0.613047363717605,0.29051383399209496,0.9762331674473066,0.9139132966788271,0.39421511349487603,0.6333735007197008,0.37492022623122595,0.8975542597991578,0.15320761754705703,0.47660710497630304,0.6060606060606061,0.29850746268656714,0.4,0.9008264462809917,33,605,67,21036886,0.7951923016765452,0.048519783114285425,0.43324966994649244
ANY,record,core,elastic,29,0.7942956260818653,0.4582018204326474,0.40886063375384984,0.58102766798419,0.8911189988290393,0.9425618795115434,0.47997201329368605,0.7360733334066145,0.40733643132106817,0.8555393586005834,0.15734771272709114,0.49104418003578554,0.39361702127659576,0.5522388059701493,0.45962732919254656,0.856198347107438,94,605,67,21044805,0.6586494919541388,0.06692000052524544,0.4342303183964557
T13,record,core,extra_trees,29,0.8305736674967448,0.22734986000378582,0.23106123122627492,0.5405405405405403,0.9212341504649192,0.9786282573948025,0.32373684819054216,0.7308873455027298,0.3111740651389364,0.9052640103660513,0.039221170792244735,0.15154728801179962,0.19642857142857142,0.4782608695652174,0.27848101265822783,0.9057851239669421,56,605,23,20260824,0.2429519793453536,0.061642367972221994,0.30437337152554744
T13,record,core,extra_trees,29,0.8184178794178797,0.17290811871919265,0.16110304789550067,0.2999999999999999,0.9315976331360943,0.9681465994342637,0.20963172804532573,0.6157988165680471,0.17301419712049282,0.9051020408163267,0.041226309569321606,0.1789310449819976,0.17391304347826086,0.34782608695652173,0.2318840579710145,0.912396694214876,46,605,23,20268743,0.2587752270242081,0.07521676436922567,0.337392325623652
T13,record,core,extra_trees,29,0.8217575106805879,0.26471418766972316,0.24772991850989515,0.41081081081081067,0.945376162299239,0.9734354600052223,0.3090777051561364,0.6780934865550249,0.2806710293743163,0.9229510851959832,0.03756319599235374,0.14955928329837398,0.1891891891891892,0.30434782608695654,0.23333333333333334,0.9239669421487603,37,605,23,20276662,0.2764365813327647,0.06759156253849605,0.34814121196106795
T13,record,core,extra_trees,29,0.8364837754068526,0.25912111870879767,0.2598919295799197,0.5756756756756755,0.9282163989856294,0.9803760512829669,0.3581121652455865,0.7519460373306525,0.3479498977607029,0.9134272756721737,0.037948708953849594,0.14925868367208894,0.22641509433962265,0.5217391304347826,0.3157894736842105,0.9140495867768595,53,605,23,20284581,0.22740668561766103,0.034254107147598745,0.31840154751928407
T13,record,core,extra_trees,29,0.8243314675622372,0.1811184120561779,0.26100466079751417,0.5837837837837836,0.927624683009298,0.9807317639909199,0.3607300489085052,0.7557042333965409,0.35160496920421275,0.9132005183025593,0.04012601938775241,0.15391149159630985,0.22641509433962265,0.5217391304347826,0.3157894736842105,0.9140495867768595,53,605,23,20292500,0.2512444246220532,0.11500598254320171,0.33100901008629147
T13,record,core,extra_trees,29,0.848968540814695,0.22501594899003366,0.22565239638410367,0.5108108108108107,0.9232459847844459,0.9773251964135511,0.3130249615521116,0.7170283977976284,0.2968228486949556,0.9059442824748949,0.03869867479885617,0.14857683517160786,0.19607843137254902,0.43478260869565216,0.2702702702702703,0.9107438016528926,51,605,23,20300419,0.23263393513026748,0.04240912500532169,0.31592828009362345
T13,record,core,extra_trees,29,0.8275051061204912,0.25462901635034146,0.31901840490797534,0.4216216216216215,0.9605917159763313,0.974312807586124,0.3632130384167636,0.6911066687989764,0.3348359325834446,0.937981859410431,0.038232032405956004,0.15045797450075593,0.25,0.34782608695652173,0.2909090909090909,0.9355371900826446,32,605,23,20308338,0.29416185619969115,0.049951531112681344,0.3675632701763076
T13,record,core,extra_trees,29,0.8234172397249324,0.243985228691008,0.1521564117308799,0.5108108108108107,0.8753677092138625,0.9761146196625506,0.23447053610988047,0.6930892600123366,0.2225657589692391,0.8600745059928735,0.03768907311129685,0.15036318275364324,0.125,0.43478260869565216,0.1941747572815534,0.8628099173553719,80,605,23,20316257,0.19924105845975354,0.07385421907176297,0.34118812764077205
T13,record,core,extra_trees,29,0.833055264901419,0.23633334262834257,0.3788235294117646,0.4351351351351351,0.968757396449704,0.975104228707564,0.4050314465408804,0.7019462657924196,0.37808567577331365,0.9463718820861678,0.038576354961379594,0.15191012647422739,0.2962962962962963,0.34782608695652173,0.32,0.943801652892562,27,605,23,20324176,0.3584698547789083,0.14735588011854953,0.3317365823902811
T13,record,core,extra_trees,29,0.8216886523040372,0.19009213752300622,0.20322252866889245,0.5405405405405403,0.9072020287404898,0.9783048622632221,0.2953898090515877,0.7238712846405151,0.28509216125812137,0.8918205377389052,0.040003660759769424,0.15424814421256894,0.1746031746031746,0.4782608695652174,0.2558139534883721,0.8942148760330578,63,605,23,20332095,0.1840897050911303,0.044686279949693215,0.3281510562522369
T13,record,core,extra_trees,29,0.8177066550912708,0.23979961441936642,0.30765595463137985,0.5027027027027026,0.9504649196956887,0.9776031160881964,0.38170624450307816,0.7265838111991957,0.3595416176822462,0.9316812439261419,0.037738173693739475,0.17344409205384792,0.25,0.43478260869565216,0.31746031746031744,0.9289256198347108,40,605,23,20340014,0.24074800379990008,0.02148761832121297,0.3737571145676432
T13,record,core,extra_trees,29,0.8142761798146421,0.24033840240550144,0.2132464383146408,0.5432432432432431,0.9122400676246825,0.978546298647129,0.30626904658249887,0.7277416554339629,0.2955645290486788,0.896760609005507,0.03842476744443007,0.15244126593647794,0.18333333333333332,0.4782608695652174,0.26506024096385544,0.8991735537190083,60,605,23,20347933,0.2000987773328324,0.05961619802987021,0.32783680707751534
T13,record,core,extra_trees,29,0.8287221524144606,0.2435248287018821,0.2642570281124497,0.38108108108108096,0.9535418427726117,0.9723644513404016,0.31209486166007894,0.6673114619268463,0.28138758199518965,0.9295270489148041,0.039088911246289625,0.15328233104005448,0.20588235294117646,0.30434782608695654,0.24561403508771928,0.9289256198347108,34,605,23,20355852,0.2826781393773827,0.05665243562620786,0.3900317039958939
T13,record,core,extra_trees,29,0.8585132622055702,0.24981474964416442,0.2616033755274261,0.5027027027027026,0.9378698224852067,0.9773091626587741,0.34412580943570753,0.7202862625939547,0.32443535603837503,0.9196145124716555,0.03854224902370957,0.1487718337629021,0.22727272727272727,0.43478260869565216,0.29850746268656714,0.9223140495867769,44,605,23,20363771,0.28896070088863207,0.035493096907005195,0.38555088876905924
T13,record,core,extra_trees,29,0.7948887771964701,0.14134137444079609,0.1953394706559263,0.2621621621621621,0.9527134404057479,0.9672010160648083,0.223870755028025,0.607437801283955,0.18688495130908492,0.9237447359896341,0.043816216382487054,0.1645772854793533,0.13793103448275862,0.17391304347826086,0.15384615384615385,0.9272727272727272,29,605,23,20371690,0.29812804571267915,0.07243325573125096,0.4402997225753285
T13,record,core,extra_trees,29,0.8342070472839708,0.20593599274713123,0.2451361867704279,0.46216216216216205,0.9376838546069312,0.9754999384420562,0.3203532717784021,0.6999230083845467,0.2970193189366279,0.9177356656948494,0.03917995560573081,0.14985359224266526,0.20930232558139536,0.391304347826087,0.2727272727272727,0.9206611570247933,43,605,23,20379609,0.2526897374647116,0.050937504672944174,0.32299347518736915
T13,record,core,extra_trees,29,0.8154824884055658,0.2079675367926647,0.22793364734794175,0.4297297297297296,0.9362637362637358,0.9740225477953461,0.2978723404255318,0.6829967329967328,0.2718724845204895,0.9150145772594754,0.04037853757147588,0.15804540973531364,0.18181818181818182,0.34782608695652173,0.23880597014925373,0.915702479338843,44,605,23,20387528,0.26222890718550584,0.040353990374501235,0.370566307656165
T13,record,core,extra_trees,29,0.8227186493340344,0.18080441653823337,0.22844617632732578,0.3621621621621621,0.9464412510566353,0.971336363951834,0.2801672640382317,0.6543017066093988,0.24830137702330687,0.921930677032718,0.04049810578771652,0.15547031159693986,0.17142857142857143,0.2608695652173913,0.20689655172413793,0.9239669421487603,35,605,23,20395447,0.3043161969983004,0.08387187731167599,0.3796432286133346
T13,record,core,extra_trees,29,0.8300129766283617,0.24813329906269863,0.2799425758818703,0.5270270270270269,0.9406424344885881,0.978457371975239,0.36565764800428596,0.7338347307578075,0.34762877393851854,0.9232912212504052,0.03769455188417946,0.14828814824241904,0.23404255319148937,0.4782608695652174,0.3142857142857143,0.9206611570247933,47,605,23,20403366,0.21651318262938138,0.060390458361380406,0.32508149945898007
T13,record,core,extra_trees,29,0.825575952114414,0.20854986873540315,0.23569023569023562,0.35135135135135126,0.9501098901098899,0.9709739283678016,0.2821268020461943,0.6507306207306206,0.24960215436267072,0.9249919015225139,0.038881067551524165,0.15128984369979415,0.18181818181818182,0.2608695652173913,0.21428571428571427,0.9272727272727272,33,605,23,20411285,0.3159063204851808,0.14963525957209095,0.3416786999656706
T13,record,core,extra_trees,29,0.8461558337712187,0.22129796603126523,0.2412177985948477,0.5567567567567566,0.9233136094674551,0.9794125031383377,0.3366013071895424,0.7400351831121059,0.32545056422321317,0.9079365079365082,0.03818912922246672,0.16777115708253612,0.21153846153846154,0.4782608695652174,0.29333333333333333,0.912396694214876,52,605,23,20419204,0.2161748858517239,0.0417717780427824,0.3657809859081317
T13,record,core,extra_trees,29,0.8079040841348539,0.21298149399720548,0.25112697220135227,0.516216216216216,0.9325950972104815,0.9777899886557004,0.3378822340156683,0.7244056567133488,0.320531623818778,0.9151279559442828,0.04034875433401306,0.15905882574687877,0.2127659574468085,0.43478260869565216,0.2857142857142857,0.9173553719008265,47,605,23,20427123,0.24083604276040957,0.0398431681876104,0.3475077786037166
T13,record,core,extra_trees,29,0.8219968929199701,0.2502128584905517,0.2083827014218009,0.5432432432432431,0.9096365173288244,0.9784862151742196,0.30122029543994855,0.7264398802860339,0.2909108973661312,0.8942662779397474,0.03782141234545577,0.15118999897066074,0.18032786885245902,0.4782608695652174,0.2619047619047619,0.8975206611570248,61,605,23,20435042,0.2095421771407662,0.06643083492015181,0.3374295500674666
T13,record,core,extra_trees,29,0.7994784674784678,0.1848300691598039,0.1539336492890995,0.31351351351351336,0.9245477599323748,0.9685114672806161,0.20648442466624278,0.6190306367229441,0.17073207190746753,0.8989148040168449,0.040637944338896115,0.1817849110502599,0.1568627450980392,0.34782608695652173,0.21621621621621623,0.9041322314049587,51,605,23,20442961,0.26798371294720547,0.05842328382234701,0.3378117430876918
T13,record,core,extra_trees,29,0.8170116743962903,0.2920007140566056,0.21438366600639946,0.5432432432432431,0.9128317836010138,0.9785599072077131,0.30744018354637814,0.7280375134221285,0.29664245369308384,0.8973275024295433,0.03719229188322181,0.15202653926765333,0.1896551724137931,0.4782608695652174,0.2716049382716049,0.9024793388429752,58,605,23,20450880,0.24369306116870645,0.07629878844841959,0.32740117194557766
T13,record,core,extra_trees,29,0.8244043468658857,0.26376509567947687,0.18622327790973872,0.45405405405405397,0.9131191885038035,0.9744880469102388,0.2641212801796743,0.6835866212789288,0.2429174720968431,0.8938613540654359,0.03806791979609233,0.15207921716581083,0.1935483870967742,0.5217391304347826,0.2823529411764706,0.8991735537190083,62,605,23,20458799,0.2615136273689845,0.11355381885210693,0.3023394438763862
T13,record,core,extra_trees,29,0.8539206780745244,0.2053045681995024,0.2522306108442004,0.5675675675675673,0.926322907861369,0.9799685219630847,0.34925160370634345,0.7469452377144682,0.3386457442466635,0.9112730806608359,0.03904832153121043,0.1452385304345877,0.22641509433962265,0.5217391304347826,0.3157894736842105,0.9140495867768595,53,605,23,20466718,0.20228445909402107,0.06318682159222348,0.3453571210985267
T13,record,core,extra_trees,29,0.8492251947636567,0.23691378862387058,0.38955479452054775,0.5270270270270269,0.9638377007607776,0.9789649014355379,0.4479816212668196,0.7454323638939022,0.42531555372444174,0.9455134434726272,0.03781438584369474,0.144795284002109,0.34375,0.4782608695652174,0.4,0.9454545454545454,32,605,23,20474637,0.27010267544495437,0.08507095562481465,0.33838171623560426
T13,record,core,extra_trees,29,0.8250672819903593,0.1985542740068814,0.2279260780287474,0.2999999999999999,0.9555029585798814,0.96891875675027,0.2590431738623103,0.6277514792899407,0.22426421396916227,0.9280045351473925,0.040085531969679906,0.15254874548893643,0.17857142857142858,0.21739130434782608,0.19607843137254902,0.9322314049586777,28,605,23,20482556,0.27525918315372977,0.04926052013848294,0.3985503192924768
T13,record,core,extra_trees,29,0.8447887870964796,0.18907716031329874,0.13602798289933926,0.13513513513513506,0.9624175824175822,0.9621410583602344,0.13558008909548708,0.5487763587763587,0.097860394207343,0.9277129899578882,0.04037777243008627,0.15119990399318367,0.13043478260869565,0.13043478260869565,0.13043478260869565,0.9338842975206612,23,605,23,20490475,0.30957617658155784,0.08984768005553644,0.4093202266300145
T13,record,core,extra_trees,29,0.8648795321103016,0.2695780750966561,0.22357414448669194,0.3405405405405404,0.9482163989856296,0.9704472705251319,0.2699311400153021,0.644378469763085,0.23669607094616382,0.9227243278263687,0.036476149777381096,0.14118491530260732,0.23684210526315788,0.391304347826087,0.29508196721311475,0.9289256198347108,38,605,23,20498394,0.32140951088577024,0.13466533236409067,0.38362646360240094
T13,record,core,extra_trees,29,0.8346844029151725,0.2284067911426855,0.20137239377144378,0.589189189189189,0.897683854606931,0.9803552306044827,0.3001573564122739,0.7434365218980601,0.29745299060817243,0.8847424684159378,0.038160457784929665,0.15015203730930093,0.17391304347826086,0.5217391304347826,0.2608695652173913,0.8876033057851239,69,605,23,20506313,0.21031931950975033,0.07577609475119215,0.3263457848343079
T13,record,core,extra_trees,29,0.8022566082566088,0.21817709351505896,0.23735002608242037,0.5270270270270269,0.9258495350803039,0.9781207022808049,0.3272988850257762,0.7264382810536654,0.312380605505367,0.9091188856494979,0.039257041377816444,0.15594924050229825,0.21568627450980393,0.4782608695652174,0.2972972972972973,0.9140495867768595,51,605,23,20514232,0.26068217838690855,0.11934386854700517,0.3402716299144604
T13,record,core,extra_trees,29,0.8399057366749678,0.2516770754289646,0.2151986183074265,0.24054054054054044,0.9615891800507184,0.9665732007817146,0.22716499544211477,0.6010648602956294,0.19168069022166198,0.9313411078717203,0.037722332132726875,0.17124461359808146,0.20689655172413793,0.2608695652173913,0.23076923076923078,0.9338842975206612,29,605,23,20522151,0.29494521670752805,0.040532763153063305,0.3308757951603947
T13,record,core,extra_trees,29,0.8375190118267044,0.22934662192208483,0.16327396098388466,0.4459459459459459,0.8999323753169902,0.9737496798741446,0.2390314569536424,0.6729391606314681,0.21770049810074038,0.8808875931324912,0.037849860097921996,0.14877215225353257,0.1791044776119403,0.5217391304347826,0.26666666666666666,0.8909090909090909,67,605,23,20530070,0.237535497161095,0.11347973274973766,0.34868584271588726
T13,record,core,extra_trees,29,0.8168983345137194,0.19702773506354695,0.19529206625980816,0.2594594594594594,0.9531868131868131,0.9671006363745517,0.22284861548665225,0.6063231363231363,0.18582842333763427,0.9240848720440559,0.04062806772658232,0.17853745472378119,0.21212121212121213,0.30434782608695654,0.25,0.9305785123966942,33,605,23,20537989,0.28510043622302905,0.05245507889526489,0.3764921933457174
T13,record,core,extra_trees,29,0.8317298820375745,0.22237237450386638,0.3264540337711069,0.4702702702702702,0.9575147928994081,0.9763484976469168,0.38538205980066437,0.7138925315848392,0.3599088773989857,0.9370748299319729,0.03900603299736896,0.15138473547751297,0.2903225806451613,0.391304347826087,0.3333333333333333,0.9404958677685951,31,605,23,20545908,0.33592978220869635,0.10226084722274625,0.34635166912011134
T13,record,core,extra_trees,29,0.8331506248429329,0.18029064279902754,0.07362221287336979,0.06756756756756754,0.962772612003381,0.9593180937621075,0.0704650694584256,0.5151700897854743,0.03161352271485456,0.9252186588921284,0.040030311652649406,0.1514026046463299,0.09090909090909091,0.08695652173913043,0.08888888888888889,0.9322314049586777,22,605,23,20553827,0.33465201963500335,0.07830869067197008,0.37979093423934196
T13,record,core,extra_trees,29,0.8175996207534673,0.18451602927708874,0.20764667106130524,0.6081081081081079,0.8983939137785285,0.9812575016157326,0.3095823095823096,0.7532510109433183,0.3093223971906041,0.8862163913184323,0.040818197956523694,0.17901240056057025,0.19402985074626866,0.5652173913043478,0.28888888888888886,0.8942148760330578,67,605,23,20561746,0.21661727544993944,0.05448803254284915,0.35775792277167673
T13,record,core,extra_trees,29,0.8195861643553956,0.16339703078657145,0.2297493936944219,0.5486486486486485,0.9194590025359252,0.9789577895778957,0.32387464387464376,0.7340538255922868,0.3125658800108436,0.9039034661483641,0.04313999501369627,0.1604186121011552,0.2,0.4782608695652174,0.28205128205128205,0.9074380165289256,55,605,23,20569665,0.23863928120969427,0.07454992514677587,0.34653401257870653
T13,record,core,extra_trees,29,0.8425063626602093,0.20742869128037397,0.27683615819209034,0.5675675675675673,0.9350803043110733,0.9801524012050327,0.3721518987341771,0.7513239359393203,0.35940889315391383,0.9196631033365729,0.0394008779526675,0.14985701234173898,0.23529411764705882,0.5217391304347826,0.32432432432432434,0.9173553719008265,51,605,23,20577584,0.23253696967600734,0.015920783866979104,0.342541286811304
T13,record,core,extra_trees,29,0.8295609117147582,0.24705312148568634,0.20834943950521836,0.20810810810810804,0.9653761622992391,0.9653272023396952,0.20822870388255743,0.5867421352036736,0.17358042947654767,0.9336086815678654,0.038682312131680906,0.17287903431550755,0.21739130434782608,0.21739130434782608,0.21739130434782608,0.9404958677685951,23,605,23,20585503,0.3613047241389832,0.03912942845783119,0.3994173983287665
T13,record,core,extra_trees,29,0.830875785337324,0.196459461156948,0.15424836601307185,0.31891891891891894,0.9234319526627215,0.9687150837988824,0.20792951541850216,0.6211754357908202,0.17262763172392795,0.8980725623582766,0.04022415630704006,0.1522199132784866,0.18,0.391304347826087,0.2465753424657534,0.9090909090909091,50,605,23,20593422,0.2712660502267711,0.11953306668718687,0.3395229903743422
T13,record,core,extra_trees,29,0.8475930182084029,0.24820397354507082,0.25985504684461724,0.5675675675675673,0.9292138630600165,0.9800295989872153,0.35649327028010175,0.748390715313792,0.3452104250191895,0.9140427599611274,0.03898943931162904,0.15055446333651923,0.23076923076923078,0.5217391304347826,0.32,0.915702479338843,52,605,23,20601341,0.23478308009847135,0.03620804785329836,0.28471552278083917
T13,record,core,extra_trees,29,0.8214388979004368,0.24790208225787927,0.31539210910862137,0.4999999999999998,0.9524767540152154,0.9775306242842765,0.3867980884109915,0.7262383770076076,0.36406143380325806,0.9334953028830582,0.03812405837371605,0.1515755246080961,0.2777777777777778,0.43478260869565216,0.3389830508474576,0.9355371900826446,36,605,23,20609260,0.2912392808066658,0.03687206244217327,0.3175412208891099
T13,record,core,extra_trees,29,0.8322606596452753,0.17699146399775534,0.18781725888324866,0.2999999999999999,0.9431952662721891,0.9685259448292622,0.23100936524453686,0.6215976331360945,0.1949921204990388,0.9162131519274378,0.041081034507249564,0.15493583153465296,0.20512820512820512,0.34782608695652173,0.25806451612903225,0.9239669421487603,39,605,23,20617179,0.3168387912566479,0.06764687602375108,0.37007024767398017
T13,record,core,extra_trees,29,0.8418318521395447,0.20361582247447454,0.20006080875646093,0.5081081081081079,0.9110397295012674,0.9769043907037452,0.28708551483420586,0.7095739188046877,0.27235010682182137,0.8941367022999678,0.03976603152271237,0.15014544515465397,0.16129032258064516,0.43478260869565216,0.23529411764705882,0.8925619834710744,62,605,23,20625098,0.2509180926743313,0.0966017410612969,0.36757495084532893
T13,record,core,extra_trees,29,0.8046555938863637,0.2902805804411429,0.30666392431098305,0.5756756756756756,0.9430092983939136,0.980677942262386,0.4001610305958131,0.7593424870347946,0.3860568722516357,0.9275996112730809,0.03800237007976488,0.15592594821372005,0.26666666666666666,0.5217391304347826,0.35294117647058826,0.9272727272727272,45,605,23,20633017,0.2746678090250901,0.07057296312891721,0.33332484797115386
T13,record,core,extra_trees,29,0.8186806789883719,0.2766269415526586,0.2973451327433627,0.6486486486486485,0.932882502113271,0.983776074166518,0.407766990291262,0.7907655753809597,0.4043275144704891,0.9209588597343701,0.0371002846358113,0.1498575227401781,0.27450980392156865,0.6086956521739131,0.3783783783783784,0.9239669421487603,51,605,23,20640936,0.20610153534599462,0.006416550855398927,0.3301955825823941
T13,record,core,extra_trees,29,0.829434054510978,0.20701814740924102,0.2005534755005697,0.4756756756756755,0.9169737954353335,0.9755742216306633,0.2821481735944119,0.6963247355555046,0.26297613413878207,0.898461289277616,0.0400075190297471,0.15400942260622857,0.15789473684210525,0.391304347826087,0.225,0.8975206611570248,57,605,23,20648855,0.24845172682154354,0.07883746219529897,0.35735073971584524
T13,record,core,extra_trees,29,0.830470585547509,0.20963249389135152,0.21504237288135583,0.47027027027027013,0.9248351648351645,0.9755332049361579,0.2951296341167917,0.6975527175527174,0.27440380207653586,0.9057661159701976,0.03874687795319686,0.14893896992078368,0.18,0.391304347826087,0.2465753424657534,0.9090909090909091,50,605,23,20656774,0.23366785241702775,0.03878486383163102,0.36647043423205566
T13,record,core,extra_trees,29,0.8133473761166072,0.19271693591293473,0.04358655043586549,0.04054054054054053,0.961048182586644,0.9581163304174882,0.04200840168033606,0.5007943615635922,0.001644811902489278,0.9224327826368646,0.04032448674424115,0.15679742010765013,0.04,0.043478260869565216,0.041666666666666664,0.9239669421487603,25,605,23,20664693,0.3603983506760787,0.14723403691198683,0.3005281019704481
T13,record,core,extra_trees,29,0.8092509652509656,0.15785397784589678,0.1774834437086092,0.3621621621621621,0.9265088757396445,0.9707377557346558,0.23822222222222214,0.6443355189509032,0.2068505921730402,0.9028344671201816,0.04104119907669788,0.15656215186322456,0.13333333333333333,0.2608695652173913,0.17647058823529413,0.9074380165289256,45,605,23,20672612,0.24657692840384185,0.08001144625317355,0.3547291302433713
T13,record,core,extra_trees,29,0.7998340453725075,0.19206608522892707,0.27397573815518417,0.46216216216216205,0.9463736263736262,0.9757194401352598,0.3440149446759591,0.7042678942678942,0.3193891303041955,0.9260609005506967,0.04080477475936331,0.16110954299735733,0.23684210526315788,0.391304347826087,0.29508196721311475,0.9289256198347108,38,605,23,20680531,0.2796282381425401,0.04078656799768562,0.3911618797037376
T13,record,core,extra_trees,29,0.8193094743094745,0.211947636716673,0.22594226142742574,0.4351351351351349,0.9347252747252743,0.9742211728221031,0.29743995777249926,0.6849302049302047,0.2720891946230097,0.9137674117265956,0.039543107624387626,0.17603784121993407,0.18181818181818182,0.34782608695652173,0.23880597014925373,0.915702479338843,44,605,23,20688450,0.271870426724476,0.08450411660175328,0.376291882604237
T13,record,core,extra_trees,29,0.8423433323433327,0.2447376518061939,0.22748585286984635,0.543243243243243,0.9192223161453926,0.9787057870578704,0.3206837606837606,0.7312327796943179,0.30879852995186363,0.9034499514091352,0.03841527176365011,0.1497998791097323,0.19642857142857142,0.4782608695652174,0.27848101265822783,0.9057851239669421,56,605,23,20696369,0.24542930786810926,0.07278276879708072,0.2991682695772943
T13,record,core,extra_trees,29,0.8435142902835213,0.2807750673856093,0.3133712939328489,0.616216216216216,0.9408791208791205,0.9824527335957771,0.41546270987895345,0.7785476685476683,0.405958355422031,0.9272594752186591,0.036813754992989715,0.14462268532747344,0.2826086956521739,0.5652173913043478,0.37681159420289856,0.9289256198347108,46,605,23,20704288,0.23442579490884652,0.02907863835332129,0.34364885118711996
T13,record,core,extra_trees,29,0.8260092755477376,0.20713945525234626,0.19608595548733684,0.39459459459459445,0.9291631445477595,0.972261534106991,0.26198410663932314,0.661878869571177,0.23346049477663225,0.9067379332685456,0.04006419547367569,0.15354148886630414,0.15217391304347827,0.30434782608695654,0.2028985507246377,0.9090909090909091,46,605,23,20712207,0.2434232032032594,0.05310851570478497,0.3457084515913155
T13,record,core,extra_trees,29,0.8132612841074385,0.2640818204560083,0.2636298421807747,0.5675675675675673,0.9305832628909548,0.9800584003988319,0.3600293901542982,0.7490754152292611,0.34841570058481725,0.9153547133138972,0.03703586605832497,0.17266191410697004,0.23529411764705882,0.5217391304347826,0.32432432432432434,0.9173553719008265,51,605,23,20720126,0.23261842546861808,0.04943023297416886,0.35845747246518356
T13,record,core,extra_trees,29,0.842735372735373,0.22339500734734075,0.3136061946902654,0.4378378378378377,0.9580388841927302,0.9749501066685017,0.36545278762487904,0.697938361015284,0.3379833171965347,0.9362163913184323,0.038510235235263285,0.1499857385720472,0.26666666666666666,0.34782608695652173,0.3018867924528302,0.9388429752066115,30,605,23,20728045,0.28295234725157076,0.01739160141440224,0.35867173134444474
T13,record,core,extra_trees,29,0.8571815128738209,0.28406762433012056,0.296802594995366,0.49459459459459443,0.9486897717666946,0.9772046531067149,0.37098175499565583,0.7216421831806445,0.3485156084787768,0.9296404275996114,0.03656390121463233,0.14409397916183936,0.2564102564102564,0.43478260869565216,0.3225806451612903,0.9305785123966942,39,605,23,20735964,0.28865304374373574,0.0227754598708603,0.3601394963204102
T13,record,core,extra_trees,29,0.7964691690845541,0.15027590601864654,0.10169491525423727,0.1135135135135135,0.9560946745562129,0.9609848935410965,0.10727969348659003,0.5348040940348632,0.06605322035147454,0.920748299319728,0.04245671747746502,0.16313636308587046,0.11538461538461539,0.13043478260869565,0.12244897959183673,0.9289256198347108,26,605,23,20743883,0.29563848022575306,0.04967871305129982,0.37954511735108853
T13,record,core,extra_trees,29,0.8284631376939072,0.24934515662486167,0.2789585547290116,0.6081081081081079,0.9311749788672862,0.9819053731236852,0.3824672170956774,0.7696415434876971,0.3750726653502344,0.9176222870100421,0.0368384722643404,0.14790482539575478,0.25,0.5652173913043478,0.3466666666666667,0.9190082644628099,52,605,23,20751802,0.2291498032203399,0.0469450448613034,0.2877583369527772
T13,record,core,extra_trees,29,0.8519157889927124,0.2737733974814827,0.2768361581920903,0.5675675675675673,0.9350803043110733,0.9801524012050327,0.3721518987341771,0.7513239359393203,0.35940889315391383,0.9196631033365729,0.03713348148429891,0.14533845612159982,0.23076923076923078,0.5217391304347826,0.32,0.915702479338843,52,605,23,20759721,0.23726640297495122,0.037757804328442834,0.3450143306095377
T13,record,core,extra_trees,29,0.8337825500902426,0.18912935979808965,0.26359832635983255,0.535135135135135,0.9345393068469988,0.9786834743812186,0.3532110091743118,0.734837220991067,0.3373330247181245,0.9177842565597669,0.04021627956368627,0.15400389745136528,0.22916666666666666,0.4782608695652174,0.30985915492957744,0.9190082644628099,48,605,23,20767640,0.2525398578763994,0.042940581808371535,0.3904866554223272
T13,record,core,extra_trees,29,0.827877498800576,0.173642442620571,0.17329624478442274,0.24054054054054044,0.9497548605240911,0.9661707799466849,0.2014551333872271,0.5951477005323158,0.1629108142711734,0.9200032393909947,0.04077679486667874,0.15380386800879803,0.18181818181818182,0.2608695652173913,0.21428571428571427,0.9272727272727272,33,605,23,20775559,0.30024319076329475,0.07493350962030185,0.42628863511508147
T13,record,core,extra_trees,29,0.8280160837083919,0.21754234334889083,0.2881168400088514,0.5027027027027026,0.9456128486897716,0.9774907813564949,0.36629624419749607,0.7241577756962372,0.3450739445777518,0.9270327178490446,0.03843046683797944,0.15034179182779148,0.23255813953488372,0.43478260869565216,0.30303030303030304,0.9239669421487603,43,605,23,20783478,0.2363503999359381,0.05429518204216581,0.3165853280307482
T13,record,core,extra_trees,29,0.8163309040232123,0.2034476922390039,0.20102240264621862,0.516216216216216,0.9101606086221466,0.9772549873840511,0.28936262309273886,0.7131884124191814,0.27570518221748636,0.8936345966958212,0.039488285932406976,0.1547870117015357,0.16129032258064516,0.43478260869565216,0.23529411764705882,0.8925619834710744,62,605,23,20791397,0.20418730085079623,0.05671265852697041,0.2807308528823587
T13,record,core,extra_trees,29,0.8331803096418486,0.23322715056550872,0.2661115133960897,0.5675675675675673,0.9314623837700756,0.9800768464494093,0.36233670199654905,0.7495149756688215,0.35050729697624616,0.9161969549724652,0.038477370087772154,0.15050592068190347,0.23529411764705882,0.5217391304347826,0.32432432432432434,0.9173553719008265,51,605,23,20799316,0.24317078305331072,0.04981737152258196,0.3570252626400495
T13,record,core,extra_trees,29,0.8272167873706338,0.20145648614163833,0.22630992196209582,0.31351351351351336,0.9530684699915467,0.9694249552895857,0.2628682421495629,0.6332909917525301,0.22842808894458075,0.9262390670553937,0.03918867856571839,0.1741160492901742,0.2222222222222222,0.34782608695652173,0.2711864406779661,0.9289256198347108,36,605,23,20807235,0.2969843687392346,0.10664780719784138,0.31048528025545813
T13,record,core,extra_trees,29,0.8049101307562853,0.20981072485854588,0.227287635290259,0.2675675675675675,0.960169061707523,0.9676781789371453,0.24578826032984563,0.6138683146375453,0.21071510946304506,0.9311143505021057,0.03825897478786909,0.15323055050312728,0.22580645161290322,0.30434782608695654,0.25925925925925924,0.9338842975206612,31,605,23,20815154,0.30300826493885924,0.031890467405743174,0.32188527102018155
T13,record,core,extra_trees,29,0.8690132736286584,0.266526005729136,0.23116883116883105,0.24054054054054044,0.9649704142011832,0.9666864256075873,0.23576158940397343,0.6027554773708619,0.20164677711481024,0.9345804988662133,0.03626682671478525,0.13934033326531875,0.23076923076923078,0.2608695652173913,0.24489795918367346,0.9388429752066115,26,605,23,20823073,0.3259908137390409,0.1483011619270687,0.4050726112503794
T13,record,core,extra_trees,29,0.8418431838431842,0.23079720979745416,0.26324152542372875,0.5756756756756756,0.929450549450549,0.9804015978315143,0.3612793796946934,0.7525631125631123,0.3508140976755126,0.9146096533851636,0.0386039786310966,0.14848630190643577,0.24,0.5217391304347826,0.3287671232876712,0.9190082644628099,50,605,23,20830992,0.2579473984427891,0.09642411713652183,0.34203215165106504
T13,record,core,extra_trees,29,0.8219968929199702,0.18183107468234036,0.1951421473916643,0.27297297297297285,0.9507016060862212,0.9675998416986423,0.22758731691614348,0.611837289529597,0.19079110541382724,0.9222708130871397,0.041251165287228234,0.15643619282524937,0.20588235294117646,0.30434782608695654,0.24561403508771928,0.9289256198347108,34,605,23,20838911,0.28631169561228764,0.034449967532727485,0.4035860403264501
T13,record,core,extra_trees,29,0.8223895273126047,0.16195294815557956,0.2034132841328413,0.5108108108108107,0.9124091293322057,0.9770620609747266,0.2909610732351,0.7116099700715083,0.27637070169197575,0.8955620343375447,0.04165456195452486,0.15665003740902333,0.16666666666666666,0.43478260869565216,0.24096385542168675,0.8958677685950414,60,605,23,20846830,0.23574104364862658,0.07472265165665722,0.32826258275246356
T13,record,core,extra_trees,29,0.8464786426324891,0.22346604778962834,0.3753943217665614,0.41351351351351334,0.9698732037193574,0.9742048329852089,0.3935329781370566,0.6916933586164353,0.3661033628467059,0.9465338516358925,0.0383054088514823,0.1459034634788741,0.2962962962962963,0.34782608695652173,0.32,0.943801652892562,27,605,23,20854749,0.3143421808720613,0.07525286446995218,0.35008170044522535
T13,record,core,extra_trees,29,0.8444350064350068,0.2506561917665371,0.21141911460488202,0.3945945945945945,0.9355536770921383,0.9724457877903909,0.2753232758620689,0.6650741358433665,0.24637913821922863,0.9128603822481374,0.036877497953915275,0.14481038641638108,0.2222222222222222,0.43478260869565216,0.29411764705882354,0.9206611570247933,45,605,23,20862668,0.25442402725741686,0.06470800215708114,0.32902838591163763
T13,record,core,extra_trees,29,0.8420114687806999,0.23394852999379462,0.19178082191780824,0.5243243243243242,0.9032459847844458,0.9774602535721473,0.28083962361699927,0.7137851545543851,0.2690027118100143,0.8873501781665047,0.039526673055713654,0.14993700235917426,0.15873015873015872,0.43478260869565216,0.23255813953488372,0.8909090909090909,63,605,23,20870587,0.22668216424405577,0.06043271428421627,0.35391907781272924
T13,record,core,extra_trees,29,0.8483000312231084,0.2246079532974548,0.174693520140105,0.308108108108108,0.9362637362637358,0.9686559854474217,0.22296730930427489,0.622185922185922,0.18716458818434548,0.9099125364431488,0.03962970765758244,0.15015064651210075,0.125,0.21739130434782608,0.15873015873015872,0.912396694214876,40,605,23,20878506,0.2785413456184236,0.07143251865245441,0.3641460759683124
T13,record,core,extra_trees,29,0.8146824152978005,0.2433083129766939,0.2504192286193403,0.34594594594594585,0.9546576500422652,0.9708744541109314,0.2905317769130998,0.6503017979941056,0.2579179652490192,0.9291221250404925,0.03837001494645767,0.15358553217892365,0.2647058823529412,0.391304347826087,0.3157894736842105,0.9355371900826446,34,605,23,20886425,0.2829285167501035,0.03829140341620054,0.389960719393725
T13,record,core,extra_trees,29,0.8379490225644075,0.22843818253315862,0.1970954356846473,0.5135135135135133,0.9084023668639049,0.9770875763747452,0.28485757121439276,0.7109579401887092,0.2710914585150719,0.8918367346938777,0.039342352342097,0.15125138909158187,0.1746031746031746,0.4782608695652174,0.2558139534883721,0.8942148760330578,63,605,23,20894344,0.2801034038139486,0.1294505308842214,0.37253002235536153
T13,record,core,extra_trees,29,0.8282203285280211,0.20132512807030958,0.2982090071291949,0.662162162162162,0.9317666948436175,0.984371930200575,0.4112216760580265,0.7969644285028898,0.4096742280396615,0.9204567541302238,0.03972678042086145,0.15360636865646152,0.2692307692307692,0.6086956521739131,0.37333333333333335,0.9223140495867769,52,605,23,20902263,0.23430277839081864,0.037373611947090726,0.30980258306465064
T13,record,core,extra_trees,29,0.8346603458911157,0.26567737080880843,0.37196356275303627,0.5675675675675673,0.9580388841927302,0.9806188135945179,0.44940385203301725,0.7628032258801488,0.4304875977136296,0.9416585681891805,0.03739318344621217,0.14906959235658623,0.3157894736842105,0.5217391304347826,0.39344262295081966,0.9388429752066115,38,605,23,20910182,0.28858130227125645,0.06352698116022625,0.36079461057118517
T13,record,core,extra_trees,29,0.8036622421237811,0.1765945125586715,0.1589444614912549,0.19999999999999996,0.953660185967878,0.9645696893007983,0.17712429475123947,0.5768300929839391,0.1377650441163186,0.9220440557175252,0.04005695439953174,0.15873806695074047,0.15151515151515152,0.21739130434782608,0.17857142857142858,0.9239669421487603,33,605,23,20918101,0.30031485000540137,0.04371458420504019,0.3439520725384606
T13,record,core,extra_trees,29,0.8316404468712164,0.18602629372015103,0.21700753498385353,0.3891891891891891,0.938512256973795,0.9722917943777912,0.27864547339322726,0.6638507230814921,0.24906558170388482,0.9154680919987043,0.04105423388428192,0.1550573037138109,0.1590909090909091,0.30434782608695654,0.208955223880597,0.912396694214876,44,605,23,20926020,0.28992164092771094,0.1393572713721,0.32127032642725045
T13,record,core,extra_trees,29,0.8123030164568631,0.18822875905619224,0.2542039355992843,0.5486486486486484,0.9295181741335583,0.9791807658058771,0.3474327628361856,0.7390834113911035,0.33406110392693134,0.913540654356981,0.039642880874096724,0.15534155895949234,0.22,0.4782608695652174,0.3013698630136986,0.915702479338843,50,605,23,20933939,0.24188565557210745,0.06069441427838039,0.34263861809295454
T13,record,core,extra_trees,29,0.838603276141738,0.24162085829308894,0.28760211436809213,0.46216216216216194,0.9498732037193574,0.9758067317378164,0.35456161137440745,0.7060176829407597,0.3294446239987495,0.929413670229997,0.03839767611022978,0.1504461192865607,0.225,0.391304347826087,0.2857142857142857,0.9256198347107438,40,605,23,20941858,0.2932962696323603,0.054279281814000435,0.37175727531762454
T13,record,core,extra_trees,29,0.83971771264079,0.23515864969656797,0.24830760898998094,0.35405405405405393,0.9530684699915467,0.9711785277447585,0.2918987744707941,0.6535612620228004,0.2596326949884993,0.9279397473275025,0.03825194582742068,0.14842243252830195,0.24324324324324326,0.391304347826087,0.3,0.9305785123966942,37,605,23,20949777,0.3093245550946083,0.09868733472427675,0.34943586533656873
T13,record,core,extra_trees,29,0.8343332343332347,0.19773337287533063,0.24021052631578937,0.44054054054054037,0.9389856297548602,0.9745744867520616,0.3108991825613078,0.6897630851477003,0.28551100407250485,0.9180758017492713,0.039869642749120096,0.1514201096498047,0.20930232558139536,0.391304347826087,0.2727272727272727,0.9206611570247933,43,605,23,20957696,0.2327203665237777,0.02349119016232427,0.3463192691511364
T13,record,core,extra_trees,29,0.822732524578679,0.2553425001693964,0.2835195530726256,0.5486486486486484,0.939289940828402,0.9793928923988153,0.37384898710865544,0.7439692947385252,0.3581691329515939,0.9229024943310659,0.03876124892795525,0.1550964869459299,0.2558139534883721,0.4782608695652174,0.3333333333333333,0.9272727272727272,43,605,23,20965615,0.28438177807586196,0.0705643606128155,0.34210988391635466
T13,record,core,extra_trees,29,0.8384663818509975,0.3376209183645162,0.23345556137593848,0.516216216216216,0.9257819103972946,0.9776301929909127,0.32151015991343024,0.7209990633067553,0.3054496815924816,0.908600583090379,0.03578544647885029,0.14361122396999765,0.19230769230769232,0.43478260869565216,0.26666666666666666,0.9090909090909091,52,605,23,20973534,0.23536683810343237,0.07088765087126701,0.2989905183745664
T13,record,core,extra_trees,29,0.8271575548498629,0.2126161912237321,0.14778820375335117,0.3405405405405404,0.9140152155536766,0.9693753137775227,0.20612292591727033,0.6272778780471086,0.17269814067247444,0.8899578879170718,0.03832813821049875,0.17146097553590806,0.11320754716981132,0.2608695652173913,0.15789473684210525,0.8942148760330578,53,605,23,20981453,0.23823893816182504,0.07133794174323346,0.3606586217946979
T13,record,core,extra_trees,29,0.7841547066931687,0.17132315419142624,0.25851511672407185,0.5216216216216215,0.9344885883347419,0.9780762288990337,0.34570112589559865,0.7280551049781817,0.3284992059747057,0.9171687722708133,0.04097945166651912,0.18362704117330506,0.23404255319148937,0.4782608695652174,0.3142857142857143,0.9206611570247933,47,605,23,20989372,0.28843577047028496,0.1445342830350321,0.35968506868506267
T13,record,core,extra_trees,29,0.8341566333874031,0.2495846676201354,0.2780551334925113,0.49459459459459443,0.9437700760777682,0.9770885477744911,0.3559816590245935,0.7191823353361814,0.33443381379989884,0.9249271137026241,0.037724453017614554,0.14971403766334082,0.23255813953488372,0.43478260869565216,0.30303030303030304,0.9239669421487603,43,605,23,20997291,0.2553911630367411,0.03302353493490902,0.38175532746150537
T13,record,core,extra_trees,29,0.8161337415183574,0.2112692614372753,0.22395243488108713,0.30540540540540534,0.953660185967878,0.9690935953820778,0.25841228356746154,0.6295327956866417,0.2236326988443128,0.9264658244250082,0.039522139541773145,0.15470029381951336,0.23529411764705882,0.34782608695652173,0.2807017543859649,0.9322314049586777,34,605,23,21005210,0.2876783648098554,0.05854829642266661,0.39014769085378187
T13,record,core,extra_trees,29,0.8567291128829593,0.250994065635629,0.2463704355477343,0.6486486486486485,0.9131191885038032,0.9834307459805902,0.357104899564247,0.780883918576226,0.35929780506182485,0.9020246193715584,0.037805644134525515,0.14585299046333658,0.22580645161290322,0.6086956521739131,0.32941176470588235,0.9057851239669421,62,605,23,21013129,0.20923791885665996,0.031646367651196106,0.3242806840519206
T13,record,core,extra_trees,29,0.8509642914258302,0.23271691956143414,0.256544502617801,0.3972972972972972,0.9495857988165679,0.9729598641930398,0.31177094379639436,0.6734415480569326,0.28215454157428915,0.9264172335600908,0.03764299690092161,0.14428038080119404,0.20588235294117646,0.30434782608695654,0.24561403508771928,0.9289256198347108,34,605,23,21021048,0.28981395964744266,0.08124271442199704,0.34435907634277396
T13,record,core,extra_trees,29,0.8178367869137103,0.21832785297156995,0.18506817426005984,0.4297297297297296,0.9171428571428566,0.9734953163693787,0.25871687587168757,0.6734362934362932,0.23452361965947086,0.8966958211856173,0.039429423779277856,0.15491902451846992,0.1509433962264151,0.34782608695652173,0.21052631578947367,0.9008264462809917,53,605,23,21028967,0.23298936009047355,0.07363766577735782,0.33910583837029956
T13,record,core,extra_trees,29,0.8388694341002036,0.2050073115881306,0.26022954091816364,0.4027027027027026,0.9498732037193574,0.9732037691401647,0.31615641103364645,0.67628795321103,0.28688492620372663,0.9269193391642373,0.03863540391119514,0.14797253671378413,0.20588235294117646,0.30434782608695654,0.24561403508771928,0.9289256198347108,34,605,23,21036886,0.28024969010169537,0.026741178833229916,0.36728039543845625
T13,record,core,extra_trees,29,0.8301080624157552,0.21056335892486852,0.17535070140280581,0.6081081081081079,0.8747759932375311,0.9807612115698092,0.27220877981334274,0.7414420506728195,0.2745613971503102,0.8635892452218985,0.038419282185137134,0.15055416988270048,0.15476190476190477,0.5652173913043478,0.24299065420560748,0.8661157024793389,84,605,23,21044805,0.1958325121124839,0.10762166591569926,0.3041209835682607
T18,record,core,elastic,29,0.853267161826954,0.5040611982297488,0.4974701011959521,0.4465317919075145,0.9615965973003372,0.9532861722888205,0.4706266318537859,0.7040641946039258,0.4289130818973389,0.9211856171039845,0.13321004281233692,0.421486403437549,0.46153846153846156,0.391304347826087,0.4235294117647059,0.9190082644628099,39,605,46,20260824,0.7787140502702143,0.05308607046107295,0.4907561559957247
T18,record,core,elastic,29,0.857619261307113,0.5607942388604217,0.42289010321797216,0.5751445086705204,0.9331763217097858,0.9626849434290686,0.4874037788663402,0.7541604151901531,0.44271416047552636,0.9050858438613543,0.125866326972314,0.3965020223928095,0.4,0.5217391304347826,0.4528301886792453,0.9041322314049587,60,605,46,20268743,0.6981582595255388,0.08242105384593841,0.4611738967525428
T18,record,core,elastic,29,0.8542494750249789,0.5433204360091848,0.510548523206751,0.5245664739884394,0.9571850393700785,0.9594277962757427,0.5174625801853172,0.7408757566792589,0.4758274930616738,0.9232426303854876,0.1201845561854733,0.38577518878063916,0.4782608695652174,0.4782608695652174,0.4782608695652174,0.9206611570247933,46,605,46,20276662,0.7453262109553435,0.03858023271295079,0.46765957874709196
T18,record,core,elastic,29,0.8422169913235197,0.5171768620123299,0.45033333333333336,0.5578034682080926,0.9420345894263213,0.961571582346609,0.49834009590556994,0.7499190288172068,0.45374635313523937,0.9118885649497895,0.1286880046797251,0.40721543145555633,0.4107142857142857,0.5,0.45098039215686275,0.9074380165289256,56,605,46,20284581,0.7115570309469255,0.10532087695952051,0.49366238398068996
T18,record,core,elastic,29,0.846156911586377,0.496288177563907,0.3755095385618784,0.47543352601156075,0.932684195725534,0.9543043142050459,0.4196046278582491,0.7040588608685473,0.36688264906993245,0.8968091998704244,0.13105315506592854,0.4148164246377361,0.3392857142857143,0.41304347826086957,0.37254901960784315,0.8942148760330578,56,605,46,20292500,0.73752756476195,0.08039827174948475,0.449175431554639
T18,record,core,elastic,29,0.8225161116059916,0.4239453781789214,0.40352487607857535,0.45375722543352603,0.9428958098987623,0.9529959319986496,0.4271693712953066,0.6983265176661442,0.3760519388102555,0.904518950437318,0.14019540108829534,0.44061989231359966,0.391304347826087,0.391304347826087,0.391304347826087,0.9074380165289256,46,605,46,20300419,0.752723820213313,0.031625064625468324,0.48121087586192096
T18,record,core,elastic,29,0.8448416801720235,0.48169840634386135,0.5137614678899083,0.48554913294797697,0.9608759842519682,0.9564046044575065,0.49925705794948005,0.7232125585999725,0.4581418382456814,0.9235827664399096,0.12135968229075995,0.39224466111871736,0.47619047619047616,0.43478260869565216,0.45454545454545453,0.9206611570247933,42,605,46,20308338,0.7370427619908546,0.07399194057610155,0.4751225726329904
T18,record,core,elastic,29,0.8587179092001145,0.5048812361134649,0.40106449592986854,0.5289017341040463,0.9327544994375698,0.9587729440670615,0.45619658119658124,0.7308281167708081,0.40757968206994727,0.9010689990281827,0.12186840950162324,0.3917443884681841,0.3728813559322034,0.4782608695652174,0.41904761904761906,0.8991735537190083,59,605,46,20316257,0.7293571727173038,0.11859700051314434,0.45270755639139415
T18,record,core,elastic,29,0.8316335226657003,0.5137482538168968,0.46436327739387967,0.485549132947977,0.9523165073115858,0.9560299955888837,0.4747199515591887,0.7189328201297813,0.4290405221367925,0.9156948493683189,0.12685715556036373,0.4024496973080704,0.43478260869565216,0.43478260869565216,0.43478260869565216,0.9140495867768595,46,605,46,20324176,0.7508938624788932,0.040355595023630765,0.46474824190476666
T18,record,core,elastic,29,0.8402955343190486,0.47913511197557396,0.42159239231773266,0.4667630057803469,0.9454794713160851,0.9541834436028874,0.44302929362202415,0.706121238548216,0.3935870442899499,0.9079203109815357,0.12463417702748945,0.40431764499188594,0.3877551020408163,0.41304347826086957,0.4,0.9057851239669421,49,605,46,20332095,0.7116734238913226,0.1270672678011574,0.48116518900888344
T18,record,core,elastic,29,0.8353374124386911,0.44632909367419304,0.373234087801914,0.5072254335260116,0.9274817210348704,0.9567235346374892,0.4300341296928328,0.7173535772804409,0.3787280543824384,0.8945092322643344,0.12432662318614572,0.40342854755183183,0.3387096774193548,0.45652173913043476,0.3888888888888889,0.8909090909090909,62,605,46,20340014,0.7097093701407873,0.15555335334509995,0.4506840649602995
T18,record,core,elastic,29,0.8470267083666567,0.5124608966478851,0.5991847826086955,0.36416184971098264,0.9792604049493812,0.9476154840465334,0.45300462249614787,0.6717111273301819,0.4333397978764768,0.9310009718172984,0.1266471275689864,0.4010089481335505,0.56,0.30434782608695654,0.39436619718309857,0.9289256198347108,25,605,46,20347933,0.7826283749741232,0.0467348368013249,0.4962563354492594
T18,record,core,elastic,29,0.8304667553522938,0.49015742601954876,0.5163398692810457,0.342485549132948,0.9726870078740155,0.9455806721684006,0.4118158123370982,0.6575862785034817,0.38155560300258046,0.9232426303854876,0.12691134718820982,0.4042694997388179,0.48148148148148145,0.2826086956521739,0.3561643835616438,0.9223140495867769,27,605,46,20355852,0.8189452906181534,0.09805815534717237,0.4643480208178647
T18,record,core,elastic,29,0.8542025042886622,0.5394053504732838,0.563721657544957,0.4465317919075145,0.9705778965129357,0.953698426679101,0.4983296855201014,0.708554844210225,0.4645653130757621,0.9294622610949144,0.1273900726283843,0.40305200749300457,0.5294117647058824,0.391304347826087,0.45,0.9272727272727272,34,605,46,20363771,0.7984246586910962,0.049133068390870976,0.4843822990995989
T18,record,core,elastic,29,0.8383508797988043,0.5053441081557373,0.4488174427198818,0.5014450867052024,0.9475710067491561,0.9571261184490837,0.4736739469578784,0.7245080467271792,0.4269369883238501,0.9125688370586331,0.12417283080021131,0.3989289162564743,0.40816326530612246,0.43478260869565216,0.42105263157894735,0.9090909090909091,49,605,46,20371690,0.741600608404767,0.0897738206560173,0.4400189186644009
T18,record,core,elastic,29,0.8556265523709827,0.5534120397751844,0.663647342995169,0.45375722543352603,0.9804204161979752,0.9547134935304988,0.5389897008337421,0.7170888208157505,0.51814906125554,0.9390994493035311,0.12293398826765711,0.3911938494112086,0.6,0.391304347826087,0.47368421052631576,0.9338842975206612,30,605,46,20379609,0.8242916563953713,0.08247461250563173,0.4688033897857961
T18,record,core,elastic,29,0.8402125905007902,0.47584191635624334,0.44587677725118485,0.48554913294797697,0.9486255624296961,0.9558664659523596,0.46486806996738816,0.7170873476888364,0.417644286729673,0.9122934888241013,0.1315602664522419,0.4165435203096776,0.40816326530612246,0.43478260869565216,0.42105263157894735,0.9090909090909091,49,605,46,20387528,0.7369854812999856,0.05724918760149365,0.4693559116872901
T18,record,core,elastic,29,0.8331121187750739,0.4682385235399018,0.5224820143884891,0.3598265895953757,0.9720015466816647,0.9469043216218065,0.42616136919315406,0.6659140681385202,0.3946588312355446,0.9239714933592488,0.12728336124413067,0.41251015126003654,0.4827586206896552,0.30434782608695654,0.37333333333333335,0.9223140495867769,29,605,46,20395447,0.8285528070611662,0.049389242399812044,0.47938150242404043
T18,record,core,elastic,29,0.8504072891132468,0.5431006312265488,0.43033640964572806,0.5968208092485551,0.9327369235095611,0.9645051070480897,0.5000864902266046,0.764778866379058,0.45726510732741577,0.9063816002591515,0.12223089078070963,0.3886602291961306,0.4032258064516129,0.5434782608695652,0.46296296296296297,0.9041322314049587,62,605,46,20403366,0.7197520900154072,0.039858253902619274,0.4606498678773353
T18,record,core,elastic,29,0.8503811453436458,0.5069105095774323,0.4259849119865885,0.5245664739884394,0.9398200224971875,0.9587090990587177,0.47016375242853187,0.7321932482428134,0.4226661850779315,0.9072400388726921,0.12744513476376523,0.40416180452259953,0.38596491228070173,0.4782608695652174,0.42718446601941745,0.9024793388429752,57,605,46,20411285,0.7265471990151424,0.07891640700091039,0.4827330360064797
T18,record,core,elastic,29,0.8660699977757478,0.5754482149817909,0.5358640939597316,0.527456647398844,0.9611044713160852,0.9598223688829599,0.5316271327507283,0.7442805593574646,0.4921108948380155,0.9270813087139619,0.11669193947265424,0.37594505531819356,0.5,0.4782608695652174,0.4888888888888889,0.9239669421487603,44,605,46,20419204,0.7492345919717285,0.0723201405760318,0.48006448441061234
T18,record,core,elastic,29,0.8463396893849253,0.47126956275523446,0.3895723491505565,0.41184971098265893,0.9450576490438691,0.9496812024232145,0.4004014049172102,0.678453680013264,0.3479685179320385,0.9032231940395208,0.12278122726614578,0.39611971241844335,0.40816326530612246,0.43478260869565216,0.42105263157894735,0.9090909090909091,49,605,46,20427123,0.7415108673303104,0.08850687820159199,0.473003367603709
T18,record,core,elastic,29,0.8420073670568998,0.454749108092197,0.35891957881886166,0.48554913294797697,0.9261635264341953,0.954844438001703,0.4127401947881022,0.705856329691086,0.3594170527167948,0.8915937803692907,0.13022522095450528,0.41153114761490683,0.32786885245901637,0.43478260869565216,0.37383177570093457,0.8892561983471075,61,605,46,20435042,0.722734723781789,0.08583597739842998,0.49535479720377296
T18,record,core,elastic,29,0.8327559607117392,0.5088212398029964,0.4156182878183493,0.5592485549132948,0.933053290213723,0.9613378725870123,0.476852666784017,0.7461509225635088,0.43078557694003283,0.9037252996436673,0.12565721162537877,0.3995689709834287,0.38095238095238093,0.5217391304347826,0.44036697247706424,0.8991735537190083,63,605,46,20442961,0.6887694137233416,0.04039070946134317,0.48449091163842417
T18,record,core,elastic,29,0.8611146697567791,0.5175323171074467,0.4183908045977012,0.5635838150289019,0.9332993532058489,0.9617133025445983,0.4802533204327558,0.7484415841173753,0.43458869407280665,0.9042921930677034,0.12685957256840594,0.40539473226389244,0.38095238095238093,0.5217391304347826,0.44036697247706424,0.8991735537190083,63,605,46,20450880,0.7065851756846786,0.03626397470992314,0.5046144885727853
T18,record,core,elastic,29,0.8505584454806229,0.5162074061233234,0.44955255307948755,0.5289017341040463,0.9448643138357702,0.9592798129940576,0.4860096746656549,0.7368830239699082,0.4401032769073036,0.9122287010042114,0.1290045472655534,0.4103809480091532,0.41509433962264153,0.4782608695652174,0.4444444444444444,0.9090909090909091,53,605,46,20458799,0.7476321030520756,0.07982583696514163,0.44641191901575666
T18,record,core,elastic,29,0.8524897910611609,0.5673143111347566,0.575091575091575,0.45375722543352603,0.9714566929133857,0.9543147208121825,0.507269789983845,0.7126069591734558,0.4744585603387945,0.9308390022675739,0.12122489645042746,0.3854238730874251,0.5454545454545454,0.391304347826087,0.45569620253164556,0.9289256198347108,33,605,46,20466718,0.7817869959238402,0.07014250336737196,0.4443938208796408
T18,record,core,elastic,29,0.8388786571476257,0.5143615822571614,0.44662309368191727,0.592485549132948,0.9374999999999996,0.9643128321943809,0.5093167701863355,0.7649927745664737,0.4666798713615206,0.9104308390022678,0.13171344682499503,0.4102257505847765,0.423728813559322,0.5434782608695652,0.47619047619047616,0.9090909090909091,59,605,46,20474637,0.7190719350841491,0.10067079936865041,0.4701093501137548
T18,record,core,elastic,29,0.830166872430325,0.4554194959573664,0.38321167883211676,0.32514450867052025,0.9554450224971877,0.9432760714905427,0.3517980790708064,0.6402947655838539,0.3026698610615778,0.9059928733398123,0.1260785164506024,0.40291913559717,0.3157894736842105,0.2608695652173913,0.2857142857142857,0.9008264462809917,38,605,46,20482556,0.7952928282223112,0.07266674104124948,0.5084542519596592
T18,record,core,elastic,29,0.8465401870376754,0.5364486832473634,0.45446779429352474,0.5491329479768786,0.9438800618672663,0.9609211444521979,0.49733570159857904,0.7465065049220725,0.4525396678159754,0.912908973113055,0.12438414164807417,0.3960692628175506,0.41818181818181815,0.5,0.45544554455445546,0.9090909090909091,55,605,46,20490475,0.7255003794518619,0.062029108300598476,0.45511090444272756
T18,record,core,elastic,29,0.8309811814301755,0.49400953701286326,0.47375690607734805,0.4248554913294798,0.9598214285714284,0.9514600320579828,0.4479756203744014,0.6923384599504541,0.4044392934070495,0.9178490443796568,0.1289161944105313,0.40777348890743353,0.425,0.3695652173913043,0.3953488372093023,0.9140495867768595,40,605,46,20498394,0.7654409005746861,0.06908074919769942,0.49387528544600345
T18,record,core,elastic,29,0.8612215815192539,0.5551059953066569,0.41075794621026906,0.48554913294797697,0.9406988188976375,0.9555111222194448,0.44503311258278155,0.7131239759228072,0.39512205739817513,0.9049886621315194,0.12235261184519258,0.3882459371082956,0.37037037037037035,0.43478260869565216,0.4,0.9008264462809917,54,605,46,20506313,0.7498225339540844,0.09785992472052257,0.5120595375665244
T18,record,core,elastic,29,0.8481889039068817,0.48679352875134163,0.49488926746166945,0.3598265895953757,0.9687324240719908,0.9467346868666046,0.4166865885727946,0.6642795068336832,0.3809193232772276,0.9209588597343701,0.12351894760496296,0.3967792268860466,0.4375,0.30434782608695654,0.358974358974359,0.9173553719008265,32,605,46,20514232,0.8047621520064283,0.06735831086152914,0.4421462446065201
T18,record,core,elastic,29,0.8571448297783225,0.5081371426234048,0.4081443776029616,0.546242774566474,0.9325611642294709,0.9602222342870584,0.467202260086519,0.7394019693979724,0.41997069504176,0.9022513767411728,0.1222130883013405,0.3903960217718157,0.3770491803278688,0.5,0.42990654205607476,0.8991735537190083,61,605,46,20522151,0.6884395010007612,0.05853351500139501,0.46151885138669235
T18,record,core,elastic,29,0.8131881957900134,0.43378759520397675,0.3618609994256174,0.39017341040462433,0.9414194319460064,0.947732540651485,0.37548425548822884,0.6657964211753153,0.3204044349374099,0.8981697440881116,0.1418562526357168,0.44606681658254344,0.3125,0.32608695652173914,0.3191489361702128,0.8942148760330578,48,605,46,20530070,0.7476169202962113,0.09951754323789823,0.4840625388759125
T18,record,core,elastic,29,0.8510027879688813,0.53645198363961,0.5083472454090151,0.5028901734104048,0.9585911136107984,0.9577158109152207,0.50560398505604,0.7307406435106015,0.4637665135232847,0.9228377065111759,0.11981070192986491,0.3881866611419895,0.4772727272727273,0.45652173913043476,0.4666666666666667,0.9206611570247933,44,605,46,20537989,0.7589523353484774,0.1077781321792689,0.42386813861638956
T18,record,core,elastic,29,0.8550276077529689,0.5382587692848397,0.43370644805297176,0.5679190751445087,0.9368672665916756,0.9622181706590607,0.49182086350227944,0.7523931708680922,0.4470540681874396,0.9079203109815357,0.12192127546469826,0.3909169125047812,0.39344262295081966,0.5217391304347826,0.4485981308411215,0.9024793388429752,61,605,46,20545908,0.7070428983148462,0.09116873556901606,0.4806965163005699
T18,record,core,elastic,29,0.8511366816593737,0.556191435400112,0.48674738219895297,0.6141618497109828,0.9448643138357702,0.9664018120371034,0.5430814165753926,0.7795130817733764,0.503311290920525,0.9189180434078393,0.12509687569845046,0.39335782201639957,0.4642857142857143,0.5652173913043478,0.5098039215686274,0.9173553719008265,56,605,46,20553827,0.7108506579150222,0.04274213162193527,0.46485737783998465
T18,record,core,elastic,29,0.8475049835714179,0.5069453704231882,0.3831450912250217,0.45520231213872836,0.9376054555680536,0.9528623738501382,0.41607698839513163,0.6964038838533909,0.36329924619931186,0.8997570456754131,0.13038306858372348,0.4136291402522898,0.34545454545454546,0.41304347826086957,0.37623762376237624,0.8958677685950414,55,605,46,20561746,0.7224220840608441,0.09847668204811097,0.46258277137096065
T18,record,core,elastic,29,0.8385721536207904,0.49961837820707333,0.3530701754385966,0.49855491329479773,0.9222265185601797,0.9557559198542803,0.41338582677165364,0.7103907159274887,0.360483406790823,0.8889860706187239,0.1333556573118845,0.4198465880470894,0.3230769230769231,0.45652173913043476,0.3783783783783784,0.8859504132231405,65,605,46,20569665,0.7004012146015534,0.0734698869064494,0.5166098398147803
T18,record,core,elastic,29,0.8393088948689942,0.47878151443452316,0.4156289478433496,0.47543352601156075,0.9430891451068613,0.954785672342924,0.44352431391429953,0.709261335559211,0.3937345759032041,0.906397797214124,0.13325509190754314,0.4191656779127363,0.3958333333333333,0.41304347826086957,0.40425531914893614,0.9074380165289256,48,605,46,20577584,0.7545281591540375,0.07349393660068484,0.4322518584724434
T18,record,core,elastic,29,0.8401603791578078,0.49138614277627324,0.4111888111888111,0.4248554913294798,0.94820374015748,0.9508945095619984,0.417910447761194,0.6865296157434798,0.36753030538112513,0.9071428571428573,0.12791555950820147,0.4040376898780266,0.37777777777777777,0.3695652173913043,0.37362637362637363,0.9057851239669421,45,605,46,20585503,0.7447793453053662,0.06774028150237363,0.43650471473035757
T18,record,core,elastic,29,0.8503081493651807,0.5313920928526452,0.44117073170731713,0.4667630057803469,0.949662542182227,0.9543760487503309,0.4536061791553817,0.7082127739812869,0.4058519247175113,0.9117751862649824,0.1242715805863986,0.3932448060257279,0.4222222222222222,0.41304347826086957,0.4175824175824176,0.912396694214876,45,605,46,20593422,0.7524844044755605,0.09957471056481917,0.4694187011653085
T18,record,core,elastic,29,0.8468042238714022,0.5107623428195056,0.47506925207756234,0.5664739884393064,0.946709786276715,0.9624758773497246,0.5167608286252354,0.7565918873580106,0.4738576380392173,0.9168772270813088,0.1279607152213565,0.4061371837538937,0.4528301886792453,0.5217391304347826,0.48484848484848486,0.915702479338843,53,605,46,20601341,0.7407365201311917,0.07572357277006156,0.4299513067500082
T18,record,core,elastic,29,0.8453555305451343,0.522946637505882,0.5248487467588592,0.5014450867052024,0.9613505343082112,0.9577146659195963,0.5128800675675677,0.7313978105067067,0.47257616766916766,0.9252672497570458,0.12053268592704122,0.38702942706718496,0.47619047619047616,0.43478260869565216,0.45454545454545453,0.9206611570247933,42,605,46,20609260,0.7499967205022566,0.049228501191274546,0.4155831362492145
T18,record,core,elastic,29,0.8530181441147532,0.5626133994058942,0.4059753954305799,0.5245664739884394,0.9346526996625418,0.9584902939745135,0.45771413131586053,0.7296095868254906,0.4091083386008417,0.9024781341107873,0.12754358227006304,0.40254695527480505,0.36666666666666664,0.4782608695652174,0.41509433962264153,0.8975206611570248,60,605,46,20617179,0.7345756389863703,0.06153557296288879,0.44582170825281076
T18,record,core,elastic,29,0.8600784604326918,0.5225740355503261,0.49648300117233307,0.5245664739884395,0.9547068335208097,0.9593267634488358,0.5101385264003214,0.7396366537546245,0.4673943233341617,0.9209588597343701,0.12101278572698108,0.38666476980207953,0.4583333333333333,0.4782608695652174,0.46808510638297873,0.9173553719008265,48,605,46,20625098,0.7261352278844451,0.04564264440745381,0.470564567913465
T18,record,core,elastic,29,0.8288032987477001,0.5026789827280324,0.4504826599928494,0.5202312138728324,0.945971597300337,0.9586079150785448,0.48285112090438775,0.7331014055865847,0.4367140667790901,0.912568837058633,0.12497374194706222,0.39875808330794443,0.4230769230769231,0.4782608695652174,0.4489795918367347,0.9107438016528926,52,605,46,20633017,0.752679402713839,0.0919002441694331,0.4464493126217422
T18,record,core,elastic,29,0.8255631222352627,0.370445201292328,0.3475109409190374,0.5245664739884395,0.9161452474690659,0.9576872198133312,0.418065153010859,0.7203558607287526,0.36674842440292355,0.8854227405247814,0.13317410457770804,0.43355227486757497,0.3188405797101449,0.4782608695652174,0.3826086956521739,0.8826446280991735,69,605,46,20640936,0.6975462172636009,0.11095636758247535,0.49987498417704396
T18,record,core,elastic,29,0.8642521506975647,0.5569318192633459,0.46149511645379404,0.5072254335260116,0.9496098143981999,0.9576893079977309,0.48328088119590873,0.7284176239621057,0.43760509648572515,0.9149011985746681,0.12271143312212968,0.3915222356208724,0.42857142857142855,0.45652173913043476,0.4421052631578947,0.912396694214876,49,605,46,20648855,0.7587769138130676,0.1172591099373197,0.4764088616827341
T18,record,core,elastic,29,0.8630455327612592,0.5605394122673415,0.6957403651115617,0.4248554913294798,0.984181664791901,0.9526045388043957,0.5275570366572674,0.7045185780606903,0.5149729659735274,0.9402980239714933,0.1200373287216055,0.38242895753447387,0.68,0.3695652173913043,0.4788732394366197,0.9388429752066115,25,605,46,20656774,0.8293187012986395,0.05739575365674566,0.4746641728094801
T18,record,core,elastic,29,0.8649330147179942,0.5368180039759382,0.410333386000948,0.5361271676300579,0.9344066366704159,0.9594484849578601,0.46487067036606106,0.7352669021502369,0.41712692373376503,0.9031584062196307,0.12388778588080926,0.39545014150014735,0.3728813559322034,0.4782608695652174,0.41904761904761906,0.8991735537190083,59,605,46,20664693,0.7257907101085789,0.08930636357723276,0.45262032221955134
T18,record,core,elastic,29,0.8540027516656157,0.5317565327749405,0.5357389105952655,0.48121387283237005,0.9644966254218221,0.9562111205980237,0.5070146818923328,0.722855249127096,0.46825985683093263,0.9265792031098153,0.12896373939027936,0.4094654262009991,0.5128205128205128,0.43478260869565216,0.47058823529411764,0.9256198347107438,39,605,46,20672612,0.7794670170174286,0.039608525497489985,0.4794692045805527
T18,record,core,elastic,29,0.8466800240333038,0.5033072417370174,0.4312369309956572,0.5534682080924856,0.9378515185601796,0.9610431712983806,0.4847662959949373,0.7456598633263325,0.4390158910909552,0.9076935536119212,0.12181844731367789,0.3957531155503041,0.39655172413793105,0.5,0.4423076923076923,0.9041322314049587,58,605,46,20680531,0.7038618918845366,0.05686228524797696,0.46312439382746723
T18,record,core,elastic,29,0.8483424138908215,0.47102978741435075,0.3430972108764153,0.6069364161849712,0.9010651012373447,0.9641910063756558,0.4383806754641023,0.7540007587111579,0.3950985708023387,0.8779883381924201,0.1269470579098292,0.4058010156930968,0.32098765432098764,0.5652173913043478,0.4094488188976378,0.8760330578512396,81,605,46,20688450,0.6510139487056731,0.11338442323690477,0.41869218002840464
T18,record,core,elastic,29,0.8296367075999533,0.5104878570746672,0.44828206511962587,0.5144508670520233,0.9460946287964,0.9581353126501839,0.4790925694511199,0.7302727479242116,0.43263575067996046,0.9122287010042114,0.12451875681216419,0.3972936214419942,0.40384615384615385,0.45652173913043476,0.42857142857142855,0.9074380165289256,52,605,46,20696369,0.7247207494250478,0.08916111391168874,0.438742567136896
T18,record,core,elastic,29,0.8471730728384387,0.4974495249681928,0.48450158506516383,0.5679190751445088,0.94855525871766,0.9626663337019725,0.5229043908002282,0.7582371669310843,0.48057335857264205,0.9186912860382251,0.12060537970294287,0.389996593750287,0.46153846153846156,0.5217391304347826,0.4897959183673469,0.9173553719008265,52,605,46,20704288,0.7180023116790064,0.057366785573889176,0.44745991573423183
T18,record,core,elastic,29,0.8456471504103897,0.5118595809189688,0.3336643495531285,0.624277456647399,0.8938589707536552,0.9654498168080944,0.4348889048680525,0.7590682137005271,0.3936774638501009,0.8727081308713964,0.12341997237309187,0.3913109759283262,0.3068181818181818,0.5869565217391305,0.40298507462686567,0.8677685950413223,88,605,46,20712207,0.6104428850323602,0.06029716526300099,0.456904727356023
T18,record,core,elastic,29,0.8581931204363547,0.5071020748333882,0.3980000000000002,0.5751445086705204,0.9259350393700783,0.9624040920716112,0.47044917257683233,0.7505397740202993,0.4249601387980103,0.8984126984126986,0.11657710190344785,0.38312640835631867,0.36363636363636365,0.5217391304347826,0.42857142857142855,0.8942148760330578,66,605,46,20720126,0.6866344622358965,0.12058007194448053,0.4348128371730683
T18,record,core,elastic,29,0.8542732059142898,0.49025515036838513,0.5161647475642162,0.48121387283237005,0.9615965973003371,0.9560848594995104,0.49807692307692314,0.7214052350663535,0.4572931997349996,0.9239067055393588,0.12527040836774933,0.4017398853926125,0.47619047619047616,0.43478260869565216,0.45454545454545453,0.9206611570247933,42,605,46,20728045,0.7621136623842512,0.04764808548901511,0.45992536451141675
T18,record,core,elastic,29,0.8564491752250263,0.5664917819648921,0.5416012558869702,0.4985549132947978,0.9640748031496061,0.9575950140535254,0.5191873589164786,0.7313148582222019,0.4805653221079063,0.9275510204081633,0.12111843131412278,0.387866524238856,0.5121951219512195,0.45652173913043476,0.4827586206896552,0.9256198347107438,41,605,46,20735964,0.772780617331201,0.09801423618047517,0.46442597879499115
T18,record,core,elastic,29,0.8371334504655489,0.453363009092256,0.433135752493856,0.6184971098265898,0.931084786276715,0.966291519982489,0.5094804863532015,0.7747909480516524,0.46852747813006723,0.9065597667638485,0.1306593930202719,0.4186050858481246,0.40625,0.5652173913043478,0.4727272727272727,0.9041322314049587,64,605,46,20743883,0.726864374791084,0.13675780504792223,0.44016827866782876
T18,record,core,elastic,29,0.8439823222738416,0.4880593908323403,0.3772235786536449,0.4465317919075145,0.9372363610798646,0.9521301289147589,0.4089619965967102,0.6918840764936895,0.3555213974335051,0.8987366375121478,0.13598852888507176,0.4288351558434803,0.3333333333333333,0.391304347826087,0.36,0.8942148760330578,54,605,46,20751802,0.7300241805792614,0.11125417007807181,0.47304420632331795
T18,record,core,elastic,29,0.8368774142348898,0.404184838296378,0.4557130203720106,0.4248554913294798,0.9567983689538806,0.9513141339298193,0.43974358974358974,0.6908269301416802,0.3941363782746316,0.9150631681243928,0.12819949339671613,0.42785126438409865,0.40476190476190477,0.3695652173913043,0.38636363636363635,0.9107438016528926,42,605,46,20759721,0.7784163653787983,0.04969579108652718,0.4827883811966475
T18,record,core,elastic,29,0.8533699674598119,0.5215562958541603,0.44948989797959593,0.46387283236994226,0.9516310461192349,0.9542306268835584,0.4565681194757696,0.7077519392445886,0.40956982787594143,0.9133624878522839,0.11944187803778016,0.38364746830038393,0.41304347826086957,0.41304347826086957,0.41304347826086957,0.9107438016528926,46,605,46,20767640,0.7510347349151549,0.09223719993695013,0.461129182965375
T18,record,core,elastic,29,0.8451675544711537,0.5159441038373027,0.37121212121212127,0.48554913294797697,0.9299775028121482,0.9550212981012198,0.4207513416815743,0.7077633178800625,0.3681829371383119,0.8951085195983155,0.12384738818750908,0.39303132381492323,0.3333333333333333,0.43478260869565216,0.37735849056603776,0.8909090909090909,60,605,46,20775559,0.7100170318012138,0.04605559935277327,0.507353543641202
T18,record,core,elastic,29,0.8292202867930889,0.49686203930300304,0.4594395280235987,0.38583815028901736,0.9613505343082112,0.9484151754751002,0.4194344703770197,0.6735943422986141,0.3763011267781507,0.9161969549724652,0.12925470895926836,0.40702584679740883,0.40540540540540543,0.32608695652173914,0.3614457831325301,0.912396694214876,37,605,46,20783478,0.7856745102015188,0.009165085553491208,0.46409518701530766
T18,record,core,elastic,29,0.8623844458929629,0.5374157146199741,0.4629742341245689,0.4710982658959538,0.9534765185601796,0.9549030997518084,0.46700092090453293,0.7122873922280666,0.42121274785987406,0.9156300615484289,0.12207282015381436,0.3905655050461249,0.41304347826086957,0.41304347826086957,0.41304347826086957,0.9107438016528926,46,605,46,20791397,0.739799591184507,0.04090045046165402,0.5182055696310423
T18,record,core,elastic,29,0.8555325431683759,0.5125899442366217,0.4673366834170855,0.5375722543352601,0.947834645669291,0.9601196410767694,0.5000000000000001,0.7427034500022756,0.4555109761135306,0.9156462585034015,0.12049087703760619,0.38596267280185814,0.4423076923076923,0.5,0.46938775510204084,0.9140495867768595,52,605,46,20799316,0.7316699654316625,0.058477790011089194,0.49520460614968154
T18,record,core,elastic,29,0.840537533512791,0.491080647355382,0.3889489118691157,0.5202312138728324,0.9304169010123731,0.9579450245200047,0.44511171950896417,0.7253240574426028,0.3953822182380804,0.8982345319080015,0.12747779354011626,0.40229989265387717,0.36065573770491804,0.4782608695652174,0.411214953271028,0.8958677685950414,61,605,46,20807235,0.6850556204103373,0.092728319173175,0.478391085246248
T18,record,core,elastic,29,0.8535535410855436,0.532433690363057,0.3932439875160638,0.4421965317919075,0.9419115579302583,0.9520011369086739,0.4162860752113497,0.6920540448610828,0.3641585440830374,0.9027048914804018,0.12379572759737707,0.39072880589966813,0.34615384615384615,0.391304347826087,0.3673469387755102,0.8975206611570248,52,605,46,20815154,0.7075733540099561,0.07843933034961648,0.4734002192016724
T18,record,core,elastic,29,0.8587179599975944,0.5255587141630256,0.4246675168518856,0.48121387283236994,0.9444952193475812,0.9553252386624235,0.45117584438207686,0.7128545460899756,0.4022019032587414,0.9081470683511501,0.12396388328192973,0.3931214226127948,0.39215686274509803,0.43478260869565216,0.41237113402061853,0.9057851239669421,51,605,46,20823073,0.744779693268566,0.08667353206397516,0.48488975711821314
T18,record,core,elastic,29,0.8514789127469977,0.510668670712704,0.511720301946762,0.5317919075144509,0.9567983689538806,0.9600042323563642,0.5215630694472565,0.7442951382341658,0.4800833475887917,0.9234531908001297,0.1220942335256056,0.3928942155460674,0.4782608695652174,0.4782608695652174,0.4782608695652174,0.9206611570247933,46,605,46,20830992,0.7273511943651789,0.035459857223893346,0.4626606174939731
T18,record,core,elastic,29,0.853015798964436,0.48732211918755186,0.41410552496002845,0.48121387283237005,0.9420345894263213,0.9552137727005396,0.44514465769120604,0.7116242311293457,0.39536543199588786,0.905879494655005,0.13010990530330288,0.41124431348940965,0.37735849056603776,0.43478260869565216,0.40404040404040403,0.9024793388429752,53,605,46,20838911,0.7579193821628709,0.08463751235147551,0.47218694005793693
T18,record,core,elastic,29,0.8345397480797201,0.44927250363070065,0.4208684587243519,0.546242774566474,0.9360060461192348,0.9603628297837806,0.4754289821220017,0.7411244103428544,0.4287753949231933,0.905425979915776,0.12738094809618178,0.40818764461715445,0.39655172413793105,0.5,0.4423076923076923,0.9041322314049587,58,605,46,20846830,0.7032792104300271,0.05605374351934977,0.463273239900255
T18,record,core,elastic,29,0.8389608474699334,0.467229864165292,0.4919101666264187,0.4205202312138729,0.9630202474690661,0.9512665150436636,0.45342237061769614,0.6917702393414694,0.41228169572375944,0.9204567541302235,0.1250635694681365,0.40239216711617837,0.4594594594594595,0.3695652173913043,0.40963855421686746,0.9190082644628099,37,605,46,20854749,0.7816094680419582,0.07204355106688821,0.4913483915930426
T18,record,core,elastic,29,0.8637545047205083,0.5168074998087567,0.4982381959126144,0.43786127167630057,0.9624578177727782,0.9526294730616005,0.46610262608504555,0.7001595447245393,0.42484224684674077,0.9212989957887918,0.11721100482694033,0.3771936990281593,0.46153846153846156,0.391304347826087,0.4235294117647059,0.9190082644628099,39,605,46,20862668,0.7600404971880098,0.05048046393687243,0.4768341639380869
T18,record,core,elastic,29,0.8366523475344125,0.47017844125365693,0.43829018663455765,0.601156069364162,0.9344066366704159,0.9649339334978944,0.5069637883008358,0.767781353017289,0.4647061446942007,0.9082604470359573,0.12776591190944628,0.40538979149543936,0.4098360655737705,0.5434782608695652,0.4672897196261682,0.9057851239669421,61,605,46,20870587,0.6674538215572857,0.08684249231648906,0.4584764264256406
T18,record,core,elastic,29,0.8347462313688391,0.45884269374659786,0.44195019291476684,0.5202312138728324,0.9440733970753652,0.9585281416181873,0.4779063151905937,0.7321523054740988,0.4312121720319419,0.9108195659216071,0.12505519461465678,0.4017269081308234,0.41509433962264153,0.4782608695652174,0.4444444444444444,0.9090909090909091,53,605,46,20878506,0.7198953420312041,0.04928212566302274,0.4570085233587607
T18,record,core,elastic,29,0.8404977675523582,0.49473124989821315,0.4708324683412912,0.4682080924855492,0.9551989595050615,0.9547458847917358,0.46951661318704063,0.7117035259953053,0.42449131427047254,0.916990605766116,0.12260967637963403,0.39277835471602873,0.4318181818181818,0.41304347826086957,0.4222222222222222,0.9140495867768595,44,605,46,20886425,0.7457686092644168,0.0490900260390624,0.44996392461017753
T18,record,core,elastic,29,0.8528825148437009,0.478519861128954,0.41628318584070784,0.48554913294797686,0.9420345894263213,0.9555714031021569,0.4482561463693539,0.7137918611871491,0.39874674835308005,0.9062196307094268,0.1258963101720776,0.4094109179356811,0.37735849056603776,0.43478260869565216,0.40404040404040403,0.9024793388429752,53,605,46,20894344,0.7526130597478408,0.08560186125084988,0.46217536117090274
T18,record,core,elastic,29,0.8451513924063325,0.5369792140185929,0.5558259811378157,0.3771676300578035,0.9743391451068616,0.9483858826749694,0.44939121879227656,0.6757533875823325,0.42099155127935345,0.9274862325882736,0.12147993098008293,0.3878543463533847,0.5172413793103449,0.32608695652173914,0.4,0.9256198347107438,29,605,46,20902263,0.7990636035194452,0.04588129732489526,0.4683585121054111
T18,record,core,elastic,29,0.8440584761623008,0.48045155063825973,0.39225381128965825,0.5895953757225434,0.9222265185601795,0.9634954736590827,0.4710927835051548,0.7559109471413614,0.42670865108664974,0.896128927761581,0.12768757620370333,0.4058516007154366,0.3787878787878788,0.5434782608695652,0.44642857142857145,0.8975206611570248,66,605,46,20910182,0.6687825825677229,0.05281518601399325,0.45034531025872615
T18,record,core,elastic,29,0.8405837930843907,0.5215664372054011,0.37653983027648535,0.5679190751445087,0.9199416479190096,0.9615497666899361,0.4528395061728397,0.7439303615317592,0.40612884068518373,0.8923226433430517,0.12493196423548658,0.3971290812305994,0.34782608695652173,0.5217391304347826,0.41739130434782606,0.8892561983471075,69,605,46,20918101,0.6524362412467688,0.07968285408327813,0.4733902717011794
T18,record,core,elastic,29,0.8497988115015249,0.5241478847160823,0.39670014347202304,0.5708092485549133,0.9260932227221592,0.9620412634654006,0.4680887083121721,0.7484512356385362,0.4222078773028989,0.8982183349530289,0.12304679417902366,0.39296670100558345,0.375,0.5217391304347826,0.43636363636363634,0.8975206611570248,64,605,46,20926020,0.7238638453259648,0.11477807794628471,0.505525138066807
T18,record,core,elastic,29,0.8689315806712746,0.5669067898857493,0.5619995671932483,0.5361271676300579,0.964426321709786,0.9606610759992293,0.548758584257792,0.7502767446699219,0.5114876427545444,0.9308228053126015,0.12315610653242547,0.3929682394756975,0.5238095238095238,0.4782608695652174,0.5,0.9272727272727272,42,605,46,20933939,0.7656436295527613,0.02362830636112522,0.42881929265804014
T18,record,core,elastic,29,0.8420866449903663,0.42967645222988804,0.40445486518171175,0.4985549132947978,0.9374999999999996,0.9564453370151874,0.44660194174757295,0.7180274566473985,0.3967017851951819,0.9030612244897961,0.1322829899394639,0.43350881250676176,0.3888888888888889,0.45652173913043476,0.42,0.9041322314049587,54,605,46,20941858,0.744479209726281,0.08698649193950389,0.45587949553914
T18,record,core,elastic,29,0.8518172324286778,0.5277880478169086,0.4624082523308867,0.48121387283237005,0.9523692350956128,0.955678230656625,0.4716236722306526,0.7167915539639913,0.42576429708983893,0.9154033041788145,0.12097429002309876,0.3873159144879676,0.425531914893617,0.43478260869565216,0.43010752688172044,0.912396694214876,47,605,46,20949777,0.7603601974931476,0.04529792196125953,0.478593558048671
T18,record,core,elastic,29,0.8349965952142544,0.4296042447084421,0.424109931292942,0.4205202312138729,0.9513849831271088,0.9506998963766966,0.4223074530942263,0.6859526071704908,0.37335469636336754,0.9097343699384517,0.12892621334752064,0.4089185994601671,0.37777777777777777,0.3695652173913043,0.37362637362637363,0.9057851239669421,45,605,46,20957696,0.7475502072618214,0.04572809802233805,0.4541293798668509
T18,record,core,elastic,29,0.841880161701247,0.4615939247330467,0.38660530074591337,0.5028901734104048,0.9320690382452189,0.9565648731037715,0.4371467025572006,0.7174796058278117,0.3863483250661013,0.8983965014577261,0.1297626450784891,0.4103783484163736,0.375,0.45652173913043476,0.4117647058823529,0.9008264462809917,56,605,46,20965615,0.7356644022579343,0.093313256009989,0.4419684573920402
T18,record,core,elastic,29,0.8335194637655483,0.37683126488662416,0.37049549549549543,0.407514450867052,0.9410503374578174,0.9491242997943697,0.3881242626818718,0.6742823941624346,0.33377867860252947,0.899190152251377,0.12408261188501014,0.4126892500746564,0.32653061224489793,0.34782608695652173,0.3368421052631579,0.8958677685950414,49,605,46,20973534,0.7322310664633088,0.10139060823254994,0.4696306623898445
T18,record,core,elastic,29,0.856673217509661,0.5284307183480597,0.47528517110266166,0.5419075144508672,0.9490649606299209,0.9605279541775616,0.5064145847400406,0.7454862375403939,0.46257134454214127,0.9171201814058958,0.12626372610428724,0.4030746065072071,0.4423076923076923,0.5,0.46938775510204084,0.9140495867768595,52,605,46,20981453,0.7460135040566832,0.12955516784336674,0.46980238193992685
T18,record,core,elastic,29,0.8170412269636818,0.4386632589163983,0.3061311990853224,0.44219653179190754,0.91466886951631,0.9506420912262752,0.3617937674182925,0.6784327006541087,0.3027102629450805,0.8775996112730807,0.1386126185559164,0.4321875923747784,0.3,0.391304347826087,0.33962264150943394,0.8842975206611571,60,605,46,20989372,0.6937519950529589,0.06226455348336847,0.47946311681076753
T18,record,core,elastic,29,0.8466191263212766,0.47768349912895586,0.39816306799871104,0.5101156069364163,0.9343539088863889,0.9572694205351674,0.447239819004525,0.7222347579114026,0.39746560365187333,0.9010689990281827,0.1255654582120079,0.4026678855572719,0.3620689655172414,0.45652173913043476,0.40384615384615385,0.8975206611570248,58,605,46,20997291,0.7329904808853606,0.08771785084400312,0.45841934298625503
T18,record,core,elastic,29,0.8609444981994665,0.5008134735092764,0.45385325334563914,0.40606936416184974,0.9583977784026995,0.9498832874612406,0.4286336892569187,0.6822335712822746,0.3835996655066037,0.9150631681243926,0.12778495892738798,0.4062027526570856,0.4,0.34782608695652173,0.37209302325581395,0.9107438016528926,40,605,46,21005210,0.7865978707430465,0.024644667379834683,0.47534611593653997
T18,record,core,elastic,29,0.8555418814384115,0.5317179444135939,0.40874382392573755,0.5635838150289019,0.930592660292463,0.9616062185575996,0.4738349388180163,0.7470882376606824,0.42780635646228227,0.9017978620019437,0.12180553296350168,0.3899101015682902,0.36923076923076925,0.5217391304347826,0.43243243243243246,0.8958677685950414,65,605,46,21013129,0.7010544078412267,0.11623848886920748,0.46284662909067015
T18,record,core,elastic,29,0.8517075776022941,0.5340677750622376,0.5694249649368864,0.5028901734104048,0.967625140607424,0.9580940447600151,0.5340934005700505,0.7352576570089142,0.49820254164136124,0.9311629413670233,0.12583818047992737,0.40218200477012145,0.5384615384615384,0.45652173913043476,0.49411764705882355,0.9289256198347108,39,605,46,21021048,0.7762465816391851,0.05412593370195794,0.5102098868784845
T18,record,core,elastic,29,0.8325351948645511,0.5054742590561141,0.4864383290437537,0.5072254335260117,0.9544080427446567,0.9578930656741165,0.4966144517433047,0.7308167381353341,0.4528998193417687,0.9193229672821511,0.12975570019545693,0.40732646284616564,0.45652173913043476,0.45652173913043476,0.45652173913043476,0.9173553719008265,46,605,46,21028967,0.7687472597197685,0.06636530906612123,0.46142603980571784
T18,record,core,elastic,29,0.8129923884378978,0.44515255759189454,0.36145689257722463,0.48554913294797697,0.9269720191226092,0.9548820451541647,0.4144128270636949,0.706260576035293,0.361242997216192,0.892338840298024,0.12747706017049995,0.4051516898191168,0.3333333333333333,0.43478260869565216,0.37735849056603776,0.8909090909090909,60,605,46,21036886,0.6878908531698218,0.09860491905835561,0.46520835199091287
T18,record,core,elastic,29,0.8592386595642308,0.5209651057289876,0.4200204888043322,0.592485549132948,0.9303465973003372,0.9640482998524775,0.4915646141988526,0.7614160732166426,0.44811104555843206,0.9038386783284744,0.12730297942778124,0.4032975621548348,0.38461538461538464,0.5434782608695652,0.45045045045045046,0.8991735537190083,65,605,46,21044805,0.6911066415199079,0.062434915340625806,0.4581180873563251
T21,record,core,lda,29,0.532722721299129,0.18992218083331042,0.04170922710248552,0.16666666666666666,0.9066036170565782,0.9780725306984568,0.06672113289760348,0.5366351418616224,0.038071183415012165,0.8889860706187238,0.020059959699245095,0.20226252647003093,0.034482758620689655,0.15384615384615385,0.056338028169014086,0.8892561983471075,58,605,13,20260824,0.5026688754754386,0.498566108930248,0.2149941610381544
T21,record,core,lda,29,0.32282124619108427,0.017758411870827075,0.015202189115232627,0.23809523809523803,0.6238095238095236,0.9710721388537334,0.02857959416976285,0.4309523809523808,-0.04353676546486606,0.6146258503401361,0.025153313760532647,0.291023542197691,0.013215859030837005,0.23076923076923078,0.025,0.6132231404958678,227,605,13,20268743,0.5049270149706578,0.49795772603826227,0.21679264446877491
T21,record,core,lda,29,0.3460691438790021,0.01815972413463753,0.014806378132118493,0.3095238095238095,0.49767711962833916,0.9672686230248306,0.028260869565217468,0.40360046457607435,-0.058787099961547615,0.4931972789115647,0.02540271471793449,0.27735741672558745,0.013377926421404682,0.3076923076923077,0.02564102564102564,0.4975206611570248,299,605,13,20276662,0.341783439795679,0.40762912231464615,0.1618729531797592
T21,record,core,lda,29,0.4993280238924854,0.19887086500234155,0.032497678737233145,0.40476190476190466,0.706089264974282,0.9798531003200478,0.060164821275089896,0.5554255848680933,0.03700132843091957,0.6989148040168449,0.023339542057398435,0.22179582851564747,0.027777777777777776,0.38461538461538464,0.05181347150259067,0.6975206611570248,180,605,13,20284581,0.5049860904312556,0.4995267106652847,0.17560612843996568
T21,record,core,lda,29,0.5312823774496265,0.18838108224571753,0.032141313742437415,0.40476190476190466,0.7027210884353735,0.9797584898676783,0.05955359823841471,0.5537414965986391,0.03576348012253598,0.6956268221574344,0.020071208832780747,0.19606351529417404,0.0273224043715847,0.38461538461538464,0.05102040816326531,0.6925619834710743,183,605,13,20292500,0.5038041148327659,0.49872894364982856,0.16357372492596514
T21,record,core,lda,29,0.5265206043702826,0.2032204831647813,0.031615302869288084,0.40476190476190466,0.6976107516177198,0.9796132339235787,0.05864958107442106,0.5511863281898122,0.033904205325329916,0.6906381600259153,0.02257486290918982,0.2024771907506121,0.026737967914438502,0.38461538461538464,0.05,0.6859504132231405,187,605,13,20300419,0.504760992164847,0.49966910556637684,0.21206166186171524
T21,record,core,lda,29,0.5146388869136522,0.1880438441995561,0.03181209337925765,0.45238095238095233,0.664194458271113,0.9802870016651972,0.059443997497095,0.5582877053260327,0.03755605108801637,0.659151279559443,0.020492475246411235,0.20423311460213361,0.029411764705882353,0.46153846153846156,0.055299539170506916,0.6611570247933884,204,605,13,20308338,0.4971515487116958,0.4990424061973415,0.15753196385675636
T21,record,core,lda,29,0.3023733147924309,0.017728327052830378,0.010201107548819604,0.07142857142857141,0.8309606769537077,0.973467840690419,0.0178525886253507,0.45119462419113954,-0.039926009531080026,0.81287657920311,0.024826509349790245,0.29223559090400447,0.010101010101010102,0.07692307692307693,0.017857142857142856,0.8181818181818182,99,605,13,20316257,0.751823826427704,0.43068399961187853,0.29136851957241705
T21,record,core,lda,29,0.331598415595431,0.017971705404659984,0.015797788309636684,0.23809523809523805,0.6382113821138207,0.9717064544650751,0.02962962962962969,0.43815331010452935,-0.03931465940642307,0.6286848072562359,0.024589574364137605,0.2954512787843475,0.013574660633484163,0.23076923076923078,0.02564102564102564,0.6231404958677685,221,605,13,20324176,0.5050816494535139,0.4978037666963685,0.21818366881644566
T21,record,core,lda,29,0.5288802241763935,0.20265567479403898,0.022988505747126495,0.4761904761904761,0.5063879210220669,0.9753914988814317,0.04385964912280712,0.4912891986062715,-0.005312524435594004,0.5056689342403629,0.021186702920811925,0.20515898641066285,0.020134228187919462,0.46153846153846156,0.03858520900321544,0.5057851239669422,298,605,13,20332095,0.5041397008909589,0.5003890985974261,0.2104792680032659
T21,record,core,lda,29,0.47983097226502075,0.19313778315156443,0.02371134020618564,0.5476190476190476,0.45005807200929177,0.9760705289672543,0.04545454545454559,0.4988385598141697,-0.0007118228820921721,0.4523809523809524,0.020395855789080947,0.21471805380828585,0.02108433734939759,0.5384615384615384,0.04057971014492753,0.45289256198347105,332,605,13,20340014,0.2541101514412587,0.4343250942495521,0.13625596069936807
T21,record,core,lda,29,0.3495601802470914,0.018690332764608873,0.0,0.0,0.914982578397212,0.9740356083086051,0.0,0.457491289198606,-0.04698324845183956,0.8931972789115646,0.02601302285559311,0.2908748589648507,0.0,0.0,0.0,0.8909090909090909,53,605,13,20347933,0.7559296397286384,0.4254360729949154,0.29001068414558157
T21,record,core,lda,29,0.5481580243402059,0.1911146694700903,0.03309888291270177,0.3809523809523809,0.7285714285714281,0.9796970170232702,0.060905976398934275,0.5547619047619046,0.037436021520363974,0.720294784580499,0.020463880877087677,0.18994582284075817,0.03067484662576687,0.38461538461538464,0.056818181818181816,0.7256198347107438,163,605,13,20355852,0.4987481897003048,0.4975542342233274,0.20346569243225276
T21,record,core,lda,29,0.5220426072093587,0.19830295093400424,0.031250000000000076,0.3333333333333333,0.747967479674796,0.9787234042553191,0.05714285714285727,0.5406504065040647,0.028475355562595214,0.7380952380952382,0.022941540369378483,0.21100451819406976,0.026490066225165563,0.3076923076923077,0.04878048780487805,0.7421487603305785,151,605,13,20363771,0.7520656911191937,0.432170302656097,0.2398392233357268
T21,record,core,lda,29,0.3096537802112733,0.01749360356879027,0.021800741225201713,0.4761904761904761,0.4788617886178858,0.9740137018662887,0.041692724619553985,0.47752613240418096,-0.013716096512974245,0.47879818594104323,0.025655485097924802,0.299153722240746,0.019230769230769232,0.46153846153846156,0.036923076923076927,0.4826446280991736,312,605,13,20371690,0.05635768079052676,0.06679290964921801,0.13894110487189082
T21,record,core,lda,29,0.31138527420259854,0.017362872298389766,0.0,0.0,0.9584702173552346,0.975184428651012,0.0,0.4792351086776173,-0.03210273016939806,0.935649497894396,0.025276707680547107,0.29648582277779717,0.0,0.0,0.0,0.9338842975206612,27,605,13,20379609,0.7625386766664308,0.4120894879970965,0.3010004189320286
T21,record,core,lda,29,0.5119079222862216,0.1872348272937533,0.0461567445365486,0.16666666666666666,0.9159946905591501,0.978292458179756,0.07229271171437,0.5413306786129084,0.04495558118430681,0.8981535471331392,0.021446678025483747,0.20016223115475215,0.038461538461538464,0.15384615384615385,0.06153846153846154,0.8991735537190083,52,605,13,20387528,0.7490801445972801,0.43353235430933,0.2406105533483535
T21,record,core,lda,29,0.5502008159051476,0.1916618653493806,0.026006331976481323,0.5476190476190474,0.49976771196283426,0.9783992723965439,0.04965457685664956,0.5236933797909409,0.014448782482875193,0.5009070294784581,0.020175337173752573,0.186681714965536,0.02280130293159609,0.5384615384615384,0.04375,0.49421487603305786,307,605,13,20395447,0.25242776242425463,0.43151649350245036,0.12897710484547148
T21,record,core,lda,29,0.5688590496206241,0.193131436456373,0.5645161290322581,0.16666666666666666,0.9968641114982578,0.9800182690111896,0.25735294117647056,0.5817653890824622,0.2984093394141864,0.9770975056689344,0.021603503445127646,0.18384030606141055,0.5,0.15384615384615385,0.23529411764705882,0.9785123966942149,4,605,13,20403366,0.7819538039039098,0.3729022551216866,0.2688373720238306
T21,record,core,lda,29,0.3004045288266319,0.018018541684559644,0.010662063363119428,0.07142857142857141,0.8383441181350583,0.9736953673013179,0.018554514931966797,0.45488634478181483,-0.03756843035664809,0.8200842241658569,0.02457272991554713,0.29083210279345845,0.010101010101010102,0.07692307692307693,0.017857142857142856,0.8181818181818182,99,605,13,20411285,0.5075666822740346,0.4889385053914241,0.2123625043813649
T21,record,core,lda,29,0.3422107131664143,0.018674546290115644,0.0,0.0,0.9693379790940766,0.9754558204768583,0.0,0.4846689895470383,-0.027433084873148314,0.9462585034013608,0.027223034351861,0.2910149529940136,0.0,0.0,0.0,0.947107438016529,19,605,13,20419204,0.773949862165622,0.3939038376027191,0.3087978368160601
T21,record,core,lda,29,0.5296871749086799,0.19812014970123087,0.03211009174311934,0.3333333333333333,0.7549361207897788,0.9789156626506024,0.05857740585774071,0.5441347270615561,0.03119675178010235,0.7448979591836736,0.020496883335507757,0.19860197071915747,0.02631578947368421,0.3076923076923077,0.048484848484848485,0.740495867768595,152,605,13,20427123,0.7503783541332368,0.4331118446486535,0.23949809884227372
T21,record,core,lda,29,0.5343540048617215,0.1901007572540908,0.02344394064303384,0.3095238095238095,0.6855317736850833,0.9760228668619483,0.043586550435865574,0.4975277916044464,-0.0016236766689396573,0.6765792031098155,0.020247721674450783,0.20269621848226663,0.020833333333333332,0.3076923076923077,0.03902439024390244,0.6743801652892562,192,605,13,20435042,0.5028749361389062,0.5000099928043781,0.21169073283711554
T21,record,core,lda,29,0.5376460688805158,0.18927966143741262,0.03463203463203472,0.3809523809523809,0.7409988385598136,0.9800307219662057,0.06349206349206366,0.5609756097560973,0.04228641683290226,0.7324263038548754,0.02035609174926216,0.18806520354986025,0.03225806451612903,0.38461538461538464,0.05952380952380952,0.7388429752066116,155,605,13,20442961,0.5275494253485793,0.4710852090845633,0.24096887760615154
T21,record,core,lda,29,0.5214276496506485,0.19982052772006556,0.023340515030265838,0.6190476190476191,0.3682097229135561,0.9753867791842474,0.044984922635820074,0.4936286709805876,-0.004027114923675644,0.3741820537738905,0.020576979233259896,0.20511012032147458,0.021052631578947368,0.6153846153846154,0.04071246819338423,0.3768595041322314,380,605,13,20450880,0.013410085202424355,0.02336578820229954,0.053344899654422656
T21,record,core,lda,29,0.3309023415792974,0.01814878094651983,0.016398819285011537,0.23809523809523805,0.6516840882694539,0.9722751689481891,0.030684258975145852,0.44488966318234596,-0.03533214749400434,0.6418367346938776,0.02829471136094071,0.31784074751085484,0.014492753623188406,0.23076923076923078,0.02727272727272727,0.6462809917355372,207,605,13,20458799,0.5057640606026643,0.49551253474755147,0.21358902719595407
T21,record,core,lda,29,0.3451993805652362,0.018627603638576573,0.017537097706687266,0.3095238095238095,0.5770698523311761,0.9716440843693251,0.03319350720408543,0.44329683092749284,-0.03502745385861036,0.5706997084548106,0.024655195651692965,0.28513149583048086,0.015810276679841896,0.3076923076923077,0.03007518796992481,0.5735537190082645,253,605,13,20466718,0.2604964552808272,0.43071720321266554,0.14318388185113998
T21,record,core,lda,29,0.5129607243594323,0.20286164666619563,0.35714285714285704,0.23809523809523803,0.9895470383275262,0.9815668202764977,0.28571428571428564,0.6138211382113822,0.2776772263153086,0.9716553287981862,0.02069897421054532,0.19721255507309937,0.3333333333333333,0.23076923076923078,0.2727272727272727,0.9735537190082645,9,605,13,20474637,0.5867813650031296,0.4218943205879999,0.2458369035444134
T21,record,core,lda,29,0.5361309293365057,0.1897572538581245,0.024352446313925268,0.5238095238095237,0.48815331010452995,0.9767603997211248,0.04654114660461198,0.5059814169570269,0.003648669934265379,0.4890022675736962,0.02065726596673417,0.1928135843126772,0.022950819672131147,0.5384615384615384,0.0440251572327044,0.4975206611570248,305,605,13,20482556,0.2526136966555631,0.42955030886179685,0.12820416617437827
T21,record,core,lda,29,0.34128379962128297,0.01818067887423265,0.0,0.0,0.8397212543554001,0.9717741935483869,0.0,0.41986062717770006,-0.06726066348819228,0.8197278911564627,0.024555230215411946,0.2771439691645483,0.0,0.0,0.0,0.8198347107438017,96,605,13,20490475,0.7516712658376955,0.4309487526975183,0.29220580595199913
T21,record,core,lda,29,0.536625792399811,0.18988286015471573,0.03175704526046122,0.40476190476190466,0.6990044798407162,0.9796530555297182,0.05889339800059402,0.5518831923013106,0.03440908175102019,0.6919987042436022,0.021751962447593743,0.1982155980005406,0.0273224043715847,0.38461538461538464,0.05102040816326531,0.6925619834710743,183,605,13,20498394,0.26660840546175024,0.42923721734961123,0.1667644617401993
T21,record,core,lda,29,0.5074507309698961,0.1880083588357466,0.025261952761392897,0.6904761904761904,0.3501908080305297,0.9788970826956077,0.048740666042402216,0.5203334992533601,0.013005210060557975,0.35829284094590225,0.02266196806731794,0.2227957951938703,0.022900763358778626,0.6923076923076923,0.04433497536945813,0.3586776859504132,393,605,13,20506313,0.0027654550270134683,0.004279496972698948,0.06056899388631568
T21,record,core,lda,29,0.5151769418568839,0.18883152530089056,0.026846546045210563,0.40476190476190466,0.6421436867429895,0.9778911994340147,0.05035331951085361,0.5234527957524471,0.014907271853115725,0.6364917395529641,0.021117584301896315,0.20937893276253997,0.02304147465437788,0.38461538461538464,0.043478260869565216,0.6363636363636364,217,605,13,20514232,0.2545008935152232,0.43409614794342627,0.141562323935972
T21,record,core,lda,29,0.33103290483828285,0.019922710999246314,0.020851205795443813,0.5952380952380951,0.31825120292019293,0.9699130258899675,0.04029101625454731,0.4567446490791441,-0.02826646067236736,0.32484612892776166,0.02577731819112108,0.2907616537628619,0.019230769230769232,0.6153846153846154,0.037296037296037296,0.31735537190082647,416,605,13,20522151,0.2504129138159271,0.4326572615469631,0.1296425509522258
T21,record,core,lda,29,0.5281017168772284,0.19579377592787922,0.03824476650563615,0.45238095238095233,0.7225319396051099,0.9818497474747473,0.0705270972531553,0.5874564459930312,0.059285660604932164,0.7160997732426305,0.0212702275487499,0.19138243110538913,0.03550295857988166,0.46153846153846156,0.06593406593406594,0.71900826446281,169,605,13,20530070,0.5016333297032122,0.49634673418334846,0.20358491174225676
T21,record,core,lda,29,0.32354010129022753,0.017879768238007104,0.01560271041369475,0.23809523809523803,0.6336153973784631,0.971507072351684,0.029286252196468965,0.43585531773685054,-0.04066543713813362,0.624198250728863,0.02512172709460351,0.2933522821044946,0.013513513513513514,0.23076923076923078,0.02553191489361702,0.6214876033057851,222,605,13,20537989,0.5039674762615125,0.4972843844861972,0.21580254758849104
T21,record,core,lda,29,0.543239549013568,0.19180899249822353,0.03278056305437727,0.40476190476190466,0.7087108013937277,0.9799261281515979,0.0606493043168036,0.5567363530778162,0.037971866393765194,0.7014739229024944,0.021292984701299568,0.1917934376339069,0.027777777777777776,0.38461538461538464,0.05181347150259067,0.6975206611570248,180,605,13,20545908,0.2578006459841873,0.4303674291218583,0.1294862141956379
T21,record,core,lda,29,0.5151201866732004,0.19986543819313915,0.10903426791277253,0.23809523809523803,0.9525468724074994,0.9808645139244832,0.14957264957264949,0.5953210552513687,0.13091406914873366,0.9355361192095887,0.020496989139748935,0.20220381494564724,0.0967741935483871,0.23076923076923078,0.13636363636363635,0.9371900826446281,31,605,13,20553827,0.5109046670436147,0.4919840262158294,0.22808990151446987
T21,record,core,lda,29,0.5387123025749224,0.19286916827603728,0.18817204301075263,0.16666666666666666,0.9824622531939605,0.9797312948807041,0.17676767676767674,0.5745644599303136,0.15823793293880697,0.9630385487528345,0.021446205023020647,0.1898158515646784,0.15384615384615385,0.15384615384615385,0.15384615384615385,0.9636363636363636,13,605,13,20561746,0.7256829666223191,0.4129851127558278,0.25075655324048707
T21,record,core,lda,29,0.5155043047029124,0.19922010850463456,0.11797752808988764,0.16666666666666666,0.9696089818041036,0.9794681267109893,0.13815789473684212,0.5681378242353852,0.11523658185944374,0.9504913076341648,0.021922556893811316,0.2134877281591151,0.09523809523809523,0.15384615384615385,0.11764705882352941,0.9504132231404959,21,605,13,20569665,0.5491553405662577,0.4568969480549639,0.2373045420403516
T21,record,core,lda,29,0.36575068277407946,0.019065376742659422,0.009541984732824447,0.07142857142857141,0.8191637630662015,0.973096026490066,0.016835016835016866,0.44529616724738647,-0.043583651299902514,0.8013605442176871,0.023979099337436843,0.2746059811610251,0.009009009009009009,0.07692307692307693,0.016129032258064516,0.7983471074380165,111,605,13,20577584,0.7516074482192817,0.4310595015573143,0.29016181664151597
T21,record,core,lda,29,0.5192452745713091,0.19447217416165824,0.0229357798165139,0.7142857142857142,0.25783972125435595,0.9736842105263157,0.04444444444444471,0.4860627177700351,-0.009706507974755486,0.26870748299319724,0.02050632551335205,0.20485254762510732,0.01991150442477876,0.6923076923076923,0.03870967741935484,0.2611570247933884,452,605,13,20585503,0.2528925669256198,0.43502955948176636,0.13084860247668126
T21,record,core,lda,29,0.5281886273673249,0.2009250602721055,0.043154178109062497,0.5238095238095237,0.7167247386759577,0.9840535799712964,0.07973903588256635,0.6202671312427408,0.08089745375314658,0.7121315192743765,0.021234294997753197,0.20143723348651638,0.04046242774566474,0.5384615384615384,0.07526881720430108,0.715702479338843,173,605,13,20593422,0.2525191203182984,0.42957237631825873,0.1357956775345689
T21,record,core,lda,29,0.505108361579244,0.18882430983005316,0.028587443946188427,0.40476190476190466,0.6645373596593105,0.9786202964652223,0.0534031413612567,0.5346496322106076,0.022349297721625066,0.6583522297808012,0.022372687892151657,0.2172155777544186,0.024875621890547265,0.38461538461538464,0.04672897196261682,0.6628099173553719,201,605,13,20601341,0.2573267220945839,0.43434861085329957,0.13695879083765963
T21,record,core,lda,29,0.3111236209543843,0.018044418184452342,0.01965188096574965,0.28571428571428564,0.6523643603782975,0.9739892984542211,0.03677436301549789,0.4690393230462916,-0.019843053685604392,0.6436345966958212,0.024240208185149225,0.29963433833314085,0.01904761904761905,0.3076923076923077,0.03587443946188341,0.6446280991735537,210,605,13,20609260,0.5005301729603527,0.4974291027791118,0.21207173111581987
T21,record,core,lda,29,0.3027307012623111,0.01744054482623834,0.02079125579184988,0.3571428571428571,0.5897461423593826,0.9741017840993176,0.03929493656674535,0.4734444997511199,-0.016469236803271507,0.5842079689018466,0.023956896406878987,0.29390939102221003,0.020491803278688523,0.38461538461538464,0.038910505836575876,0.5917355371900826,244,605,13,20617179,0.4976214422145787,0.4986621245704434,0.2045577627909551
T21,record,core,lda,29,0.4990031630151108,0.20000887204191342,0.09887005649717513,0.16666666666666666,0.9629500580720093,0.9793290810300023,0.12411347517730494,0.564808362369338,0.10067728683105458,0.9439909297052156,0.021803114332143447,0.21709811705453466,0.09090909090909091,0.15384615384615385,0.11428571428571428,0.9487603305785124,22,605,13,20625098,0.5139617661905236,0.48891409671541547,0.2172139221488401
T21,record,core,lda,29,0.5186820682589742,0.1887460022828801,0.038864213197969545,0.16666666666666666,0.8994690559150483,0.9779024460639294,0.06303061487007976,0.5330678612908575,0.03329977665941611,0.8820213799805637,0.021616208176051237,0.2012716987832505,0.031746031746031744,0.15384615384615385,0.05263157894736842,0.8809917355371901,63,605,13,20633017,0.5028496482704254,0.4983860202257882,0.2190088463907264
T21,record,core,lda,29,0.5062774393535989,0.19491629433608365,0.038321903993545875,0.45238095238095233,0.723112659698025,0.9818640592966408,0.07065823726292318,0.5877468060394887,0.05951896849818986,0.7166666666666667,0.021248966748128848,0.19775942575816863,0.03571428571428571,0.46153846153846156,0.06629834254143646,0.7206611570247934,168,605,13,20640936,0.5027180813538232,0.4968972313161013,0.21137109921324243
T21,record,core,lda,29,0.5146046494478571,0.20283326850315742,0.0247863247863249,0.6904761904761906,0.33739837398374034,0.978114478114478,0.047854785478548066,0.5139372822299655,0.008992141983086585,0.34580498866213155,0.020406956966432983,0.20355338882307328,0.022388059701492536,0.6923076923076923,0.043373493975903614,0.343801652892562,402,605,13,20648855,0.24963087578504753,0.43310651949628665,0.125978882071241
T21,record,core,lda,29,0.5174483343472909,0.21310454522623937,0.024483713008303248,0.5476190476190476,0.4678281068524972,0.9769585253456221,0.046871815773385096,0.5077235772357724,0.004720008330275879,0.46972789115646263,0.021299975455699765,0.19496881941911562,0.021739130434782608,0.5384615384615384,0.041791044776119404,0.46942148760330576,322,605,13,20656774,0.2501863270666526,0.43278700229132677,0.13337152747685443
T21,record,core,lda,29,0.513167729344934,0.21089898944239113,0.02915766738660916,0.6428571428571428,0.4779326364692217,0.9821002386634844,0.05578512396694231,0.5603948896631823,0.03687600829086217,0.481859410430839,0.019969147591893253,0.20181452292785818,0.025806451612903226,0.6153846153846154,0.04953560371517028,0.4925619834710744,310,605,13,20664693,0.016635744064587607,0.021871996636426437,0.08907098386211086
T21,record,core,lda,29,0.3730271977160994,0.019020059902938584,0.018155410312273156,0.4761904761904761,0.3718931475029042,0.9667874396135265,0.03497726477789455,0.4240418118466902,-0.047827060089215355,0.37437641723356013,0.024871834091188635,0.27186403573855566,0.0158311345646438,0.46153846153846156,0.030612244897959183,0.371900826446281,379,605,13,20672612,0.17800511060936877,0.30197315877562514,0.1365701362679333
T21,record,core,lda,29,0.5244704385819384,0.18902034168427478,0.030067209055535973,0.40476190476190466,0.6815331010452956,0.9791423327215084,0.0559762923938098,0.5431475029036001,0.02819108832825923,0.6749433106575964,0.021088303367023543,0.2043696197799572,0.026041666666666668,0.38461538461538464,0.04878048780487805,0.6776859504132231,192,605,13,20680531,0.46224626433001603,0.4624177526652688,0.16738229352815076
T21,record,core,lda,29,0.4891672658223196,0.1973182132960637,0.022841747686541,0.3095238095238095,0.6770421989934181,0.9757295095687104,0.042543907494273045,0.4932830042586138,-0.004381063553981167,0.6682917611489041,0.021138254375393132,0.21810387984178015,0.02040816326530612,0.3076923076923077,0.03827751196172249,0.6677685950413224,196,605,13,20688450,0.5029238922067522,0.4999608414331645,0.21108928192310483
T21,record,core,lda,29,0.5264760956647487,0.1935623384468607,0.029535864978903034,0.3333333333333333,0.7328687572590006,0.9782945736434108,0.054263565891473006,0.533101045296167,0.02276821044904848,0.723356009070295,0.023553641147430346,0.2124685624790235,0.024390243902439025,0.3076923076923077,0.04519774011299435,0.7206611570247934,164,605,13,20696369,0.50794998251346,0.49496565328794295,0.21807125394644514
T21,record,core,lda,29,0.4978968978222361,0.20143567886163272,0.14285714285714282,0.16666666666666666,0.9756097560975608,0.9795918367346937,0.15384615384615383,0.5711382113821137,0.1319909193371104,0.9563492063492064,0.020441610776936427,0.20932148352470584,0.125,0.15384615384615385,0.13793103448275862,0.9586776859504132,16,605,13,20704288,0.5191018584623401,0.48386258182065484,0.22157778154270558
T21,record,core,lda,29,0.3476255000645265,0.019178370862214564,0.007159904534606222,0.07142857142857141,0.7584204413472702,0.9710037174721188,0.013015184381778771,0.4149245063879208,-0.06095474774745354,0.7420634920634922,0.02447805186416391,0.2866581432626031,0.00684931506849315,0.07692307692307693,0.012578616352201259,0.740495867768595,146,605,13,20712207,0.7521565283161747,0.43201293782305245,0.2870786782724571
T21,record,core,lda,29,0.5273778578407764,0.1917620863549403,0.05221542592868864,0.23809523809523803,0.8945910071345605,0.9796500536003051,0.08564786492108159,0.5663431226148993,0.06502392506723123,0.8789601554907678,0.021836702748370657,0.20646368812698973,0.046153846153846156,0.23076923076923078,0.07692307692307693,0.8809917355371901,65,605,13,20720126,0.49122936076440765,0.486048849909358,0.21481566542700858
T21,record,core,lda,29,0.4964510233051812,0.19743857575927143,0.04165958170379187,0.16666666666666666,0.9064874730379952,0.9780697828460944,0.06665759760576792,0.5365770698523309,0.03799058686788832,0.8888726919339166,0.020513411851624176,0.20874163657900785,0.03333333333333333,0.15384615384615385,0.0547945205479452,0.8859504132231405,60,605,13,20728045,0.10302339143877218,0.13609686859442327,0.12948265878075937
T21,record,core,lda,29,0.5234355453369903,0.18984716907924404,0.023068732994203308,0.3095238095238095,0.6802942315137434,0.9758427278280667,0.04293735549928449,0.49490902051877644,-0.003329183268710301,0.6714663643235074,0.02070683856933415,0.20154151263482253,0.020833333333333332,0.3076923076923077,0.03902439024390244,0.6743801652892562,192,605,13,20735964,0.4912314287031017,0.4894128584825704,0.21303172021866454
T21,record,core,lda,29,0.5269132817664441,0.18932426820038822,0.033378746594005464,0.16666666666666666,0.882279741164758,0.9774816176470587,0.05561861520998867,0.5244732039157124,0.023055928030356426,0.8652413346290898,0.02151967913690532,0.20638683528065435,0.029411764705882353,0.15384615384615385,0.04938271604938271,0.8727272727272727,68,605,13,20743883,0.5037597455234877,0.4974831206102539,0.21523495969853937
T21,record,core,lda,29,0.33999475903408394,0.018649662426547677,0.017269518351235476,0.3095238095238095,0.5703998672639785,0.9713220128273952,0.032713808102958694,0.439961838393894,-0.03701198440439507,0.5641885325558795,0.023918148620317423,0.28233061000547977,0.015267175572519083,0.3076923076923077,0.02909090909090909,0.5586776859504132,262,605,13,20751802,0.5034394364532891,0.4994437753990667,0.2118750724477135
T21,record,core,lda,29,0.33894353715160314,0.017986149757292645,0.0,0.0,0.9982578397212543,0.9761499148211243,0.0,0.49912891986062713,-0.00644598099929876,0.9744897959183674,0.025222545500551606,0.2823587366946868,0.0,0.0,0.0,0.9768595041322314,1,605,13,20759721,0.7843988811439012,0.37581168291481154,0.30446529129914707
T21,record,core,lda,29,0.5020542479477285,0.18766674677709225,0.06855064353665359,0.16666666666666666,0.9447652231624356,0.9789395867001339,0.09714512291831877,0.5557159449145511,0.0727456260108094,0.9262390670553937,0.020343979559766676,0.20690230201240242,0.05714285714285714,0.15384615384615385,0.08333333333333333,0.9272727272727272,35,605,13,20767640,0.7499594144090356,0.43199123959786356,0.2525782677220181
T21,record,core,lda,29,0.49221953589798506,0.1935750881551612,0.029801201920110654,0.5476190476190476,0.5651678557601901,0.9808510025627981,0.056526267744918056,0.5563934516896188,0.034661638129057946,0.564750026994925,0.020435662586118404,0.20872930892218325,0.026515151515151516,0.5384615384615384,0.05054151624548736,0.5652892561983471,264,605,13,20775559,0.2517722521680854,0.43001016893332356,0.13191230467671033
T21,record,core,lda,29,0.3180702710817219,0.018934028856935278,0.022411474675033675,0.23809523809523805,0.7466898954703827,0.9757171042646834,0.040966816878328656,0.49239256678281035,-0.0053360492384059875,0.7345804988662132,0.025132439666571783,0.2946392096426536,0.019736842105263157,0.23076923076923078,0.03636363636363636,0.7371900826446282,152,605,13,20783478,0.520782402157038,0.4812495628428506,0.2185744165366175
T21,record,core,lda,29,0.3113822455037012,0.01745481240287857,0.0,0.0,0.8611747137879536,0.9724579843741216,0.0,0.4305873568939768,-0.06183468445880023,0.8406705539358602,0.02462284388497516,0.2985579927086698,0.0,0.0,0.0,0.8380165289256198,85,605,13,20791397,0.5311448472874704,0.47292552753731915,0.23655053439396503
T21,record,core,lda,29,0.5106776121211182,0.19405331648334606,0.02770083102493085,0.3333333333333333,0.7146341463414629,0.9777530589543937,0.05115089514066514,0.5239837398373981,0.016174342544036754,0.7055555555555557,0.02123673733288437,0.20661892844033222,0.023121387283236993,0.3076923076923077,0.043010752688172046,0.7057851239669422,173,605,13,20799316,0.5034210251522355,0.4994622464940442,0.2135461796148243
T21,record,core,lda,29,0.5507137194792759,0.19141228999928248,0.03057757644394121,0.6428571428571428,0.5029036004645762,0.9829738933030646,0.05837837837837855,0.5728803716608595,0.04444403563387712,0.5062358276643992,0.020362871276464863,0.18441494847336856,0.02631578947368421,0.6153846153846154,0.050473186119873815,0.5024793388429752,304,605,13,20807235,0.021639863092119543,0.021728292162479113,0.07003208482938099
T21,record,core,lda,29,0.5246749415987859,0.20663615138705124,0.022753128555176395,0.4761904761904761,0.5011614401858303,0.9751412429378531,0.043431053203040276,0.48867595818815324,-0.006905682479400996,0.5005668934240365,0.021273947722421555,0.2079958837902791,0.019933554817275746,0.46153846153846156,0.03821656050955414,0.5008264462809917,301,605,13,20815154,0.26459197675120993,0.4304034474304565,0.13383853253807954
T21,record,core,lda,29,0.3178051940869282,0.017868445588067022,0.0,0.0,0.978214700514352,0.97567312625151,0.0,0.489107350257176,-0.023021038859278233,0.9549238743116295,0.024303832742466787,0.2862820068162341,0.0,0.0,0.0,0.9570247933884297,13,605,13,20823073,0.7591820611043353,0.41607856415672567,0.2918610497874209
T21,record,core,lda,29,0.5160528942510049,0.19568801697846414,0.025908991944263063,0.40476190476190466,0.6288369006139037,0.9774339136041263,0.04870063433599355,0.5167994026879043,0.01059800136393885,0.623501781665047,0.020383949572369317,0.19813676343980338,0.022935779816513763,0.38461538461538464,0.04329004329004329,0.6347107438016529,218,605,13,20830992,0.5027082635587671,0.5001774269006026,0.21048606388727895
T21,record,core,lda,29,0.5245441808159595,0.19944551523161572,0.025190839694656582,0.5238095238095237,0.5056136275648473,0.9775449101796407,0.04806991988346703,0.5147115756871856,0.008971866175655355,0.5060468631897204,0.020894184904048686,0.1894404056248936,0.023178807947019868,0.5384615384615384,0.044444444444444446,0.5024793388429752,302,605,13,20838911,0.4975224439064374,0.5004057985103364,0.2016174556977114
T21,record,core,lda,29,0.5303620480325327,0.19531910135252556,0.024024024024024163,0.761904761904762,0.24506387921022124,0.9768518518518519,0.04657933042212544,0.5034843205574916,0.0024705595803890803,0.25736961451247165,0.023056598348553784,0.21192125298458697,0.02197802197802198,0.7692307692307693,0.042735042735042736,0.25950413223140495,455,605,13,20846830,0.24793393307837142,0.43217051860830696,0.12396777545888514
T21,record,core,lda,29,0.5175664536042852,0.1946786822564139,0.03211009174311936,0.3333333333333333,0.7549361207897787,0.9789156626506024,0.05857740585774074,0.544134727061556,0.031196751780102547,0.7448979591836736,0.022503472558710345,0.21118737135098903,0.026490066225165563,0.3076923076923077,0.04878048780487805,0.7421487603305785,151,605,13,20854749,0.7519420661108529,0.43209930998367624,0.23970389677667744
T21,record,core,lda,29,0.34231895623135256,0.018526915412617067,0.02228447726983332,0.8333333333333333,0.10824622531939669,0.9638055842812824,0.04340816073421829,0.47078977932636495,-0.02850657368568149,0.1255102040816327,0.024609464546665794,0.2836391711881168,0.020560747663551402,0.8461538461538461,0.040145985401459854,0.1305785123966942,535,605,13,20862668,0.0019553088760866735,0.0034082578012807198,0.050208502383853174
T21,record,core,lda,29,0.5597936270907911,0.21026691215199292,0.056707241078476196,0.3095238095238095,0.8744206625739721,0.9811044437135819,0.09585337593483377,0.5919722360488908,0.08339814385346238,0.8609707375013499,0.020396651157458735,0.18268391127388114,0.05063291139240506,0.3076923076923077,0.08695652173913043,0.8611570247933884,79,605,13,20870587,0.5004308431415337,0.4975220684585114,0.21410310539114719
T21,record,core,lda,29,0.3437535060481821,0.018136790104211,0.0,0.0,0.9159117305458765,0.9740612648221342,0.0,0.45795586527293825,-0.046702712479421725,0.8941043083900229,0.024316033025069284,0.27948848849244,0.0,0.0,0.0,0.8942148760330578,51,605,13,20878506,0.756044237797769,0.42523631848786636,0.2923569389312415
T21,record,core,lda,29,0.50752144450502,0.20093211472225855,0.03253355022366823,0.3809523809523809,0.7236933797909402,0.9795629617984593,0.05994754589733996,0.5523228803716606,0.03557876758540517,0.7155328798185943,0.022621976890809126,0.2153880227802248,0.030120481927710843,0.38461538461538464,0.055865921787709494,0.7206611570247934,166,605,13,20886425,0.5053529343700286,0.4975340971857445,0.2112587413343238
T21,record,core,lda,29,0.5528120810848554,0.19173763452042766,0.28,0.16666666666666666,0.9895470383275262,0.9798734905117883,0.208955223880597,0.5781068524970965,0.2014839963436783,0.9699546485260773,0.02060592220883592,0.19068418782066457,0.25,0.15384615384615385,0.19047619047619047,0.971900826446281,8,605,13,20894344,0.5584744497332049,0.44574012720463857,0.24059658938158998
T21,record,core,lda,29,0.2808400557280623,0.016780350676413865,0.01817520901490371,0.23809523809523803,0.6862950058072005,0.9736365134289009,0.033772374197906185,0.46219512195121926,-0.024881994873462883,0.67562358276644,0.02441262686797808,0.305363675467616,0.015873015873015872,0.23076923076923078,0.0297029702970297,0.6760330578512397,189,605,13,20902263,0.5100169466672148,0.4945289056569393,0.2184123960865288
T21,record,core,lda,29,0.5097246254289579,0.187432370049103,0.05475268176400475,0.16666666666666666,0.929821359438084,0.978608349437705,0.08242682516541436,0.5482440130523754,0.05673570348089543,0.9116510096101934,0.020857554744475783,0.20244041613413072,0.046511627906976744,0.15384615384615385,0.07142857142857142,0.9140495867768595,43,605,13,20910182,0.5070072480431078,0.4942612715657459,0.22613285605400765
T21,record,core,lda,29,0.5286268669295066,0.19043760622901915,0.023014959723820564,0.47619047619047605,0.5069686411149827,0.9754189944134077,0.043907793633370065,0.4915795586527294,-0.005135522823356214,0.5062358276643991,0.020132035484807225,0.20975076752749536,0.020066889632107024,0.46153846153846156,0.038461538461538464,0.5041322314049587,299,605,13,20918101,0.502462583723345,0.500371326515424,0.20892532688675283
T21,record,core,lda,29,0.5079483593669771,0.19307145696834294,0.029328146042196728,0.6666666666666667,0.4618383938941433,0.9827007943512798,0.05618460656442617,0.564252530280405,0.03931640514780098,0.4667152575315841,0.023503253537375493,0.22902843642065954,0.027522935779816515,0.6923076923076923,0.052941176470588235,0.4677685950413223,327,605,13,20926020,0.01435817525177275,0.020804093488235396,0.057706493532879787
T21,record,core,lda,29,0.5263157063057535,0.19385085600015886,0.026286966046002287,0.5714285714285713,0.4837398373983743,0.9788484136310223,0.05026178010471221,0.5275842044134729,0.01683183666459732,0.4858276643990931,0.022542010499367326,0.20422549963200315,0.022292993630573247,0.5384615384615384,0.04281345565749235,0.4826446280991736,314,605,13,20933939,0.2575080358662918,0.43426030261318305,0.13948057102992684
T21,record,core,lda,29,0.3600472477028001,0.018644921175731237,0.024202420242024274,0.5238095238095237,0.48490127758420465,0.9766081871345029,0.04626708727655113,0.5043554006968642,0.0026572617231313553,0.485827664399093,0.027347494414646827,0.2869892807861072,0.022508038585209004,0.5384615384615384,0.043209876543209874,0.48760330578512395,311,605,13,20941858,0.2699166829001839,0.42272226706592364,0.13160733834736696
T21,record,core,lda,29,0.5364452556090206,0.2119437705831892,0.104384133611691,0.23809523809523803,0.9501742160278744,0.980817647764057,0.14513788098693756,0.5941347270615562,0.1266526465176673,0.9332199546485264,0.020543714114271153,0.18816352557522317,0.08823529411764706,0.23076923076923078,0.1276595744680851,0.9322314049586777,34,605,13,20949777,0.7348753741002015,0.4197486590925016,0.24415491609464568
T21,record,core,lda,29,0.5113107418732123,0.19852409518669237,0.03660637381567624,0.40476190476190466,0.7401858304297324,0.9807633117882425,0.06714060031595594,0.5724738675958185,0.050176653827043456,0.732199546485261,0.019892838371330403,0.19185434649677482,0.031055900621118012,0.38461538461538464,0.05747126436781609,0.7289256198347107,161,605,13,20957696,0.25281087063362945,0.3984453027365335,0.11295080420678608
T21,record,core,lda,29,0.5370154410970751,0.1986160865423809,0.029039463886820608,0.3095238095238095,0.7475803329461861,0.9779691061028107,0.05309734513274346,0.5285520712349978,0.020005458735027425,0.7371504157218444,0.021444764325687517,0.1925138950477875,0.026143790849673203,0.3076923076923077,0.04819277108433735,0.7388429752066116,153,605,13,20965615,0.4982259441158366,0.49970597320406773,0.20453278244007514
T21,record,core,lda,29,0.5250423359432836,0.1880701120925651,0.022996057818659696,0.16666666666666666,0.8272938443670145,0.9760208276240064,0.04041570438799082,0.49698025551684055,-0.002436700540000698,0.8115646258503403,0.021396998740469478,0.2009530551081529,0.019417475728155338,0.15384615384615385,0.034482758620689655,0.8148760330578513,103,605,13,20973534,0.7366085830941845,0.4238928297326574,0.24288639114054375
T21,record,core,lda,29,0.5380419066581354,0.19766700141928997,0.02424242424242437,0.761904761904762,0.2520325203252036,0.9774774774774775,0.04698972099853181,0.5069686411149827,0.004895993839668895,0.264172335600907,0.021872288219797722,0.19092018380278244,0.02207505518763797,0.7692307692307693,0.04291845493562232,0.2628099173553719,453,605,13,20981453,0.2512402586396034,0.4340846121137386,0.12556330475593871
T21,record,core,lda,29,0.4894652634573012,0.1942164348152127,0.03429720808692074,0.45238095238095233,0.6893258116254627,0.980992034757422,0.06376042698712023,0.5708533820032076,0.04654663390171236,0.6836842673577369,0.02048427845673349,0.20637230184008534,0.031578947368421054,0.46153846153846156,0.059113300492610835,0.684297520661157,190,605,13,20989372,0.2611405664463739,0.42677555112026816,0.14485904899546093
T21,record,core,lda,29,0.489392574683766,0.20810228251934154,0.026583524778470733,0.6428571428571428,0.4258614014711578,0.9799554565701558,0.051055783170501294,0.5343592721641504,0.021197860261534793,0.43102796674225247,0.02057765250153398,0.21700968455394962,0.02318840579710145,0.6153846153846154,0.0446927374301676,0.43471074380165287,345,605,13,20997291,0.11427025604411477,0.19406334869012706,0.1379496284051562
T21,record,core,lda,29,0.5089321597783538,0.2066483489434963,0.031890660592255204,0.3333333333333333,0.7531939605110332,0.9788679245283018,0.05821205821205835,0.5432636469221832,0.030510838337811663,0.7431972789115646,0.021124662492501136,0.2176384108230344,0.02631578947368421,0.3076923076923077,0.048484848484848485,0.740495867768595,152,605,13,21005210,0.6844726256176,0.4087546151483205,0.23774850573037729
T21,record,core,lda,29,0.4842127094740354,0.19404529258965741,0.025243418680129897,0.3333333333333333,0.6860627177700346,0.9768480238134611,0.04693261816962802,0.509698025551684,0.00636912281915272,0.6776643990929706,0.02260671050877653,0.23497952069554096,0.021052631578947368,0.3076923076923077,0.03940886699507389,0.6776859504132231,190,605,13,21013129,0.5029250671257,0.49995964236781076,0.21851862129729235
T21,record,core,lda,29,0.5304055032775801,0.19876220235922548,0.02764703946285761,0.5714285714285713,0.5098224655715947,0.9799087922951812,0.0527422848711269,0.540625518500083,0.024777392230406807,0.5112892776158082,0.022201290809423742,0.20889790083482287,0.02348993288590604,0.5384615384615384,0.04501607717041801,0.509090909090909,298,605,13,21021048,0.44028903041683715,0.44799134664417123,0.16253795417813635
T21,record,core,lda,29,0.5346479203373196,0.20610197962864918,0.0229357798165139,0.7142857142857143,0.257839721254356,0.9736842105263157,0.0444444444444447,0.4860627177700352,-0.009706507974755134,0.2687074829931973,0.020322188172016576,0.1987020824288172,0.01991150442477876,0.6923076923076923,0.03870967741935484,0.2611570247933884,452,605,13,21028967,0.2528925669256198,0.43502955948176636,0.13084791411801633
T21,record,core,lda,29,0.502768889204929,0.19248675794542155,0.027151211361737773,0.3095238095238095,0.7295005807200925,0.9774354186118891,0.049923195084485575,0.519512195121951,0.013378730806589724,0.7195011337868481,0.0215808731944843,0.21159877686875184,0.024096385542168676,0.3076923076923077,0.0446927374301676,0.7173553719008264,166,605,13,21036886,0.5072204352493724,0.4956841916561324,0.21427880281696696
T21,record,core,lda,29,0.3156218972296643,0.019164850116979198,0.012489592006661122,0.07142857142857141,0.8622531939605104,0.9744060900380626,0.02126151665485472,0.4668408826945409,-0.02947974274945706,0.8434240362811793,0.02411790540696601,0.29676319020974334,0.012195121951219513,0.07692307692307693,0.021052631578947368,0.8462809917355372,82,605,13,21044805,0.743919714336085,0.42765629692024504,0.28783615608915936
