target,seed,precision_w_challenger,recall_w_challenger,f1_w_challenger,pr_auc_w_challenger,roc_auc_w_challenger,specificity_w_challenger,accuracy_w_challenger,precision_w_incumbent,recall_w_incumbent,f1_w_incumbent,pr_auc_w_incumbent,roc_auc_w_incumbent,specificity_w_incumbent,accuracy_w_incumbent,delta_precision_w,delta_recall_w,delta_f1_w,delta_pr_auc_w,delta_roc_auc_w,delta_specificity_w,delta_accuracy_w
ANY,20260824,0.39458160367052714,0.5098814229249014,0.44488237467668473,0.5153381582904191,0.8164826410744757,0.898602166276346,0.854000647878199,0.3819665183301553,0.5088932806324113,0.4363878465076873,0.4617121210392802,0.7796493128997697,0.8932779566744725,0.8491739552964044,0.012615085340371812,0.0009881422924900019,0.008494528168997428,0.05362603725113885,0.03683332817470597,0.00532420960187352,0.004826692581794578
ANY,20268743,0.3838308224946204,0.5790513833992098,0.4616510044454455,0.527385874342664,0.8027745773396835,0.8795191744730674,0.8450437317784257,0.3416465540359353,0.5395256916996051,0.4183679054238964,0.4794866776641779,0.7626402278821205,0.8652480971896949,0.8278749595076127,0.042184268458685115,0.03952569169960474,0.04328309902154909,0.04789919667848613,0.040134349457563,0.014271077283372513,0.017168772270813037
ANY,20276662,0.3675582398619504,0.42094861660079075,0.39244587747581794,0.4120603287680514,0.7646436012868992,0.9061219262295076,0.8504535147392291,0.3783515392254222,0.3764822134387353,0.3774145616641904,0.3523972493639264,0.7427413895278518,0.9198258196721306,0.8574829931972789,-0.010793299363471787,0.04446640316205547,0.015031315811627532,0.05966307940412496,0.021902211759047385,-0.013703893442623016,-0.007029478458049798
ANY,20284581,0.39318290926548244,0.3468379446640318,0.36855921398034963,0.41576587132424825,0.7769599806710575,0.930620608899297,0.8636378360868158,0.2588793524527254,0.5237154150197632,0.3464861078683172,0.3672589809418713,0.7420653381610374,0.8056754976580789,0.7733236151603501,0.13430355681275702,-0.17687747035573137,0.022073106112032448,0.04850689038237693,0.03489464251002017,0.1249451112412181,0.09031422092646568
ANY,20292500,0.41337467978967257,0.4328063241106721,0.4228673884559688,0.49395657727298986,0.7745030638871406,0.92039300351288,0.8644476838354391,0.3441899558730831,0.4624505928853756,0.3946512468377308,0.3387121197884172,0.7117011275023682,0.8857947892271657,0.8372206025267251,0.06918472391658947,-0.029644268774703497,0.02821614161823799,0.15524445748457266,0.06280193638477238,0.0345982142857143,0.027227081308713985
ANY,20300419,0.5064729574223247,0.4970355731225299,0.5017098888572246,0.48228043562974926,0.8066953329657691,0.9372255562060886,0.8867184969225786,0.5508731082654248,0.3339920948616602,0.4158537657087618,0.4198402136828165,0.7801946388652332,0.9647065281030442,0.892338840298024,-0.04440015084310012,0.16304347826086968,0.08585612314846275,0.06244022194693277,0.026500694100535904,-0.02748097189695564,-0.005620343375445369
ANY,20308338,0.34587378640776767,0.563241106719368,0.42857142857142916,0.47737368608613745,0.8058507162199585,0.8619364754098353,0.8276643990929706,0.3349791112799095,0.622529644268775,0.4355770655341011,0.4518531417763791,0.7686481605009985,0.8398163056206083,0.8148850016196956,0.010894675127858189,-0.059288537549406994,-0.007005636962671924,0.025520544309758364,0.03720255571896003,0.02212016978922704,0.012779397473275056
ANY,20316257,0.32765646222965267,0.4426877470355734,0.37658360852596867,0.47063588233648646,0.7962874468131061,0.8822636124121774,0.8318270165208942,0.3538407658183522,0.4278656126482216,0.387348242811502,0.3921629154664348,0.7633604168498703,0.8987302400468379,0.844703595724004,-0.026184303588699553,0.014822134387351804,-0.010764634285533314,0.07847296687005167,0.03292702996323582,-0.016466627634660447,-0.012876579203109806
ANY,20324176,0.3775899023577047,0.447628458498024,0.4096369978039017,0.46279741891820203,0.7966792855368674,0.9043654859484772,0.8519598315516684,0.3711456505389825,0.4179841897233203,0.3931748771743463,0.3971382488509514,0.7480203104799394,0.9082076990632312,0.8519598315516684,0.006444251818722158,0.02964426877470372,0.016462120629555432,0.06565917006725064,0.048658975056927956,-0.0038422131147539673,0.0
ANY,20332095,0.46163757760337404,0.5563241106719371,0.50457717175597,0.5053641029208543,0.8227015350339255,0.9159104215456669,0.8746517654680921,0.336191156624594,0.5978260869565221,0.430364310756568,0.445264896203427,0.7841565610604058,0.8470067330210767,0.8184159378036929,0.12544642097878006,-0.04150197628458496,0.07421286099940205,0.0600992067174273,0.03854497397351975,0.06890368852459028,0.05623582766439916
ANY,20340014,0.3589175502452921,0.3201581027667986,0.33843169439677695,0.43019426247798853,0.7683309651859189,0.9258818793911003,0.8563816002591514,0.3039135752140243,0.4209486166007907,0.3529829545454551,0.3629165780268714,0.7177671489163606,0.8750365925058542,0.8229348882410109,0.055003975031267804,-0.10079051383399207,-0.014551260148678136,0.06727768445111715,0.050563816269558304,0.050845286885246144,0.033446712018140534
ANY,20347933,0.37645948814718766,0.45059288537549436,0.4102036882349166,0.4322184447305618,0.7908700745715735,0.9032677107728332,0.8513281503077422,0.3084212583040256,0.4456521739130437,0.3645496535796772,0.3350512593962904,0.7349781978089623,0.8704808255269316,0.8217363135730484,0.06803822984316205,0.004940711462450675,0.04565403465523937,0.09716718533427143,0.0558918767626112,0.032786885245901565,0.02959183673469379
ANY,20355852,0.47987245914707083,0.5098814229249014,0.49442201081377063,0.48663913747474463,0.808365667561086,0.9283701697892268,0.8803530936183999,0.3260978460510943,0.5513833992094864,0.4098205854579798,0.4237973216469387,0.7634260507400656,0.8523126463700228,0.8177842565597668,0.1537746130959765,-0.041501976284585074,0.08460142535579085,0.06284181582780596,0.04493961682102032,0.07605752341920402,0.06256883705863303
ANY,20363771,0.39859479865771874,0.5365612648221347,0.45740072202166115,0.4776267643004019,0.7967326496079059,0.8950709894613578,0.853935860058309,0.3022727272727279,0.5069169960474311,0.378717570132884,0.429195574550282,0.74569053336928,0.8483423594847769,0.8091674765144153,0.09632207138499083,0.029644268774703608,0.07868315188877717,0.048431189750119896,0.05104211623862587,0.04672862997658089,0.044768383543893675
ANY,20371690,0.4209115281501345,0.46541501976284616,0.44204598779915566,0.45148680946975567,0.7994241935378117,0.917008196721311,0.8651927437641724,0.3923404255319154,0.4555335968379449,0.421582075903064,0.3828641467559688,0.7395556057115552,0.908555327868852,0.8565759637188208,0.028571102618219102,0.00988142292490124,0.020463911896091647,0.06862266271378686,0.05986858782625648,0.008452868852458995,0.008616780045351602
ANY,20379609,0.3545511744966448,0.4772727272727275,0.40685920577617374,0.46435835563441374,0.7980411028817345,0.8873865632318495,0.8403304178814384,0.3832032538199411,0.4920948616600793,0.4308757184352021,0.3844772840161266,0.7693718146681663,0.8973397248243554,0.8508422416585683,-0.028652079323296276,-0.014822134387351804,-0.024016512659028377,0.07988107161828717,0.028669288213568178,-0.009953161592505921,-0.010511823777129892
ANY,20387528,0.35033492822966567,0.5167984189723323,0.4175886848408811,0.48598895531895464,0.7940501393022219,0.8757867388758777,0.8345966958211857,0.3630143777887958,0.5167984189723323,0.4264663055507023,0.3973354459519982,0.7463447750722789,0.8824648711943789,0.8405085843861355,-0.01267944955913014,0.0,-0.008877620709821232,0.08865350936695643,0.04770536422994298,-0.006678132318501229,-0.005911888564949841
ANY,20395447,0.4159233997901368,0.447628458498024,0.43119390807723723,0.4176601054468121,0.7915563527964968,0.9185267857142851,0.8644962747003564,0.4154900616860867,0.4278656126482215,0.4215870366506714,0.3590508132300136,0.7471707882170395,0.921984777517564,0.8652899254940073,0.0004333381040501072,0.019762845849802535,0.009606871426565855,0.0586092922167985,0.044385564579457304,-0.0034579918032788814,-0.0007936507936509019
ANY,20403366,0.39101522092507784,0.37351778656126505,0.38206627680311916,0.3795771913101557,0.7185095091339525,0.9246011416861822,0.8613702623906707,0.3568361268873808,0.3636363636363638,0.3602041529749006,0.3499318580117475,0.6811477832462444,0.9150504976580792,0.8517816650469714,0.03417909403769703,0.00988142292490124,0.02186212382821856,0.02964533329840824,0.03736172588770814,0.009550644028103017,0.009588597343699323
ANY,20411285,0.3411630794701991,0.46541501976284605,0.3937186529734897,0.44570029102096687,0.7876536764717227,0.8835077576112407,0.8355361192095887,0.3323821481566035,0.4110671936758895,0.3675607447144212,0.4096974361732344,0.7619758256117846,0.8929852166276341,0.8376903142209265,0.008780931313595586,0.05434782608695654,0.026157908259068496,0.03600285484773247,0.025677850859938123,-0.009477459016393408,-0.002154195011337845
ANY,20419204,0.4306039893988007,0.43577075098814255,0.4331719637970956,0.4162865483955346,0.7695838487139494,0.925314695550351,0.869144800777454,0.3677072120559748,0.4822134387351781,0.4172468547697574,0.3468961488400961,0.7249292279723721,0.892527810304449,0.8454486556527373,0.0628967773428259,-0.04644268774703553,0.01592510902733818,0.06939039955543846,0.04465462074157722,0.0327868852459019,0.02369614512471674
ANY,20427123,0.4758322886195852,0.48221343873517813,0.47900161256397694,0.43124145153471494,0.8019986860445922,0.9311512002341917,0.8796404275996114,0.3720619658119661,0.3932806324110673,0.3823771616799343,0.3387798025190122,0.7419394881446068,0.9139710187353624,0.8542274052478134,0.10377032280761911,0.08893280632411082,0.09662445088404265,0.09246164901570275,0.060059197899985484,0.017180181498829383,0.025413022351797987
ANY,20435042,0.3285683806272678,0.6521739130434786,0.43698273823599043,0.4368665075071422,0.7877702638594477,0.8272650761124116,0.8071752510528022,0.3163874606070667,0.538537549407115,0.3985999373106266,0.3948877311649329,0.7548752643917025,0.8491839871194373,0.813540654356981,0.012180920020201103,0.11363636363636365,0.038382800925363836,0.041978776342209256,0.03289499946774521,-0.0219189110070257,-0.006365403304178785
ANY,20442961,0.31207987346777455,0.44565217391304374,0.36709302325581455,0.41248168656585127,0.747689808799095,0.8726763758782194,0.8236799481697441,0.2965593974666218,0.489130434782609,0.3692455242966759,0.3609554721903893,0.7149645558913647,0.849623097189695,0.8082604470359573,0.01552047600115275,-0.043478260869565244,-0.002152501040861343,0.051526214375461954,0.03272525290773032,0.02305327868852447,0.015419501133786762
ANY,20450880,0.3498778785764139,0.5662055335968382,0.4324994608583142,0.45615348553989854,0.7863853291146369,0.8636380269320837,0.8295108519598317,0.3686783042394021,0.5217391304347829,0.4320533052779244,0.3830367807169096,0.7478619418268834,0.8842030152224819,0.8426141885325561,-0.01880042566298823,0.0444664031620553,0.0004461555803897954,0.07311670482298893,0.03852338728775351,-0.020564988290398212,-0.013103336572724444
ANY,20458799,0.36627906976744257,0.5691699604743087,0.4457218660181302,0.5090053685377419,0.8005703850823684,0.8723653395784537,0.8375769355361193,0.3372657876474677,0.4802371541501979,0.3962494904198946,0.4199651910054215,0.7553843534109039,0.8776895491803274,0.8320861678004536,0.029013282119974892,0.08893280632411077,0.049472375598235585,0.08904017753232041,0.04518603167146451,-0.005324209601873631,0.0054907677356657025
ANY,20466718,0.3823938761308287,0.46541501976284616,0.4198395517636577,0.44071753243050854,0.781838656024274,0.902572453161592,0.8524133462908974,0.3174326952605186,0.4377470355731228,0.3680056963151966,0.4008106242464602,0.7393359180948833,0.8780005854800931,0.8274862325882736,0.06496118087031011,0.027667984189723382,0.05183385544846114,0.03990690818404835,0.042502737929390744,0.024571867681498882,0.024927113702623793
ANY,20474637,0.37405655630472046,0.5247035573122533,0.43675459726220606,0.3683392645740885,0.7621703769731992,0.8861973067915684,0.8447197926789763,0.2901554404145083,0.4505928853754943,0.3529997235277859,0.303752112458876,0.7134527526628162,0.857124560889929,0.810479429867185,0.08390111589021215,0.07411067193675897,0.08375487373442014,0.06458715211521249,0.04871762431038307,0.02907274590163933,0.034240362811791325
ANY,20482556,0.40477839335180055,0.33003952569169975,0.36360808709175746,0.3786629170355961,0.7851133900030239,0.9370974824355968,0.8674441205053451,0.3877551020408165,0.4130434782608698,0.4000000000000002,0.361577053298304,0.7658360216049098,0.9154713114754092,0.8578231292517009,0.017023291310984068,-0.08300395256917004,-0.03639191290824273,0.01708586373729215,0.019277368398114114,0.021626170960187596,0.00962099125364424
ANY,20490475,0.4499806376661937,0.4920948616600793,0.4700964196615201,0.49924699414144086,0.7855528134478378,0.9220396662763461,0.8727081308713962,0.3911476066493096,0.5513833992094864,0.4576449912126543,0.3898815964409325,0.7516469821644562,0.8887587822014046,0.8500485908649176,0.058833031016884085,-0.059288537549407105,0.01245142844886582,0.10936539770050835,0.03390583128338154,0.033280884074941564,0.02265954000647863
ANY,20498394,0.39803300926972696,0.4970355731225299,0.44205900816070354,0.45082860105995565,0.7690368052148615,0.9025724531615921,0.8560414642047297,0.4012580109185857,0.4772727272727275,0.4359767891682789,0.4407666309668794,0.7311931213127871,0.907695403981264,0.8583090379008749,-0.0032250016488587496,0.01976284584980237,0.006082218992424615,0.010061970093076245,0.037843683902074376,-0.005122950819671956,-0.0022675736961451642
ANY,20506313,0.5042327227951362,0.46245059288537566,0.482438701126574,0.5384897814993741,0.8267286391367603,0.9410677693208427,0.8861516034985425,0.44222141384746,0.514822134387352,0.4757680516600355,0.4707954251013887,0.7825163104224717,0.9158372365339574,0.8698250728862976,0.0620113089476762,-0.05237154150197637,0.006670649466538503,0.06769435639798538,0.044212328714288596,0.02523053278688525,0.01632653061224487
ANY,20514232,0.4327037379474313,0.4624505928853757,0.447082906857728,0.4456530333162258,0.7953952091876405,0.9214175936768145,0.8687560738581148,0.4352815585801978,0.4604743083003955,0.4475236657977778,0.4094605104767834,0.7696345732069964,0.9225702576112408,0.8695497246517657,-0.0025778206327665143,0.0019762845849802257,-0.0004407589400498013,0.03619252283944241,0.025760635980644153,-0.0011526639344262568,-0.0007936507936509019
ANY,20522151,0.3774509803921571,0.3913043478260871,0.38425284169670104,0.40232509951356343,0.7563526506569875,0.9163495316159247,0.8561062520246194,0.3291371950269535,0.4970355731225299,0.3960258693410821,0.3961122846450042,0.7315263469416958,0.868693891491022,0.8260501025807149,0.04831378536520359,-0.1057312252964428,-0.01177302764438104,0.0062128148685592355,0.02482630371529171,0.04765564012490264,0.030056149443904556
ANY,20530070,0.2910443211607642,0.6739130434782613,0.4065227572699801,0.47940062168403064,0.7961639832644488,0.7872328747072594,0.7742306446388081,0.3269584406031635,0.5019762845849806,0.3959910913140317,0.42692134038266,0.7665095177638055,0.8660714285714279,0.8242954324586979,-0.035914119442399306,0.17193675889328075,0.0105316659559484,0.05247928130137064,0.029654465500643323,-0.07883855386416849,-0.05006478781988977
ANY,20537989,0.5020040080160322,0.4950592885375496,0.4985074626865674,0.4864550547672985,0.8025113427125858,0.9363473360655733,0.8857142857142858,0.332969114219115,0.6452569169960477,0.4392658081875848,0.4100317432713806,0.7561055728988286,0.8324612119437933,0.8109815354713314,0.16903489379691716,-0.1501976284584981,0.05924165449898261,0.07642331149591791,0.046405769813757214,0.10388612412178,0.07473275024295434
ANY,20545908,0.40333013895543884,0.47529644268774723,0.4363659927423538,0.4781876629566297,0.8090942694303795,0.9088663641686178,0.8591188856494979,0.3369382146972793,0.5365612648221347,0.4139395589436434,0.4233782887409917,0.7753569191559215,0.8631440281030439,0.8256721736313574,0.06639192425815954,-0.0612648221343875,0.0224264337987104,0.054809374215637974,0.03373735027445801,0.045722336065573854,0.033446712018140534
ANY,20553827,0.4869674635987777,0.3824110671936761,0.42840199256740746,0.4696984031867764,0.778630797381076,0.9477824941451988,0.8829122125040492,0.3143069629078744,0.4772727272727275,0.3790146292248196,0.3720351389775321,0.7299431847108702,0.8650468384074935,0.8205539358600584,0.17266050069090327,-0.09486166007905139,0.049387363342587864,0.09766326420924432,0.048687612670205827,0.08273565573770525,0.06235827664399074
ANY,20561746,0.45814479638009076,0.40019762845849827,0.427215189873418,0.43038333823213876,0.7854234018090486,0.9386526639344258,0.8768707482993199,0.3324090121317165,0.5415019762845853,0.4119415807560144,0.3806942896686071,0.7647298455805894,0.8590456674473061,0.8226109491415614,0.12573578424837428,-0.14130434782608703,0.015273609117403608,0.04968904856353168,0.020693556228459142,0.07960699648711966,0.05425979915775847
ANY,20569665,0.38387096774193613,0.5711462450592889,0.45914661824784436,0.5006017693459685,0.8109912883319759,0.8811841334894607,0.845610625202462,0.3571745496494816,0.5681818181818186,0.4386203890372153,0.3965510666105334,0.7567725665356861,0.8674619437939105,0.8331227729186913,0.026696418092454544,0.0029644268774703386,0.020526229210629077,0.10405070273543504,0.054218721796289726,0.013722189695550169,0.012487852283770695
ANY,20577584,0.3934461805555561,0.5118577075098817,0.4449079754601231,0.4482767869830825,0.784687495902025,0.8977239461358307,0.8534499514091353,0.4078319006685774,0.4822134387351781,0.4419146183699874,0.434038909769177,0.7481572672138093,0.9092505854800932,0.8602526724975704,-0.014385720113021305,0.029644268774703608,0.0029933570901357065,0.014237877213905514,0.03653022868821576,-0.011526639344262457,-0.00680272108843516
ANY,20585503,0.41556316024401146,0.39426877470355753,0.40463600144875067,0.41871883580578134,0.785384627734169,0.9281323185011706,0.8668772270813087,0.3873144399460191,0.364624505928854,0.3756271358976226,0.3801617367274178,0.7424981807401736,0.9252415105386412,0.8609167476514418,0.028248720297992358,0.029644268774703553,0.029008865551128082,0.03855709907836352,0.04288644699399535,0.0028908079625293848,0.005960479429866883
ANY,20593422,0.44608695652173974,0.5069169960474311,0.47456059204440376,0.4749826164890454,0.770508213257846,0.9184170081967208,0.871201814058957,0.4135191156149246,0.5069169960474311,0.455479452054795,0.3724333405987262,0.7353686564793904,0.906817183840749,0.860932944606414,0.03256784090681514,0.0,0.019081139989608753,0.1025492758903192,0.035139556778455594,0.011599824355971733,0.010268869452543017
ANY,20601341,0.4010840108401088,0.43873517786561284,0.4190655969797078,0.472244184199208,0.8122382900606462,0.9150870901639339,0.8604308390022678,0.3596474779673736,0.5415019762845853,0.4322253521126766,0.3842069344095582,0.7616950540624143,0.8750365925058542,0.8367670877874961,0.04143653287273519,-0.10276679841897246,-0.013159755132968798,0.08803724978964977,0.05054323599823185,0.040050497658079665,0.02366375121477171
ANY,20609260,0.45641505024538503,0.5513833992094864,0.4994246260069049,0.49577904375794646,0.8092456594731298,0.9148858313817326,0.8731778425655978,0.3375700934579447,0.6373517786561268,0.4413705459699895,0.4263880397147203,0.7636385186890802,0.8378951990632313,0.8148850016196957,0.11884495678744034,-0.08596837944664038,0.05805408003691542,0.06939100404322618,0.045607140784049593,0.07699063231850134,0.05829284094590215
ANY,20617179,0.4649747507445297,0.5069169960474311,0.4850408590531509,0.4761131293815616,0.7978176969554266,0.9243998829039808,0.8764982183349532,0.462102689486553,0.5069169960474311,0.4834735779198927,0.4296979337146571,0.7669804474043719,0.9235216627634656,0.8757207644962747,0.0028720612579767324,0.0,0.0015672811332582137,0.046415195666904496,0.030837249551054713,0.0008782201405151957,0.0007774538386785546
ANY,20625098,0.3131695022054196,0.42094861660079075,0.35914729615801566,0.3705105045679054,0.7308577743791906,0.8803425058548003,0.8276320051830257,0.2741729655443216,0.3942687747035575,0.3234323432343238,0.3866692478084054,0.7174273966596781,0.8647175058548005,0.8107385811467445,0.038996536661098036,0.02667984189723327,0.03571495292369187,-0.016158743240499984,0.013430377719512498,0.015624999999999889,0.016893424036281246
ANY,20633017,0.4046772684752112,0.6106719367588936,0.48677844041858964,0.4923984256721686,0.8024314442536556,0.8835626463700228,0.8522513767411728,0.3611484970838949,0.5681818181818186,0.4416040375226294,0.4220260422076343,0.752464088240104,0.869730679156908,0.8351311953352771,0.04352877139131628,0.042490118577075076,0.04517440289596025,0.07037238346453434,0.04996735601355162,0.013831967213114749,0.017120181405895663
ANY,20640936,0.4431145113524191,0.5069169960474311,0.47287332104292906,0.5037779528405896,0.801974471833702,0.9174290105386412,0.8703271784904439,0.4470508474576274,0.465415019762846,0.4560481361089981,0.4917482846743081,0.7619290424064236,0.9253878805620604,0.8726109491415616,-0.003936336105208327,0.04150197628458513,0.01682518493393098,0.012029668166281482,0.0400454294272784,-0.007958870023419218,-0.0022837706511176226
ANY,20648855,0.4085056986070078,0.5464426877470359,0.4675120772946865,0.49506359606637607,0.812154878190828,0.8974495023419198,0.8571752510528021,0.3587202718006801,0.5365612648221347,0.4299773755656114,0.4410792111340395,0.7813092277910971,0.8756769613583132,0.836767087787496,0.04978542680632769,0.009881422924901129,0.03753470172907514,0.05398438493233659,0.030845650399730862,0.021772540983606592,0.020408163265306145
ANY,20656774,0.46164199192463046,0.5326086956521742,0.49459264599855846,0.48161411915983166,0.8057019778080676,0.9194964871194374,0.875105280207321,0.4935110487548229,0.3972332015810279,0.4401689347724075,0.3937012941594434,0.7575227370114447,0.9471604215456672,0.8840621963070944,-0.03186905683019242,0.1353754940711463,0.05442371122615097,0.08791282500038827,0.048179240796622946,-0.02766393442622972,-0.008956916099773338
ANY,20664693,0.3534468369220505,0.5978260869565222,0.44424630231826356,0.4480145108328575,0.7876556049305292,0.858258928571428,0.828377065111759,0.3062254627033096,0.4624505928853756,0.3684624901585878,0.3839700548978513,0.7253292084081577,0.8642052107728332,0.8181081956592161,0.0472213742187409,0.13537549407114657,0.07578381215967578,0.06404445593500618,0.062326396522371486,-0.00594628220140514,0.010268869452542906
ANY,20672612,0.43247240869268466,0.5365612648221347,0.47892647892647944,0.41583200031961554,0.7639155176909098,0.908738290398126,0.8660349854227406,0.3532830342577494,0.489130434782609,0.4102533743784045,0.3444923172076171,0.7077151357307162,0.8839468676814982,0.838645934564302,0.07918937443493529,0.04743083003952575,0.06867310454807496,0.07133968311199845,0.05620038196019361,0.02479142271662782,0.02738905085843857
ANY,20680531,0.403141361256545,0.5000000000000002,0.4463768115942032,0.46405257815475087,0.8075547867915227,0.9040544496487114,0.857693553611921,0.4549166383123518,0.5662055335968382,0.5044965725426078,0.411062357687705,0.7694984601738546,0.9120682084309129,0.8723841917719469,-0.05177527705580681,-0.066205533596838,-0.0581197609484046,0.05299022046704588,0.03805632661766811,-0.008013758782201452,-0.014690638160025915
ANY,20688450,0.3511164888351121,0.45059288537549436,0.39468315301391077,0.4664813761848333,0.785334276880016,0.8920704039812641,0.8414156138645935,0.4446627373935827,0.4792490118577078,0.461308512806577,0.4374158265667036,0.7592862041142512,0.9224238875878216,0.8715743440233237,-0.0935462485584706,-0.02865612648221344,-0.0666253597926662,0.029065549618129738,0.026048072765764818,-0.03035348360655743,-0.030158730158730163
ANY,20696369,0.40826767625089605,0.563241106719368,0.4733938423206982,0.4978204324681922,0.8058313653411213,0.8941927693208426,0.8562196307094267,0.4310421947219324,0.4081027667984191,0.4192589369878908,0.4108303300716249,0.7638434957809178,0.9301814988290392,0.8702785876255266,-0.022774518471036342,0.1551383399209489,0.054134905332807404,0.08699010239656729,0.041987869560203506,-0.03598872950819665,-0.014058956916099818
ANY,20704288,0.4432047318187932,0.46541501976284616,0.4540384218136752,0.47208206849303325,0.8110115974137826,0.9242169203747068,0.8715743440233239,0.3825980392156867,0.4407114624505931,0.4096037785358177,0.405370714040103,0.7660071000067883,0.907823477751756,0.8542274052478136,0.06060669260310653,0.024703557312253044,0.04443464327785751,0.06671135445293025,0.045004497406994304,0.016393442622950838,0.0173469387755103
ANY,20712207,0.36409169716817635,0.5335968379446644,0.4328409481277918,0.49177752238666544,0.8058542477101482,0.8792081381733015,0.8395529640427601,0.3749272268581415,0.5454545454545457,0.444393329499713,0.4258925552446426,0.7692063348232606,0.8821355386416856,0.8435050210560416,-0.010835529689965151,-0.011857707509881354,-0.011552381371921217,0.06588496714202285,0.036647912886887624,-0.0029274004683841337,-0.003952057013281496
ANY,20720126,0.376962799030457,0.5049407114624509,0.43166596271043317,0.4300092553438426,0.7464028337352242,0.8918325526932078,0.8474408811143507,0.3321470937129306,0.5138339920948619,0.4034805741838946,0.4109470651608698,0.7286102882216678,0.8660897248243553,0.8256721736313574,0.04481570531752638,-0.008893280632411016,0.02818538852653857,0.019062190182972782,0.017792545513556357,0.025742827868852514,0.02176870748299331
ANY,20728045,0.3737556561085973,0.3498023715415021,0.36138252880268346,0.35420454814922436,0.7653681714720002,0.9240339578454329,0.8581470683511502,0.3519290227181074,0.3695652173913045,0.3605315706121327,0.354622574587994,0.7075002451553261,0.911793764637002,0.8495788791707162,0.021826633390489902,-0.01976284584980237,0.0008509581905507546,-0.0004180264387696475,0.057867926316674145,0.012240193208430838,0.008568189180434005
ANY,20735964,0.41469850903813205,0.4436758893280635,0.42869808361181233,0.4701271077996451,0.7999000769069371,0.9188378220140511,0.8643181081956592,0.4186879823594269,0.4288537549407117,0.4237099023709905,0.3658623844482734,0.744407999787098,0.9228264051522244,0.8661483641075479,-0.003989473321294845,0.014822134387351804,0.004988181240821843,0.10426472335137171,0.055492077119839056,-0.003988583138173296,-0.0018302559118886785
ANY,20743883,0.4381915902624091,0.39130434782608714,0.4134228187919465,0.4188664962637275,0.7851739616888517,0.9349751170960183,0.8725947521865891,0.3451445762995153,0.2915019762845851,0.3160633657304661,0.3198866527850129,0.7386368698568005,0.9283152810304446,0.8552478134110788,0.09304701396289383,0.09980237154150207,0.09735945306148036,0.09897984347871464,0.046537091832051125,0.006659836065573743,0.0173469387755103
ANY,20751802,0.40117560617193293,0.4624505928853757,0.4296393442622955,0.41561161481581643,0.7839930880179453,0.9105313231850112,0.8591188856494979,0.3693387681159426,0.4604743083003955,0.4099019854234736,0.355676900589315,0.7324340845548192,0.898089871194379,0.847878198898607,0.03183683805599036,0.0019762845849802257,0.019737358838821883,0.05993471422650143,0.05155900346312614,0.01244145199063218,0.01124068675089085
ANY,20759721,0.415494458653027,0.5503952569169963,0.4735244109788685,0.49959554854688304,0.8107869862007202,0.8996450526932078,0.8595724003887271,0.4187592319054657,0.4802371541501978,0.4473961073119414,0.4071728431715119,0.7558555060295196,0.9136050936768144,0.8638807904114029,-0.003264773252438735,0.07015810276679851,0.02612830366692709,0.09242270537537112,0.05493148017120064,-0.013960040983606592,-0.004308390022675801
ANY,20767640,0.3044428259286239,0.4130434782608698,0.3505241090146754,0.3462134161111381,0.7315924991051951,0.8776895491803272,0.8243764172335601,0.2609816559246409,0.3715415019762847,0.3065991030345393,0.3269378612644586,0.6979275202738874,0.8636380269320837,0.8071752510528022,0.043461170003982974,0.041501976284585074,0.0439250059801361,0.019275554846679477,0.0336649788313077,0.014051522248243464,0.017201166180757954
ANY,20775559,0.3854971343134815,0.4367588932806326,0.4095301125082729,0.4954400308791329,0.8092900803164524,0.9097628805620603,0.8554907677356658,0.3825622775800715,0.4249011857707511,0.4026217228464422,0.4157356806341913,0.7663737422109551,0.911116803278688,0.8553287981859412,0.002934856733409985,0.011857707509881521,0.006908389661830716,0.0797043502449416,0.04291633810549733,-0.001353922716627709,0.00016196954972458322
ANY,20783478,0.4087711069418391,0.4920948616600793,0.44657955418908574,0.4677686068934429,0.7993125176936096,0.9077502927400463,0.860058309037901,0.369766115231033,0.4575098814229252,0.4089847939933123,0.4335180711462609,0.7559086893075448,0.8989314988290393,0.8482831227729187,0.039004991710806125,0.03458498023715412,0.03759476019577346,0.03425053574718201,0.04340382838606471,0.008818793911006928,0.011775186264982307
ANY,20791397,0.3887819631564479,0.39920948616600815,0.3939267307424435,0.40378147506737805,0.7602161913208555,0.9186548594847771,0.8590540978296082,0.3914198432726793,0.4160079051383401,0.4033394922329436,0.3621514118013691,0.7374663435726783,0.9161665690866506,0.8587787495950763,-0.0026378801162313947,-0.01679841897233192,-0.009412761490500077,0.04163006326600893,0.022749847748177232,0.0024882903981264803,0.0002753482345319025
ANY,20799316,0.41915535444947216,0.3922924901185773,0.405279276651597,0.43868939349288616,0.7982841248499659,0.9295411299765804,0.8678976352445742,0.4150244231093145,0.3478260869565219,0.3784655556408879,0.3747507778442749,0.7516088047065196,0.936457113583138,0.8689180434078394,0.004130931340157684,0.04446640316205541,0.026813721010709113,0.06393861564861125,0.04667532014344633,-0.006915983606557541,-0.0010204081632652073
ANY,20807235,0.47324198552223423,0.5167984189723323,0.494062078272605,0.5138195034536096,0.803894879324762,0.9254427693208426,0.8785552316164563,0.4843210586881475,0.4752964426877472,0.4797663151895129,0.4437290822070882,0.768516790271234,0.934407933255269,0.8817298347910595,-0.011079073165913278,0.041501976284585074,0.014295763083092106,0.07009042124652143,0.03537808905352802,-0.008965163934426479,-0.0031746031746031633
ANY,20815154,0.3817455790074163,0.47233201581027695,0.42223484131490985,0.4124856839663858,0.765676297004255,0.9008526053864164,0.8516844833171365,0.3952418715305313,0.3517786561264823,0.3722458734782286,0.372617233537095,0.735097213849497,0.9302363875878216,0.8638645934564304,-0.013496292523115017,0.12055335968379466,0.049988967836681275,0.03986845042929077,0.03057908315475799,-0.02938378220140514,-0.012180110139293876
ANY,20823073,0.3624405261684865,0.5484189723320162,0.43644329607369603,0.4966466141310836,0.7647791237295314,0.8749634074941446,0.837495950761257,0.4405468145473307,0.482213438735178,0.4604394123197199,0.4427448426475841,0.7219225557941704,0.9206308548009364,0.8703271784904439,-0.0781062883788442,0.06620553359683817,-0.02399611624602388,0.05390177148349945,0.04285656793536097,-0.04566744730679184,-0.032831227729186896
ANY,20830992,0.457725947521866,0.46541501976284605,0.4615384615384617,0.4638816497910321,0.8108739175078605,0.9285348360655733,0.8753968253968254,0.4461391801715924,0.4624505928853757,0.4541484716157208,0.3509359314803359,0.7637888721852217,0.9255891393442618,0.8724489795918369,0.011586767350273641,0.0029644268774703386,0.007389989922740869,0.11294571831069616,0.0470850453226388,0.002945696721311508,0.0029478458049885248
ANY,20838911,0.3856929398580508,0.5830039525691704,0.4642535971223028,0.4862947785746585,0.8145986754284266,0.8796472482435591,0.845610625202462,0.4158338885187659,0.5286561264822137,0.4655065257924181,0.4323201715798888,0.7767030195615148,0.9037434133489456,0.8607061872367997,-0.030140948660715094,0.05434782608695665,-0.001252928670115283,0.05397460699476975,0.03789565586691179,-0.02409616510538648,-0.015095562034337706
ANY,20846830,0.37276505267227267,0.5444664031620555,0.44254489128564095,0.5079041467092487,0.7849528096487738,0.8812573185011704,0.8426141885325559,0.4060470324748045,0.5118577075098817,0.452853752966155,0.4599727196378178,0.7500112875104525,0.9029566744730676,0.8580822805312602,-0.033281979802531836,0.032608695652173836,-0.010308861680514037,0.04793142707143089,0.034941522138321246,-0.021699355971897205,-0.015468091998704359
ANY,20854749,0.3398244651673074,0.5247035573122533,0.41249583841970994,0.4018084699952118,0.8097953365237757,0.8678827576112407,0.8285066407515388,0.4075110298073826,0.5345849802371545,0.4624778652988953,0.3831959307060685,0.7741093629953442,0.8992608313817324,0.8574182053773891,-0.06768656464007516,-0.00988142292490124,-0.04998202687918535,0.018612539289143304,0.0356859735284315,-0.03137807377049173,-0.028911564625850317
ANY,20862668,0.4077451190731609,0.5365612648221347,0.46336706083140367,0.4613581285950425,0.7830501319258671,0.8989863875878215,0.8574020084224167,0.4163382300250811,0.4920948616600793,0.4510577731772016,0.3869946672556205,0.7228892319295697,0.9105862119437934,0.862568837058633,-0.008593110951920169,0.04446640316205541,0.012309287654202083,0.07436346133942201,0.06016089999629748,-0.011599824355971955,-0.005166828636216314
ANY,20870587,0.3612440191387565,0.447628458498024,0.3998234774933809,0.42315623018284004,0.7817340491868847,0.8974129098360651,0.8458049886621316,0.3697375767727531,0.4673913043478263,0.4128686327077751,0.397809666094611,0.7467070541383957,0.8967359484777512,0.8474732750242955,-0.008493557633996618,-0.019762845849802257,-0.0130451552143942,0.02534656408822905,0.03502699504848905,0.0006769613583139655,-0.0016682863621638733
ANY,20878506,0.3683834778174407,0.5098814229249015,0.4277340280656054,0.4471890796715004,0.7881555036382305,0.8866913056206083,0.8434564301911242,0.3923410404624283,0.5365612648221347,0.4532554257095163,0.3903726720365404,0.74358863982522,0.8922899590163927,0.8514739229024945,-0.023957562644987607,-0.02667984189723327,-0.025521397643910926,0.05681640763495999,0.04456686381301045,-0.00559865339578447,-0.008017492711370311
ANY,20886425,0.4160868026889967,0.49802371541502,0.45338302383859186,0.42978050448632554,0.7910809394892052,0.9094152517564399,0.8622125040492389,0.4049144277655615,0.5978260869565222,0.4828136578692363,0.399894795981136,0.7662030314215365,0.8861241217798589,0.8530450275348236,0.011172374923435202,-0.09980237154150218,-0.029430634030644443,0.029885708505189568,0.024877908067668764,0.023291129976581004,0.009167476514415296
ANY,20894344,0.4964992389649926,0.46047430830039554,0.47780870074703413,0.4889157608495466,0.7929655559901017,0.939475995316159,0.8845157110463235,0.4256947241240439,0.447628458498024,0.436386155645772,0.4546935282606176,0.7548660138158647,0.9217286299765804,0.8673307418205379,0.07080451484094868,0.012845849802371523,0.04142254510126214,0.03422223258892898,0.038099542174236944,0.017747365339578547,0.017184969225785607
ANY,20902263,0.4446520317608595,0.40316205533596866,0.42289183386392254,0.48004721579883153,0.8004507242134202,0.9347372658079621,0.8737447359896341,0.4006243496357967,0.489130434782609,0.4404754338015641,0.4474249852689574,0.7618510422741314,0.9051522248243554,0.8574182053773891,0.044027682125062806,-0.08596837944664032,-0.01758359993764158,0.03262223052987412,0.038599681939288866,0.029585040983606703,0.016326530612244983
ANY,20910182,0.37797588896768386,0.5266798418972335,0.4401061633736367,0.45399306274106616,0.8002909875598979,0.8876610070257605,0.8462423064463882,0.3529298566342737,0.5177865612648224,0.4197516736281975,0.4046667840751352,0.7636640647418336,0.8769576990632313,0.8357466796242308,0.025046032333410184,0.008893280632411127,0.02035448974543924,0.04932627866593098,0.036626922818064345,0.010703307962529163,0.010495626822157433
ANY,20918101,0.4372764435360249,0.4832015810276682,0.45909334763948534,0.44723325024642696,0.7661541028057535,0.9194050058548006,0.8693553611920961,0.3648564294631717,0.4950592885375496,0.42010062290369,0.421501093117865,0.7344938894854258,0.8883013758782196,0.8431810819565924,0.0724200140728532,-0.01185770750988141,0.03899272473579535,0.025732157128561972,0.031660213320327646,0.031103629976581004,0.02617427923550375
ANY,20926020,0.42400710006656367,0.539525691699605,0.4748415952292214,0.5110763770724785,0.8166465178879982,0.9050058548009362,0.8630709426627795,0.5472381527316631,0.5118577075098816,0.5289569657184536,0.4699709794830251,0.7753425521378123,0.9451112412177984,0.8954000647878201,-0.12323105266509943,0.027667984189723382,-0.054115370489232206,0.041105397589453474,0.04130396575018591,-0.04010538641686223,-0.03232912212504058
ANY,20933939,0.3535439795046972,0.40909090909090934,0.3792945487860745,0.5003333305070238,0.8066341586365642,0.9030481557377044,0.8463718820861679,0.4018271066266706,0.4160079051383401,0.408794562352615,0.4518055341886668,0.7480628751816611,0.9197343384074936,0.861937155814707,-0.04828312712197341,-0.006916996047430735,-0.02950001356654053,0.048527796318356964,0.058571283454903034,-0.016686182669789273,-0.015565273728539109
ANY,20941858,0.3572129538763499,0.4624505928853757,0.4030759766225781,0.38965549237483466,0.7694741435135902,0.8921435889929736,0.8428409459021705,0.2923987092147729,0.4604743083003955,0.3576754385964917,0.3478277607652549,0.7392641010836398,0.8555693793911001,0.8102364755425981,0.06481424466157698,0.0019762845849802257,0.0454005380260864,0.041827731609579755,0.0302100424299504,0.03657420960187352,0.03260447035957237
ANY,20949777,0.2761245674740491,0.5069169960474311,0.35750908457364794,0.4179934870594489,0.747506526868831,0.8277590749414513,0.7909459021703921,0.3960749330954508,0.4387351778656128,0.4163150492264419,0.3666646964020569,0.719679631647012,0.9132940573770488,0.858843537414966,-0.11995036562140166,0.06818181818181834,-0.058805964652793974,0.05132879065739199,0.027826895221819026,-0.08553498243559754,-0.06789763524457393
ANY,20957696,0.34616565987509007,0.4772727272727275,0.40128182303720894,0.47037577199190905,0.8222272486697493,0.8831601288056199,0.8365889212827989,0.4389130192671795,0.5563241106719371,0.4906928967191687,0.441329985885093,0.7830958846110532,0.907823477751756,0.8674927113702625,-0.09274735939208945,-0.07905138339920958,-0.08941107368195977,0.029045786106816074,0.039131364058696105,-0.024663348946136088,-0.03090379008746358
ANY,20965615,0.3351405991545677,0.514822134387352,0.4059890905042863,0.40364933177567713,0.7647932858488922,0.867626610070257,0.8271460965338516,0.3557494866529777,0.3913043478260871,0.3726808281796183,0.3475746183311579,0.7197130723280047,0.9081528103044492,0.8488500161969552,-0.02060888749841,0.12351778656126494,0.03330826232466799,0.05607471344451925,0.045080213520887424,-0.04052620023419218,-0.021703919663103588
ANY,20973534,0.3914839529710842,0.5217391304347829,0.44732223903177054,0.436621326649661,0.7882958954393493,0.8948880269320838,0.8520732102364755,0.428401663695782,0.5088932806324113,0.4651913026646886,0.4287987780862998,0.7665077700980121,0.9119950234192034,0.8657434402332361,-0.036917710724697794,0.012845849802371578,-0.01786906363291807,0.007822548563361231,0.021788125341337228,-0.017106996487119552,-0.013670229996760597
ANY,20981453,0.3596681436787033,0.538537549407115,0.43129274772483234,0.4666449410160749,0.8172513066754759,0.8757318501170954,0.837042436022028,0.41668510732463,0.5316205533596841,0.4671876938345124,0.4016621051046268,0.774304595343775,0.903542154566744,0.8608681567865242,-0.05701696364592668,0.006916996047430901,-0.03589494610968008,0.0649828359114481,0.042946711331700804,-0.027810304449648604,-0.023825720764496183
ANY,20989372,0.4266325224071706,0.4703557312252966,0.44742849469585094,0.5084582323631675,0.8225146794284357,0.9180693793911002,0.8666990605766118,0.3445054415872104,0.5049407114624508,0.4095723364057942,0.3535742119852045,0.7588177392850973,0.8754757025761118,0.8329608033689667,0.08212708081996017,-0.03458498023715417,0.03785615829005673,0.15488402037796295,0.06369694014333838,0.04259367681498838,0.03373825720764512
ANY,20997291,0.3581502131846511,0.4624505928853757,0.40367198570636476,0.4188740835191412,0.7863795256589157,0.8925826990632313,0.8432296728215097,0.2432637833356369,0.4970355731225299,0.3266536784488363,0.3367813715534091,0.7290261844690413,0.7996011416861821,0.7648850016196955,0.11488642984901423,-0.03458498023715417,0.07701830725752845,0.08209271196573209,0.05735334118987434,0.09298155737704916,0.07834467120181421
ANY,21005210,0.3052277877627575,0.5513833992094864,0.39293798098687244,0.4014283653405789,0.7762510370287234,0.8373280152224818,0.8045189504373178,0.3636862917398951,0.4673913043478263,0.4090684457622935,0.4280757973146545,0.7578747169022475,0.8940098067915686,0.8450599287333982,-0.05845850397713759,0.08399209486166015,-0.01613046477542107,-0.026647431974075597,0.018376320126475942,-0.056681791569086815,-0.04054097829608039
ANY,21013129,0.32724439442472586,0.5335968379446644,0.40568822108934866,0.5086803517439631,0.8068750593001084,0.8578198185011703,0.8206187236799483,0.3783118405627204,0.4555335968379449,0.4133469962853854,0.4365113250191708,0.7674872825373429,0.9029749707259948,0.851635892452219,-0.05106744613799452,0.07806324110671947,-0.007658775196036749,0.0721690267247923,0.0393877767627655,-0.04515515222482447,-0.031017168772270787
ANY,21021048,0.44424131627056707,0.4802371541501978,0.4615384615384618,0.4673896670438212,0.802630605836905,0.9221311475409831,0.8714285714285716,0.3974039596171498,0.4278656126482215,0.4120725987356402,0.4465405181082965,0.757410368127359,0.915910421545667,0.8599125364431488,0.04683735665341726,0.052371541501976315,0.04946586280282156,0.020849148935524697,0.045220237709546085,0.00622072599531609,0.011516034985422752
ANY,21028967,0.3232052427762888,0.4594861660079054,0.37948120081608905,0.43164582845662997,0.787071396414378,0.8752927400468378,0.8275834143181083,0.3236263152300994,0.4298418972332019,0.3692475595707274,0.3769267454145377,0.742471561982209,0.8835626463700229,0.8315030774214449,-0.000421072453810567,0.029644268774703553,0.010233641245361635,0.054719083042092276,0.04459983443216897,-0.008269906323185139,-0.003919663103336579
ANY,21036886,0.613047363717605,0.29051383399209496,0.39421511349487603,0.47840539659279974,0.8094490214807171,0.9762331674473066,0.8975542597991578,0.5323804482089289,0.4258893280632413,0.4732177868402479,0.436397867385808,0.7609895876723659,0.9515149297423884,0.8912050534499515,0.0806669155086761,-0.13537549407114635,-0.07900267334537187,0.042007529206991745,0.04845943380835116,0.02471823770491821,0.006349206349206327
ANY,21044805,0.40886063375384984,0.58102766798419,0.47997201329368605,0.4582018204326474,0.7942956260818653,0.8911189988290393,0.8555393586005834,0.3977272727272734,0.5335968379446643,0.4557511454063184,0.372733699164081,0.7719497301893286,0.8952722482435591,0.8537738905085845,0.011133361026576472,0.04743083003952575,0.02422086788736766,0.0854681212685664,0.02234589589253677,-0.004153249414519777,0.0017654680919988452
T13,20260824,0.23106123122627492,0.5405405405405403,0.32373684819054216,0.22734986000378582,0.8305736674967448,0.9212341504649192,0.9052640103660513,0.2387238723872387,0.2513513513513513,0.2448749294715064,0.1486908634120691,0.8111687190148732,0.964902789518174,0.9349692257855524,-0.007662641160963768,0.28918918918918907,0.07886191871903575,0.07865899659171671,0.019404948481871576,-0.0436686390532548,-0.029705215419501108
T13,20268743,0.16110304789550067,0.2999999999999999,0.20963172804532573,0.17290811871919265,0.8184178794178797,0.9315976331360943,0.9051020408163267,0.2070665571076417,0.2918918918918918,0.2422688671687229,0.1493309678454668,0.7922054328208179,0.95105663567202,0.9234045999352122,-0.04596350921214104,0.00810810810810808,-0.03263713912339716,0.02357715087372586,0.02621244659706179,-0.019459002535925696,-0.018302559118885453
T13,20276662,0.24772991850989515,0.41081081081081067,0.3090777051561364,0.26471418766972316,0.8217575106805879,0.945376162299239,0.9229510851959832,0.2570532915360501,0.4432432432432431,0.3253968253968253,0.2550456877859735,0.8396519613442694,0.9439053254437868,0.922902494331066,-0.009323373026154963,-0.032432432432432434,-0.016319120240688878,0.009668499883749682,-0.01789445066368156,0.00147083685545224,4.859086491726394e-05
T13,20284581,0.2598919295799197,0.5756756756756755,0.3581121652455865,0.25912111870879767,0.8364837754068526,0.9282163989856294,0.9134272756721737,0.2879432624113474,0.5486486486486484,0.377674418604651,0.2072115843680241,0.850858985782063,0.9405917159763312,0.9241496598639456,-0.02805133283142769,0.027027027027027084,-0.01956225335906453,0.05190953434077358,-0.01437521037521039,-0.012375316990701823,-0.01072238419177185
T13,20292500,0.26100466079751417,0.5837837837837836,0.3607300489085052,0.1811184120561779,0.8243314675622372,0.927624683009298,0.9132005183025593,0.1722880583409297,0.3648648648648648,0.2340557275541795,0.1435850337133358,0.8313572456649383,0.923245984784446,0.899821833495303,0.08871660245658447,0.2189189189189188,0.1266743213543257,0.037533378342842094,-0.007025778102701108,0.00437869822485204,0.013378684807256347
T13,20300419,0.22565239638410367,0.5108108108108107,0.3130249615521116,0.22501594899003366,0.848968540814695,0.9232459847844459,0.9059442824748949,0.2511047569534702,0.3729729729729729,0.300139816684791,0.236280054898186,0.8658260035183114,0.9512933220625526,0.9270327178490444,-0.025452360569366506,0.13783783783783782,0.01288514486732062,-0.011264105908152328,-0.016857462703616433,-0.02804733727810671,-0.021088435374149506
T13,20308338,0.31901840490797534,0.4216216216216215,0.3632130384167636,0.25462901635034146,0.8275051061204912,0.9605917159763313,0.937981859410431,0.3130016051364365,0.5270270270270269,0.3927492447129908,0.2364521651181899,0.8224220145758612,0.9493491124260351,0.9316326530612248,0.00601679977153885,-0.10540540540540538,-0.029536206296227163,0.01817685123215157,0.005083091544630047,0.01124260355029616,0.006349206349206216
T13,20316257,0.1521564117308799,0.5108108108108107,0.23447053610988047,0.243985228691008,0.8234172397249324,0.8753677092138625,0.8600745059928735,0.2386363636363635,0.462162162162162,0.3147515119642386,0.2559887662931494,0.8474203924973158,0.935435333896872,0.9155814706835116,-0.0864799519054836,0.04864864864864871,-0.08028097585435814,-0.012003537602141373,-0.024003152772383407,-0.06006762468300941,-0.055506964690638094
T13,20324176,0.3788235294117646,0.4351351351351351,0.4050314465408804,0.23633334262834257,0.833055264901419,0.968757396449704,0.9463718820861678,0.2589743589743589,0.2729729729729728,0.2657894736842104,0.2631764760102492,0.8619984464599851,0.9657988165680472,0.9367346938775512,0.11984917043740573,0.16216216216216228,0.13924197285667,-0.02684313338190661,-0.028943181558566122,0.00295857988165682,0.009637188208616698
T13,20332095,0.20322252866889245,0.5405405405405403,0.2953898090515877,0.19009213752300622,0.8216886523040372,0.9072020287404898,0.8918205377389052,0.2243230251562248,0.5405405405405403,0.317064885063979,0.1979235978595069,0.8292847623616858,0.918157227387996,0.9023161645610626,-0.021100496487332338,0.0,-0.021675076012391326,-0.007831460336500673,-0.007596110057648597,-0.010955198647506159,-0.010495626822157322
T13,20340014,0.30765595463137985,0.5027027027027026,0.38170624450307816,0.23979961441936642,0.8177066550912708,0.9504649196956887,0.9316812439261419,0.1979057591623036,0.3648648648648648,0.2566191446028513,0.2369906791150205,0.8818476616938158,0.9352493660185964,0.9113216715257534,0.10975019546907624,0.13783783783783776,0.12508709990022687,0.002808935304345922,-0.06414100660254496,0.015215553677092264,0.020359572400388548
T13,20347933,0.2132464383146408,0.5432432432432431,0.30626904658249887,0.24033840240550144,0.8142761798146421,0.9122400676246825,0.896760609005507,0.110655737704918,0.2189189189189189,0.147005444646098,0.1713233323409338,0.8288919908919913,0.9229585798816564,0.8934240362811793,0.10259070060972279,0.32432432432432423,0.15926360193640088,0.06901507006456764,-0.014615811077349217,-0.010718512256973955,0.0033365727243277465
T13,20355852,0.2642570281124497,0.38108108108108096,0.31209486166007894,0.2435248287018821,0.8287221524144606,0.9535418427726117,0.9295270489148041,0.2141625969548981,0.5756756756756756,0.3121859296482412,0.218003397261604,0.8270780653857581,0.9075063398140314,0.8935860058309039,0.05009443115755163,-0.1945945945945946,-9.106798816227446e-05,0.025521431440278103,0.0016440870287024456,0.04603550295858028,0.035941043083900226
T13,20363771,0.2616033755274261,0.5027027027027026,0.34412580943570753,0.24981474964416442,0.8585132622055702,0.9378698224852067,0.9196145124716555,0.1269461077844311,0.2864864864864863,0.1759336099585061,0.2059467926333226,0.8414950538027461,0.9137278106508868,0.8874149659863947,0.13465726774299497,0.21621621621621628,0.16819219947720143,0.04386795701084181,0.017018208402824087,0.024142011834319854,0.0321995464852608
T13,20371690,0.1953394706559263,0.2621621621621621,0.223870755028025,0.14134137444079609,0.7948887771964701,0.9527134404057479,0.9237447359896341,0.0390624999999999,0.0405405405405405,0.039787798408488,0.1374506247132866,0.7903932893163668,0.9563313609467454,0.9179138321995466,0.15627697065592638,0.22162162162162158,0.184082956619537,0.003890749727509496,0.004495487880103344,-0.0036179205409975213,0.005830903790087549
T13,20379609,0.2451361867704279,0.46216216216216205,0.3203532717784021,0.20593599274713123,0.8342070472839708,0.9376838546069312,0.9177356656948494,0.1923847695390781,0.2594594594594593,0.2209436133486765,0.1895528941754319,0.8238254704408554,0.952307692307692,0.9232426303854876,0.052751417231349795,0.20270270270270274,0.09940965842972563,0.01638309857169934,0.010381576843115359,-0.014623837700760811,-0.005506964690638161
T13,20387528,0.22793364734794175,0.4297297297297296,0.2978723404255318,0.2079675367926647,0.8154824884055658,0.9362637362637358,0.9150145772594754,0.2894954507857733,0.6756756756756754,0.4053271569195135,0.2705528776640244,0.862760914760915,0.9273879966187656,0.9168286362163914,-0.061561803437831575,-0.24594594594594582,-0.1074548164939817,-0.06258534087135972,-0.04727842635534918,0.008875739644970237,-0.0018140589569159982
T13,20395447,0.22844617632732578,0.3621621621621621,0.2801672640382317,0.18080441653823337,0.8227186493340344,0.9464412510566353,0.921930677032718,0.2425032594524119,0.5027027027027025,0.3271767810026384,0.2322040931157459,0.8563383518768135,0.9312426035502956,0.913265306122449,-0.014057083125086134,-0.14054054054054033,-0.047009516964406695,-0.05139967657751254,-0.03361970254277913,0.015198647506339702,0.008665370910268977
T13,20403366,0.2799425758818703,0.5270270270270269,0.36565764800428596,0.24813329906269863,0.8300129766283617,0.9406424344885881,0.9232912212504052,0.1940654104396794,0.3459459459459458,0.2486471486055223,0.2485401405871763,0.8508918233533622,0.9370921386305998,0.9122934888241012,0.08587716544219093,0.18108108108108106,0.11701049939876365,-0.00040684152447767463,-0.02087884672500051,0.0035502958579882726,0.010997732426303974
T13,20411285,0.23569023569023562,0.35135135135135126,0.2821268020461943,0.20854986873540315,0.825575952114414,0.9501098901098899,0.9249919015225139,0.2785299806576402,0.3891891891891891,0.3246899661781284,0.2147300103575286,0.8612280276895664,0.9558579881656802,0.9320861678004536,-0.04283974496740456,-0.03783783783783784,-0.04256316413193412,-0.006180141622125435,-0.035652075575152375,-0.005748098055790352,-0.0070942662779397425
T13,20419204,0.2412177985948477,0.5567567567567566,0.3366013071895424,0.22129796603126523,0.8461558337712187,0.9233136094674551,0.9079365079365082,0.1999553671055567,0.3459459459459458,0.2534295007778248,0.1777069456838696,0.844460304767997,0.939391377852916,0.9144962747003564,0.04126243148929101,0.21081081081081082,0.08317180641171762,0.04359102034739562,0.001695529003221674,-0.016077768385460933,-0.006559766763848285
T13,20427123,0.25112697220135227,0.516216216216216,0.3378822340156683,0.21298149399720548,0.8079040841348539,0.9325950972104815,0.9151279559442828,0.1365079365079364,0.2324324324324323,0.1719999999999999,0.1719363094038534,0.8340774180774182,0.9356213017751476,0.906122448979592,0.11461903569341586,0.28378378378378377,0.1658822340156684,0.041045184593352074,-0.02617333394256427,-0.0030262045646660685,0.009005506964690713
T13,20435042,0.2083827014218009,0.5432432432432431,0.30122029543994855,0.2502128584905517,0.8219968929199701,0.9096365173288244,0.8942662779397474,0.3115577889447236,0.5027027027027026,0.3846949327817993,0.2860046315578046,0.8467938132553521,0.951360946745562,0.9325396825396826,-0.10317508752292268,0.04054054054054057,-0.08347463734185073,-0.0357917730672529,-0.024796920335381945,-0.041724429416737596,-0.03827340459993511
T13,20442961,0.1539336492890995,0.31351351351351336,0.20648442466624278,0.1848300691598039,0.7994784674784678,0.9245477599323748,0.8989148040168449,0.2154139433551197,0.3054054054054053,0.2526349409134461,0.1831543100670835,0.8123762765301231,0.9512933220625526,0.9241982507288632,-0.06148029406602021,0.00810810810810808,-0.046150516247203344,0.0016757590927204136,-0.012897809051655273,-0.026745562130177758,-0.02528344671201832
T13,20450880,0.21438366600639946,0.5432432432432431,0.30744018354637814,0.2920007140566056,0.8170116743962903,0.9128317836010138,0.8973275024295433,0.1550654720882152,0.6081081081081079,0.2471169686985175,0.2736140903450819,0.849227753535446,0.8549112426035497,0.8445578231292518,0.05931819391818427,-0.06486486486486476,0.06032321484786066,0.01838662371152372,-0.032216079139155696,0.05792054099746413,0.05276967930029153
T13,20458799,0.18622327790973872,0.45405405405405397,0.2641212801796743,0.26376509567947687,0.8244043468658857,0.9131191885038035,0.8938613540654359,0.181702668360864,0.3864864864864864,0.247191011235955,0.2107778082435033,0.8508172534326384,0.9237869822485202,0.90124716553288,0.004520609548874732,0.06756756756756754,0.016930268943719295,0.05298728743597356,-0.02641290656675266,-0.010667793744716714,-0.007385811467444103
T13,20466718,0.2522306108442004,0.5675675675675673,0.34925160370634345,0.2053045681995024,0.8539206780745244,0.926322907861369,0.9112730806608359,0.1844559585492227,0.4810810810810809,0.2666666666666666,0.2386204242657509,0.863864796326335,0.9068639053254433,0.8890022675736963,0.0677746522949777,0.08648648648648644,0.08258493703967684,-0.033315856066248484,-0.009944118251810519,0.019459002535925696,0.02227081308713963
T13,20474637,0.38955479452054775,0.5270270270270269,0.4479816212668196,0.23691378862387058,0.8492251947636567,0.9638377007607776,0.9455134434726272,0.2882427307206067,0.616216216216216,0.3927648578811368,0.2915180348472909,0.8772237326083482,0.9333727810650884,0.9200680272108844,0.10131206379994107,-0.08918918918918917,0.05521676338568282,-0.054604246223420305,-0.02799853784469153,0.030464919695689208,0.025445416261742793
T13,20482556,0.2279260780287474,0.2999999999999999,0.2590431738623103,0.1985542740068814,0.8250672819903593,0.9555029585798814,0.9280045351473925,0.219758064516129,0.2945945945945945,0.2517321016166281,0.1892275956109253,0.8382955838340456,0.9542011834319524,0.926530612244898,0.008168013512618394,0.00540540540540535,0.007311072245682171,0.009326678395956078,-0.013228301843686285,0.001301775147929063,0.0014739229024944844
T13,20490475,0.13602798289933926,0.13513513513513506,0.13558008909548708,0.18907716031329874,0.8447887870964796,0.9624175824175822,0.9277129899578882,0.1500904159132007,0.2243243243243242,0.179848320693391,0.1428995547299217,0.8027025960872118,0.9443786982248518,0.9141723356009072,-0.014062433013861425,-0.08918918918918914,-0.04426823159790391,0.04617760558337705,0.042086191009267804,0.018038884192730475,0.013540654356981041
T13,20498394,0.22357414448669194,0.3405405405405404,0.2699311400153021,0.2695780750966561,0.8648795321103016,0.9482163989856296,0.9227243278263687,0.3246268656716417,0.4702702702702701,0.3841059602649005,0.2165872686580196,0.868397066550913,0.9571597633136092,0.9367346938775512,-0.10105272118494973,-0.12972972972972968,-0.11417482024959841,0.05299080643863649,-0.003517534440611425,-0.008943364327979597,-0.014010366051182443
T13,20506313,0.20137239377144378,0.589189189189189,0.3001573564122739,0.2284067911426855,0.8346844029151725,0.897683854606931,0.8847424684159378,0.2164560365689702,0.6216216216216214,0.3211009174311927,0.2689556968065985,0.8346179890795278,0.9014708368554516,0.8897311305474571,-0.015083642797526414,-0.03243243243243232,-0.020943561018918755,-0.040548905663912976,6.6413835644763e-05,-0.0037869822485205873,-0.0049886621315192725
T13,20514232,0.23735002608242037,0.5270270270270269,0.3272988850257762,0.21817709351505896,0.8022566082566088,0.9258495350803039,0.9091188856494979,0.1893767705382436,0.516216216216216,0.2770984455958549,0.237590529304893,0.8483085604624069,0.9032459847844458,0.8870100421120831,0.04797325554417678,0.010810810810810811,0.050200439429921306,-0.019413435789834038,-0.04605195220579805,0.022603550295858033,0.022108843537414824
T13,20522151,0.2151986183074265,0.24054054054054044,0.22716499544211477,0.2516770754289646,0.8399057366749678,0.9615891800507184,0.9313411078717203,0.2139342139342138,0.3189189189189189,0.256084328011161,0.2022185518547133,0.8264979552671863,0.9486897717666946,0.92227081308714,0.0012644043732127075,-0.07837837837837844,-0.02891933256904622,0.04945852357425132,0.013407781407781538,0.012899408284023806,0.009070294784580324
T13,20530070,0.16327396098388466,0.4459459459459459,0.2390314569536424,0.22934662192208483,0.8375190118267044,0.8999323753169902,0.8808875931324912,0.1821862348178139,0.6081081081081079,0.2803738317757011,0.2454438531933505,0.8759650453496608,0.8804733727810644,0.8690476190476192,-0.01891227383392924,-0.162162162162162,-0.041342374822058686,-0.016097231271265666,-0.03844603352295639,0.019459002535925807,0.01183997408487203
T13,20537989,0.19529206625980816,0.2594594594594594,0.22284861548665225,0.19702773506354695,0.8168983345137194,0.9531868131868131,0.9240848720440559,0.1985243255706709,0.3324324324324324,0.2485924642702468,0.1337874891167672,0.7747531927531932,0.9412341504649192,0.9156948493683188,-0.0032322593108627395,-0.072972972972973,-0.025743848783594564,0.06324024594677977,0.042145141760526195,0.01195266272189388,0.008390022675737074
T13,20545908,0.3264540337711069,0.4702702702702702,0.38538205980066437,0.22237237450386638,0.8317298820375745,0.9575147928994081,0.9370748299319729,0.2126537785588751,0.3270270270270269,0.2577209797657081,0.2086807098965052,0.8126420689497615,0.9469822485207096,0.9209750566893424,0.11380025521223178,0.14324324324324328,0.12766108003495624,0.013691664607361181,0.019087813087812933,0.01053254437869855,0.016099773242630455
T13,20553827,0.07362221287336979,0.06756756756756754,0.0704650694584256,0.18029064279902754,0.8331506248429329,0.962772612003381,0.9252186588921284,0.2066179897467764,0.5135135135135133,0.2946715409327571,0.1807647676855309,0.812195182502875,0.9136601859678778,0.8968739876903143,-0.1329957768734066,-0.4459459459459457,-0.2242064714743315,-0.00047412488650336315,0.02095544234005786,0.049112426035503254,0.028344671201814053
T13,20561746,0.20764667106130524,0.6081081081081079,0.3095823095823096,0.18451602927708874,0.8175996207534673,0.8983939137785285,0.8862163913184323,0.137997071082573,0.4729729729729729,0.2136565797505887,0.2154930994417795,0.8282107331338104,0.8706339814032116,0.8539520570132816,0.06964959997873224,0.13513513513513498,0.0959257298317209,-0.030977070164690756,-0.01061111238034318,0.02775993237531693,0.032264334305150744
T13,20569665,0.2297493936944219,0.5486486486486485,0.32387464387464376,0.16339703078657145,0.8195861643553956,0.9194590025359252,0.9039034661483641,0.185601799775028,0.4459459459459458,0.262112787926926,0.1801013559137873,0.8407985804908884,0.9143195266272184,0.8946712018140589,0.04414759391939391,0.10270270270270271,0.06176185594771777,-0.01670432512721584,-0.02121241613549285,0.005139475908706781,0.00923226433430524
T13,20577584,0.27683615819209034,0.5675675675675673,0.3721518987341771,0.20742869128037397,0.8425063626602093,0.9350803043110733,0.9196631033365729,0.2427843803056026,0.3864864864864864,0.2982273201251302,0.1805186210072775,0.7956915613838694,0.9472189349112424,0.9236961451247164,0.03405177788648775,0.1810810810810809,0.07392457860904689,0.02691007027309647,0.04681480127633986,-0.012138630600169176,-0.004033041788143565
T13,20585503,0.20834943950521836,0.20810810810810804,0.20822870388255743,0.24705312148568634,0.8295609117147582,0.9653761622992391,0.9336086815678654,0.2720097146326654,0.3459459459459459,0.3045547246770904,0.2226314334518898,0.8372953782184553,0.9594590025359254,0.9337220602526728,-0.06366027512744701,-0.13783783783783787,-0.09632602079453295,0.024421688033796546,-0.007734466503697135,0.00591715976331364,-0.0001133786848074303
T13,20593422,0.15424836601307185,0.31891891891891894,0.20792951541850216,0.196459461156948,0.830875785337324,0.9234319526627215,0.8980725623582766,0.1758204956463498,0.6081081081081079,0.2727745064080362,0.2336348879488755,0.8124566493797267,0.8751817413355868,0.8639779721412375,-0.021572129633277953,-0.28918918918918896,-0.06484499098953403,-0.03717542679192748,0.018419135957597255,0.048250211327134696,0.03409459021703909
T13,20601341,0.25985504684461724,0.5675675675675673,0.35649327028010175,0.24820397354507082,0.8475930182084029,0.9292138630600165,0.9140427599611274,0.158227848101266,0.6081081081081079,0.2511160714285717,0.2101767149746797,0.8243370877217034,0.8583431952662715,0.8478458049886621,0.10162719874335124,-0.04054054054054057,0.10537719885153007,0.038027258570391104,0.023255930486699494,0.07087066779374507,0.06619695497246525
T13,20609260,0.31539210910862137,0.4999999999999998,0.3867980884109915,0.24790208225787927,0.8214388979004368,0.9524767540152154,0.9334953028830582,0.2117263843648208,0.3513513513513512,0.2642276422764227,0.1809904982823509,0.8329882342190038,0.942721893491124,0.9179138321995468,0.10366572474380056,0.14864864864864857,0.1225704461345688,0.06691158397552838,-0.011549336318567027,0.009754860524091358,0.015581470683511345
T13,20617179,0.18781725888324866,0.2999999999999999,0.23100936524453686,0.17699146399775534,0.8322606596452753,0.9431952662721891,0.9162131519274378,0.2327155045601647,0.3054054054054053,0.2641509433962263,0.1828090220277145,0.8274381972843514,0.9559087066779371,0.928620019436346,-0.044898245676916054,-0.005405405405405406,-0.033141578151689444,-0.0058175580299591745,0.004822462360923874,-0.012713440405748067,-0.012406867508908181
T13,20625098,0.20006080875646093,0.5081081081081079,0.28708551483420586,0.20361582247447454,0.8418318521395447,0.9110397295012674,0.8941367022999678,0.2105896510228639,0.3378378378378377,0.2594514455151964,0.1979653561582545,0.8461124945740333,0.944547759932375,0.9190962099125366,-0.010528842266402966,0.1702702702702702,0.02763406931900947,0.005650466316220043,-0.004280642434488557,-0.033508030431107616,-0.02495950761256882
T13,20633017,0.30666392431098305,0.5756756756756756,0.4001610305958131,0.2902805804411429,0.8046555938863637,0.9430092983939136,0.9275996112730809,0.162095895386851,0.689189189189189,0.2624614027348923,0.2784123512013625,0.8395277695277699,0.8440067624683003,0.8375121477162295,0.14456802892413204,-0.11351351351351346,0.13769962786092077,0.011868229239780426,-0.03487217564140621,0.09900253592561326,0.09008746355685138
T13,20640936,0.2973451327433627,0.6486486486486485,0.407766990291262,0.2766269415526586,0.8186806789883719,0.932882502113271,0.9209588597343701,0.1692801813716228,0.3459459459459459,0.2273246226056069,0.2723344223118679,0.8374711110095729,0.9256635672020284,0.9013443472627146,0.12806495137173993,0.30270270270270255,0.1804423676856551,0.004292519240790715,-0.01879043202120101,0.007218934911242592,0.019614512471655465
T13,20648855,0.2005534755005697,0.4756756756756755,0.2821481735944119,0.20701814740924102,0.829434054510978,0.9169737954353335,0.898461289277616,0.2035541195476574,0.3405405405405404,0.2548028311425681,0.2156631849704908,0.8538275570583265,0.9416568047337276,0.9164399092970522,-0.0030006440470876916,0.1351351351351351,0.027345342451843835,-0.008645037561249791,-0.02439350254734851,-0.024683009298394065,-0.017978620019436176
T13,20656774,0.21504237288135583,0.47027027027027013,0.2951296341167917,0.20963249389135152,0.830470585547509,0.9248351648351645,0.9057661159701976,0.2636413742421458,0.5540540540540538,0.357276235528445,0.2601404816982877,0.8605800644262185,0.9322400676246828,0.9163751214771624,-0.048599001360789956,-0.0837837837837837,-0.06214660141165329,-0.05050798780693616,-0.030109478878709517,-0.007404902789518331,-0.010609005506964753
T13,20664693,0.04358655043586549,0.04054054054054053,0.04200840168033606,0.19271693591293473,0.8133473761166072,0.961048182586644,0.9224327826368646,0.2651515151515151,0.3243243243243242,0.2917679749913163,0.1702727428710088,0.8306318795549568,0.9606424344885882,0.9339488176222872,-0.2215649647156496,-0.28378378378378366,-0.24975957331098023,0.022444193041925936,-0.01728450343834953,0.0004057480980558248,-0.01151603498542264
T13,20672612,0.1774834437086092,0.3621621621621621,0.23822222222222214,0.15785397784589678,0.8092509652509656,0.9265088757396445,0.9028344671201816,0.225598526703499,0.3783783783783783,0.2826651283530428,0.1533210874280898,0.8215878549724707,0.9431276415891796,0.9194363459669584,-0.04811508299488981,-0.01621621621621616,-0.044442906130820664,0.004532890417806967,-0.01233688972150504,-0.016618765849535144,-0.016601878846776885
T13,20680531,0.27397573815518417,0.46216216216216205,0.3440149446759591,0.19206608522892707,0.7998340453725075,0.9463736263736262,0.9260609005506967,0.1889671361502346,0.435135135135135,0.2635024549918165,0.203354224967682,0.8434408626716322,0.9182248520710056,0.8979591836734695,0.08500860200494956,0.02702702702702703,0.0805124896841426,-0.011288139738754921,-0.043606817299124745,0.02814877430262064,0.02810171687722718
T13,20688450,0.22594226142742574,0.4351351351351349,0.29743995777249926,0.211947636716673,0.8193094743094745,0.9347252747252743,0.9137674117265956,0.1468169106760983,0.689189189189189,0.2420667209113103,0.2897140069325792,0.8568173905096985,0.8246322907861363,0.8189504373177843,0.07912535075132743,-0.2540540540540541,0.055373236861188974,-0.07776637021590621,-0.03750791620022398,0.11009298393913802,0.09481697440881132
T13,20696369,0.22748585286984635,0.543243243243243,0.3206837606837606,0.2447376518061939,0.8423433323433327,0.9192223161453926,0.9034499514091352,0.2269662921348313,0.2729729729729728,0.2478527607361962,0.2942698847788028,0.8645788764250304,0.9592899408284022,0.930498866213152,0.0005195607350150511,0.27027027027027023,0.0728309999475644,-0.04953223297260889,-0.0222355440816977,-0.04006762468300962,-0.027048914804016833
T13,20704288,0.3133712939328489,0.616216216216216,0.41546270987895345,0.2807750673856093,0.8435142902835213,0.9408791208791205,0.9272594752186591,0.2176642335766423,0.5756756756756756,0.3158898305084746,0.3092298357348304,0.8648923716616027,0.909399830938292,0.8954000647878201,0.0957070603562066,0.04054054054054046,0.09957287937047887,-0.028454768349221116,-0.021378081378081393,0.03147928994082849,0.031859410430839064
T13,20712207,0.19608595548733684,0.39459459459459445,0.26198410663932314,0.20713945525234626,0.8260092755477376,0.9291631445477595,0.9067379332685456,0.2796420581655481,0.6756756756756754,0.3955696202531645,0.2621125268144144,0.8523796120719199,0.9237869822485204,0.9133786848072564,-0.08355610267821126,-0.281081081081081,-0.13358551361384136,-0.054973071562068127,-0.026370336524182303,0.005376162299239096,-0.0066407515387107985
T13,20720126,0.2636298421807747,0.5675675675675673,0.3600293901542982,0.2640818204560083,0.8132612841074385,0.9305832628909548,0.9153547133138972,0.2834061965405816,0.5756756756756756,0.3798242262132212,0.343012101204154,0.86483955130109,0.9362637362637358,0.9211370262390672,-0.019776354359806902,-0.008108108108108247,-0.019794836058923015,-0.07893028074814568,-0.05157826719365155,-0.005680473372780992,-0.005782312925170063
T13,20728045,0.3136061946902654,0.4378378378378377,0.36545278762487904,0.22339500734734075,0.842735372735373,0.9580388841927302,0.9362163913184323,0.2053333333333333,0.4756756756756755,0.2868451688009312,0.2218891034309182,0.8625023874254646,0.9193913778529158,0.9007774538386784,0.10827286135693209,-0.037837837837837784,0.07860761882394784,0.0015059039164225518,-0.019767014690091567,0.0386475063398144,0.03543893747975391
T13,20735964,0.296802594995366,0.49459459459459443,0.37098175499565583,0.28406762433012056,0.8571815128738209,0.9486897717666946,0.9296404275996114,0.2690317812269032,0.281081081081081,0.2749244712990936,0.2769074280099772,0.8757016289323981,0.966559594251902,0.9378036929057338,0.0277708137684628,0.21351351351351344,0.09605728369656225,0.007160196320143364,-0.018520116058577174,-0.01786982248520741,-0.008163265306122436
T13,20743883,0.10169491525423727,0.1135135135135135,0.10727969348659003,0.15027590601864654,0.7964691690845541,0.9560946745562129,0.920748299319728,0.1306179775280898,0.2513513513513513,0.1719038817005545,0.1659246795112089,0.7999858201396667,0.926745562130177,0.8984126984126986,-0.028923062273852523,-0.13783783783783776,-0.06462418821396448,-0.015648773492562357,-0.003516651055112563,0.029349112426035884,0.022335600907029463
T13,20751802,0.2789585547290116,0.6081081081081079,0.3824672170956774,0.24934515662486167,0.8284631376939072,0.9311749788672862,0.9176222870100421,0.2202046035805626,0.3324324324324324,0.2649230769230769,0.2692542804906205,0.8582853487468874,0.948453085376162,0.9226109491415616,0.058753951148449,0.27567567567567547,0.11754414017260051,-0.019909123865758827,-0.02982221105298022,-0.017278106508875846,-0.0049886621315194946
T13,20759721,0.2768361581920903,0.5675675675675673,0.3721518987341771,0.2737733974814827,0.8519157889927124,0.9350803043110733,0.9196631033365729,0.2872180451127818,0.516216216216216,0.3690821256038646,0.3364314866988159,0.8966534006534008,0.9439053254437868,0.9259637188208616,-0.01038188692069153,0.05135135135135127,0.003069773130312481,-0.06265808921733318,-0.04473761166068846,-0.00882502113271355,-0.00630061548428873
T13,20767640,0.26359832635983255,0.535135135135135,0.3532110091743118,0.18912935979808965,0.8337825500902426,0.9345393068469988,0.9177842565597669,0.2308920021280368,0.5027027027027026,0.3164418519868756,0.2084692570942886,0.846493066185374,0.926677937447168,0.9088921282798834,0.03270632423179576,0.032432432432432434,0.03676915718743623,-0.01933989729619895,-0.012710516095131408,0.007861369399830842,0.008892128279883504
T13,20775559,0.17329624478442274,0.24054054054054044,0.2014551333872271,0.173642442620571,0.827877498800576,0.9497548605240911,0.9200032393909947,0.2435344827586206,0.3054054054054053,0.2709832134292565,0.203675918845061,0.8416009229855386,0.9584615384615384,0.9310657596371884,-0.07023823797419787,-0.06486486486486484,-0.06952808004202943,-0.030033476224490013,-0.01372342418496253,-0.008706677937447282,-0.011062520246193697
T13,20783478,0.2881168400088514,0.5027027027027026,0.36629624419749607,0.21754234334889083,0.8280160837083919,0.9456128486897716,0.9270327178490446,0.2303436225975538,0.3054054054054053,0.2626162018592297,0.2500975746840962,0.8805985241369858,0.955316990701606,0.9280531260123098,0.057773217411297595,0.19729729729729728,0.10368004233826639,-0.03255523133520538,-0.052582440428593946,-0.009704142011834449,-0.0010204081632652073
T13,20791397,0.20102240264621862,0.516216216216216,0.28936262309273886,0.2034476922390039,0.8163309040232123,0.9101606086221466,0.8936345966958212,0.2698650674662667,0.4864864864864863,0.3471552555448407,0.2027907606342317,0.8576543373466453,0.9423668639053252,0.9232426303854876,-0.06884266482004808,0.02972972972972976,-0.057792632452101866,0.000656931604772204,-0.04132343332343302,-0.03220625528317855,-0.029608033689666358
T13,20799316,0.2661115133960897,0.5675675675675673,0.36233670199654905,0.23322715056550872,0.8331803096418486,0.9314623837700756,0.9161969549724652,0.2207260951082324,0.4999999999999998,0.3062551732292774,0.2572175138219183,0.8602553288707138,0.9227049873203714,0.904972465176547,0.045385418287857276,0.06756756756756754,0.05608152876727163,-0.023990363256409603,-0.027075019228865127,0.008757396449704191,0.01122448979591828
T13,20807235,0.22630992196209582,0.31351351351351336,0.2628682421495629,0.20145648614163833,0.8272167873706338,0.9530684699915467,0.9262390670553937,0.2299794661190964,0.3459459459459459,0.2762873882207832,0.1969034152852343,0.8463750428365815,0.949281487743026,0.9239714933592486,-0.003669544157000576,-0.032432432432432545,-0.0134191460712203,0.004553070856404023,-0.019158255465947738,0.0037869822485206983,0.0022675736961451642
T13,20815154,0.227287635290259,0.2675675675675675,0.24578826032984563,0.20981072485854588,0.8049101307562853,0.960169061707523,0.9311143505021057,0.1820250284414106,0.4324324324324323,0.2562049639711769,0.1497465981097492,0.8175047558124484,0.9149112426035498,0.8946712018140591,0.04526260684884839,-0.1648648648648648,-0.010416703641331293,0.06006412674879669,-0.012594625056163156,0.045257819103973196,0.036443148688046545
T13,20823073,0.23116883116883105,0.24054054054054044,0.23576158940397343,0.266526005729136,0.8690132736286584,0.9649704142011832,0.9345804988662133,0.2062499999999999,0.2675675675675675,0.2329411764705881,0.2974885385704917,0.872060450983528,0.95491124260355,0.9260770975056692,0.024918831168831146,-0.027027027027027056,0.0028204129333853356,-0.030962532841355694,-0.00304717735486959,0.010059171597633254,0.00850340136054406
T13,20830992,0.26324152542372875,0.5756756756756756,0.3612793796946934,0.23079720979745416,0.8418431838431842,0.929450549450549,0.9146096533851636,0.1916757940854326,0.4054054054054053,0.2602875557759048,0.1940649106394955,0.829133931903163,0.9251394759087064,0.903336572724328,0.07156573133829616,0.17027027027027025,0.10099182391878864,0.03673229915795867,0.01270925194002126,0.004311073541842569,0.011273080660835655
T13,20838911,0.1951421473916643,0.27297297297297285,0.22758731691614348,0.18183107468234036,0.8219968929199702,0.9507016060862212,0.9222708130871397,0.2847965738758029,0.616216216216216,0.3895533317061264,0.2441069752144872,0.8415986231370849,0.9322400676246828,0.9189828312277296,-0.08965442648413863,-0.3432432432432432,-0.1619660147899829,-0.06227590053214685,-0.019601730217114643,0.018461538461538418,0.0032879818594100385
T13,20846830,0.2034132841328413,0.5108108108108107,0.2909610732351,0.16195294815557956,0.8223895273126047,0.9124091293322057,0.8955620343375447,0.2002351097178684,0.5918918918918918,0.299238727308218,0.2348876220565272,0.8824682095451327,0.896483516483516,0.8837058632977001,0.003178174414972895,-0.08108108108108114,-0.00827765407311798,-0.07293467390094763,-0.06007868223252799,0.015925612848689763,0.011856171039844599
T13,20854749,0.3753943217665614,0.41351351351351334,0.3935329781370566,0.22346604778962834,0.8464786426324891,0.9698732037193574,0.9465338516358925,0.2496977025392986,0.3189189189189189,0.2800949474398101,0.1904557206841365,0.842028146489685,0.9580388841927302,0.931227729186913,0.1256966192272628,0.09459459459459446,0.1134380306972465,0.03301032710549184,0.004450496142804017,0.011834319526627168,0.015306122448979553
T13,20862668,0.21141911460488202,0.3945945945945945,0.2753232758620689,0.2506561917665371,0.8444350064350068,0.9355536770921383,0.9128603822481374,0.2903154643723802,0.5081081081081079,0.369507230099677,0.2775437355553119,0.8348360329898794,0.9456128486897716,0.9272594752186591,-0.07889634976749818,-0.11351351351351341,-0.09418395423760811,-0.026887543788774837,0.00959897344512739,-0.010059171597633254,-0.014399092970521776
T13,20870587,0.19178082191780824,0.5243243243243242,0.28083962361699927,0.23394852999379462,0.8420114687806999,0.9032459847844458,0.8873501781665047,0.2196878751500599,0.4945945945945944,0.3042394014962593,0.2800342638622547,0.8812098878252725,0.9230769230769228,0.9051020408163268,-0.027907053232251677,0.029729729729729815,-0.02339977787926001,-0.0460857338684601,-0.03919841904457266,-0.01983093829247695,-0.017751862649822092
T13,20878506,0.174693520140105,0.308108108108108,0.22296730930427489,0.2246079532974548,0.8483000312231084,0.9362637362637358,0.9099125364431488,0.2796372273806952,0.4999999999999998,0.3586760836449243,0.2358502188093518,0.8453448630371709,0.9436010143702448,0.924991901522514,-0.10494370724059018,-0.19189189189189176,-0.13570877434064943,-0.011242265511896998,0.00295516818593744,-0.007337278106508971,-0.015079365079365137
T13,20886425,0.2504192286193403,0.34594594594594585,0.2905317769130998,0.2433083129766939,0.8146824152978005,0.9546576500422652,0.9291221250404925,0.2820970042796005,0.3054054054054053,0.293288839451242,0.2600271960491596,0.8274620639236028,0.9659678782755704,0.938257207644963,-0.0316777756602602,0.04054054054054057,-0.00275706253814223,-0.01671888307246569,-0.012779648625802276,-0.011310228233305186,-0.00913508260447049
T13,20894344,0.1970954356846473,0.5135135135135133,0.28485757121439276,0.22843818253315862,0.8379490225644075,0.9084023668639049,0.8918367346938777,0.172027972027972,0.3324324324324323,0.2267281105990783,0.2243638642675552,0.8292884939038788,0.9299408284023666,0.904875283446712,0.02506746365667531,0.18108108108108095,0.05812946061531446,0.004074318265603422,0.008660528660528688,-0.02153846153846173,-0.013038548752834278
T13,20902263,0.2982090071291949,0.662162162162162,0.4112216760580265,0.20132512807030958,0.8282203285280211,0.9317666948436175,0.9204567541302238,0.2372372372372372,0.427027027027027,0.3050193050193049,0.2535771971815315,0.8602079915926071,0.9398816568047332,0.9183673469387756,0.06097176989195771,0.23513513513513495,0.1062023710387216,-0.052252069111221905,-0.031987663064586,-0.008114961961115719,0.0020894071914481227
T13,20910182,0.37196356275303627,0.5675675675675673,0.44940385203301725,0.26567737080880843,0.8346603458911157,0.9580388841927302,0.9416585681891805,0.2809096120772023,0.5675675675675673,0.3758149047679917,0.3188451081427002,0.8439780981319445,0.9363820794590022,0.9209102688694528,0.091053950675834,0.0,0.07358894726502557,-0.05316773733389174,-0.009317752240828758,0.021656804733727997,0.02074829931972766
T13,20918101,0.1589444614912549,0.19999999999999996,0.17712429475123947,0.1765945125586715,0.8036622421237811,0.953660185967878,0.9220440557175252,0.3184115523465703,0.5108108108108107,0.3922905856189769,0.2627050459519652,0.8665372049987436,0.9521217244294166,0.9336086815678654,-0.1594670908553154,-0.31081081081081074,-0.21516629086773742,-0.08611053339329369,-0.06287496287496253,0.0015384615384614886,-0.011564625850340127
T13,20926020,0.21700753498385353,0.3891891891891891,0.27864547339322726,0.18602629372015103,0.8316404468712164,0.938512256973795,0.9154680919987043,0.1603053435114504,0.4054054054054053,0.2297592997811816,0.1712882722393351,0.8246476434168746,0.907016060862214,0.8859734369938452,0.05670219147240313,-0.016216216216216217,0.04888617361204567,0.014738021480815933,0.006992803454341834,0.031496196111581054,0.02949465500485904
T13,20933939,0.2542039355992843,0.5486486486486484,0.3474327628361856,0.18822875905619224,0.8123030164568631,0.9295181741335583,0.913540654356981,0.3624288425047436,0.516216216216216,0.4258639910813822,0.2442219003487326,0.8296264650110807,0.9602366863905324,0.9416099773242632,-0.10822490690545933,0.03243243243243232,-0.07843122824519655,-0.05599314129254035,-0.017323448554217635,-0.030718512256974084,-0.028069322967282262
T13,20941858,0.28760211436809213,0.46216216216216194,0.35456161137440745,0.24162085829308894,0.838603276141738,0.9498732037193574,0.929413670229997,0.2201622247972189,0.5135135135135133,0.308191403081914,0.2730212229775077,0.8324257461180542,0.9203550295857984,0.9032879818594104,0.06743988957087324,-0.051351351351351326,0.04637020829249344,-0.03140036468441876,0.006177530023683819,0.02951817413355895,0.026125688370586597
T13,20949777,0.24830760898998094,0.35405405405405393,0.2918987744707941,0.23515864969656797,0.83971771264079,0.9530684699915467,0.9279397473275025,0.1946713341112407,0.3864864864864863,0.2589239524055871,0.252725705978495,0.8505174659020815,0.9299915469146236,0.9071914480077748,0.05363627487874023,-0.03243243243243238,0.03297482206520702,-0.017567056281927007,-0.010799753261291567,0.023076923076923106,0.02074829931972766
T13,20957696,0.24021052631578937,0.44054054054054037,0.3108991825613078,0.19773337287533063,0.8343332343332347,0.9389856297548602,0.9180758017492713,0.1601097895699908,0.2702702702702702,0.2010916403332375,0.1750579499668751,0.8402395193164425,0.9379205409974636,0.9099125364431488,0.08010073674579857,0.1702702702702702,0.10980754222807027,0.022675422908455534,-0.005906284983207777,0.0010650887573966372,0.008163265306122436
T13,20965615,0.2835195530726256,0.5486486486486484,0.37384898710865544,0.2553425001693964,0.822732524578679,0.939289940828402,0.9229024943310659,0.2518828451882844,0.5810810810810809,0.3514302393461762,0.2754346264532479,0.8654093349477967,0.9244294167371088,0.9100259151279562,0.0316367078843412,-0.032432432432432545,0.022418747762479263,-0.020092126283851486,-0.042676810369117746,0.014860524091293237,0.012876579203109695
T13,20973534,0.23345556137593848,0.516216216216216,0.32151015991343024,0.3376209183645162,0.8384663818509975,0.9257819103972946,0.908600583090379,0.2578484721640854,0.4756756756756755,0.3344191096634093,0.253968491446012,0.8374385323616096,0.9400507185122569,0.9205701328150308,-0.024392910788146926,0.04054054054054057,-0.012908949749979082,0.08365242691850416,0.0010278494893879442,-0.014268808114962228,-0.011969549724651696
T13,20981453,0.14778820375335117,0.3405405405405404,0.20612292591727033,0.2126161912237321,0.8271575548498629,0.9140152155536766,0.8899578879170718,0.2305665349143609,0.4054054054054052,0.2939529675251959,0.179460530747168,0.8244758858605015,0.9407607776838544,0.918302559118886,-0.08277833116100974,-0.06486486486486481,-0.08783004160792557,0.0331556604765641,0.0026816689893613965,-0.026745562130177758,-0.028344671201814275
T13,20989372,0.25851511672407185,0.5216216216216215,0.34570112589559865,0.17132315419142624,0.7841547066931687,0.9344885883347419,0.9171687722708133,0.2122719734660032,0.3459459459459459,0.2631038026721479,0.1650812874544801,0.8376299985530757,0.9437869822485204,0.9187074829931972,0.046243143258068636,0.1756756756756756,0.08259732322345076,0.006241866736946128,-0.05347529185990707,-0.009298393913778513,-0.0015387107223838736
T13,20997291,0.2780551334925113,0.49459459459459443,0.3559816590245935,0.2495846676201354,0.8341566333874031,0.9437700760777682,0.9249271137026241,0.1485849056603773,0.3405405405405404,0.2068965517241378,0.2067546999783112,0.8348133695826006,0.914556213017751,0.8904761904761905,0.12947022783213402,0.15405405405405403,0.1490851073004557,0.0428299676418242,-0.0006567361951974604,0.029213863060017164,0.034450923226433616
T13,21005210,0.22395243488108713,0.30540540540540534,0.25841228356746154,0.2112692614372753,0.8161337415183574,0.953660185967878,0.9264658244250082,0.2324324324324323,0.2324324324324323,0.2324324324324323,0.1675278195615947,0.7938156770464466,0.9663905325443786,0.9356009070294784,-0.00847999755134518,0.07297297297297303,0.025979851135029236,0.0437414418756806,0.02231806447191076,-0.012730346576500517,-0.009135082604470157
T13,21013129,0.2463704355477343,0.6486486486486485,0.357104899564247,0.250994065635629,0.8567291128829593,0.9131191885038032,0.9020246193715584,0.2037845705967977,0.5945945945945944,0.3035379915245886,0.2527374297428484,0.8596240890087046,0.8982755705832624,0.8855361192095887,0.04258586495093661,0.05405405405405406,0.05356690803965841,-0.001743364107219425,-0.0028949761257452966,0.014843617920540897,0.016488500161969677
T13,21021048,0.256544502617801,0.3972972972972972,0.31177094379639436,0.23271691956143414,0.8509642914258302,0.9495857988165679,0.9264172335600908,0.1488933601609657,0.1999999999999999,0.1707035755478661,0.1962134175464263,0.8390348861118095,0.9499408284023666,0.918480725623583,0.1076511424568353,0.19729729729729728,0.14106736824852825,0.03650350201500785,0.011929405314020647,-0.00035502958579869404,0.007936507936507797
T13,21028967,0.18506817426005984,0.4297297297297296,0.25871687587168757,0.21832785297156995,0.8178367869137103,0.9171428571428566,0.8966958211856173,0.1151919866444072,0.1864864864864864,0.1424148606811144,0.1984512723784372,0.8523392657238813,0.9372781065088752,0.9057823129251702,0.06987618761565263,0.2432432432432432,0.11630201519057318,0.019876580593132742,-0.03450247881017099,-0.020135249366018626,-0.009086491739552893
T13,21036886,0.26022954091816364,0.4027027027027026,0.31615641103364645,0.2050073115881306,0.8388694341002036,0.9498732037193574,0.9269193391642373,0.1225680933852139,0.1702702702702702,0.1425339366515836,0.1837154180715731,0.8401052294898452,0.9466272189349112,0.9140589569160996,0.13766144753294973,0.2324324324324324,0.17362247438206285,0.021291893516557497,-0.0012357953896415808,0.0032459847844461542,0.01286038224813768
T13,21044805,0.17535070140280581,0.6081081081081079,0.27220877981334274,0.21056335892486852,0.8301080624157552,0.8747759932375311,0.8635892452218985,0.1560975609756096,0.2594594594594593,0.1949238578680202,0.1732140146727636,0.8316243174704714,0.9385798816568044,0.910090702947846,0.019253140427196225,0.3486486486486486,0.07728492194532255,0.03734934425210493,-0.001516255054716198,-0.06380388841927331,-0.04650145772594749
T18,20260824,0.4974701011959521,0.4465317919075145,0.4706266318537859,0.5040611982297488,0.853267161826954,0.9615965973003372,0.9211856171039845,0.4415915660601938,0.5361271676300579,0.4842890442890443,0.4486631819962632,0.818619851777018,0.9422806524184472,0.9104146420472952,0.0558785351357583,-0.08959537572254334,-0.013662412435258398,0.055398016233485614,0.03464731004993593,0.019315944881890035,0.010770975056689336
T18,20268743,0.42289010321797216,0.5751445086705204,0.4874037788663402,0.5607942388604217,0.857619261307113,0.9331763217097858,0.9050858438613543,0.3655240201498959,0.6141618497109828,0.4582916121081417,0.5347979128125321,0.8506346840315484,0.9092379077615292,0.8860868156786527,0.05736608306807628,-0.039017341040462394,0.0291121667581985,0.025996326047889595,0.006984577275564563,0.023938413948256576,0.018999028182701605
T18,20276662,0.510548523206751,0.5245664739884394,0.5174625801853172,0.5433204360091848,0.8542494750249789,0.9571850393700785,0.9232426303854876,0.4704301075268818,0.5419075144508672,0.5036454336147353,0.5019443912449065,0.835789408413905,0.948063132733408,0.9161969549724654,0.040118415679869235,-0.017341040462427793,0.013817146570581862,0.04137604476427825,0.01846006661107391,0.009121906636670452,0.0070456754130221455
T18,20284581,0.45033333333333336,0.5578034682080926,0.49834009590556994,0.5171768620123299,0.8422169913235197,0.9420345894263213,0.9118885649497895,0.4322102208608738,0.5534682080924856,0.4853806463293203,0.4937830746883108,0.8292875934538171,0.9380975815523056,0.9079203109815356,0.018123112472459568,0.00433526011560692,0.012959449576249615,0.023393787324019144,0.012929397869702597,0.003937007874015741,0.003968253968253954
T18,20292500,0.3755095385618784,0.47543352601156075,0.4196046278582491,0.496288177563907,0.846156911586377,0.932684195725534,0.8968091998704244,0.3099790304674974,0.5187861271676302,0.3880781406841172,0.4691309891998986,0.8150530644019933,0.9016802587176596,0.8716391318432136,0.06553050809438099,-0.043352601156069426,0.03152648717413187,0.027157188364008378,0.031103847184383637,0.031003937007874405,0.02517006802721078
T18,20300419,0.40352487607857535,0.45375722543352603,0.4271693712953066,0.4239453781789214,0.8225161116059916,0.9428958098987623,0.904518950437318,0.4351310374702187,0.4147398843930636,0.424690836063841,0.4399885913600078,0.8055592270845122,0.9541619797525306,0.9118399740848722,-0.03160616139164335,0.03901734104046245,0.002478535231465573,-0.01604321318108637,0.016956884521479365,-0.01126616985376827,-0.007321023647554159
T18,20308338,0.5137614678899083,0.48554913294797697,0.49925705794948005,0.48169840634386135,0.8448416801720235,0.9608759842519682,0.9235827664399096,0.4470457079152731,0.5794797687861273,0.5047199496538703,0.4461616719781576,0.8181474182824332,0.9389763779527556,0.9107709750566896,0.06671575997463519,-0.09393063583815031,-0.005462891704390294,0.03553673436570376,0.026694261889590343,0.021899606299212615,0.012811791383219973
T18,20316257,0.40106449592986854,0.5289017341040463,0.45619658119658124,0.5048812361134649,0.8587179092001145,0.9327544994375698,0.9010689990281827,0.4530892448512586,0.5722543352601157,0.5057471264367817,0.4821028506935128,0.8346756906018975,0.9411909448818894,0.9122448979591838,-0.052024748921390085,-0.043352601156069426,-0.049550545240200417,0.02277838541995214,0.02404221859821698,-0.00843644544431954,-0.011175898931001127
T18,20324176,0.46436327739387967,0.485549132947977,0.4747199515591887,0.5137482538168968,0.8316335226657003,0.9523165073115858,0.9156948493683189,0.4395348837209303,0.5072254335260117,0.4709603220241519,0.452355318043907,0.8080378647123594,0.944934617547806,0.9105928085519924,0.024828393672949367,-0.021676300578034657,0.0037596295350368347,0.06139293577298982,0.023595657953340954,0.0073818897637797365,0.005102040816326481
T18,20332095,0.42159239231773266,0.4667630057803469,0.44302929362202415,0.47913511197557396,0.8402955343190486,0.9454794713160851,0.9079203109815357,0.5194346289752649,0.4248554913294798,0.4674085850556438,0.4529753986799273,0.8242593795175894,0.966535433070866,0.9240362811791384,-0.09784223665753228,0.0419075144508671,-0.024379291433619665,0.026159713295646647,0.016036154801459146,-0.02105596175478086,-0.01611597019760269
T18,20340014,0.373234087801914,0.5072254335260116,0.4300341296928328,0.44632909367419304,0.8353374124386911,0.9274817210348704,0.8945092322643344,0.4080391575200239,0.5679190751445088,0.4748834800621441,0.402667024922358,0.8018464054213241,0.9298544713160852,0.901457725947522,-0.03480506971810987,-0.06069364161849722,-0.044849350369311314,0.04366206875183504,0.03349100701736696,-0.0023727502812148638,-0.006948493683187618
T18,20347933,0.5991847826086955,0.36416184971098264,0.45300462249614787,0.5124608966478851,0.8470267083666567,0.9792604049493812,0.9310009718172984,0.4932573599240266,0.5361271676300579,0.5137995845286378,0.4846494179739847,0.8330936962224016,0.9531074240719908,0.9203919663103338,0.10592742268466887,-0.1719653179190752,-0.06079496203248996,0.02781147867390038,0.01393301214425513,0.026152980877390375,0.01060900550696453
T18,20355852,0.5163398692810457,0.342485549132948,0.4118158123370982,0.49015742601954876,0.8304667553522938,0.9726870078740155,0.9232426303854876,0.4148527528809219,0.4682080924855492,0.439918533604888,0.4435033696874478,0.8052218640887017,0.9437746062992124,0.9064625850340138,0.10148711640012381,-0.1257225433526012,-0.028102721267789788,0.04665405633210096,0.025244891263592084,0.028912401574803126,0.016780045351473816
T18,20363771,0.563721657544957,0.4465317919075145,0.4983296855201014,0.5394053504732838,0.8542025042886622,0.9705778965129357,0.9294622610949144,0.4088530618017255,0.596820809248555,0.4852706672261856,0.5206226652538121,0.8393679808042424,0.9265326209223844,0.9006640751538713,0.15486859574323147,-0.15028901734104044,0.013059018293915758,0.018782685219471684,0.014834523484419826,0.04404527559055127,0.02879818594104311
T18,20371690,0.4488174427198818,0.5014450867052024,0.4736739469578784,0.5053441081557373,0.8383508797988043,0.9475710067491561,0.9125688370586331,0.4767467489530526,0.4465317919075145,0.4611448672849376,0.4774709162730461,0.8121364170383691,0.9582747469066364,0.9181243926141888,-0.027929306233170803,0.05491329479768786,0.012529079672940813,0.027873191882691162,0.026214462760435153,-0.010703740157480324,-0.005555555555555647
T18,20379609,0.663647342995169,0.45375722543352603,0.5389897008337421,0.5534120397751844,0.8556265523709827,0.9804204161979752,0.9390994493035311,0.4343434343434343,0.4971098265895954,0.4636118598382749,0.5142237398776885,0.8253381740622383,0.9448818897637792,0.909750566893424,0.22930390865173472,-0.04335260115606937,0.07537784099546718,0.03918829989749584,0.030288378308744424,0.03553852643419597,0.029348882410107024
T18,20387528,0.44587677725118485,0.48554913294797697,0.46486806996738816,0.47584191635624334,0.8402125905007902,0.9486255624296961,0.9122934888241013,0.3587240718145372,0.4248554913294798,0.3889991494187694,0.4000608939687528,0.816583050628426,0.9353381608548929,0.8952866861030128,0.08715270543664766,0.06069364161849716,0.07586892054861877,0.07578102238749057,0.02362953987236427,0.013287401574803237,0.017006802721088565
T18,20395447,0.5224820143884891,0.3598265895953757,0.42616136919315406,0.4682385235399018,0.8331121187750739,0.9720015466816647,0.9239714933592488,0.4261229314420803,0.4465317919075145,0.4360887096774193,0.390936144412733,0.8043400029069707,0.948801321709786,0.90939423388403,0.09635908294640877,-0.0867052023121388,-0.009927340484265246,0.07730237912716881,0.028772115868103132,0.02320022497187868,0.014577259475218818
T18,20403366,0.43033640964572806,0.5968208092485551,0.5000864902266046,0.5431006312265488,0.8504072891132468,0.9327369235095611,0.9063816002591515,0.4296890672016047,0.4421965317919075,0.4358530878014039,0.4927796408292627,0.7988257925490531,0.950031636670416,0.9101878846776806,0.0006473424441233444,0.15462427745664759,0.06423340242520065,0.05032099039728616,0.05158149656419375,-0.017294713160854958,-0.003806284418529149
T18,20411285,0.4259849119865885,0.5245664739884394,0.47016375242853187,0.5069105095774323,0.8503811453436458,0.9398200224971875,0.9072400388726921,0.363182167563413,0.5852601156069365,0.448221343873518,0.4638780567882315,0.8273877931082316,0.912630061867266,0.8869452542921933,0.06280274442317552,-0.06069364161849711,0.021942408555013893,0.043032452789200815,0.02299335223541421,0.027189960629921517,0.020294784580498826
T18,20419204,0.5358640939597316,0.527456647398844,0.5316271327507283,0.5754482149817909,0.8660699977757478,0.9611044713160852,0.9270813087139619,0.5278365045806906,0.4638728323699422,0.4937918910009889,0.5061705539857246,0.8346676984650767,0.964672384701912,0.9253806284418532,0.008027589379040911,0.06358381502890181,0.037835241749739346,0.06927766099606625,0.03140229931067107,-0.0035679133858267376,0.001700680272108679
T18,20427123,0.3895723491505565,0.41184971098265893,0.4004014049172102,0.47126956275523446,0.8463396893849253,0.9450576490438691,0.9032231940395208,0.3318920530788729,0.4595375722543353,0.3854211756557875,0.4213428454559275,0.8222934577858045,0.9212422665916756,0.8850178166504699,0.05768029607168362,-0.047687861271676346,0.014980229261422728,0.04992671729930698,0.024046231599120782,0.0238153824521935,0.018205377389050925
T18,20435042,0.35891957881886166,0.48554913294797697,0.4127401947881022,0.454749108092197,0.8420073670568998,0.9261635264341953,0.8915937803692907,0.4506266616027345,0.4898843930635839,0.4694362017804155,0.3685257200202454,0.8094891741088364,0.9491528402699658,0.9131195335276968,-0.09170708278387285,-0.00433526011560692,-0.05669600699231331,0.08622338807195157,0.03251819294806346,-0.02298931383577052,-0.021525753158406102
T18,20442961,0.4156182878183493,0.5592485549132948,0.476852666784017,0.5088212398029964,0.8327559607117392,0.933053290213723,0.9037252996436673,0.4047248989741997,0.5375722543352602,0.4617840042560739,0.4863451758538179,0.808051783221823,0.932684195725534,0.9016844833171366,0.010893388844149587,0.021676300578034602,0.015068662527943089,0.022476063949178504,0.024704177489916157,0.0003690944881890035,0.0020408163265307477
T18,20450880,0.4183908045977012,0.5635838150289019,0.4802533204327558,0.5175323171074467,0.8611146697567791,0.9332993532058489,0.9042921930677034,0.4085035431429764,0.6069364161849713,0.4883315339257538,0.4952904537390303,0.8427747815166531,0.9251792744656914,0.9002105604146421,0.00988726145472485,-0.043352601156069426,-0.008078213492997977,0.022241863368416437,0.018339888240126,0.008120078740157521,0.004081632653061273
T18,20458799,0.44955255307948755,0.5289017341040463,0.4860096746656549,0.5162074061233234,0.8505584454806229,0.9448643138357702,0.9122287010042114,0.359356297379971,0.5578034682080927,0.4371107336407023,0.4732063403530045,0.8247387299356731,0.9153367547806518,0.887285390346615,0.09019625569951656,-0.028901734104046395,0.048898941024952625,0.04300106577031887,0.025819715544949773,0.02952755905511839,0.024943310657596363
T18,20466718,0.575091575091575,0.45375722543352603,0.507269789983845,0.5673143111347566,0.8524897910611609,0.9714566929133857,0.9308390022675739,0.5927927927927927,0.4754335260115607,0.5276663993584603,0.5283025225033182,0.8244945379840529,0.9721948818897636,0.933219954648526,-0.017701217701217686,-0.021676300578034657,-0.020396609374615293,0.03901178863143839,0.02799525307710793,-0.0007381889763778959,-0.0023809523809521504
T18,20474637,0.44662309368191727,0.592485549132948,0.5093167701863355,0.5143615822571614,0.8388786571476257,0.9374999999999996,0.9104308390022678,0.4524390243902439,0.5361271676300579,0.4907407407407408,0.4990722395922118,0.830066488144004,0.9447588582677162,0.9126984126984128,-0.005815930708326644,0.05635838150289019,0.018576029445594666,0.015289342664949634,0.008812169003621695,-0.007258858267716661,-0.002267573696144942
T18,20482556,0.38321167883211676,0.32514450867052025,0.3517980790708064,0.4554194959573664,0.830166872430325,0.9554450224971877,0.9059928733398123,0.372192513368984,0.5028901734104048,0.427781192378611,0.4566498736496102,0.8194168557687518,0.9277805118110232,0.8944444444444445,0.011019165463132752,-0.1777456647398845,-0.0759831133078046,-0.001230377692243767,0.01075001666157327,0.02766451068616449,0.01154842889536778
T18,20490475,0.45446779429352474,0.5491329479768786,0.49733570159857904,0.5364486832473634,0.8465401870376754,0.9438800618672663,0.912908973113055,0.4725254730713246,0.5361271676300579,0.5023210831721471,0.4745263150678226,0.819738513877059,0.949047384701912,0.9166504697116944,-0.018057678777799846,0.013005780346820761,-0.004985381573568037,0.06192236817954078,0.026801673160616435,-0.005167322834645716,-0.0037414965986394266
T18,20498394,0.47375690607734805,0.4248554913294798,0.4479756203744014,0.49400953701286326,0.8309811814301755,0.9598214285714284,0.9178490443796568,0.5096649484536082,0.4898843930635839,0.4995789473684212,0.510245042038184,0.8200719823994187,0.9598741563554554,0.9229996760609008,-0.03590804237626016,-0.06502890173410408,-0.05160332699401976,-0.01623550502532073,0.010909199030756822,-5.2727784026984637e-05,-0.005150631681244078
T18,20506313,0.41075794621026906,0.48554913294797697,0.44503311258278155,0.5551059953066569,0.8612215815192539,0.9406988188976375,0.9049886621315194,0.409814323607427,0.4465317919075145,0.4273858921161825,0.5249893306925051,0.8416415151411711,0.945250984251968,0.906122448979592,0.0009436226028420869,0.03901734104046245,0.017647220466599056,0.030116664614151856,0.01958006637808274,-0.004552165354330451,-0.0011337868480726376
T18,20514232,0.49488926746166945,0.3598265895953757,0.4166865885727946,0.48679352875134163,0.8481889039068817,0.9687324240719908,0.9209588597343701,0.5121249486230991,0.5144508670520233,0.5132852729145212,0.4861074326299863,0.8324881733307544,0.9582747469066364,0.9234531908001296,-0.01723568116142965,-0.15462427745664753,-0.09659868434172658,0.0006860961213553396,0.01570073057612731,0.010457677165354395,-0.0024943310657594697
T18,20522151,0.4081443776029616,0.546242774566474,0.467202260086519,0.5081371426234048,0.8571448297783225,0.9325611642294709,0.9022513767411728,0.4167650531286895,0.5101156069364163,0.4587394411955816,0.5017869206312733,0.8370292817669831,0.9392224409448816,0.9055555555555556,-0.008620675525727872,0.03612716763005763,0.008462818890937418,0.006350221992131533,0.020115548011339413,-0.006661276715410724,-0.003304178814382719
T18,20530070,0.3618609994256174,0.39017341040462433,0.37548425548822884,0.43378759520397675,0.8131881957900134,0.9414194319460064,0.8981697440881116,0.3416095890410959,0.411849710982659,0.3734556345937851,0.4171849174226441,0.8062564648259287,0.932420556805399,0.8915775834143183,0.020251410384521495,-0.021676300578034657,0.0020286208944437223,0.016602677781332675,0.006931730964084726,0.008998875140607376,0.0065921606737933125
T18,20537989,0.5083472454090151,0.5028901734104048,0.50560398505604,0.53645198363961,0.8510027879688813,0.9585911136107984,0.9228377065111759,0.4190821256038648,0.5014450867052024,0.4565789473684211,0.4977010047954411,0.8231001556299324,0.9408218503937004,0.9063492063492066,0.08926511980515028,0.0014450867052023808,0.0490250376876189,0.03875097884416889,0.027902632338948852,0.01776926321709804,0.016488500161969344
T18,20545908,0.43370644805297176,0.5679190751445087,0.49182086350227944,0.5382587692848397,0.8550276077529689,0.9368672665916756,0.9079203109815357,0.4323441715178192,0.6286127167630059,0.5123243879868765,0.484821451666457,0.8440054605258882,0.929731439820022,0.9061062520246196,0.0013622765351525845,-0.06069364161849722,-0.02050352448459708,0.05343731761838272,0.011022147227080725,0.007135826771653586,0.0018140589569161092
T18,20553827,0.48674738219895297,0.6141618497109828,0.5430814165753926,0.556191435400112,0.8511366816593737,0.9448643138357702,0.9189180434078393,0.4382165605095541,0.4971098265895954,0.4658090724441436,0.5247439436706428,0.8311774544258561,0.9457431102362202,0.9105442176870748,0.04853082168939887,0.11705202312138735,0.07727234413124895,0.031447491729469146,0.019959227233517618,-0.000878796400449966,0.008373825720764505
T18,20561746,0.3831450912250217,0.45520231213872836,0.41607698839513163,0.5069453704231882,0.8475049835714179,0.9376054555680536,0.8997570456754131,0.4124899919935949,0.5317919075144509,0.4646045630805303,0.5067312159599692,0.8319998317587471,0.9355139201349828,0.9038386783284744,-0.029344900768573157,-0.07658959537572257,-0.048527574685398644,0.00021415446321904064,0.015505151812670759,0.0020915354330708347,-0.004081632653061273
T18,20569665,0.3530701754385966,0.49855491329479773,0.41338582677165364,0.49961837820707333,0.8385721536207904,0.9222265185601797,0.8889860706187239,0.4148521989906274,0.5939306358381504,0.4884964767807115,0.4181505682846019,0.8199361838034338,0.9286768841394822,0.9024133462908972,-0.06178202355203083,-0.09537572254335269,-0.07511065000905787,0.08146780992247143,0.0186359698173566,-0.006450365579302564,-0.013427275672173278
T18,20577584,0.4156289478433496,0.47543352601156075,0.44352431391429953,0.47878151443452316,0.8393088948689942,0.9430891451068613,0.906397797214124,0.4422360248447205,0.5144508670520233,0.4756179024716099,0.4491895542941438,0.829411827156902,0.9447588582677162,0.910997732426304,-0.026607077001370938,-0.039017341040462505,-0.03209358855731037,0.029591960140379348,0.0098970677120922,-0.0016697131608549576,-0.004599935212180051
T18,20585503,0.4111888111888111,0.4248554913294798,0.417910447761194,0.49138614277627324,0.8401603791578078,0.94820374015748,0.9071428571428573,0.4311504424778761,0.5028901734104048,0.4642652944539737,0.4246648014339462,0.8246849608033103,0.9435109673790772,0.9089407191448008,-0.019961631289064974,-0.07803468208092496,-0.04635484669277967,0.06672134134232705,0.015475418354497505,0.004692772778402743,-0.0017978620019435398
T18,20593422,0.44117073170731713,0.4667630057803469,0.4536061791553817,0.5313920928526452,0.8503081493651807,0.949662542182227,0.9117751862649824,0.4607320845506101,0.5534682080924856,0.5028603582481479,0.5133381226499365,0.8263955659354,0.9448467379077612,0.9141399416909622,-0.019561352843292967,-0.08670520231213874,-0.04925417909276619,0.018053970202708713,0.023912583429780754,0.004815804274465818,-0.002364755425979803
T18,20601341,0.47506925207756234,0.5664739884393064,0.5167608286252354,0.5107623428195056,0.8468042238714022,0.946709786276715,0.9168772270813088,0.4009229098805648,0.6098265895953758,0.4837864395676385,0.5014523003622308,0.8305319115863772,0.9224198537682784,0.8978943958535796,0.07414634219699756,-0.043352601156069426,0.03297438905759692,0.009310042457274847,0.016272312285025015,0.024289932508436585,0.018982831227729258
T18,20609260,0.5248487467588592,0.5014450867052024,0.5128800675675677,0.522946637505882,0.8453555305451343,0.9613505343082112,0.9252672497570458,0.4147341628959279,0.6054913294797689,0.4922792883517961,0.4847141593406822,0.8252002419721022,0.9272532339707532,0.902008422416586,0.11011458386293127,-0.10404624277456653,0.02060077921577158,0.03823247816519981,0.02015528857303217,0.03409730033745795,0.02325882734045981
T18,20617179,0.4059753954305799,0.5245664739884394,0.45771413131586053,0.5626133994058942,0.8530181441147532,0.9346526996625418,0.9024781341107873,0.42834318581243,0.5534682080924855,0.4829325407547509,0.518516564749891,0.8347694627495987,0.9371133295838018,0.9070132815030776,-0.022367790381850106,-0.028901734104046173,-0.025218409438890366,0.044096834656003114,0.01824868136515445,-0.002460629921259949,-0.0045351473922903285
T18,20625098,0.49648300117233307,0.5245664739884395,0.5101385264003214,0.5225740355503261,0.8600784604326918,0.9547068335208097,0.9209588597343701,0.329829334652486,0.550578034682081,0.4125290023201858,0.5071298038913458,0.8259020091554672,0.9047560461192344,0.8769679300291545,0.1666536665198471,-0.026011560693641522,0.09760952408013562,0.015444231658980345,0.03417645127722457,0.049950787401575214,0.043990929705215565
T18,20633017,0.4504826599928494,0.5202312138728324,0.48285112090438775,0.5026789827280324,0.8288032987477001,0.945971597300337,0.912568837058633,0.4580686149936466,0.4465317919075145,0.4522266360025089,0.4895704451166964,0.8266649365045051,0.9550232002249716,0.9151279559442828,-0.007585955000797173,0.07369942196531792,0.030624484901878857,0.013108537611335958,0.002138362243194969,-0.009051602924634583,-0.002559118885649747
T18,20640936,0.3475109409190374,0.5245664739884395,0.418065153010859,0.370445201292328,0.8255631222352627,0.9161452474690659,0.8854227405247814,0.4153846153846153,0.5072254335260117,0.4567338972023422,0.3808010325193418,0.8128352549003992,0.9392224409448816,0.9053287981859413,-0.0678736744655779,0.017341040462427793,-0.038668744191483195,-0.010355831227013779,0.01272786733486353,-0.023077193475815716,-0.019906057661159826
T18,20648855,0.46149511645379404,0.5072254335260116,0.48328088119590873,0.5569318192633459,0.8642521506975647,0.9496098143981999,0.9149011985746681,0.4028626807812734,0.5578034682080926,0.4678382823997923,0.5120196983952685,0.8372222867914634,0.9296084083239592,0.9004373177842566,0.05863243567252063,-0.050578034682081,0.015442598796116425,0.04491212086807739,0.027029863906101292,0.020001406074240724,0.014463880790411499
T18,20656774,0.6957403651115617,0.4248554913294798,0.5275570366572674,0.5605394122673415,0.8630455327612592,0.984181664791901,0.9402980239714933,0.4197406097355568,0.5144508670520233,0.4622947778499213,0.5600688556972699,0.844683623813642,0.9394509280089984,0.9061062520246196,0.27599975537600485,-0.08959537572254345,0.0652622588073461,0.0004705565700715564,0.018361908947617134,0.044730736782902514,0.03419177194687373
T18,20664693,0.410333386000948,0.5361271676300579,0.46487067036606106,0.5368180039759382,0.8649330147179942,0.9344066366704159,0.9031584062196307,0.393107067879636,0.4638728323699422,0.4255681818181818,0.5228922434325148,0.8344302287132825,0.9390291057367826,0.9017492711370264,0.01722631812131198,0.07225433526011565,0.039302488547879266,0.013925760543423316,0.03050278600471168,-0.004622469066366652,0.001409135082604318
T18,20672612,0.5357389105952655,0.48121387283237005,0.5070146818923328,0.5317565327749405,0.8540027516656157,0.9644966254218221,0.9265792031098153,0.4007155635062614,0.601156069364162,0.4808851457352822,0.5181836256412117,0.8355131886512746,0.9234568335208094,0.8981697440881116,0.13502334708900404,-0.11994219653179194,0.026129536157050604,0.013572907133728829,0.018489563014341126,0.0410397919010127,0.028409459021703776
T18,20680531,0.4312369309956572,0.5534682080924856,0.4847662959949373,0.5033072417370174,0.8466800240333038,0.9378515185601796,0.9076935536119212,0.4447863866763216,0.5072254335260117,0.4739583333333335,0.4883005262761555,0.8255829501848759,0.9460946287964,0.9116618075801752,-0.013549455680664402,0.046242774566473965,0.010807962661603832,0.015006715460861852,0.02109707384842785,-0.008243110236220486,-0.003968253968254065
T18,20688450,0.3430972108764153,0.6069364161849712,0.4383806754641023,0.47102978741435075,0.8483424138908215,0.9010651012373447,0.8779883381924201,0.3070930709307097,0.6184971098265897,0.41041095890411,0.410441429392775,0.8228215314532579,0.8811867266591671,0.8605766115970198,0.036004139945705615,-0.011560693641618491,0.027969716559992308,0.06058835802157575,0.025520882437563674,0.01987837457817765,0.017411726595400245
T18,20696369,0.44828206511962587,0.5144508670520233,0.4790925694511199,0.5104878570746672,0.8296367075999533,0.9460946287964,0.9122287010042114,0.351634481888174,0.5751445086705202,0.4364376909219082,0.4746536013112306,0.8077351794627554,0.9097124578177722,0.8834629089731133,0.0966475832314519,-0.060693641618496996,0.04265487852921168,0.03583425576343657,0.021901528137197923,0.03638217097862784,0.02876579203109808
T18,20704288,0.48450158506516383,0.5679190751445088,0.5229043908002282,0.4974495249681928,0.8471730728384387,0.94855525871766,0.9186912860382251,0.4314864673373957,0.6286127167630059,0.5117217040584827,0.4777845146973932,0.827038204852284,0.929485376827896,0.905879494655005,0.053015117727768124,-0.06069364161849711,0.011182686741745496,0.019665010270799588,0.020134867986154714,0.019069881889763995,0.012811791383220195
T18,20712207,0.3336643495531285,0.624277456647399,0.4348889048680525,0.5118595809189688,0.8456471504103897,0.8938589707536552,0.8727081308713964,0.4692965410027206,0.4985549132947978,0.4834834834834836,0.5335596263167774,0.826034836098884,0.9520001406074238,0.9164237123420798,-0.1356321914495921,0.1257225433526012,-0.048594578615431094,-0.021700045397808676,0.019612314311505785,-0.058141169853768604,-0.04371558147068333
T18,20720126,0.3980000000000002,0.5751445086705204,0.47044917257683233,0.5071020748333882,0.8581931204363547,0.9259350393700783,0.8984126984126986,0.4171728780167461,0.5245664739884394,0.4647462277091908,0.4683344226423402,0.8269642691204426,0.9376054555680536,0.9051992225461614,-0.019172878016745887,0.050578034682081,0.005702944867641557,0.038767652191048,0.03122885131591202,-0.011670416197975375,-0.006786524133462812
T18,20728045,0.5161647475642162,0.48121387283237005,0.49807692307692314,0.49025515036838513,0.8542732059142898,0.9615965973003371,0.9239067055393588,0.5229885057471265,0.5072254335260117,0.5149863760217985,0.4814479380367047,0.8372747775205849,0.9606123453318332,0.9250404923874314,-0.006823758182910367,-0.026011560693641633,-0.01690945294487539,0.008807212331680414,0.016998428393704912,0.0009842519685039353,-0.0011337868480725266
T18,20735964,0.5416012558869702,0.4985549132947978,0.5191873589164786,0.5664917819648921,0.8564491752250263,0.9640748031496061,0.9275510204081633,0.534804753820034,0.5202312138728324,0.5274173294265384,0.522603112527433,0.8380613256977274,0.9614735658042742,0.9268545513443474,0.006796502066936161,-0.021676300578034657,-0.008229970510059803,0.04388866943745917,0.018387849527298883,0.002601237345331908,0.0006964690638159299
T18,20743883,0.433135752493856,0.6184971098265898,0.5094804863532015,0.453363009092256,0.8371334504655489,0.931084786276715,0.9065597667638485,0.3171201232032856,0.5101156069364163,0.391104779993669,0.4235596937304938,0.8110755032066082,0.9064784870641164,0.8753806284418532,0.11601562929057041,0.10838150289017345,0.11837570635953254,0.029803315361762228,0.026057947258940728,0.024606299212598604,0.03117913832199537
T18,20751802,0.3772235786536449,0.4465317919075145,0.4089619965967102,0.4880593908323403,0.8439823222738416,0.9372363610798646,0.8987366375121478,0.3934990439770554,0.4248554913294798,0.4085765336509827,0.478288409896713,0.8185309223223906,0.9442491563554553,0.9034985422740528,-0.016275465323410454,0.021676300578034713,0.0003854629457274994,0.009770980935627283,0.02545139995145107,-0.007012795275590622,-0.004761904761904967
T18,20759721,0.4557130203720106,0.4248554913294798,0.43974358974358974,0.404184838296378,0.8368774142348898,0.9567983689538806,0.9150631681243928,0.3317445185891326,0.5028901734104048,0.3997702469844918,0.3557356989773144,0.810596736959542,0.913754921259842,0.8815192743764174,0.123968501782878,-0.07803468208092496,0.03997334275909792,0.04844913931906364,0.026280677275347775,0.04304344769403856,0.033543893747975395
T18,20767640,0.44948989797959593,0.46387283236994226,0.4565681194757696,0.5215562958541603,0.8533699674598119,0.9516310461192349,0.9133624878522839,0.5145549738219894,0.5072254335260117,0.5108639151678969,0.5203090319480371,0.8246024064323971,0.9592589988751404,0.9237933268545512,-0.06506507584239352,-0.043352601156069426,-0.05429579569212728,0.001247263906123175,0.028767561027414734,-0.007627952755905554,-0.010430839002267267
T18,20775559,0.37121212121212127,0.48554913294797697,0.4207513416815743,0.5159441038373027,0.8451675544711537,0.9299775028121482,0.8951085195983155,0.3742107478602499,0.550578034682081,0.4455768106256788,0.4834129005140619,0.8326003595648812,0.9216113610798644,0.8925008098477487,-0.0029986266481286106,-0.06502890173410403,-0.02482546894410448,0.03253120332324083,0.01256719490627245,0.008366141732283783,0.002607709750566789
T18,20783478,0.4594395280235987,0.38583815028901736,0.4194344703770197,0.49686203930300304,0.8292202867930889,0.9613505343082112,0.9161969549724652,0.3396296296296299,0.5679190751445088,0.4250618046971572,0.469737121358443,0.8018744964276507,0.9059863610798644,0.8794622610949143,0.11980989839396883,-0.18208092485549143,-0.0056273343201375114,0.027124917944560067,0.02734579036543816,0.05536417322834675,0.036734693877550906
T18,20791397,0.4629742341245689,0.4710982658959538,0.46700092090453293,0.5374157146199741,0.8623844458929629,0.9534765185601796,0.9156300615484289,0.5193109196999165,0.3858381502890173,0.4427336254885704,0.5128745192515031,0.8391205208814216,0.9695936445444318,0.9237933268545512,-0.0563366855753476,0.08526011560693653,0.02426729541596251,0.02454119536847099,0.023263925011541287,-0.01611712598425219,-0.008163265306122325
T18,20799316,0.4673366834170855,0.5375722543352601,0.5000000000000001,0.5125899442366217,0.8555325431683759,0.947834645669291,0.9156462585034015,0.4680700513001946,0.546242774566474,0.5041440411546156,0.5295428139543513,0.8358520755714787,0.94714918447694,0.9156948493683188,-0.0007333678831090706,-0.00867052023121384,-0.00414404115461553,-0.01695286971772958,0.019680467596897233,0.0006854611923510223,-4.859086491726394e-05
T18,20807235,0.3889489118691157,0.5202312138728324,0.44511171950896417,0.491080647355382,0.840537533512791,0.9304169010123731,0.8982345319080015,0.3439043410449703,0.5462427745664741,0.4220768862657523,0.4972715848151746,0.8243731912710697,0.9112767154105732,0.8826368642695174,0.04504457082414537,-0.026011560693641633,0.023034833243211872,-0.0061909374597926,0.016164342241721363,0.019140185601799864,0.015597667638484136
T18,20815154,0.3932439875160638,0.4421965317919075,0.4162860752113497,0.532433690363057,0.8535535410855436,0.9419115579302583,0.9027048914804018,0.4517557734894021,0.5895953757225434,0.5115529285330468,0.5091060971469175,0.8292561667463174,0.9390818335208097,0.9116618075801752,-0.05851178597333828,-0.1473988439306359,-0.0952668533216971,0.02332759321613953,0.024297374339226185,0.0028297244094486196,-0.008956916099773449
T18,20823073,0.4246675168518856,0.48121387283236994,0.45117584438207686,0.5255587141630256,0.8587179599975944,0.9444952193475812,0.9081470683511501,0.5047281323877069,0.5289017341040463,0.5165322580645162,0.4855386857378829,0.8323236318274526,0.9558141169853768,0.9223194039520572,-0.08006061553582128,-0.047687861271676346,-0.06535641368243933,0.040020028425142684,0.026394328170141756,-0.011318897637795589,-0.014172335600907138
T18,20830992,0.511720301946762,0.5317919075144509,0.5215630694472565,0.510668670712704,0.8514789127469977,0.9567983689538806,0.9234531908001297,0.4229641693811075,0.5361271676300579,0.4728696285506191,0.5237159794075495,0.8242064231449033,0.9377284870641168,0.9062196307094268,0.08875613256565451,-0.00433526011560692,0.04869344089663741,-0.013047308694845494,0.027272489602094385,0.019069881889763773,0.01723356009070287
T18,20838911,0.41410552496002845,0.48121387283237005,0.44514465769120604,0.48732211918755186,0.853015798964436,0.9420345894263213,0.905879494655005,0.3844812554489974,0.546242774566474,0.4513047927682074,0.4796290596479315,0.8311122389280461,0.9255483689538804,0.8957887917071593,0.02962426951103103,-0.06502890173410392,-0.006160135077001361,0.0076930595396203505,0.021903560036389935,0.01648622047244097,0.010090702947845642
T18,20846830,0.4208684587243519,0.546242774566474,0.4754289821220017,0.44927250363070065,0.8345397480797201,0.9360060461192348,0.905425979915776,0.4218805231530577,0.4927745664739885,0.4545800799847648,0.3554059228596397,0.7846066889985938,0.9425091394825644,0.9072238419177197,-0.0010120644287057723,0.05346820809248548,0.02084890213723689,0.09386658077106097,0.04993305908112633,-0.0065030933633296595,-0.0017978620019436509
T18,20854749,0.4919101666264187,0.4205202312138729,0.45342237061769614,0.467229864165292,0.8389608474699334,0.9630202474690661,0.9204567541302235,0.4124767225325887,0.6401734104046244,0.5016987542468858,0.4477914874244641,0.8139545350364443,0.9223671259842516,0.9002267573696147,0.07943344409382996,-0.2196531791907515,-0.04827638362918968,0.01943837674082788,0.025006312433489053,0.04065312148481448,0.02022999676060888
T18,20862668,0.4982381959126144,0.43786127167630057,0.46610262608504555,0.5168074998087567,0.8637545047205083,0.9624578177727782,0.9212989957887918,0.4795346833261525,0.4595375722543353,0.4693232131562302,0.4717003122203965,0.8345602956602971,0.9575365579302584,0.9184645286686104,0.018703512586461912,-0.021676300578034713,-0.0032205870711846663,0.04510718758836024,0.029194209060211196,0.004921259842519787,0.0028344671201814275
T18,20870587,0.43829018663455765,0.601156069364162,0.5069637883008358,0.47017844125365693,0.8366523475344125,0.9344066366704159,0.9082604470359573,0.4145021645021645,0.5534682080924856,0.4740099009900991,0.4180915027249191,0.7942865382208371,0.9334399606299209,0.9036281179138324,0.023788022132393172,0.047687861271676346,0.032953887310736674,0.05208693852873786,0.042365809313575475,0.0009666760404950514,0.004632329122124967
T18,20878506,0.44195019291476684,0.5202312138728324,0.4779063151905937,0.45884269374659786,0.8347462313688391,0.9440733970753652,0.9108195659216071,0.4084507042253522,0.5028901734104048,0.4507772020725389,0.4200685433064872,0.8171349652463965,0.9379921259842516,0.903854875283447,0.03349948868941466,0.01734104046242768,0.02712911311805477,0.03877415044011068,0.01761126612244257,0.00608127109111356,0.006964690638160076
T18,20886425,0.4708324683412912,0.4682080924855492,0.46951661318704063,0.49473124989821315,0.8404977675523582,0.9551989595050615,0.916990605766116,0.4433448787728846,0.5549132947976879,0.4928944714403593,0.5272050723491583,0.8331909649299623,0.9406812429696284,0.9104146420472952,0.027487589568406634,-0.08670520231213874,-0.023377858253318673,-0.0324738224509451,0.007306802622395914,0.0145177165354331,0.006575963718820854
T18,20894344,0.41628318584070784,0.48554913294797686,0.4482561463693539,0.478519861128954,0.8528825148437009,0.9420345894263213,0.9062196307094268,0.461457970003488,0.546242774566474,0.5002836074872377,0.4859680721371996,0.8310883641125426,0.945725534308211,0.914382896015549,-0.045174784162780146,-0.06069364161849711,-0.052027461117883755,-0.007448211008245609,0.021794150731158313,-0.0036909448818897017,-0.008163265306122214
T18,20902263,0.5558259811378157,0.3771676300578035,0.44939121879227656,0.5369792140185929,0.8451513924063325,0.9743391451068616,0.9274862325882736,0.450063211125158,0.5144508670520233,0.4801078894133513,0.5254926812238365,0.8262839130748112,0.9464812992125982,0.9125850340136056,0.10576277001265766,-0.13728323699421974,-0.03071667062107475,0.011486532794756421,0.01886747933152133,0.027857845894263433,0.014901198574667984
T18,20910182,0.39225381128965825,0.5895953757225434,0.4710927835051548,0.48045155063825973,0.8440584761623008,0.9222265185601795,0.896128927761581,0.3400000000000001,0.5158959537572255,0.4098737083811712,0.4732397434282668,0.8073848207783643,0.914739173228346,0.8834467120181407,0.05225381128965817,0.07369942196531787,0.06121907512398361,0.0072118072099929265,0.03667365538393652,0.007487345331833484,0.012682215743440306
T18,20918101,0.37653983027648535,0.5679190751445087,0.4528395061728397,0.5215664372054011,0.8405837930843907,0.9199416479190096,0.8923226433430517,0.3592390502875683,0.5028901734104047,0.4190967741935484,0.5030838340739185,0.8058344986275203,0.9236325928008996,0.8906219630709428,0.017300779988917048,0.06502890173410403,0.033742731979291285,0.018482603131482533,0.03474929445687036,-0.0036909448818900348,0.001700680272108901
T18,20926020,0.39670014347202304,0.5708092485549133,0.4680887083121721,0.5241478847160823,0.8497988115015249,0.9260932227221592,0.8982183349530289,0.3769903215735249,0.4985549132947978,0.4293333333333334,0.4802668325335192,0.8400924036635957,0.9298544713160852,0.8960155490767737,0.019709821898498125,0.07225433526011554,0.038755374978838686,0.04388105218256311,0.009706407837929198,-0.0037612485939260143,0.00220278587625522
T18,20933939,0.5619995671932483,0.5361271676300579,0.548758584257792,0.5669067898857493,0.8689315806712746,0.964426321709786,0.9308228053126015,0.4160763781952571,0.5578034682080926,0.476627271123655,0.5324990858326109,0.8416782586515561,0.933352080989876,0.9038872691933918,0.14592318899799117,-0.021676300578034713,0.07213131313413701,0.03440770405313842,0.02725332201971853,0.03107424071991005,0.026935536119209735
T18,20941858,0.40445486518171175,0.4985549132947978,0.44660194174757295,0.42967645222988804,0.8420866449903663,0.9374999999999996,0.9030612244897961,0.3388230568387231,0.6965317919075145,0.4558843399540607,0.4334650713096782,0.8376140115569011,0.8842800899887509,0.8695497246517655,0.06563180834298865,-0.19797687861271668,-0.00928239820648774,-0.0037886190797901675,0.004472633433465267,0.053219910011248706,0.03351149983803059
T18,20949777,0.4624082523308867,0.48121387283237005,0.4716236722306526,0.5277880478169086,0.8518172324286778,0.9523692350956128,0.9154033041788145,0.3834498834498838,0.6112716763005782,0.4712716855005573,0.5014413302286651,0.8391681181199895,0.9163210067491556,0.8923874311629416,0.07895836888100294,-0.13005780346820817,0.00035198673009528836,0.026346717588243473,0.012649114308688314,0.036048228346457156,0.023015873015872934
T18,20957696,0.424109931292942,0.4205202312138729,0.4223074530942263,0.4296042447084421,0.8349965952142544,0.9513849831271088,0.9097343699384517,0.5349759866360411,0.5289017341040463,0.531921519775771,0.4448097177674707,0.8243862800883635,0.9608584083239592,0.9269679300291548,-0.11086605534309907,-0.1083815028901734,-0.10961406668154466,-0.015205473059028585,0.010610315125890946,-0.009473425196850349,-0.017233560090703093
T18,20965615,0.38660530074591337,0.5028901734104048,0.4371467025572006,0.4615939247330467,0.841880161701247,0.9320690382452189,0.8983965014577261,0.3976564817561555,0.5534682080924855,0.462799930951148,0.4253335073015204,0.8169178229527672,0.9286241563554553,0.899190152251377,-0.011051181010242106,-0.050578034682080775,-0.025653228393947403,0.036260417431526304,0.024962338748479862,0.0034448818897636624,-0.0007936507936509019
T18,20973534,0.37049549549549543,0.407514450867052,0.3881242626818718,0.37683126488662416,0.8335194637655483,0.9410503374578174,0.899190152251377,0.3934990439770554,0.4248554913294798,0.4085765336509827,0.3540192202802042,0.8191753306848207,0.9442491563554553,0.9034985422740528,-0.023003548481559943,-0.017341040462427793,-0.020452270969110897,0.022812044606419946,0.014344133080727572,-0.003198818897637845,-0.004308390022675801
T18,20981453,0.47528517110266166,0.5419075144508672,0.5064145847400406,0.5284307183480597,0.856673217509661,0.9490649606299209,0.9171201814058958,0.3952963061387194,0.6141618497109828,0.4810024252223123,0.530592197947719,0.8414557487575616,0.9200119516310457,0.8960155490767737,0.07998886496394225,-0.0722543352601156,0.02541215951772835,-0.0021614795996592884,0.015217468752099395,0.029053008998875196,0.021104632329122075
T18,20989372,0.3061311990853224,0.44219653179190754,0.3617937674182925,0.4386632589163983,0.8170412269636818,0.91466886951631,0.8775996112730807,0.4450446706835653,0.4421965317919075,0.4436160298229264,0.4354633039948464,0.7940379014897347,0.9530546962879636,0.9129737609329448,-0.1389134715982429,5.551115123125783e-17,-0.08182226240463392,0.003199954921551895,0.02300332547394701,-0.038385826771653586,-0.035374149659864074
T18,20997291,0.39816306799871104,0.5101156069364163,0.447239819004525,0.47768349912895586,0.8466191263212766,0.9343539088863889,0.9010689990281827,0.4306169347710801,0.5028901734104048,0.4639558137320256,0.4842381749125843,0.8320857980270533,0.9433879358830144,0.9088273404599936,-0.032453866772369055,0.007225433526011571,-0.016715994727500627,-0.00655467578362845,0.014533328294223269,-0.009034026996625477,-0.007758341431810867
T18,21005210,0.45385325334563914,0.40606936416184974,0.4286336892569187,0.5008134735092764,0.8609444981994665,0.9583977784026995,0.9150631681243926,0.4080293379656436,0.4364161849710983,0.4217456359102244,0.5042661940359455,0.8551085027395422,0.9460946287964,0.9061062520246196,0.04582391537999553,-0.030346820809248554,0.0068880533466942895,-0.0034527205266691174,0.005835995459924304,0.012303149606299413,0.008956916099773005
T18,21013129,0.40874382392573755,0.5635838150289019,0.4738349388180163,0.5317179444135939,0.8555418814384115,0.930592660292463,0.9017978620019437,0.3728172293364379,0.5289017341040464,0.4373506316148858,0.520673571171183,0.8271967437867236,0.9242477502812144,0.8932296728215098,0.03592659458929964,0.034682080924855474,0.036484307203130506,0.011044373242410921,0.02834513765168789,0.0063449100112485946,0.008568189180433894
T18,21021048,0.5694249649368864,0.5028901734104048,0.5340934005700505,0.5340677750622376,0.8517075776022941,0.967625140607424,0.9311629413670233,0.4751515151515151,0.4855491329479769,0.4802940575862773,0.5247807210276777,0.8371740207194118,0.9543377390326206,0.9175574991901524,0.09427344978537133,0.017341040462427848,0.0537993429837732,0.009287054034559872,0.01453355688288227,0.013287401574803348,0.013605442176870874
T18,21028967,0.4864383290437537,0.5072254335260117,0.4966144517433047,0.5054742590561141,0.8325351948645511,0.9544080427446567,0.9193229672821511,0.4765624999999999,0.5289017341040463,0.5013698630136987,0.5182239207768294,0.8122861764750506,0.9505413385826768,0.9174603174603176,0.009875829043753837,-0.021676300578034602,-0.004755411270393972,-0.012749661720715344,0.02024901838950044,0.0038667041619799836,0.0018626498218334842
T18,21036886,0.36145689257722463,0.48554913294797697,0.4144128270636949,0.44515255759189454,0.8129923884378978,0.9269720191226092,0.892338840298024,0.4158075601374571,0.5245664739884394,0.4638977635782748,0.4676453552529182,0.8121237938646401,0.9372539370078736,0.904875283446712,-0.05435066756023249,-0.039017341040462394,-0.04948493651457986,-0.02249279766102369,0.0008685945732577194,-0.010281917885264447,-0.012536443148687959
T18,21044805,0.4200204888043322,0.592485549132948,0.4915646141988526,0.5209651057289876,0.8592386595642308,0.9303465973003372,0.9038386783284744,0.463768115942029,0.6011560693641619,0.5235997482693517,0.52304911655597,0.8507620587121337,0.9408218503937004,0.9141723356009072,-0.04374762713769681,-0.00867052023121384,-0.03203513407049913,-0.0020840108269823965,0.008476600852097116,-0.010475253093363168,-0.010333657272432739
T21,20260824,0.04170922710248552,0.16666666666666666,0.06672113289760348,0.18992218083331042,0.532722721299129,0.9066036170565782,0.8889860706187238,0.0231481481481482,0.476190476190476,0.044150110375276,0.1876357931693555,0.4861376451471041,0.5098722415795588,0.5090702947845805,0.018561078954337323,-0.3095238095238093,0.022571022522327483,0.0022863876639549197,0.046585076152024896,0.3967313754770194,0.37991577583414327
T21,20268743,0.015202189115232627,0.23809523809523803,0.02857959416976285,0.017758411870827075,0.32282124619108427,0.6238095238095236,0.6146258503401361,0.0155205348615091,0.3095238095238095,0.0295588904047295,0.0169286109512943,0.2896066246862682,0.5211382113821141,0.5160997732426305,-0.0003183457462764723,-0.07142857142857145,-0.0009792962349666513,0.0008298009195327749,0.03321462150481608,0.10267131242740946,0.0985260770975056
T21,20276662,0.014806378132118493,0.3095238095238095,0.028260869565217468,0.01815972413463753,0.3460691438790021,0.49767711962833916,0.4931972789115647,0.0180995475113122,0.3809523809523809,0.0345572354211664,0.0169054622075324,0.3001141687801739,0.4959349593495935,0.4931972789115647,-0.003293169379193708,-0.0714285714285714,-0.0062963658559489315,0.0012542619271051283,0.04595497509882823,0.0017421602787456858,0.0
T21,20284581,0.032497678737233145,0.40476190476190466,0.060164821275089896,0.19887086500234155,0.4993280238924854,0.706089264974282,0.6989148040168449,0.0276595744680851,0.3095238095238095,0.0507812500000001,0.1421900496488851,0.4435245759163149,0.7346109175377463,0.7244897959183674,0.0048381042691480435,0.09523809523809518,0.009383571275089798,0.056680815353456454,0.055803447976170484,-0.028521652563464284,-0.02557499190152246
T21,20292500,0.032141313742437415,0.40476190476190466,0.05955359823841471,0.18838108224571753,0.5312823774496265,0.7027210884353735,0.6956268221574344,0.0276497695852535,0.5714285714285713,0.0527472527472529,0.1863267388078899,0.4673972415137193,0.5098722415795588,0.5113378684807257,0.004491544157183915,-0.16666666666666663,0.006806345491161811,0.0020543434378276215,0.06388513593590717,0.19284884685581472,0.18428895367670872
T21,20300419,0.031615302869288084,0.40476190476190466,0.05864958107442106,0.2032204831647813,0.5265206043702826,0.6976107516177198,0.6906381600259153,0.0202794819359236,0.4047619047619046,0.03862382343395,0.1959629374729443,0.4859000898075081,0.5230628836900612,0.5202461937155815,0.011335820933364483,5.551115123125783e-17,0.020025757640471056,0.0072575456918370085,0.04062051456277449,0.17454786792765864,0.17039196631033382
T21,20308338,0.03181209337925765,0.45238095238095233,0.059443997497095,0.1880438441995561,0.5146388869136522,0.664194458271113,0.659151279559443,0.027120717781403,0.4523809523809523,0.0511735282801078,0.1862360305246523,0.4618096870959003,0.6041977766716439,0.6005830903790089,0.004691375597854652,5.551115123125783e-17,0.008270469216987202,0.0018078136749038187,0.052829199817751915,0.05999668159946914,0.05856818918043405
T21,20316257,0.010201107548819604,0.07142857142857141,0.0178525886253507,0.017728327052830378,0.3023733147924309,0.8309606769537077,0.81287657920311,0.0,0.0,0.0,0.0161549472704281,0.2593050847904024,0.7769537083125928,0.7584548104956269,0.010201107548819604,0.07142857142857141,0.0178525886253507,0.0015733797824022781,0.04306823000202853,0.05400696864111487,0.054421768707483054
T21,20324176,0.015797788309636684,0.23809523809523805,0.02962962962962969,0.017971705404659984,0.331598415595431,0.6382113821138207,0.6286848072562359,0.0168002067717756,0.3095238095238095,0.0318705565089483,0.0170048417526672,0.2904698038719959,0.5581881533101043,0.5522675736961452,-0.0010024184621389154,-0.07142857142857142,-0.0022409268793186117,0.0009668636519927845,0.04112861172343513,0.08002322880371637,0.07641723356009067
T21,20332095,0.022988505747126495,0.4761904761904761,0.04385964912280712,0.20265567479403898,0.5288802241763935,0.5063879210220669,0.5056689342403629,0.0229885057471264,0.4761904761904761,0.0438596491228071,0.192742397373323,0.470956489448278,0.5063879210220669,0.5056689342403629,9.71445146547012e-17,0.0,2.0816681711721685e-17,0.009913277420715988,0.05792373472811546,0.0,0.0
T21,20340014,0.02371134020618564,0.5476190476190476,0.04545454545454559,0.19313778315156443,0.47983097226502075,0.45005807200929177,0.4523809523809524,0.0227272727272728,0.7142857142857142,0.0440528634361235,0.1413284458243707,0.4260096101932851,0.2508710801393733,0.2619047619047619,0.0009840674789128381,-0.16666666666666663,0.0014016820184220846,0.05180933732719373,0.05382136207173566,0.19918699186991845,0.19047619047619047
T21,20347933,0.0,0.0,0.0,0.018690332764608873,0.3495601802470914,0.914982578397212,0.8931972789115646,0.0072533849129594,0.0714285714285714,0.0131694468832309,0.0170192621823554,0.2950532129228025,0.7615563298490122,0.7451247165532879,-0.0072533849129594,-0.0714285714285714,-0.0131694468832309,0.0016710705822534748,0.05450696732428889,0.15342624854819975,0.1480725623582767
T21,20355852,0.03309888291270177,0.3809523809523809,0.060905976398934275,0.1911146694700903,0.5481580243402059,0.7285714285714281,0.720294784580499,0.0335148722245497,0.3809523809523809,0.0616095494801695,0.1858881252360497,0.4739147381755662,0.7320557491289194,0.7236961451247167,-0.000415989311847928,0.0,-0.0007035730812352259,0.005226544234040592,0.07424328616463971,-0.0034843205574912606,-0.003401360544217691
T21,20363771,0.031250000000000076,0.3333333333333333,0.05714285714285727,0.19830295093400424,0.5220426072093587,0.747967479674796,0.7380952380952382,0.0306345733041576,0.3333333333333333,0.0561122244488979,0.0969757772210219,0.4988488310539098,0.7427409988385593,0.7329931972789117,0.0006154266958424762,0.0,0.0010306326939593727,0.10132717371298235,0.023193776155448875,0.00522648083623678,0.005102040816326592
T21,20371690,0.021800741225201713,0.4761904761904761,0.041692724619553985,0.01749360356879027,0.3096537802112733,0.4788617886178858,0.47879818594104323,0.0187704026115343,0.5476190476190476,0.0362966859547608,0.016592916633842,0.2802057408329207,0.301780874951607,0.3076341647770219,0.0030303386136674125,-0.07142857142857145,0.005396038664793185,0.0009006869349482693,0.02944803937835261,0.17708091366627882,0.17116402116402135
T21,20379609,0.0,0.0,0.0,0.017362872298389766,0.31138527420259854,0.9584702173552346,0.935649497894396,0.0094475436386539,0.0714285714285714,0.0166878575969485,0.0162616673987946,0.2698495658425994,0.8173386427741823,0.799578879170716,-0.0094475436386539,-0.0714285714285714,-0.0166878575969485,0.0011012048995951672,0.041535708359999146,0.1411315745810523,0.13607061872367998
T21,20387528,0.0461567445365486,0.16666666666666666,0.07229271171437,0.1872348272937533,0.5119079222862216,0.9159946905591501,0.8981535471331392,0.031390134529148,0.3333333333333332,0.0573770491803279,0.1861508690897623,0.4721116088711931,0.7491289198606266,0.7392290249433108,0.014766610007400593,-0.16666666666666655,0.014915662534042105,0.0010839582039909867,0.03979631341502854,0.16686577069852349,0.15892452218982844
T21,20395447,0.026006331976481323,0.5476190476190474,0.04965457685664956,0.1916618653493806,0.5502008159051476,0.49976771196283426,0.5009070294784581,0.0218554014063476,0.5476190476190474,0.0420332611022637,0.1865822223034888,0.4868155469698542,0.402223328355733,0.4056851311953354,0.004150930570133722,0.0,0.007621315754385863,0.005079643045891785,0.06338526893529339,0.09754438360710127,0.09522189828312272
T21,20403366,0.5645161290322581,0.16666666666666666,0.25735294117647056,0.193131436456373,0.5688590496206241,0.9968641114982578,0.9770975056689344,0.2554744525547445,0.1666666666666666,0.201729106628242,0.1873121565365668,0.4980850722015498,0.9881533101045296,0.9685941043083904,0.3090416764775136,5.551115123125783e-17,0.05562383454822856,0.005819279919806214,0.07077397741907426,0.008710801393728262,0.00850340136054395
T21,20411285,0.010662063363119428,0.07142857142857141,0.018554514931966797,0.018018541684559644,0.3004045288266319,0.8383441181350583,0.8200842241658569,0.0071907957813998,0.0714285714285714,0.0130662020905923,0.0168740330850763,0.2759231605921523,0.7594657375145175,0.7430839002267575,0.0034712675817196283,1.3877787807814457e-17,0.0054883128413744965,0.0011445085994833439,0.024481368234479606,0.07887838062054076,0.07700032393909939
T21,20419204,0.0,0.0,0.0,0.018674546290115644,0.3422107131664143,0.9693379790940766,0.9462585034013608,0.014807502467917,0.0714285714285714,0.0245298446443172,0.0174778513184032,0.2990667656919542,0.8840882694541226,0.8647392290249434,-0.014807502467917,-0.0714285714285714,-0.0245298446443172,0.0011966949717124448,0.043143947474460154,0.08524970963995404,0.08151927437641737
T21,20427123,0.03211009174311934,0.3333333333333333,0.05857740585774071,0.19812014970123087,0.5296871749086799,0.7549361207897788,0.7448979591836736,0.0321100917431193,0.3333333333333333,0.0585774058577407,0.1904988409887833,0.4971866020895403,0.7549361207897788,0.7448979591836736,3.469446951953614e-17,0.0,1.3877787807814457e-17,0.0076213087124475665,0.032500572819139595,0.0,0.0
T21,20435042,0.02344394064303384,0.3095238095238095,0.043586550435865574,0.1901007572540908,0.5343540048617215,0.6855317736850833,0.6765792031098155,0.0234576589256393,0.476190476190476,0.0447127207690589,0.1870305843826399,0.4847102061885552,0.5164924506387926,0.5155328798185942,-1.3718282605459237e-05,-0.16666666666666652,-0.0011261703331933229,0.0030701728714509213,0.04964379867316626,0.16903932304629077,0.16104632329122126
T21,20442961,0.03463203463203472,0.3809523809523809,0.06349206349206366,0.18927966143741262,0.5376460688805158,0.7409988385598136,0.7324263038548754,0.1140065146579804,0.1666666666666666,0.1353965183752417,0.1861701241470198,0.4860608742141867,0.9684088269454124,0.9493197278911566,-0.07937448002594567,0.21428571428571427,-0.07190445488317804,0.0031095372903928165,0.051585194666329104,-0.22740998838559878,-0.2168934240362812
T21,20450880,0.023340515030265838,0.6190476190476191,0.044984922635820074,0.19982052772006556,0.5214276496506485,0.3682097229135561,0.3741820537738905,0.023105360443623,0.7142857142857143,0.0447627573858552,0.1905881859520003,0.4869560522621766,0.2634146341463419,0.2741496598639456,0.0002351545866428363,-0.09523809523809523,0.00022216524996487158,0.009232341768065255,0.034471597388471886,0.10479508876721416,0.1000323939099449
T21,20458799,0.016398819285011537,0.23809523809523805,0.030684258975145852,0.01814878094651983,0.3309023415792974,0.6516840882694539,0.6418367346938776,0.0149597238204833,0.3095238095238095,0.0285400658616905,0.0169390949728289,0.2858205535408142,0.5029036004645762,0.4982993197278911,0.0014390954645282367,-0.07142857142857142,0.002144193113455352,0.001209685973690932,0.04508178803848317,0.14878048780487774,0.1435374149659865
T21,20466718,0.017537097706687266,0.3095238095238095,0.03319350720408543,0.018627603638576573,0.3451993805652362,0.5770698523311761,0.5706997084548106,0.0209643605870021,0.238095238095238,0.0385356454720617,0.0171777218463422,0.3019798473009044,0.7288037166085941,0.7171201814058958,-0.0034272628803148353,0.07142857142857148,-0.005342138267976269,0.001449881792234372,0.04321953326433181,-0.15173386427741797,-0.1464204729510853
T21,20474637,0.35714285714285704,0.23809523809523803,0.28571428571428564,0.20286164666619563,0.5129607243594323,0.9895470383275262,0.9716553287981862,0.028322440087146,0.3095238095238095,0.0518962075848304,0.1981520689848376,0.4701511189067208,0.7409988385598135,0.7307256235827665,0.328820417055711,-0.07142857142857145,0.23381807812945524,0.004709577681358046,0.04280960545271151,0.2485481997677127,0.24092970521541968
T21,20482556,0.024352446313925268,0.5238095238095237,0.04654114660461198,0.1897572538581245,0.5361309293365057,0.48815331010452995,0.4890022675736962,0.0240722166499499,0.761904761904762,0.0466699076324747,0.1863086790711894,0.4839148435216147,0.2466124661246617,0.2588813303099017,0.00028022966397536764,-0.23809523809523825,-0.0001287610278627241,0.00344857478693511,0.05221608581489107,0.24154084397986825,0.2301209372637945
T21,20490475,0.0,0.0,0.0,0.01818067887423265,0.34128379962128297,0.8397212543554001,0.8197278911564627,0.0,0.0,0.0,0.0181225099308469,0.3430579587622915,0.8347270615563293,0.8148526077097507,0.0,0.0,0.0,5.8168943385748795e-05,-0.0017741591410085356,0.0049941927990708734,0.004875283446712064
T21,20498394,0.03175704526046122,0.40476190476190466,0.05889339800059402,0.18988286015471573,0.536625792399811,0.6990044798407162,0.6919987042436022,0.0270880361173815,0.5714285714285713,0.0517241379310346,0.0961816992281905,0.4915172069602148,0.4994192799070849,0.5011337868480726,0.00466900914307972,-0.16666666666666663,0.0071692600695594175,0.09370116092652522,0.04510858543959623,0.19958519993363133,0.19086491739552958
T21,20506313,0.025261952761392897,0.6904761904761904,0.048740666042402216,0.1880083588357466,0.5074507309698961,0.3501908080305297,0.35829284094590225,0.0293462861768873,0.6904761904761904,0.0562997476218212,0.1876586888358006,0.4593838309617319,0.442973286875726,0.4488662131519275,-0.004084333415494402,0.0,-0.007559081579418987,0.000349669999945984,0.048066900008164215,-0.0927824788451963,-0.09057337220602524
T21,20514232,0.026846546045210563,0.40476190476190466,0.05035331951085361,0.18883152530089056,0.5151769418568839,0.6421436867429895,0.6364917395529641,0.0271800679501699,0.5714285714285713,0.051891891891892,0.186818674901496,0.4610893834885888,0.5011614401858303,0.5028344671201814,-0.00033352190495933645,-0.16666666666666663,-0.0015385723810383903,0.0020128503993945557,0.0540875583682951,0.14098224655715919,0.1336572724327827
T21,20522151,0.020851205795443813,0.5952380952380951,0.04029101625454731,0.019922710999246314,0.33103290483828285,0.31825120292019293,0.32484612892776166,0.0169109357384442,0.3571428571428571,0.0322927879440259,0.0173527133253722,0.294243431015459,0.4936120789779328,0.4903628117913832,0.0039402700569996126,0.23809523809523803,0.00799822831052141,0.0025699976738741137,0.036789473822823826,-0.17536087605773987,-0.16551668286362153
T21,20530070,0.03824476650563615,0.45238095238095233,0.0705270972531553,0.19579377592787922,0.5281017168772284,0.7225319396051099,0.7160997732426305,0.0247747747747748,0.5238095238095237,0.0473118279569894,0.1917225455482801,0.4928920387357436,0.4970963995354241,0.4977324263038549,0.013469991730861351,-0.0714285714285714,0.0232152692961659,0.004071230379599111,0.03520967814148479,0.22543554006968575,0.21836734693877563
T21,20537989,0.01560271041369475,0.23809523809523803,0.029286252196468965,0.017879768238007104,0.32354010129022753,0.6336153973784631,0.624198250728863,0.0159460567679621,0.238095238095238,0.0298902600452624,0.0169772939037305,0.2963196041095508,0.641629334660693,0.6320213799805637,-0.00034334635426735115,2.7755575615628914e-17,-0.000604007848793435,0.0009024743342766033,0.027220497180676706,-0.008013937282229988,-0.0078231292517007
T21,20545908,0.03278056305437727,0.40476190476190466,0.0606493043168036,0.19180899249822353,0.543239549013568,0.7087108013937277,0.7014739229024944,0.1301115241635687,0.1666666666666666,0.1461377870563674,0.1095842523194242,0.4689006613098223,0.972822299651568,0.9536281179138324,-0.09733096110919143,0.23809523809523805,-0.0854884827395638,0.08222474017879933,0.07433888770374569,-0.2641114982578403,-0.25215419501133796
T21,20553827,0.10903426791277253,0.23809523809523803,0.14957264957264949,0.19986543819313915,0.5151201866732004,0.9525468724074994,0.9355361192095887,0.0250868390582787,0.3095238095238095,0.0464119957158159,0.1949880264360157,0.467767664557114,0.7066202090592328,0.6971655328798188,0.08394742885449383,-0.07142857142857145,0.1031606538568336,0.0048774117571234454,0.04735252211608637,0.24592666334826652,0.23837058632976993
T21,20561746,0.18817204301075263,0.16666666666666666,0.17676767676767674,0.19286916827603728,0.5387123025749224,0.9824622531939605,0.9630385487528345,0.0299769408147579,0.3095238095238095,0.0546601261387527,0.1863239591453854,0.4534398118519593,0.755710414246999,0.7450869236583524,0.15819510219599472,-0.14285714285714282,0.12210755062892403,0.0065452091306518745,0.08527249072296311,0.2267518389469615,0.21795162509448207
T21,20569665,0.11797752808988764,0.16666666666666666,0.13815789473684212,0.19922010850463456,0.5155043047029124,0.9696089818041036,0.9504913076341648,0.0316742081447964,0.3333333333333333,0.0578512396694216,0.1911133490241882,0.4881182825433708,0.7514518002322875,0.7414965986394559,0.08630331994509124,-0.16666666666666666,0.08030665506742052,0.008106759480446368,0.027386022159541612,0.21815718157181607,0.20899470899470884
T21,20577584,0.009541984732824447,0.07142857142857141,0.016835016835016866,0.019065376742659422,0.36575068277407946,0.8191637630662015,0.8013605442176871,0.0069124423963133,0.0714285714285714,0.0126050420168067,0.017513543778127,0.3111113744762345,0.7497096399535418,0.7335600907029479,0.0026295423365111465,1.3877787807814457e-17,0.0042299748182101655,0.0015518329645324222,0.05463930829784497,0.06945412311265975,0.06780045351473918
T21,20585503,0.0229357798165139,0.7142857142857142,0.04444444444444471,0.19447217416165824,0.5192452745713091,0.25783972125435595,0.26870748299319724,0.0229357798165139,0.7142857142857142,0.0444444444444447,0.1880133920695777,0.4728995973147309,0.2578397212543559,0.2687074829931972,0.0,0.0,6.938893903907228e-18,0.006458782092080534,0.04634567725657818,5.551115123125783e-17,5.551115123125783e-17
T21,20593422,0.043154178109062497,0.5238095238095237,0.07973903588256635,0.2009250602721055,0.5281886273673249,0.7167247386759577,0.7121315192743765,0.0240782543265614,0.761904761904762,0.0466812545587165,0.1947424615251359,0.4826936194532027,0.2468060394889668,0.2590702947845805,0.019075923782501097,-0.23809523809523825,0.03305778132384985,0.006182598746969581,0.04549500791412214,0.46991869918699086,0.45306122448979597
T21,20601341,0.028587443946188427,0.40476190476190466,0.0534031413612567,0.18882430983005316,0.505108361579244,0.6645373596593105,0.6583522297808012,0.0250708524089819,0.5476190476190476,0.0479466333124871,0.1858486426277447,0.447519232237999,0.4806039488966321,0.4821995464852607,0.0035165915372065253,-0.1428571428571429,0.005456508048769598,0.002975667202308463,0.05758912934124499,0.18393341076267838,0.1761526832955405
T21,20609260,0.01965188096574965,0.28571428571428564,0.03677436301549789,0.018044418184452342,0.3111236209543843,0.6523643603782975,0.6436345966958212,0.0067829457364341,0.0714285714285714,0.0123893805309734,0.016400336269857,0.2612400941793694,0.7448979591836727,0.7288629737609331,0.01286893522931555,0.21428571428571425,0.02438498248452449,0.0016440819145953425,0.0498835267750149,-0.09253359880537526,-0.08522837706511188
T21,20617179,0.02079125579184988,0.3571428571428571,0.03929493656674535,0.01744054482623834,0.3027307012623111,0.5897461423593826,0.5842079689018466,0.0178383337297408,0.3571428571428571,0.0339794828646323,0.0161734075447027,0.2591562176554728,0.5203915712626512,0.5165046971169421,0.0029529220621090785,0.0,0.005315453702113046,0.00126713728153564,0.0435744836068383,0.06935457109673138,0.06770327178490443
T21,20625098,0.09887005649717513,0.16666666666666666,0.12411347517730494,0.20000887204191342,0.4990031630151108,0.9629500580720093,0.9439909297052156,0.0226603217765692,0.4761904761904761,0.0432619511139953,0.1122679205444844,0.4462434915894359,0.4990708478513355,0.4985260770975057,0.07620973472060594,-0.3095238095238094,0.08085152406330964,0.08774095149742903,0.05275967142567489,0.4638792102206738,0.4454648526077099
T21,20633017,0.038864213197969545,0.16666666666666666,0.06303061487007976,0.1887460022828801,0.5186820682589742,0.8994690559150483,0.8820213799805637,0.0299480023695123,0.3095238095238095,0.0546120146432216,0.1882988197314377,0.471313480870476,0.7554670648747299,0.7448493683187561,0.008916210828457245,-0.14285714285714282,0.008418600226858156,0.0004471825514424099,0.04736858738849825,0.1440019910403184,0.1371720116618076
T21,20640936,0.038321903993545875,0.45238095238095233,0.07065823726292318,0.19491629433608365,0.5062774393535989,0.723112659698025,0.7166666666666667,0.0246913580246914,0.5238095238095237,0.047159699892819,0.1406677069168969,0.454861917666798,0.4953542392566785,0.4960317460317461,0.013630545968854477,-0.0714285714285714,0.023498537370104183,0.054248587419186756,0.051415521686800914,0.22775842044134648,0.22063492063492057
T21,20648855,0.0247863247863249,0.6904761904761906,0.047854785478548066,0.20283326850315742,0.5146046494478571,0.33739837398374034,0.34580498866213155,0.0242424242424243,0.761904761904762,0.0469897209985318,0.1161818893235257,0.4675764614789021,0.2520325203252038,0.264172335600907,0.0005439005439005981,-0.0714285714285714,0.0008650644800162685,0.08665137917963171,0.047028187968955026,0.08536585365853655,0.08163265306122452
T21,20656774,0.024483713008303248,0.5476190476190476,0.046871815773385096,0.21310454522623937,0.5174483343472909,0.4678281068524972,0.46972789115646263,0.0270570278895519,0.3095238095238095,0.0497639402832717,0.1935003493190019,0.4705473517320227,0.7285327138985672,0.7185563114134544,-0.0025733148812486506,0.23809523809523808,-0.002892124509886601,0.01960419590723747,0.04690098261526815,-0.26070460704607,-0.2488284202569918
T21,20664693,0.02915766738660916,0.6428571428571428,0.05578512396694231,0.21089898944239113,0.513167729344934,0.4779326364692217,0.481859410430839,0.0227272727272728,0.7142857142857142,0.0440528634361236,0.1971425950319969,0.4854087821733436,0.2508710801393735,0.2619047619047619,0.006430394659336359,-0.0714285714285714,0.01173226053081871,0.013756394410394224,0.027758947171590442,0.2270615563298482,0.2199546485260771
T21,20672612,0.018155410312273156,0.4761904761904761,0.03497726477789455,0.019020059902938584,0.3730271977160994,0.3718931475029042,0.37437641723356013,0.0182888040712469,0.5476190476190476,0.0353955063096339,0.0181530627914063,0.3423988875457291,0.2830429732868763,0.2893424036281179,-0.00013339375897374398,-0.07142857142857145,-0.0004182415317393537,0.0008669971115322847,0.030628310170370265,0.08885017421602792,0.08503401360544222
T21,20680531,0.030067209055535973,0.40476190476190466,0.0559762923938098,0.18902034168427478,0.5244704385819384,0.6815331010452956,0.6749433106575964,0.0272047154840173,0.5714285714285713,0.0519368102142394,0.1878517640566112,0.4850308532239855,0.5016260162601626,0.5032879818594105,0.0028624935715186733,-0.16666666666666663,0.004039482179570404,0.0011685776276635917,0.039439585357952944,0.17990708478513306,0.1716553287981859
T21,20688450,0.022841747686541,0.3095238095238095,0.042543907494273045,0.1973182132960637,0.4891672658223196,0.6770421989934181,0.6682917611489041,0.0228310502283105,0.476190476190476,0.0435729847494554,0.1916221105819754,0.4305643124458471,0.5029036004645762,0.5022675736961452,1.0697458230499168e-05,-0.16666666666666652,-0.0010290772551823577,0.005696102714088297,0.05860295337647253,0.17413859852884195,0.16602418745275893
T21,20696369,0.029535864978903034,0.3333333333333333,0.054263565891473006,0.1935623384468607,0.5264760956647487,0.7328687572590006,0.723356009070295,0.0228310502283105,0.4761904761904761,0.0435729847494554,0.1886865949858998,0.4856185524926212,0.5029036004645762,0.5022675736961452,0.0067048147505925325,-0.1428571428571428,0.010690581142017604,0.004875743460960896,0.04085754317212753,0.22996515679442442,0.2210884353741498
T21,20704288,0.14285714285714282,0.16666666666666666,0.15384615384615383,0.20143567886163272,0.4978968978222361,0.9756097560975608,0.9563492063492064,0.0233208955223881,0.4761904761904761,0.0444642063139174,0.1139662190427134,0.4489508850384925,0.5135888501742165,0.5126984126984128,0.11953624733475472,-0.3095238095238094,0.10938194753223643,0.08746945981891932,0.04894601278374361,0.4620209059233443,0.44365079365079363
T21,20712207,0.007159904534606222,0.07142857142857141,0.013015184381778771,0.019178370862214564,0.3476255000645265,0.7584204413472702,0.7420634920634922,0.0073550014009526,0.0714285714285714,0.0133367204369364,0.0169378855479188,0.2789803029225649,0.7648747303799565,0.7483641075477812,-0.00019509686634637795,1.3877787807814457e-17,-0.0003215360551576292,0.0022404853142957634,0.0686451971419616,-0.0064542890326863,-0.006300615484288952
T21,20720126,0.05221542592868864,0.23809523809523803,0.08564786492108159,0.1917620863549403,0.5273778578407764,0.8945910071345605,0.8789601554907678,0.0229007633587786,0.476190476190476,0.0436999271667881,0.1892997912146474,0.484923136889291,0.5044521873790165,0.5037792894935752,0.02931466256991004,-0.23809523809523797,0.04194793775429349,0.0024622951402928916,0.04245472095148539,0.390138819755544,0.3751808659971926
T21,20728045,0.04165958170379187,0.16666666666666666,0.06665759760576792,0.19743857575927143,0.4964510233051812,0.9064874730379952,0.8888726919339166,0.0232054455445545,0.7142857142857143,0.044950554390171,0.1171012230800537,0.4584766698007129,0.2666666666666673,0.2773242630385488,0.018454136159237373,-0.5476190476190477,0.021707043215596918,0.08033735267921772,0.03797435350446832,0.6398208063713279,0.6115484288953679
T21,20735964,0.023068732994203308,0.3095238095238095,0.04293735549928449,0.18984716907924404,0.5234355453369903,0.6802942315137434,0.6714663643235074,0.0228310502283105,0.476190476190476,0.0435729847494554,0.1875897390713167,0.4639993047160806,0.502903600464576,0.5022675736961452,0.00023768276589280699,-0.16666666666666652,-0.0006356292501709104,0.00225743000792733,0.05943624062090974,0.1773906310491673,0.1691987906273622
T21,20743883,0.033378746594005464,0.16666666666666666,0.05561861520998867,0.18932426820038822,0.5269132817664441,0.882279741164758,0.8652413346290898,0.023084025854109,0.4761904761904761,0.0440334654337297,0.1877882984661918,0.4828613830356005,0.5084785133565622,0.5077097505668935,0.010294720739896464,-0.3095238095238094,0.01158514977625897,0.001535969734196424,0.04405189873084364,0.3738012278081958,0.3575315840621963
T21,20751802,0.017269518351235476,0.3095238095238095,0.032713808102958694,0.018649662426547677,0.33999475903408394,0.5703998672639785,0.5641885325558795,0.015169194865811,0.3095238095238095,0.0289210233592881,0.01782079164306,0.3236756026452408,0.5098722415795582,0.5051020408163266,0.002100323485424476,0.0,0.0037927847436705943,0.0008288707834876764,0.016319156388843126,0.06052762568442027,0.05908649173955294
T21,20759721,0.0,0.0,0.0,0.017986149757292645,0.33894353715160314,0.9982578397212543,0.9744897959183674,0.007132667617689,0.0714285714285714,0.0129701686121919,0.0171291928522205,0.3079138585360605,0.7574912891986058,0.7411564625850341,-0.007132667617689,-0.0714285714285714,-0.0129701686121919,0.0008569569050721447,0.031029678615542622,0.2407665505226485,0.23333333333333328
T21,20767640,0.06855064353665359,0.16666666666666666,0.09714512291831877,0.18766674677709225,0.5020542479477285,0.9447652231624356,0.9262390670553937,0.068283166109253,0.1666666666666666,0.0968762356662712,0.1852454161946058,0.4526954103360291,0.9445329351252694,0.9260123096857792,0.0002674774274005892,5.551115123125783e-17,0.0002688872520475727,0.0024213305824864473,0.04935883761169935,0.00023228803716623947,0.00022675736961452753
T21,20775559,0.029801201920110654,0.5476190476190476,0.056526267744918056,0.1935750881551612,0.49221953589798506,0.5651678557601901,0.564750026994925,0.0207451537649035,0.619047619047619,0.040144992537149,0.1917424117606618,0.4469005875675875,0.2872794646313814,0.2951787064031962,0.009056048155207153,-0.0714285714285714,0.016381275207769053,0.001832676394499383,0.04531894833039757,0.27788839112880875,0.26957132059172884
T21,20783478,0.022411474675033675,0.23809523809523805,0.040966816878328656,0.018934028856935278,0.3180702710817219,0.7466898954703827,0.7345804988662132,0.0073230268510984,0.0714285714285714,0.0132841328413284,0.0176337314502819,0.2830078140431576,0.7638404955478121,0.7473544973544975,0.015088447823935276,0.16666666666666666,0.027682684037000256,0.00130029740665338,0.03506245703856431,-0.017150600077429412,-0.01277399848828431
T21,20791397,0.0,0.0,0.0,0.01745481240287857,0.3113822455037012,0.8611747137879536,0.8406705539358602,0.0065934065934066,0.0714285714285714,0.0120724346076459,0.0161247587822659,0.2496867930292539,0.7375145180023224,0.721655328798186,-0.0065934065934066,-0.0714285714285714,-0.0120724346076459,0.00133005362061267,0.0616954524744473,0.12366019578563126,0.11901522513767426
T21,20799316,0.02770083102493085,0.3333333333333333,0.05115089514066514,0.19405331648334606,0.5106776121211182,0.7146341463414629,0.7055555555555557,0.0301075268817205,0.3333333333333333,0.0552268244575938,0.1895853531031787,0.4826534562721739,0.7380952380952375,0.7284580498866216,-0.00240669585678965,0.0,-0.004075929316928656,0.004467963380167361,0.0280241558489443,-0.023461091753774532,-0.022902494331065837
T21,20807235,0.03057757644394121,0.6428571428571428,0.05837837837837855,0.19141228999928248,0.5507137194792759,0.5029036004645762,0.5062358276643992,0.0240708070448226,0.5476190476190474,0.0461146277890758,0.1365380200648903,0.4913616898559675,0.4584702173552349,0.4605928085519922,0.006506769399118609,0.09523809523809534,0.01226375058930275,0.05487426993439218,0.05935202962330843,0.04443338310934125,0.045643019112407035
T21,20815154,0.022753128555176395,0.4761904761904761,0.043431053203040276,0.20663615138705124,0.5246749415987859,0.5011614401858303,0.5005668934240365,0.0223713646532439,0.4761904761904761,0.0427350427350428,0.1955996895364488,0.4709678141485026,0.4924506387921021,0.4920634920634921,0.0003817639019324942,0.0,0.000696010467997478,0.011036461850602447,0.05370712745028333,0.008710801393728207,0.008503401360544394
T21,20823073,0.0,0.0,0.0,0.017868445588067022,0.3178051940869282,0.978214700514352,0.9549238743116295,0.0072169908584782,0.0714285714285714,0.0131094325488482,0.0165852296277003,0.272583032438684,0.7603451136552176,0.7439423388402981,-0.0072169908584782,-0.0714285714285714,-0.0131094325488482,0.001283215960366721,0.04522216164824422,0.21786958685913438,0.21098153547133136
T21,20830992,0.025908991944263063,0.40476190476190466,0.04870063433599355,0.19568801697846414,0.5160528942510049,0.6288369006139037,0.623501781665047,0.0225225225225225,0.4761904761904761,0.0430107526881721,0.1906044933004977,0.4912070286883646,0.4959349593495931,0.4954648526077097,0.003386469421740562,-0.07142857142857145,0.00568988164782145,0.0050835236779664394,0.02484586556264029,0.13290194126431065,0.12803692905733727
T21,20838911,0.025190839694656582,0.5238095238095237,0.04806991988346703,0.19944551523161572,0.5245441808159595,0.5056136275648473,0.5060468631897204,0.0251141552511416,0.5238095238095237,0.047930283224401,0.1901827539014864,0.4875072754614833,0.5040650406504067,0.5045351473922903,7.668444351498216e-05,0.0,0.00013963665906602946,0.009262761330129321,0.037036905354476235,0.0015485869144405973,0.0015117157974300355
T21,20846830,0.024024024024024163,0.761904761904762,0.04657933042212544,0.19531910135252556,0.5303620480325327,0.24506387921022124,0.25736961451247165,0.0240240240240241,0.761904761904762,0.0465793304221254,0.1908952151062077,0.4934069175482828,0.2450638792102212,0.2573696145124716,6.245004513516506e-17,0.0,4.163336342344337e-17,0.004423886246317871,0.03695513048424992,2.7755575615628914e-17,5.551115123125783e-17
T21,20854749,0.03211009174311936,0.3333333333333333,0.05857740585774074,0.1946786822564139,0.5175664536042852,0.7549361207897787,0.7448979591836736,0.0321100917431193,0.3333333333333333,0.0585774058577407,0.1897935156893775,0.4941370973476515,0.7549361207897787,0.7448979591836736,5.551115123125783e-17,0.0,4.163336342344337e-17,0.004885166567036414,0.023429356256633727,0.0,0.0
T21,20862668,0.02228447726983332,0.8333333333333333,0.04340816073421829,0.018526915412617067,0.34231895623135256,0.10824622531939669,0.1255102040816327,0.0202608829885767,0.8333333333333333,0.0395599427322734,0.0176871047860905,0.3189413512210945,0.0171506000774293,0.036583522297808,0.0020235942812566188,0.0,0.003848218001944889,0.0008398106265265666,0.02337760501025804,0.09109562524196739,0.08892668178382468
T21,20870587,0.056707241078476196,0.3095238095238095,0.09585337593483377,0.21026691215199292,0.5597936270907911,0.8744206625739721,0.8609707375013499,0.0288888888888889,0.3095238095238095,0.0528455284552846,0.1479939799061084,0.4908348279303994,0.7462253193960505,0.7358276643990931,0.027818352189587295,0.0,0.04300784747954917,0.06227293224588451,0.06895879916039166,0.12819534317792158,0.1251430731022568
T21,20878506,0.0,0.0,0.0,0.018136790104211,0.3437535060481821,0.9159117305458765,0.8941043083900229,0.0077186963979416,0.0714285714285714,0.0139318885448916,0.0178555942477385,0.3312937021498521,0.7760356174990316,0.7592592592592593,-0.0077186963979416,-0.0714285714285714,-0.0139318885448916,0.000281195856472502,0.012459803898330013,0.13987611304684489,0.13484504913076356
T21,20886425,0.03253355022366823,0.3809523809523809,0.05994754589733996,0.20093211472225855,0.50752144450502,0.7236933797909402,0.7155328798185943,0.0228310502283105,0.4761904761904761,0.0435729847494554,0.1140052084521513,0.4674682184139643,0.5029036004645764,0.5022675736961452,0.00970249999535773,-0.09523809523809523,0.016374561147884555,0.08692690627010725,0.040053226091055716,0.2207897793263638,0.2132653061224491
T21,20894344,0.28,0.16666666666666666,0.208955223880597,0.19173763452042766,0.5528120810848554,0.9895470383275262,0.9699546485260773,0.0691504374823595,0.1666666666666666,0.0977458607620187,0.1861581177934062,0.4782630280141499,0.9452795752447318,0.9267411726595404,0.21084956251764053,5.551115123125783e-17,0.1112093631185783,0.00557951672702145,0.07454905307070547,0.04426746308279439,0.0432134758665369
T21,20902263,0.01817520901490371,0.23809523809523803,0.033772374197906185,0.016780350676413865,0.2808400557280623,0.6862950058072005,0.67562358276644,0.0103391523301776,0.1666666666666666,0.0194704565623386,0.015649617945616,0.2188534531117928,0.6108954150765993,0.6003185401144586,0.007836056684726112,0.07142857142857142,0.014301917635567585,0.0011307327307978655,0.06198660261626951,0.07539959073060121,0.07530504265198135
T21,20910182,0.05475268176400475,0.16666666666666666,0.08242682516541436,0.187432370049103,0.5097246254289579,0.929821359438084,0.9116510096101934,0.0539093442863429,0.1666666666666666,0.0814675238306362,0.1087644176302476,0.4485816471381447,0.9286599192522532,0.9105172227621208,0.0008433374776618541,5.551115123125783e-17,0.0009593013347781593,0.07866795241885538,0.06114297829081322,0.0011614401858307533,0.0011337868480726376
T21,20918101,0.023014959723820564,0.47619047619047605,0.043907793633370065,0.19043760622901915,0.5286268669295066,0.5069686411149827,0.5062358276643991,0.0228310502283105,0.476190476190476,0.0435729847494554,0.1882332995038365,0.4799942586403526,0.5029036004645762,0.5022675736961452,0.000183909495510063,5.551115123125783e-17,0.0003348088839146626,0.002204306725182653,0.048632608289153945,0.004065040650406582,0.003968253968253954
T21,20926020,0.029328146042196728,0.6666666666666667,0.05618460656442617,0.19307145696834294,0.5079483593669771,0.4618383938941433,0.4667152575315841,0.0242424242424243,0.761904761904762,0.0469897209985318,0.1881135998741545,0.4510924385239978,0.2520325203252039,0.264172335600907,0.005085721799772427,-0.09523809523809523,0.009194885565894373,0.004957857094188445,0.05685592084297936,0.20980587356893937,0.20254292193067708
T21,20933939,0.026286966046002287,0.5714285714285713,0.05026178010471221,0.19385085600015886,0.5263157063057535,0.4837398373983743,0.4858276643990931,0.0234021529980759,0.7142857142857142,0.0453195024925729,0.187080912681488,0.4914617027608589,0.2729771583430125,0.2834845049130763,0.0028848130479263885,-0.1428571428571429,0.004942277612139313,0.006769943318670868,0.03485400354489465,0.21076267905536178,0.20234315948601678
T21,20941858,0.024202420242024274,0.5238095238095237,0.04626708727655113,0.018644921175731237,0.3600472477028001,0.48490127758420465,0.485827664399093,0.0190403655750191,0.5952380952380951,0.0369003690036902,0.0174909173758689,0.323254745181079,0.2520325203252038,0.2602040816326531,0.005162054667005176,-0.0714285714285714,0.009366718272860924,0.0011540037998623368,0.036792502521721115,0.23286875725900086,0.2256235827664399
T21,20949777,0.104384133611691,0.23809523809523803,0.14513788098693756,0.2119437705831892,0.5364452556090206,0.9501742160278744,0.9332199546485264,0.0298850574712644,0.3095238095238095,0.0545073375262055,0.1968626710749134,0.4816903300228361,0.7549361207897787,0.7443310657596373,0.0744990761404266,-0.07142857142857145,0.09063054346073206,0.015081099508275797,0.054754925586184444,0.19523809523809577,0.1888888888888891
T21,20957696,0.03660637381567624,0.40476190476190466,0.06714060031595594,0.19852409518669237,0.5113107418732123,0.7401858304297324,0.732199546485261,0.0236406619385343,0.4761904761904761,0.0450450450450451,0.1913979695879386,0.4561121777398549,0.5203252032520325,0.5192743764172336,0.01296571187714194,-0.07142857142857145,0.022095555270910838,0.00712612559875378,0.05519856413335744,0.21986062717769994,0.21292517006802736
T21,20965615,0.029039463886820608,0.3095238095238095,0.05309734513274346,0.1986160865423809,0.5370154410970751,0.7475803329461861,0.7371504157218444,0.0251145333112546,0.3095238095238095,0.0464593863276663,0.1929390653019636,0.4689363472837857,0.7069520491123271,0.697489471979268,0.003924930575566008,0.0,0.006637958805077157,0.005677021240417274,0.06807909381328942,0.04062828383385897,0.03966094374257634
T21,20973534,0.022996057818659696,0.16666666666666666,0.04041570438799082,0.1880701120925651,0.5250423359432836,0.8272938443670145,0.8115646258503403,0.0341296928327645,0.3333333333333332,0.0619195046439629,0.1858045786763909,0.4611034735225894,0.7699186991869913,0.7595238095238097,-0.011133635014104803,-0.16666666666666655,-0.02150380025597208,0.0022655334161741925,0.06393886242069424,0.05737514518002318,0.05204081632653057
T21,20981453,0.02424242424242437,0.761904761904762,0.04698972099853181,0.19766700141928997,0.5380419066581354,0.2520325203252036,0.264172335600907,0.0248267301127548,0.761904761904762,0.048086555800441,0.1917901994614254,0.4804752950347795,0.2700735578784362,0.2817838246409676,-0.0005843058703304295,0.0,-0.0010968348019091897,0.00587680195786458,0.05756661162335597,-0.018041037553232553,-0.017611489040060546
T21,20989372,0.03429720808692074,0.45238095238095233,0.06376042698712023,0.1942164348152127,0.4894652634573012,0.6893258116254627,0.6836842673577369,0.0203135579978124,0.619047619047619,0.0393363255837411,0.192223105265383,0.455962718033402,0.271815718157182,0.2800831443688586,0.013983650089108336,-0.16666666666666663,0.024424101403379125,0.0019933295498296977,0.03350254542389919,0.4175100934682807,0.4036011229888783
T21,20997291,0.026583524778470733,0.6428571428571428,0.051055783170501294,0.20810228251934154,0.489392574683766,0.4258614014711578,0.43102796674225247,0.022802128198632,0.7142857142857142,0.0441934691873314,0.1949952186053384,0.449733342814479,0.2533875338753392,0.2643613000755858,0.003781396579838732,-0.0714285714285714,0.0068623139831698945,0.013107063914003153,0.03965923186928699,0.17247386759581862,0.16666666666666669
T21,21005210,0.031890660592255204,0.3333333333333333,0.05821205821205835,0.2066483489434963,0.5089321597783538,0.7531939605110332,0.7431972789115646,0.0318906605922552,0.3333333333333333,0.0582120582120583,0.1915661730296836,0.462674248948516,0.7531939605110332,0.7431972789115646,6.938893903907228e-18,0.0,4.85722573273506e-17,0.015082175913812695,0.04625791082983782,0.0,0.0
T21,21013129,0.025243418680129897,0.3333333333333333,0.04693261816962802,0.19404529258965741,0.4842127094740354,0.6860627177700346,0.6776643990929706,0.0235936499376454,0.4761904761904761,0.0449596968431871,0.1869591265103656,0.4481859410430854,0.5193462750954044,0.5183187560738581,0.0016497687424844969,-0.1428571428571428,0.0019729213264409254,0.007086166079291828,0.036026768430949985,0.16671644267463015,0.15934564301911247
T21,21021048,0.02764703946285761,0.5714285714285713,0.0527422848711269,0.19876220235922548,0.5304055032775801,0.5098224655715947,0.5112892776158082,0.0271800679501699,0.5714285714285713,0.051891891891892,0.1885739687439424,0.4853325379706672,0.5011614401858306,0.5028344671201814,0.0004669715126877118,0.0,0.0008503929792348999,0.010188233615283093,0.04507296530691285,0.008661025385764076,0.008454810495626797
T21,21028967,0.0229357798165139,0.7142857142857143,0.0444444444444447,0.20610197962864918,0.5346479203373196,0.257839721254356,0.2687074829931973,0.0229885057471265,0.7142857142857143,0.0445434298440982,0.1479320009696044,0.4956754788636339,0.2595818815331016,0.2704081632653061,-5.2725930612597394e-05,0.0,-9.898539965349368e-05,0.058169978659044774,0.03897244147368567,-0.0017421602787455748,-0.00170068027210879
T21,21036886,0.027151211361737773,0.3095238095238095,0.049923195084485575,0.19248675794542155,0.502768889204929,0.7295005807200925,0.7195011337868481,0.0264522821576764,0.4047619047619046,0.0496592015579358,0.1883510629172373,0.4525080260520795,0.6366627951993803,0.6311413454270598,0.0006989292040613729,-0.09523809523809512,0.0002639935265497731,0.004135695028184255,0.0502608631528495,0.0928377855207122,0.0883597883597883
T21,21044805,0.012489592006661122,0.07142857142857141,0.02126151665485472,0.019164850116979198,0.3156218972296643,0.8622531939605104,0.8434240362811793,0.0067114093959731,0.0714285714285714,0.0122699386503067,0.0173848746078523,0.2887778804901771,0.7421602787456438,0.7261904761904764,0.0057781826106880225,1.3877787807814457e-17,0.00899157800454802,0.0017799755091268965,0.02684401673948722,0.12009291521486654,0.11723356009070296
