target,replicate,roc_auc_w,pr_auc_w,precision_w,recall_w,specificity_w,npv_w,f1_w,balanced_accuracy_w,mcc_w,accuracy_w,brier_w,logloss_w,precision_raw,recall_raw,f1_raw,accuracy_raw,predicted_positive,n,positive
ANY,0,0.849110705091617,0.5743313132157631,0.5234159779614334,0.6178861788617892,0.9088274044795781,0.9362106406080346,0.5667412378821782,0.7633567916706835,0.49202803097567455,0.8682539682539683,0.14498191977936883,0.45723613618559333,0.48936170212765956,0.5897435897435898,0.5348837209302325,0.8666666666666667,94,600,78
ANY,1,0.7734538443989418,0.4469544745390987,0.4467713787085519,0.5344467640918581,0.9193589417451026,0.9418816783945788,0.48669201520912575,0.7269028529184802,0.41996782603477906,0.8775510204081631,0.15738344715191174,0.4875988211266669,0.4,0.4838709677419355,0.43795620437956206,0.8727272727272727,75,605,62
ANY,2,0.7742076201452651,0.4250751545495333,0.3136962750716337,0.5363511659807959,0.8942740611261191,0.9553711213807413,0.39586346543245643,0.7153126135534573,0.3403927271613917,0.864690638160026,0.16106054666162056,0.4979328588436967,0.2891566265060241,0.5106382978723404,0.36923076923076925,0.8614864864864865,83,592,47
ANY,3,0.7909370291616666,0.4690211431500718,0.33389866440534294,0.5434782608695659,0.8876733876733875,0.9494130692463578,0.4136572554169408,0.7155758242714765,0.3495001015958263,0.855361192095886,0.1596362529523761,0.492585400119807,0.3068181818181818,0.5094339622641509,0.3829787234042553,0.8540268456375839,88,596,53
ANY,4,0.8279877165324937,0.4937117247059112,0.42346938775510234,0.5198329853862212,0.9137624014245735,0.9398220826792253,0.4667291471415184,0.7167976934053973,0.3968897903046071,0.8709750566893424,0.15070047463402708,0.46331857693988815,0.41333333333333333,0.484375,0.4460431654676259,0.872093023255814,75,602,64
ANY,5,0.7836560648633346,0.38833634703795145,0.30821824148776195,0.42146596858638785,0.9102886934316924,0.943153214397266,0.35605402416870746,0.6658773310090399,0.28877959136360254,0.8679462261094913,0.14966901768956453,0.47173673146359163,0.30985915492957744,0.4230769230769231,0.35772357723577236,0.8676716917922948,71,597,52
ANY,6,0.8206511374959351,0.46473731557016834,0.4259102455546147,0.5980975029726519,0.9150269457325478,0.9557533708600602,0.4975272007912958,0.7565622243525998,0.4425391878281666,0.8848072562358276,0.1435193393579094,0.44961664249493266,0.4125,0.5689655172413793,0.4782608695652174,0.8825448613376835,80,613,58
ANY,7,0.8043720248423991,0.5003026177571214,0.45904436860068254,0.5188042430086789,0.9185404085828086,0.9347541841004182,0.48709823449524675,0.7186723257957437,0.4150008323224119,0.8715419501133786,0.14147933710448096,0.45133049915475704,0.4358974358974359,0.4927536231884058,0.46258503401360546,0.8709150326797386,78,612,69
ANY,8,0.837466959303611,0.5839166586804913,0.47856154910096776,0.5934819897084046,0.9014894172981444,0.9357200976403578,0.5298621745788664,0.7474857035032747,0.4528328274148687,0.8607709750566894,0.15465461863548333,0.4723501440359376,0.4845360824742268,0.5949367088607594,0.5340909090909091,0.8673139158576052,97,618,79
ANY,9,0.8065605771521394,0.5453522012303947,0.4451834147355299,0.6368366285119671,0.9029502117681275,0.9531247001937947,0.5240366972477069,0.769893420140047,0.46368251941993743,0.873955296404276,0.14706404099534734,0.4668210879406208,0.4069767441860465,0.5932203389830508,0.4827586206896552,0.8743718592964824,86,597,59
ANY,10,0.8423659398163705,0.4938888224227705,0.40285590653396813,0.4699646643109542,0.9258024624979837,0.9425255897969236,0.4338303821062443,0.6978835634044689,0.3697169761531772,0.8819241982507289,0.1378272375877149,0.4310049670933914,0.375,0.42105263157894735,0.39669421487603307,0.8803278688524591,64,610,57
ANY,11,0.8253541868991818,0.4942165950443966,0.4227309893704003,0.48003714020427085,0.9088208704636446,0.9262866921153086,0.44956521739130406,0.6944290053339578,0.3683996760455437,0.8564625850340134,0.14348431958373994,0.45106128399840545,0.42857142857142855,0.47368421052631576,0.45,0.8555008210180624,84,609,76
ANY,12,0.7466026733444331,0.38963653136012855,0.4100509832483609,0.5336492890995257,0.8956857694784289,0.9339331274338661,0.46375617792421714,0.7146675292889776,0.3842973306043638,0.8523809523809524,0.15655693328616957,0.48651651352848346,0.3793103448275862,0.5,0.43137254901960786,0.8505154639175257,87,582,66
ANY,13,0.8303215963686174,0.567112838885673,0.4884833105602183,0.6195840554592721,0.9023331221348436,0.9403231444440127,0.5462781052172013,0.7609585887970579,0.47307658442364875,0.8653385163589246,0.15202484964993415,0.4719153316863331,0.45263157894736844,0.5733333333333334,0.5058823529411764,0.864951768488746,95,622,75
ANY,14,0.7585708874005447,0.4105181723218067,0.34931000492853637,0.46875000000000017,0.905174890469008,0.9400827987468297,0.40031064670996913,0.686962445234504,0.32895466620315694,0.8624230644638807,0.1602893894228294,0.5015853444817601,0.345679012345679,0.4666666666666667,0.3971631205673759,0.8566610455311973,81,593,60
ANY,15,0.8177858980104101,0.4916874917866334,0.4867117779739135,0.6850241545893716,0.9039544912377286,0.955726286789671,0.5690861139777544,0.7944893229135503,0.5104768087257437,0.8782636864269516,0.15037339381840073,0.4722309297322483,0.44047619047619047,0.6065573770491803,0.5103448275862069,0.8780068728522337,84,582,61
ANY,16,0.8812922641084522,0.5404600905793611,0.49117797042325406,0.6533713200379867,0.9082381504165975,0.9508038894772312,0.5607824871914303,0.7808047352272922,0.49821802284666883,0.8778101716877227,0.14129032748265621,0.4425878308049034,0.4731182795698925,0.6197183098591549,0.5365853658536586,0.8729096989966555,93,598,71
ANY,17,0.8256020333841343,0.5344339436942623,0.47669233887312507,0.6054054054054053,0.9043172132666292,0.940892967304133,0.5333938088218617,0.7548613093360172,0.4613595948754462,0.8666990605766116,0.14357529223513524,0.45291430445705205,0.47,0.6025641025641025,0.5280898876404494,0.8651685393258427,100,623,78
ANY,18,0.8611846691427697,0.6198379346901398,0.5916193181818181,0.616580310880829,0.9477130126398108,0.9526508226691041,0.6038419717288872,0.7821466617603199,0.5541913087317532,0.9114836410754777,0.1348419051759649,0.42699439249253535,0.578125,0.5967741935483871,0.5873015873015873,0.9112627986348123,64,586,62
ANY,19,0.8503057807510911,0.5747573857334186,0.5384615384615384,0.5032987747408102,0.9410085983097969,0.932680024818424,0.5202867283735818,0.7221536865253038,0.4575277809225104,0.8883543893747976,0.12857392224945324,0.420818391084748,0.5,0.4647887323943662,0.48175182481751827,0.8830313014827018,66,607,71
ANY,20,0.8196775842768924,0.4752633847997059,0.4494327781800625,0.5145067698259188,0.9162966496642324,0.9342612339581696,0.4797732543158978,0.7154017097450756,0.4065669593892814,0.8691933916423713,0.15297797698840546,0.48226140639508175,0.4578313253012048,0.5,0.4779874213836478,0.8643790849673203,83,612,76
ANY,21,0.7914147408743645,0.5199923124990661,0.5533160680103595,0.5643086816720261,0.9251961080102576,0.9282241434760398,0.5587583148558762,0.7447523948411416,0.485506168804488,0.8742954324586978,0.15070930051015224,0.4790479779102081,0.5316455696202531,0.5316455696202531,0.5316455696202531,0.8756302521008403,79,595,79
ANY,22,0.8266077266834023,0.5195694967985401,0.42780682101070444,0.5212314225053075,0.9166394661444163,0.9412169962387812,0.46992070002734465,0.7189354443248621,0.4019761022647311,0.8744088111435048,0.1482470025542612,0.46059833980446296,0.4146341463414634,0.5151515151515151,0.4594594594594595,0.8717948717948718,82,624,66
ANY,23,0.8576820176267803,0.6319980287578848,0.567357512953368,0.5814159292035399,0.9348504551365411,0.9382667710780476,0.5743006993006994,0.7581331921700405,0.5109176263855465,0.8895691609977324,0.13948644867837554,0.438957430682949,0.5921052631578947,0.569620253164557,0.5806451612903226,0.889267461669506,76,587,79
ANY,24,0.8060062794940763,0.46482042220064435,0.3649763502364977,0.5331833520809893,0.8960138336005182,0.9448232634997814,0.43332898001828374,0.7145985928407541,0.36464382942925105,0.8594428247489471,0.15930130748545526,0.4930845246142649,0.3563218390804598,0.5254237288135594,0.4246575342465753,0.86,87,600,59
ANY,25,0.7749807025642192,0.43852112590225645,0.34955414012738867,0.4606345475910691,0.9084667371779929,0.9403785488958989,0.39747953936409064,0.6845506423845311,0.32713075064115277,0.8652575315840622,0.15124604214740292,0.4665723968337419,0.3333333333333333,0.4482758620689655,0.38235294117647056,0.8606965174129353,78,603,58
ANY,26,0.796815433598026,0.43066252120179555,0.4496788008565309,0.5403087478559176,0.8992683564149464,0.9277530664510042,0.49084534476042063,0.719788552135432,0.4073210125817122,0.8518140589569162,0.16204195934958607,0.4944756468640315,0.4111111111111111,0.5068493150684932,0.4539877300613497,0.8478632478632478,90,585,73
ANY,27,0.8347259211103981,0.6537053786421421,0.5334872979214786,0.6721629485935986,0.9221979714982664,0.9550591676638742,0.5948497854077258,0.7971804600459325,0.5388626233029509,0.8929705215419501,0.14049782230484206,0.44931347920448267,0.5465116279069767,0.6714285714285714,0.6025641025641025,0.8968386023294509,86,601,70
ANY,28,0.7510660318469152,0.5213549671134757,0.4797391211376026,0.5754039497307,0.9097919988135403,0.9367972970393417,0.5232347968048507,0.7425979742721203,0.4495573183928641,0.8675574991901522,0.15968688267492911,0.5028236895700234,0.4157303370786517,0.5362318840579711,0.46835443037974683,0.8629690048939641,89,613,69
ANY,29,0.7426098540795258,0.34877541219892444,0.3637037037037036,0.4799608993157379,0.8898294215723991,0.9287817938420345,0.41382216603455535,0.6848951604440685,0.3288743012042205,0.8422902494331065,0.16743830832623977,0.5176865567640814,0.32954545454545453,0.43283582089552236,0.3741935483870968,0.8443017656500803,88,623,67
ANY,30,0.8191534793833031,0.5659027225957524,0.543551654287643,0.5837563451776645,0.9091519956995023,0.9217877094972065,0.5629370629370624,0.7464541704385836,0.4789255200425496,0.8582766439909296,0.15246831865669802,0.4736458545164914,0.5268817204301075,0.5444444444444444,0.5355191256830601,0.8617886178861789,93,615,90
ANY,31,0.807530467319143,0.42497383453853776,0.4142919772029808,0.4843049327354257,0.9009177713914894,0.9235023566975823,0.446570972886762,0.6926113520634577,0.3607298805809205,0.8482507288629737,0.1578746649572314,0.4813586473588029,0.36585365853658536,0.4225352112676056,0.39215686274509803,0.8495145631067961,82,618,71
ANY,32,0.7942694975844475,0.4373219705353731,0.34424020787219733,0.628536285362853,0.8784278042427156,0.9588307464604956,0.44484516851137923,0.7534820448027846,0.3919771555195072,0.8553935860058309,0.17251786224051063,0.5202830557399785,0.3469387755102041,0.6181818181818182,0.4444444444444444,0.8585690515806988,98,601,55
ANY,33,0.8011130754227512,0.5227500456991845,0.4749421742482651,0.5045871559633026,0.9387986195988207,0.9452719210931136,0.4893160695845578,0.7216928877810618,0.4316444747301579,0.8958697764820212,0.13373334917245158,0.43340940317823295,0.45454545454545453,0.4918032786885246,0.47244094488188976,0.8888888888888888,66,603,61
ANY,34,0.8251303564335196,0.5371611233572806,0.4602757715036119,0.5576770087509946,0.8913129710432364,0.9238043031382758,0.5043165467625904,0.7244949898971155,0.4152687141512439,0.8437641723356009,0.1507811657675713,0.467640899223061,0.42424242424242425,0.525,0.4692737430167598,0.8416666666666667,99,600,80
ANY,35,0.8402121496903543,0.5447373133070827,0.43362831858407025,0.6034482758620687,0.9137466307277629,0.9546606589693044,0.504634397528321,0.7585974532949159,0.44813065223836224,0.8831389698736636,0.15772339142280428,0.48025072931761525,0.42857142857142855,0.5689655172413793,0.4888888888888889,0.886326194398682,77,607,58
ANY,36,0.757240238872549,0.34357938522393655,0.37837837837837823,0.5062761506276154,0.8988882429879375,0.9374076459667334,0.4330819378754954,0.7025821968077763,0.3576943570508946,0.8563330093942338,0.16097480969604985,0.5065364048334183,0.2891566265060241,0.42105263157894735,0.34285714285714286,0.8499184339314845,83,613,57
ANY,37,0.7775261101620856,0.35261338091801164,0.33908948194662514,0.5204819277108432,0.8946182728410507,0.9472568248078449,0.4106463878326998,0.707550100275947,0.344764280866035,0.8594104308390023,0.16187252593129162,0.49795959537144424,0.32926829268292684,0.48214285714285715,0.391304347826087,0.8609271523178808,82,604,56
ANY,38,0.748206570989038,0.4095571607454256,0.42135922330097036,0.4683663833805471,0.9122351685165753,0.9263364485981306,0.4436210311122464,0.6903007759485614,0.3637767341553201,0.8589407191448007,0.1549200260523137,0.4864733197467899,0.35,0.4117647058823529,0.3783783783783784,0.8511326860841424,80,618,68
ANY,39,0.8082825403673116,0.4990841710918486,0.466372425388819,0.5196721311475412,0.904548872180451,0.9214537377450979,0.49158174568010654,0.7121105016639959,0.4056155865367058,0.8513119533527697,0.15561378014541266,0.4841618215022717,0.42528735632183906,0.47435897435897434,0.4484848484848485,0.8473154362416108,87,596,78
ANY,40,0.8612578359641259,0.5722804061300353,0.4059050405639048,0.5005740528128587,0.9197203601531189,0.9438409472344662,0.4482961222091657,0.7101472064829888,0.38340094500264704,0.8783284742468415,0.14077672213277687,0.43969196768639657,0.3717948717948718,0.48333333333333334,0.42028985507246375,0.872,78,625,60
ANY,41,0.8364882069863848,0.5606532313862008,0.4804878048780492,0.5402193784277881,0.9172922599016305,0.9337285902503291,0.5086058519793463,0.7287558191647092,0.43532610943761485,0.8705215419501134,0.14708786280202557,0.45457778632107143,0.5,0.5394736842105263,0.5189873417721519,0.8737541528239202,82,602,76
ANY,42,0.8742449099977997,0.5164941830095683,0.514729761076316,0.5800548947849952,0.9226460093549517,0.9395120298203996,0.5454433724574445,0.7513504520699736,0.4778574672242013,0.880191124068675,0.13728045687170665,0.43421059971758447,0.44155844155844154,0.5074626865671642,0.4722222222222222,0.8766233766233766,77,616,67
ANY,43,0.8099876605481534,0.46791494306886294,0.42175273865414703,0.43258426966292135,0.9182883679787701,0.9215490457168216,0.4270998415213946,0.6754363188208458,0.34706656795107915,0.8594752186588922,0.1459286316128805,0.46319543413085373,0.4266666666666667,0.4266666666666667,0.4266666666666667,0.8617363344051447,75,622,75
ANY,44,0.7729312346036668,0.4633458194777657,0.39902971497877504,0.45301204819277113,0.887864214992928,0.9080546233074877,0.4243108173464453,0.6704381315928496,0.32353942838219013,0.8264820213799805,0.1667915367734089,0.5125886282648741,0.37894736842105264,0.43902439024390244,0.4067796610169492,0.8208191126279863,95,586,82
ANY,45,0.7887466304622025,0.3679345712091561,0.2323833385530852,0.47111111111111126,0.871033938437253,0.9520906424340022,0.31124161073825535,0.671072524774182,0.25123068953694866,0.840427599611273,0.1661767236317714,0.49928708985973563,0.24444444444444444,0.4583333333333333,0.3188405797101449,0.8446280991735537,90,605,48
ANY,46,0.7739874513380646,0.5109749185079785,0.44902848017034863,0.44179651695692035,0.9234792895033546,0.9213845756648101,0.44538314302686294,0.6826379032301375,0.3678354628004252,0.8638969873663751,0.1469998471420745,0.46988764601976674,0.4027777777777778,0.4084507042253521,0.40559440559440557,0.860655737704918,72,610,71
ANY,47,0.8016548624769311,0.477719039704748,0.505199306759099,0.47321428571428586,0.9247496046389034,0.9153404643882075,0.4886839899413245,0.6989819451765946,0.4090961297470577,0.8616780045351476,0.14963787652524865,0.4685218856489346,0.4788732394366197,0.43037974683544306,0.4533333333333333,0.8619528619528619,71,594,79
ANY,48,0.7568040767972912,0.39204946048948175,0.38674938546178145,0.48861283643892267,0.9047073374804463,0.9349963343797582,0.43175432865076735,0.6966600869596848,0.35573737853349974,0.8591350826044704,0.15282975216145844,0.48320656844587967,0.37333333333333335,0.45161290322580644,0.40875912408759124,0.8645484949832776,75,598,62
ANY,49,0.7991606363547124,0.44991551114819267,0.4387712743877133,0.453907815631263,0.9259232202213534,0.9300166932658263,0.44621121508478206,0.689915517926308,0.3742687747646402,0.8725137674117266,0.15171420418400353,0.4729168430503753,0.4166666666666667,0.4411764705882353,0.42857142857142855,0.865546218487395,72,595,68
ANY,50,0.8255204886142523,0.5427634933780237,0.4693877551020409,0.5621181262729127,0.9203878540443988,0.9437467294610149,0.5115848007414274,0.7412529901586555,0.4464749259219199,0.8804988662131521,0.14363969357056217,0.4496796350847716,0.45,0.5373134328358209,0.4897959183673469,0.8780487804878049,80,615,67
ANY,51,0.7450261692938512,0.454822137342577,0.48456721091478405,0.6271529888551166,0.9159417118053657,0.9512102731164059,0.5467162955018611,0.771547350330241,0.4864858088829491,0.8836248785228378,0.15652027552361167,0.4931988077521084,0.39473684210526316,0.5454545454545454,0.4580152671755725,0.8786324786324786,76,585,55
ANY,52,0.8024405941242763,0.475123676698184,0.4091260634184071,0.5750000000000003,0.9032911392405063,0.9480536734422744,0.4780840488025308,0.7391455696202531,0.4133230011222701,0.8690476190476192,0.15573180407811155,0.4836909662088735,0.3780487804878049,0.5254237288135594,0.4397163120567376,0.866779089376054,82,593,59
ANY,53,0.8171964614544197,0.510923777090407,0.46796832823465806,0.5939248601119098,0.8883981654492952,0.9297594121597599,0.523476422927884,0.7411615127806028,0.4379877248241759,0.8466310333657274,0.1649653229748543,0.5087574377585542,0.41,0.5466666666666666,0.4685714285714286,0.8470394736842105,100,608,75
ANY,54,0.7697084818374917,0.3889182335292469,0.38978777054002944,0.5638297872340426,0.8947063089195069,0.9450423193290183,0.460926823207852,0.7292680480767747,0.3918311910546374,0.8594428247489471,0.1654469790964919,0.503311738378433,0.3176470588235294,0.5,0.38848920863309355,0.856175972927242,85,591,54
ANY,55,0.7730749406591403,0.4530583694245939,0.4472901306428666,0.45404411764705904,0.9210516591530558,0.9230128311948006,0.45064181924806174,0.6875478884000573,0.3726916649482289,0.8634434726271462,0.15241655089445919,0.4707621724714254,0.410958904109589,0.410958904109589,0.410958904109589,0.8571428571428571,73,602,73
ANY,56,0.8494134655082701,0.504820491630805,0.36137071651090397,0.6178428761651137,0.8983765026645186,0.961916135881104,0.45601965601965655,0.7581096894148158,0.40851797772630466,0.8744897959183673,0.15057448436461862,0.46789767333238447,0.36666666666666664,0.6226415094339622,0.46153846153846156,0.8710217755443886,90,597,53
ANY,57,0.7537339128644067,0.31695919136946316,0.3286839863713793,0.43924302788844555,0.884760198859482,0.9247153663941314,0.3760048721071857,0.662001613373964,0.2865348285145494,0.8340459993521216,0.1738133703849208,0.527005605091901,0.2967032967032967,0.40298507462686567,0.34177215189873417,0.8317152103559871,91,618,67
ANY,58,0.8165582669567568,0.5507615973661113,0.48089700996677753,0.5401119402985077,0.9193340216830146,0.9352678571428568,0.5087873462214413,0.729722980990761,0.43727024562860195,0.8732426303854876,0.1457121042185565,0.45205237804736326,0.4594594594594595,0.4927536231884058,0.4755244755244755,0.8780487804878049,74,615,69
ANY,59,0.7718210686494262,0.4448067934407414,0.34458509142053395,0.4487179487179482,0.9171997157071783,0.9449020684605527,0.3898170246618929,0.6829588322125635,0.32546653503048595,0.8757693553611922,0.14732936987868048,0.46061447427037583,0.3380281690140845,0.4444444444444444,0.384,0.875,71,616,54
ANY,60,0.8048764199808116,0.5165526240458712,0.4786606932327284,0.5141843971631206,0.9178738578114548,0.9279732622329037,0.49578703138356345,0.7160291274872876,0.4191533814868842,0.8662455458373824,0.1521051069327061,0.48026215476741685,0.46153846153846156,0.48,0.47058823529411764,0.8658940397350994,78,604,75
ANY,61,0.8632622066072887,0.546590893823849,0.5296523517382409,0.5836985100788776,0.9229810429185344,0.9371906758849974,0.5553636309488351,0.7533397764987064,0.486353592107739,0.8790897311305474,0.14185331743286267,0.45029536953120775,0.5060240963855421,0.56,0.5316455696202531,0.8802588996763754,83,618,75
ANY,62,0.7704629006749215,0.3835821011710137,0.42411208061939293,0.47358309317963504,0.9139441353093497,0.9284368412215737,0.4474844398340249,0.6937636142444924,0.36962454814014883,0.8619695497246518,0.1526888946637064,0.47460586873989796,0.375,0.4090909090909091,0.391304347826087,0.8528896672504378,72,571,66
ANY,63,0.8162710171983767,0.4926111573272151,0.39879356568364666,0.5726660250240619,0.8847191877650684,0.9394104803493448,0.4701698933227978,0.7286926063945651,0.3933058982025871,0.8479591836734696,0.16198424040677603,0.49123452709969556,0.375,0.5217391304347826,0.43636363636363634,0.8447412353923205,96,599,69
ANY,64,0.7307595212973603,0.3832637940071308,0.33571876961707503,0.40000000000000024,0.9038961038961038,0.9254114365411437,0.36505119453924945,0.6519480519480519,0.2817027729026977,0.849335924846129,0.1623726959005657,0.5019246510182821,0.32142857142857145,0.40298507462686567,0.3576158940397351,0.8462757527733756,84,631,67
ANY,65,0.8222050736670787,0.495341936141534,0.3948407800543077,0.6418539325842703,0.9136126576925785,0.9667213542637682,0.48891945590707653,0.7777332951384242,0.4481469467963397,0.8916747651441529,0.15021301387842328,0.469896776326867,0.379746835443038,0.6382978723404256,0.47619047619047616,0.8923327895595432,79,613,47
ANY,66,0.7355489270692925,0.4273795470429519,0.39472688280560153,0.5167630057803468,0.9138367603483877,0.9456265214725064,0.4475754541553429,0.7152998830643673,0.3828264571359615,0.874894719792679,0.15376286180463894,0.4858054993960651,0.39473684210526316,0.5263157894736842,0.45112781954887216,0.8795379537953796,76,606,57
ANY,67,0.7844312661219688,0.3538618676190063,0.3644870101276975,0.500529100529101,0.8952743764172332,0.9372531145548463,0.42181030638894246,0.6979017384731668,0.3455861549361763,0.8529802397149336,0.1605152498433449,0.4955908710091648,0.3411764705882353,0.46774193548387094,0.3945578231292517,0.8506711409395973,85,596,62
ANY,68,0.7582535199378453,0.46814001901270647,0.4719848053181391,0.44514106583072094,0.9157703378276016,0.9070447895566055,0.45817008527310454,0.6804557018291613,0.36985957215447196,0.8476838354389375,0.1589188430811945,0.4962410282382761,0.43037974683544306,0.40476190476190477,0.4171779141104294,0.8406040268456376,79,596,84
ANY,69,0.8495797509069187,0.5714280165489141,0.5004289390906494,0.6053268765133175,0.9012380575498896,0.9332084528478604,0.547902316844083,0.7532824670316034,0.46868485878538035,0.8596695821185618,0.15214703818847308,0.4695179292892241,0.4948453608247423,0.5925925925925926,0.5393258426966292,0.8619528619528619,97,594,81
ANY,70,0.7577862041325261,0.28409676993899013,0.2570468063098009,0.35500000000000026,0.8976487353045958,0.9331185423841796,0.29818509074546284,0.6263243676522979,0.21919177641118673,0.8484288953676709,0.15905091642825672,0.49068447993996983,0.24675324675324675,0.36538461538461536,0.29457364341085274,0.851063829787234,77,611,52
ANY,71,0.8092759550144062,0.45892013282224564,0.35860096216356757,0.45287356321839084,0.9113566936208445,0.9383522359340598,0.40026122922864804,0.6821151284196176,0.32887587265157064,0.8661321671525753,0.14794088608206923,0.4607003999651451,0.35064935064935066,0.46551724137931033,0.4,0.8667763157894737,77,608,58
ANY,72,0.7946466789061138,0.5219363579995316,0.44425063732725034,0.469712015888778,0.9242654184417909,0.9311437360694088,0.4566266721831467,0.6969887171652847,0.38457367576700663,0.8723679948169745,0.14389958373301245,0.44964460402362,0.45714285714285713,0.45714285714285713,0.45714285714285713,0.8729096989966555,70,598,70
ANY,73,0.7823141814622181,0.406739139170848,0.3891992551210432,0.43953732912723487,0.916634896429025,0.9311902917634906,0.4128395061728399,0.6780861127781298,0.33780742732927854,0.8651927437641724,0.15279606050820715,0.4756303893837182,0.3972602739726027,0.43283582089552236,0.4142857142857143,0.8666666666666667,73,615,67
ANY,74,0.7932251137167329,0.4743308518796172,0.35460742830277414,0.5243309002433089,0.9019219090486904,0.948583558761647,0.42308231664563195,0.7131264046459997,0.359494102855977,0.8667314544865566,0.15599064121563092,0.4853703767639784,0.34523809523809523,0.5087719298245614,0.41134751773049644,0.8621262458471761,84,602,57
ANY,75,0.7177629626178458,0.38297735469529826,0.3508557457212716,0.3984881209503243,0.9135147851894746,0.9282982088344548,0.3731580468072814,0.6560014530698993,0.2951217462028238,0.8594428247489473,0.15934590173035298,0.49511077857443636,0.3283582089552239,0.36666666666666664,0.3464566929133858,0.8648208469055375,67,614,60
ANY,76,0.8312999354093238,0.5080851911231212,0.4474044435084757,0.5921951219512194,0.9038211307614771,0.9439924966024156,0.5097168905950091,0.7480081263563483,0.4406123506632788,0.8676060900550696,0.1529176943506959,0.4733060025478389,0.37349397590361444,0.5081967213114754,0.4305555555555556,0.8649093904448105,83,607,61
ANY,77,0.7744834379962356,0.5765620861938594,0.5480928689883909,0.5279552715654948,0.9279862579281183,0.9223798266351455,0.537835638730675,0.7279707647468068,0.4631501273103334,0.8712018140589568,0.14518129065062632,0.46891867643741286,0.5316455696202531,0.5121951219512195,0.5217391304347826,0.875,79,616,82
ANY,78,0.7629431546910901,0.3509792138935092,0.34766666666666607,0.4853420195439739,0.8938201942379685,0.9370875995449374,0.40512720916682804,0.6895811068909712,0.32858493264397387,0.8511661807580175,0.15752426020167187,0.4958304106380846,0.32558139534883723,0.45901639344262296,0.38095238095238093,0.8500823723228995,86,607,61
ANY,79,0.8437530295865553,0.4477009734069181,0.42759211653813173,0.5418023887079262,0.9154323332067348,0.9448582255324708,0.4779693486590037,0.7286173609573305,0.41267084775117435,0.8764172335600907,0.15088580172070787,0.4687418351127538,0.39436619718309857,0.49122807017543857,0.4375,0.8819672131147541,71,610,57
ANY,80,0.8276369481788197,0.6256355985757003,0.5881447267128551,0.6053882725832005,0.9292140777983593,0.9337854008775428,0.5966419367434587,0.7673011751907803,0.5282282394427379,0.8828798185941044,0.14106103214988583,0.44651004014924145,0.5783132530120482,0.5853658536585366,0.5818181818181818,0.8870703764320785,83,611,82
ANY,81,0.7479645450365255,0.442008893655625,0.4642961805216377,0.47054747054747087,0.8938011967698833,0.8961613886569715,0.46740092437801206,0.682174333658677,0.3623978959026654,0.8245545837382571,0.1778809605488386,0.538064061850399,0.42105263157894735,0.43478260869565216,0.42780748663101603,0.8207705192629816,95,597,92
ANY,82,0.8210957770705127,0.574678536540032,0.5855365474339033,0.570887035633055,0.9289428076256502,0.9248739049641627,0.5781190019193855,0.7499149216293528,0.5050924434395455,0.8753968253968254,0.1444928832248884,0.4563222417736369,0.5342465753424658,0.4936708860759494,0.5131578947368421,0.872852233676976,73,582,79
ANY,83,0.8421115985269165,0.5908236661002365,0.5551825430130096,0.6191646191646198,0.9202902637565089,0.937653233220962,0.585430610100117,0.7697274414605639,0.515618721506153,0.8786038224813734,0.14254968217831157,0.44807987754322703,0.5287356321839081,0.5679012345679012,0.5476190476190477,0.8743801652892562,87,605,81
ANY,84,0.7727660413242095,0.3881093693260537,0.27924660739354196,0.46081081081081043,0.8910714285714282,0.9474921040758008,0.3477564102564099,0.6759411196911195,0.2824629631411442,0.8549724651765468,0.16600612999195036,0.5060349680742022,0.27058823529411763,0.45098039215686275,0.3382352941176471,0.8541329011345219,85,617,51
ANY,85,0.8211269165115053,0.4909640757219341,0.40077937649880135,0.5864892528147387,0.8907670169942257,0.945333642619655,0.4761678637146082,0.7386281349044823,0.40642909398417093,0.8570618723679948,0.1557459505689548,0.47641069259859703,0.37894736842105264,0.5625,0.4528301886792453,0.8547579298831386,95,599,64
ANY,86,0.8226476757537788,0.4449647087481418,0.3889812396105442,0.5171270718232043,0.9071202960021657,0.9426272553359089,0.44399268143931714,0.712123683912685,0.3750786999145179,0.8671039844509233,0.14872661971097945,0.46368913254073046,0.33766233766233766,0.45614035087719296,0.3880597014925373,0.8640132669983416,77,603,57
ANY,87,0.7846378158337755,0.4994295771993967,0.5198113207547169,0.5097132284921371,0.934229228582504,0.9317010309278349,0.5147127510509109,0.7219712285373204,0.4477114057129907,0.8821995464852607,0.14422475637929083,0.45901113072729366,0.5223880597014925,0.49295774647887325,0.5072463768115942,0.8864774624373957,67,599,71
ANY,88,0.7924223476059891,0.4010569147106085,0.3672260612043439,0.414253897550112,0.9190860893713705,0.9326245676956575,0.3893249607535327,0.666669993460741,0.3161521860052918,0.8676870748299319,0.15159006422760443,0.47359534103537293,0.373134328358209,0.4098360655737705,0.390625,0.8729641693811075,67,614,61
ANY,89,0.8219577324922308,0.581552538655919,0.552332912988651,0.6033057851239673,0.9036373507057545,0.9203760022117776,0.5766951942067151,0.7534715679148607,0.48952685299825044,0.8541950113378685,0.159561595136149,0.49579734006669385,0.504950495049505,0.5730337078651685,0.5368421052631579,0.851602023608769,101,593,89
ANY,90,0.7710152030135593,0.3862661282164331,0.38033121597096253,0.549311926605505,0.9018081817528217,0.9480198019801979,0.44946380697051,0.7255600541791631,0.38487107815175525,0.866958211856171,0.16005801493725905,0.5034192927682474,0.3493975903614458,0.5087719298245614,0.4142857142857143,0.8624161073825504,83,596,57
ANY,91,0.8173090688507874,0.5020024895535188,0.4774535809018573,0.5532786885245903,0.9246557878633347,0.9432956171153594,0.5125771238728053,0.7389672381939625,0.44843120726037533,0.8835600907029479,0.140148423064004,0.44258455906039346,0.4594594594594595,0.5151515151515151,0.4857142857142857,0.8809917355371901,74,605,66
ANY,92,0.7762353725152362,0.5037909980866345,0.34546805349182824,0.4510184287099905,0.8868917704454995,0.9242708054589238,0.3912494741270514,0.6689550995777449,0.30190646158706624,0.8359410430839003,0.16199991400538408,0.4954335494509013,0.34831460674157305,0.44285714285714284,0.389937106918239,0.8399339933993399,89,606,70
ANY,93,0.7729258811387868,0.5193245191183866,0.47069844904756913,0.5783348254252464,0.9056953691511659,0.9367579076592563,0.5189946057615056,0.742015097288206,0.44409591263397225,0.8642371234207968,0.16350435328645976,0.5017879094833849,0.425,0.5230769230769231,0.4689655172413793,0.8667820069204152,80,578,65
ANY,94,0.7733475606200528,0.4214220347118166,0.3978339350180503,0.5135135135135134,0.8923454240351102,0.9297915265635507,0.4483319772172496,0.702929468774312,0.3646501360912762,0.8462585034013606,0.17090526974079873,0.5148216057230655,0.40625,0.5,0.4482758620689655,0.8433931484502447,96,613,78
ANY,95,0.7944730823977073,0.47344516316258006,0.4083945435466943,0.5685071574642129,0.8972929646227271,0.9434208006129092,0.4753297508549094,0.7329000610434698,0.4048155509137483,0.8608357628765793,0.1574976051874703,0.4862693782258961,0.3522727272727273,0.5081967213114754,0.4161073825503356,0.8585365853658536,88,615,61
ANY,96,0.7990468413796208,0.4736250566690482,0.43978102189780965,0.48151848151848103,0.9214733341859577,0.9328068358363544,0.4597043395326652,0.7014959078522196,0.38749175126409907,0.8715419501133786,0.1477021969578867,0.461377333575576,0.4411764705882353,0.44776119402985076,0.4444444444444444,0.8711340206185567,68,582,67
ANY,97,0.8152716295277557,0.3502842166965778,0.2577586206896554,0.36868064118372396,0.8924959420651768,0.933159268929504,0.3033992897006598,0.6305882916244503,0.2233008779468241,0.8443310657596372,0.1576373590360251,0.4885668825798348,0.26582278481012656,0.375,0.3111111111111111,0.8429054054054054,79,592,56
ANY,98,0.8118913522589446,0.42844626340022895,0.3575591360987309,0.5366146458583427,0.8994437389329085,0.9490082847383418,0.42915923741599166,0.7180291923956259,0.36562452647467963,0.8651765468091999,0.16518184093663807,0.5032348796987839,0.3409090909090909,0.5084745762711864,0.40816326530612246,0.8592233009708737,88,618,59
ANY,99,0.741626388991622,0.30543394564573295,0.2978723404255323,0.4742268041237117,0.8921645236911273,0.9462065847962028,0.36590909090909135,0.6831956639074193,0.2990458184018128,0.8553935860058308,0.16436069913267662,0.5061239473558747,0.29069767441860467,0.4716981132075472,0.3597122302158273,0.8509212730318257,86,597,53
ANY,100,0.842024033329821,0.5832980858411863,0.47911111111111176,0.6767578125000002,0.9033570329106496,0.9551099486583355,0.5610362574452095,0.7900574227053248,0.5018944938552338,0.877048914804017,0.1528743476820743,0.46918306207540067,0.41304347826086957,0.6129032258064516,0.4935064935064935,0.8712871287128713,92,606,62
ANY,101,0.8170270780020094,0.4305830256823742,0.4034626342318649,0.5572033898305085,0.9012551694115938,0.9443874254000836,0.46803101563493066,0.7292292796210511,0.3993430069140338,0.8644314868804664,0.1578964973908841,0.48239846504584877,0.39759036144578314,0.532258064516129,0.45517241379310347,0.8651877133105802,83,586,62
ANY,102,0.8326373752833818,0.5542258483967766,0.6141611082606464,0.6053097345132744,0.9441203789708342,0.9421251668396855,0.6097032981026359,0.7747150567420542,0.5528475660234259,0.9007126660187884,0.13703898391575825,0.44114901608475393,0.5454545454545454,0.5454545454545454,0.5454545454545454,0.8988195615514334,66,593,66
ANY,103,0.7405316147028207,0.4436848389654896,0.30249492658469607,0.4652956298200517,0.8962056347035207,0.9454303543653841,0.366635317948347,0.680750632261786,0.29937485293660804,0.8581956592160674,0.16158962124493395,0.49844355088664255,0.2962962962962963,0.4528301886792453,0.3582089552238806,0.8592471358428805,81,611,53
ANY,104,0.8541785208017617,0.6038698330415205,0.5161971830985909,0.6407342657342652,0.9105002605523709,0.9444594594594593,0.57176287051482,0.7756172631433182,0.5039145226536738,0.8755102040816326,0.14424334238498066,0.45173853492391103,0.5,0.6027397260273972,0.546583850931677,0.8809135399673735,88,613,73
ANY,105,0.8067175016173191,0.534706856926807,0.5158242796410006,0.5683060109289613,0.9241499241499239,0.9377158732542422,0.5407948495728605,0.7462279675394429,0.4725976513799536,0.8798509880142533,0.15218987031517858,0.4701280246282269,0.4875,0.5416666666666666,0.5131578947368421,0.8784893267651889,80,609,72
ANY,106,0.8253886591726058,0.5097646320605457,0.3657611355849242,0.5731543624161074,0.9083060592658116,0.9584453405017922,0.44655262568163145,0.7407302108409595,0.3950855435076304,0.8799967606090054,0.1524054750490515,0.4731671311350223,0.3717948717948718,0.5686274509803921,0.4496124031007752,0.8792517006802721,78,588,51
ANY,107,0.799393073280539,0.4319973540634311,0.3536306075710629,0.506072874493927,0.9151592311636866,0.9528324465636906,0.41633624107850903,0.7106160528288068,0.3592938596740068,0.8807904114026563,0.1531518150777615,0.47342132177421137,0.33783783783783783,0.4807692307692308,0.3968253968253968,0.8782051282051282,74,624,52
ANY,108,0.8042665360130874,0.5245649679178677,0.5258655259991978,0.530689329556185,0.9347101809413364,0.9358816048950401,0.5282664160064454,0.7326997552487606,0.463569723657416,0.8862001943634598,0.14341952794659907,0.4667747717282842,0.5135135135135135,0.5135135135135135,0.5135135135135135,0.8829268292682927,74,615,74
ANY,109,0.7849811122469446,0.4633245013650218,0.3997715591090801,0.5263157894736837,0.9046106371392264,0.9405492120411435,0.45439792275235275,0.7154632133064552,0.382953278891716,0.8638645934564302,0.1589729844467803,0.4833021621321516,0.3793103448275862,0.5076923076923077,0.4342105263157895,0.8603896103896104,87,616,65
ANY,110,0.812977031168042,0.5617279594947272,0.4930569531092769,0.5658852061438959,0.9050884497277742,0.9274352341608431,0.5269667150615684,0.7354868279358353,0.44501768808001824,0.857515387107224,0.1629703998593784,0.49655562931079694,0.4891304347826087,0.5487804878048781,0.5172413793103449,0.8622950819672132,92,610,82
ANY,111,0.809563311131189,0.5368951171439189,0.42630119453924914,0.585641025641025,0.9020486205954652,0.9459934306011761,0.49342633170791905,0.7438448231182454,0.4261035484837932,0.8670715905409785,0.15483011959601028,0.4813603913745968,0.39325842696629215,0.5645161290322581,0.46357615894039733,0.8652246256239601,89,601,62
ANY,112,0.8610950470278946,0.5702349559932538,0.49514563106796067,0.6952288218110999,0.9065828307455408,0.9575765790187043,0.5783718104495743,0.8009058262783206,0.5219707859654137,0.8819727891156461,0.14593145087494633,0.45539892960608525,0.4787234042553192,0.6716417910447762,0.5590062111801242,0.8849270664505673,94,617,67
ANY,113,0.7792832227723543,0.4593527359149404,0.47451841014386714,0.531548757170172,0.9207982652798705,0.9359333557473195,0.5014171605256376,0.7261735112250213,0.43089051296151865,0.8746355685131193,0.14560592715318407,0.46244659058600396,0.4266666666666667,0.47058823529411764,0.44755244755244755,0.8713355048859935,75,614,68
ANY,114,0.8434289027826376,0.5579666848998722,0.4230483271375468,0.5829918032786886,0.9010708822029573,0.9455518394648829,0.4903059026281778,0.7420313427408228,0.42240452946737417,0.865873015873016,0.15197314186130767,0.4698525167507989,0.43333333333333335,0.5735294117647058,0.4936708860759494,0.873217115689382,90,631,68
ANY,115,0.7702175899473954,0.3771082372485409,0.3249933101418249,0.3747300215982721,0.9087010025697638,0.9253123502745734,0.34809400974491256,0.641715512084018,0.266353880555317,0.8526401036605119,0.1531549870008435,0.4717482688150868,0.3333333333333333,0.35384615384615387,0.34328358208955223,0.8498293515358362,69,586,65
ANY,116,0.8511000825899432,0.5642746049175132,0.5032724430985649,0.6764705882352942,0.9060490725001852,0.9521581267110656,0.5771579006329474,0.7912598303677397,0.5150701515464391,0.8777291869128605,0.14481588367056808,0.4567066267726637,0.4659090909090909,0.6307692307692307,0.5359477124183006,0.874113475177305,88,564,65
ANY,117,0.7749383728106797,0.4069871941102913,0.432608695652174,0.41415192507804366,0.9335793357933578,0.9287341772151899,0.4231791600212653,0.6738656304357007,0.3544717376449965,0.876984126984127,0.1437674338795149,0.45910826000485244,0.42105263157894735,0.375,0.39669421487603307,0.8762711864406779,57,590,64
ANY,118,0.819785045994182,0.4718622542909768,0.45442342892007304,0.5782608695652174,0.9191500904159132,0.9492763096460922,0.5089169798428423,0.7487054799905654,0.4481123458512695,0.8835924846128927,0.14413096028694117,0.4540954072186546,0.4,0.5357142857142857,0.4580152671755725,0.8784246575342466,75,584,56
ANY,119,0.8131430182192413,0.5097474433165022,0.5104474461798232,0.6236462093862819,0.9140671310017782,0.9441489361702126,0.5613974001857014,0.7688566701940298,0.4944113057786659,0.8775834143181079,0.14703216104568617,0.4642539915244293,0.47126436781609193,0.6029411764705882,0.5290322580645161,0.8773109243697479,87,595,68
ANY,120,0.8296966423405696,0.5502159021248731,0.42965517241379336,0.6101860920666015,0.8939607642005382,0.9459972862957935,0.5042492917847028,0.7520734281335698,0.4351827272623079,0.8611111111111112,0.1544210779657959,0.474138235687028,0.4270833333333333,0.5942028985507246,0.49696969696969695,0.8621262458471761,96,602,69
ANY,121,0.7860884502905792,0.4462222660014572,0.4216099282705225,0.5675965665236046,0.907997681831353,0.9467303661461183,0.4838309270268502,0.737797124177479,0.4185457268470514,0.8720278587625526,0.15736747402926726,0.4863803854752709,0.36585365853658536,0.5172413793103449,0.42857142857142855,0.8668885191347754,82,601,58
ANY,122,0.8018111147054919,0.38140684531945873,0.3756449948400417,0.4390832328106157,0.9242898260543111,0.9407718761941154,0.4048943270300338,0.6816865294324632,0.3390831259501882,0.8786848072562358,0.14423741723932168,0.4544262853679408,0.3968253968253968,0.43103448275862066,0.4132231404958678,0.88107202680067,63,597,58
ANY,123,0.8377968822267112,0.5990405242716335,0.5155712648070314,0.6350906095551897,0.9047556440404193,0.9395186456545482,0.5691236950332177,0.7699231267978043,0.49565974540186797,0.8676384839650145,0.15006195533007508,0.4729232473592115,0.4742268041237113,0.5897435897435898,0.5257142857142857,0.8609715242881072,97,597,78
ANY,124,0.8501765351074353,0.5386052847808104,0.48140495867768596,0.5325714285714287,0.9368156073001889,0.9479113601630159,0.5056972327726533,0.7346935179358087,0.4489047943071579,0.8967120181405895,0.13441308660309073,0.4359986134150318,0.45901639344262296,0.49122807017543857,0.4745762711864407,0.8945578231292517,61,588,57
ANY,125,0.8188144213510065,0.45293477933811205,0.3408517977975319,0.44484848484848455,0.9112302331814525,0.9408519823625998,0.38596754807692274,0.6780393590149687,0.3167155204653022,0.8676060900550698,0.15471917251840966,0.4755594907596011,0.3333333333333333,0.42857142857142855,0.375,0.8703403565640194,72,617,56
ANY,126,0.8062923903099201,0.4482398391110973,0.32004217387136946,0.5838433292533665,0.8733689152282175,0.9536125674859178,0.413447251114413,0.7286061222407918,0.35372065038529,0.8465500485908648,0.16459986399354654,0.5044660747931514,0.3137254901960784,0.5714285714285714,0.4050632911392405,0.8466557911908646,102,613,56
ANY,127,0.7398291357170261,0.41575089063342624,0.37852348993288587,0.35294117647058815,0.9422765241241738,0.935975232198142,0.3652849740932642,0.647608850297381,0.3047057426231294,0.888888888888889,0.1513849865065073,0.474742118002229,0.37254901960784315,0.35185185185185186,0.3619047619047619,0.8917609046849758,51,619,54
ANY,128,0.7800529997939332,0.4230978389421004,0.3808812546676624,0.5788876276958002,0.8955787882604863,0.9504076995054137,0.4594594594594594,0.7372332079781432,0.39646624412729764,0.8639455782312925,0.16640081212043298,0.50920958138084,0.36904761904761907,0.5535714285714286,0.44285714285714284,0.8677966101694915,84,590,56
ANY,129,0.8076854416573445,0.5231902220920767,0.3893813314037618,0.6212121212121211,0.8768290457945628,0.9482085076158155,0.47870565995774417,0.749020583503342,0.41004101916138735,0.8481373501781664,0.16858316953420097,0.5100941747452482,0.3853211009174312,0.6268656716417911,0.4772727272727273,0.8489326765188834,109,609,67
ANY,130,0.8301469243829172,0.39249553254468206,0.3821932681867537,0.4631578947368422,0.9294044665012408,0.9483478921382454,0.41879833432480684,0.6962811806190414,0.3602194031192056,0.8892290249433106,0.1380092833622057,0.4370913507475926,0.3770491803278688,0.4423076923076923,0.40707964601769914,0.8898026315789473,61,608,52
ANY,131,0.8171096061064297,0.5230352907330499,0.46591970121381937,0.5501653803748626,0.9277138885378491,0.9473480449090204,0.5045500505561178,0.7389396344563557,0.44440081951137983,0.8888888888888888,0.14749346640645922,0.4691834860631433,0.44776119402985076,0.5084745762711864,0.47619047619047616,0.8887015177065767,67,593,59
ANY,132,0.7818673569579859,0.4334907628657434,0.4379811804961504,0.4487291849255041,0.9144419846334154,0.9177885243758983,0.4432900432900433,0.6815855847794596,0.35945138727234527,0.8541950113378685,0.15423214240530264,0.48134345984754645,0.4155844155844156,0.41025641025641024,0.4129032258064516,0.8508196721311475,77,610,78
ANY,133,0.852699105389392,0.6401400561642121,0.5998475609756093,0.6552872606161528,0.931093319333246,0.9448588172615877,0.6263430163151608,0.7931902899746994,0.5651594836617929,0.8935374149659864,0.14005158153913347,0.4504517233600189,0.575,0.6133333333333333,0.5935483870967742,0.890625,80,576,75
ANY,134,0.7902631716309245,0.49995178276904206,0.4097598760650656,0.5332661290322585,0.9026571282575367,0.9385044494620797,0.4634253175646079,0.7179616286448973,0.3896363935538194,0.861111111111111,0.15072526331501881,0.4818218923705827,0.40476190476190477,0.5074626865671642,0.4503311258278146,0.8648208469055375,84,614,67
ANY,135,0.8433252939403073,0.5515433540410437,0.44896551724137873,0.6084112149532708,0.8969032258064514,0.9431478968792399,0.5166666666666662,0.7526572203798612,0.4451298356330954,0.8619047619047618,0.1515881398597622,0.47944682555983076,0.4489795918367347,0.5945945945945946,0.5116279069767442,0.8629690048939641,98,613,74
ANY,136,0.8171051485824153,0.5275224657872835,0.4932681867535292,0.5970561177552902,0.9137832295727031,0.9416333523700742,0.5402223675604976,0.7554196736639964,0.47134363090832204,0.8747489471979268,0.14959742864313133,0.4608806873310248,0.4523809523809524,0.5507246376811594,0.49673202614379086,0.8708053691275168,84,596,69
ANY,137,0.8300411759652004,0.5082488119912167,0.4696734059097984,0.5692742695570221,0.9121020750096658,0.9393416511813111,0.5146996165317432,0.7406881722833436,0.4437230814993202,0.870861678004535,0.14068907076178744,0.4460466835205388,0.4375,0.5223880597014925,0.47619047619047616,0.8705882352941177,80,595,67
ANY,138,0.7260025902685152,0.41724884711440485,0.3974332648870644,0.45778145695364264,0.8898543652878907,0.9118269230769228,0.425478127060893,0.6738179111207666,0.3278870533117031,0.8306770327178489,0.17293088963538247,0.5311472941647726,0.3804347826086957,0.4268292682926829,0.40229885057471265,0.8272425249169435,92,602,82
ANY,139,0.79983474286673,0.4912098788268295,0.43660762211486853,0.572978303747534,0.9039566633724969,0.9421840724845015,0.49558276975568133,0.7384674835600158,0.42504000330450237,0.8659054097829607,0.15178120344932927,0.476196104890847,0.41379310344827586,0.5454545454545454,0.47058823529411764,0.865,87,600,66
ANY,140,0.7962454492197639,0.5619565170586688,0.5061889250814324,0.494432071269487,0.9130584389516544,0.9092518560822385,0.5002414292612257,0.7037452551105711,0.4114464435173242,0.8491253644314868,0.16116810371387955,0.49299602564922895,0.5111111111111111,0.4946236559139785,0.5027322404371585,0.8508196721311475,90,610,93
ANY,141,0.8005747808272328,0.3969920407137358,0.30665610142630745,0.44947735191637683,0.8900615655233066,0.9372849960306957,0.36457842675459273,0.6697694587198415,0.28779766529560186,0.8470521541950112,0.1598595631001563,0.49240810134235563,0.32926829268292684,0.4426229508196721,0.3776223776223776,0.8550488599348535,82,614,61
ANY,142,0.8293318799929245,0.5305892404389558,0.42732811140121807,0.5443458980044346,0.9168982066178328,0.946421587798201,0.47879083373963893,0.7306220523111338,0.4151985613656175,0.8787981859410431,0.15091875731322243,0.4707689121679954,0.41333333333333333,0.5166666666666667,0.45925925925925926,0.8805237315875614,75,611,60
ANY,143,0.8782428351736215,0.5899394867955772,0.5124091250940085,0.6576576576576574,0.929940206037029,0.9604181392061306,0.5760180357897703,0.7937989318473433,0.5270979893713935,0.9025267249757045,0.13037024354569682,0.4200686168184071,0.48717948717948717,0.6333333333333333,0.5507246376811594,0.8966666666666666,78,600,60
ANY,144,0.7764790134799624,0.4362659476116944,0.4138473642800944,0.5019083969465651,0.9041430777148737,0.9308517684461517,0.45364381198792586,0.7030257373307194,0.3741197551025754,0.8563492063492062,0.16074249427582413,0.4951592188408799,0.4024390243902439,0.4714285714285714,0.4342105263157895,0.8597063621533442,82,613,70
ANY,145,0.7705863646521024,0.38196284091346555,0.39298245614035066,0.44755244755244755,0.911497633968538,0.9279947916666664,0.41849602989257345,0.6795250407604927,0.3394803484614251,0.858843537414966,0.16250740843863407,0.5035840608841551,0.3472222222222222,0.390625,0.36764705882352944,0.8571428571428571,72,602,64
ANY,146,0.8130983051617601,0.43880298648277477,0.3963523661938258,0.4947916666666673,0.9079607415485278,0.9363648291503439,0.44013501886293,0.7013762041075973,0.36606372625469014,0.862989957887917,0.15063048069905408,0.4673010501948035,0.38961038961038963,0.46153846153846156,0.4225352112676056,0.8626465661641541,77,597,65
ANY,147,0.7928938015070279,0.3668506702279746,0.31227613155323974,0.529639175257732,0.8874760247211761,0.9513583490395415,0.39289860020484785,0.708557599989454,0.33161114138972186,0.855992873339812,0.16906083480988868,0.5107587718329245,0.2976190476190476,0.49019607843137253,0.37037037037037035,0.8604269293924466,84,609,51
ANY,148,0.7788940542105709,0.4864566677846642,0.4216354344122662,0.4759615384615387,0.9127249357326475,0.9287208998168975,0.4471544715447158,0.6943432370970929,0.36902407545190585,0.8612244897959184,0.15459474365670797,0.481372611296352,0.4358974358974359,0.4722222222222222,0.4533333333333333,0.8644628099173554,78,605,72
ANY,149,0.7697291068672931,0.3658075054712757,0.33475596410593117,0.4305418719211824,0.888734327811842,0.923082772518155,0.3766545588869051,0.6596380998665122,0.2869177094103858,0.8360058309037901,0.1641247327772588,0.5055069316339665,0.3146067415730337,0.4057971014492754,0.35443037974683544,0.833605220228385,89,613,69
ANY,150,0.8514628134121314,0.579395901913287,0.5457271364317843,0.6008888888888888,0.9268727373990531,0.9407752171700994,0.5719811434787865,0.763880813143971,0.5067122194400299,0.8852931648850016,0.14049234177880826,0.45016574165406537,0.5,0.547945205479452,0.5228758169934641,0.8779264214046822,80,598,73
ANY,151,0.8119856627453372,0.5914791227464463,0.5085158150851583,0.6435719784449576,0.8925674777290256,0.9354793756967671,0.5681277607883113,0.7680697280869916,0.48789685398625526,0.8558956916099775,0.1628296627252395,0.5075049260980757,0.5050505050505051,0.6097560975609756,0.5524861878453039,0.8620102214650767,99,587,82
ANY,152,0.7979860267000649,0.45232682794998824,0.4059832981554565,0.5862708719851581,0.8805587334391257,0.9385952835198551,0.479748414032425,0.7334148027121418,0.4010729152176009,0.8445902170391967,0.16932238058983734,0.513066050498164,0.411214953271028,0.5641025641025641,0.4756756756756757,0.8391376451077943,107,603,78
ANY,153,0.8092917134296728,0.45242670329333984,0.43042071197411014,0.5714285714285712,0.9107618202560525,0.9473892405063291,0.4910013844023996,0.741095195842312,0.42682119086204334,0.8749433106575966,0.15140247315551408,0.4672925244931051,0.4578313253012048,0.5757575757575758,0.5100671140939598,0.8781302170283807,83,599,66
ANY,154,0.791493741786359,0.5209132034012869,0.47549441100601925,0.4686440677966106,0.9201570680628269,0.9181141439205952,0.4720443875373457,0.6944005679297185,0.39119746067613864,0.8597505668934239,0.1537553614328115,0.4754866190929537,0.5,0.4578313253012048,0.4779874213836478,0.8625827814569537,76,604,83
ANY,155,0.7572383910154298,0.439545145564692,0.43146729522687094,0.45836985100788796,0.9102561717485536,0.9187681907802083,0.4445118989800875,0.6843130113782208,0.3593131144767177,0.8517978620019437,0.15759020200206902,0.4877941228680821,0.375,0.410958904109589,0.39215686274509803,0.8480392156862745,80,612,73
ANY,156,0.7965436277423283,0.49820849573015924,0.47353662811076025,0.5268425841674247,0.916628119969656,0.9315545025479024,0.49876938222987915,0.7217353520685403,0.4238467281375234,0.8680596047942987,0.14786025079273338,0.4629606816778155,0.4567901234567901,0.5068493150684932,0.4805194805194805,0.869281045751634,81,612,73
ANY,157,0.8402672042563706,0.4946084944544119,0.42658700522778226,0.5018450184501848,0.9315063605059857,0.9484966845308384,0.46116583239140996,0.7166756894780851,0.40316626121349336,0.8919015225137676,0.1362331133540486,0.4308535696216475,0.4307692307692308,0.49122807017543857,0.45901639344262296,0.8921568627450981,65,612,57
ANY,158,0.7896018373146587,0.4457055470037507,0.3685602720745682,0.5352112676056339,0.9109164252838837,0.9527703946023306,0.43652096076383684,0.7230638464447587,0.37862185486209815,0.8776482021379981,0.1546377805805444,0.47926550426216363,0.35,0.5185185185185185,0.417910447761194,0.8788819875776398,80,644,54
ANY,159,0.7941984153876691,0.5071342945558536,0.5057329552459624,0.6194503171247359,0.9272651402445662,0.9530104980514273,0.5568451774927036,0.7733577286846509,0.5008014944912355,0.894250080984775,0.14699693955875714,0.46826577253660306,0.47368421052631576,0.5806451612903226,0.5217391304347826,0.8947368421052632,76,627,62
ANY,160,0.805726976017743,0.44825536726004495,0.4720893141945772,0.5764362220058424,0.9150519697164122,0.9425059476605868,0.5190705830775976,0.7457440958611272,0.4514074385140425,0.8756235827664401,0.1499646465049399,0.4729988262190631,0.4,0.5,0.4444444444444444,0.8717948717948718,75,585,60
ANY,161,0.8464939298258716,0.5623193982878278,0.5025270758122743,0.6264626462646264,0.9106239460370995,0.9441829186281103,0.5576923076923076,0.7685432961508629,0.48981828126470517,0.874829931972789,0.14290127604570216,0.4557577754677102,0.5057471264367817,0.5945945945945946,0.546583850931677,0.8762711864406779,87,590,74
ANY,162,0.821805783776884,0.518649174489636,0.5022007042253526,0.5525423728813564,0.9389143937348096,0.9495302599956303,0.5261701637076325,0.7457283833080828,0.4711753803589982,0.9001457725947521,0.13825630472126382,0.44038513780166405,0.47619047619047616,0.5172413793103449,0.49586776859504134,0.897133220910624,63,593,58
ANY,163,0.8295176610260205,0.4420959818022327,0.37867338371116704,0.607816711590296,0.9083931666254019,0.9618560755013762,0.46663217796171735,0.7581049391078493,0.4192668251471425,0.883106575963719,0.15593477459284982,0.4861968443737704,0.358974358974359,0.56,0.4375,0.8797996661101837,78,599,50
ANY,164,0.835682336133469,0.5474848316954048,0.5475819032761311,0.5131578947368423,0.9221685453569511,0.9116476518970549,0.529811320754717,0.7176632200468966,0.44711829244552237,0.8587301587301588,0.142463751869428,0.4492715138944588,0.4864864864864865,0.43373493975903615,0.4585987261146497,0.8559322033898306,74,590,83
ANY,165,0.7612658696479151,0.37485695458966695,0.32348152786474665,0.3938100320170755,0.9021039850673235,0.926034787461631,0.35519801980198024,0.6479570085421995,0.2717266552922733,0.8481049562682217,0.1610739135197636,0.48967303250709526,0.3291139240506329,0.4,0.3611111111111111,0.847682119205298,79,604,65
ANY,166,0.7637125846300792,0.4701344550559092,0.45426829268292723,0.5307212822796085,0.9069767441860462,0.9298082045817792,0.48952772073922,0.7188490132328271,0.4100116155240034,0.8590702947845805,0.1571291938975904,0.49138867378296264,0.43023255813953487,0.5138888888888888,0.46835443037974683,0.8590604026845637,86,596,72
ANY,167,0.7815237345063547,0.4311904237639459,0.44109026963657627,0.5519897304236197,0.9322401264945721,0.9555138757374899,0.4903478048383151,0.742114928459096,0.4382323225957269,0.8986556527372855,0.14178920036016043,0.44920853311481734,0.373134328358209,0.5102040816326531,0.43103448275862066,0.8933764135702746,67,619,49
ANY,168,0.810311981404361,0.4898993987057413,0.43928814713896536,0.6493392070484585,0.8775908541686026,0.9442755420433633,0.5240489613489773,0.7634650306085304,0.4495678349498392,0.8482183349530289,0.17308663319555054,0.5258278298166632,0.38317757009345793,0.6029411764705882,0.4685714285714286,0.845771144278607,107,603,68
ANY,169,0.7869855419779496,0.47094199114690477,0.3928647497337591,0.43232157506152574,0.8928524442272631,0.9074689589302768,0.41164983540701877,0.6625870096443945,0.3125071505968985,0.8292031098153547,0.1605966408110996,0.49214876712618477,0.3695652173913043,0.41975308641975306,0.3930635838150289,0.8287112561174551,92,613,81
ANY,170,0.7883781437331636,0.471726218593633,0.3971184151283211,0.5344644750795333,0.9028636718112403,0.9418609051006505,0.4556667742977077,0.7186640734453869,0.38502623021039717,0.863475866537091,0.15837017098539286,0.48705601918804436,0.36046511627906974,0.5166666666666667,0.4246575342465753,0.8613861386138614,86,606,60
ANY,171,0.8240029242388244,0.5118632293196794,0.47049628761234913,0.603508771929825,0.9270917406510628,0.9561067643305033,0.5287659200702685,0.7653002562904436,0.47576863918237494,0.8957240038872692,0.14334460471017013,0.44817238543903554,0.42028985507246375,0.5471698113207547,0.47540983606557374,0.8987341772151899,69,632,53
ANY,172,0.8207650604396837,0.5597253195440005,0.4624164168780259,0.527138914443422,0.9138571243834397,0.9321976406738776,0.4926610575446782,0.720498019413431,0.41716092368028057,0.8661969549724652,0.15286495984439027,0.475815686267351,0.4431818181818182,0.5131578947368421,0.47560975609756095,0.8610662358642972,88,619,76
ANY,173,0.850403406614328,0.6097297688752333,0.47231389805647234,0.6934673366834173,0.9231412904144707,0.9681099348382157,0.561913764269614,0.8083043135489438,0.521122955685492,0.9024133462908972,0.1393277051205864,0.4435908938967232,0.4605263157894737,0.660377358490566,0.5426356589147286,0.9001692047377327,76,591,53
ANY,174,0.7567681337230416,0.3489428891858944,0.32710280373831757,0.45562130177514815,0.9006896551724138,0.9398142090802041,0.38081107814045495,0.6781554784737809,0.30839172534773424,0.858049886621315,0.16677124494693885,0.5079774721607168,0.3375,0.4576271186440678,0.38848920863309355,0.8608837970540099,80,611,59
ANY,175,0.834823248858434,0.5257670437220606,0.5091324200913244,0.5752364574376612,0.9157633537939138,0.9341859845456967,0.5401695599515544,0.7454999056157876,0.4665503756211755,0.8708616780045352,0.14582392918229764,0.45902361928301993,0.4878048780487805,0.5263157894736842,0.5063291139240507,0.87,82,600,76
ANY,176,0.7672661700834467,0.5166616574141134,0.40798952193844146,0.5771725032425422,0.9197770796727185,0.9578227520561868,0.47805402087170046,0.7484747914576304,0.4263686866866673,0.8898283122772919,0.151557086356723,0.4764961043066216,0.41333333333333333,0.5740740740740741,0.4806201550387597,0.8919354838709678,75,620,54
ANY,177,0.7561432202254362,0.3433233816512218,0.40181528271801786,0.44913627639155473,0.91042500826507,0.9250191277735271,0.4241600310739949,0.6797806423283124,0.3428075269102629,0.8559280855199222,0.1561518728376088,0.49407515535542024,0.323943661971831,0.3709677419354839,0.3458646616541353,0.8512820512820513,71,585,62
ANY,178,0.7779086747273835,0.5070200088801308,0.4435917114351498,0.4714518760195761,0.9045298920200158,0.9137953970999068,0.4570976670620801,0.6879908840197958,0.3665665518586879,0.8443310657596371,0.1558138418842983,0.4854179166119498,0.44047619047619047,0.4567901234567901,0.4484848484848485,0.8465430016863407,84,593,81
ANY,179,0.7941980361262319,0.4851282917099237,0.40045435770342785,0.5641547861507129,0.8941785440892354,0.9424465959735668,0.4684140596690418,0.729166665119974,0.39643780854155675,0.8574344023323617,0.15800296639095723,0.4899420329319002,0.3978494623655914,0.5441176470588235,0.45962732919254656,0.8580750407830342,93,613,68
ANY,180,0.7777443063306834,0.5136047209942234,0.4339080459770118,0.4839743589743594,0.9250380517503803,0.9378858024691356,0.45757575757575797,0.7045062053623697,0.3899593546071014,0.8782312925170067,0.145565466673132,0.4610149858894173,0.4492753623188406,0.47692307692307695,0.4626865671641791,0.8827361563517915,69,614,65
ANY,181,0.7349226877853323,0.4289074750737131,0.4316333260057151,0.4542510121457486,0.9026085318768247,0.9103757456023707,0.44265344079355196,0.6784297720112868,0.3493554083532203,0.8398283122772918,0.16846210059248123,0.5275505023687128,0.4090909090909091,0.43902439024390244,0.4235294117647059,0.839607201309329,88,611,82
ANY,182,0.846464158847325,0.49263645897862424,0.40881763527054094,0.5483870967741934,0.9269440316988609,0.9570442342111992,0.46842709529276677,0.7376655642365273,0.41701982601072773,0.8950113378684806,0.13947518203660142,0.43595950940408323,0.42424242424242425,0.5490196078431373,0.47863247863247865,0.8955479452054794,66,584,51
ANY,183,0.7898157562803507,0.4977423416069412,0.442402510085164,0.5285848172446113,0.9083119898288216,0.9333345955770975,0.48166900506313703,0.7184484035367162,0.4051645860176503,0.8623744735989634,0.15310738675231225,0.4757439187712687,0.4090909090909091,0.5070422535211268,0.4528301886792453,0.8559602649006622,88,604,71
ANY,184,0.8335998459798328,0.5383002079326155,0.4596622889305815,0.6533333333333335,0.8877192982456139,0.9459908599916909,0.539647577092511,0.7705263157894735,0.46848660998227193,0.8578231292517008,0.1573843638397288,0.48605168333422966,0.4270833333333333,0.5857142857142857,0.4939759036144578,0.8564102564102564,96,585,70
ANY,185,0.7678843034611357,0.4124795178569681,0.3578775842753851,0.46872082166199835,0.8837638036244302,0.9232873018624445,0.40586740586740633,0.6762423126432141,0.31481153017955604,0.8333657272432783,0.16809289189895074,0.5113108881207998,0.34375,0.4520547945205479,0.3905325443786982,0.83003300330033,96,606,73
ANY,186,0.8423456295902877,0.5667380587032548,0.4683972911963883,0.5286624203821656,0.9413814561294335,0.9533652634232416,0.4967085577498504,0.7350219382557994,0.4452492629312784,0.9046485260770974,0.12386807232275639,0.40632398503542466,0.45901639344262296,0.5185185185185185,0.48695652173913045,0.90311986863711,61,609,54
ANY,187,0.7642934897559164,0.4485508088748814,0.38902654867256686,0.4472934472934475,0.9047619047619043,0.9235145029569131,0.41613025369178375,0.6760276760276758,0.3317103404525796,0.8501457725947521,0.15825346754806713,0.4967492885548177,0.3855421686746988,0.4383561643835616,0.41025641025641024,0.8481848184818482,83,606,73
ANY,188,0.8201717444016268,0.49150671004776886,0.46217331499312275,0.520710059171598,0.9212876541854249,0.9366987328582324,0.489698575687314,0.7209988566785113,0.41988157029373396,0.8752348558471007,0.14455450152999208,0.4507155762890854,0.4675324675324675,0.5217391304347826,0.4931506849315068,0.8778877887788779,77,606,69
ANY,189,0.8338252289369873,0.5515432817273133,0.46820369901190706,0.521739130434782,0.9231923302107728,0.9370798202280577,0.4935238349579376,0.7224657303227777,0.4246450143249163,0.8771298995788791,0.13782394550408028,0.43624682836586587,0.46153846153846156,0.5070422535211268,0.48322147651006714,0.8752025931928687,78,617,71
ANY,190,0.8961185161649232,0.7019593929803761,0.538349312213422,0.737262737262737,0.9190616264410864,0.9646939245167228,0.6222971752092992,0.8281621818519118,0.5745951028876114,0.898428895367671,0.13655707413594165,0.42802763548534817,0.48936170212765956,0.7076923076923077,0.5786163522012578,0.8917609046849758,94,619,65
ANY,191,0.8335832167595412,0.5147936341892473,0.44312952005259765,0.5790378006872857,0.8893678160919537,0.9328675160980955,0.5020484171322167,0.7342028083896195,0.4196654901529681,0.8484126984126984,0.15792269202998713,0.48594538499195095,0.4166666666666667,0.5333333333333333,0.4678362573099415,0.8490878938640133,96,603,75
ANY,192,0.8562493031618826,0.5677857452741841,0.5183314087759816,0.5434322033898306,0.9394725386345498,0.9449573086185508,0.5305851063829787,0.7414523710121902,0.4729950513020331,0.8970845481049562,0.127414662024514,0.4155382760193309,0.5161290322580645,0.5245901639344263,0.5203252032520326,0.8996598639455783,62,588,61
ANY,193,0.8096758060364928,0.5299278991979461,0.5746644295302012,0.5946180555555556,0.933881064162754,0.9387781856318823,0.5844709897610921,0.7642495598591548,0.520916471364679,0.8895691609977326,0.14494580986289662,0.47000946502084073,0.547945205479452,0.5405405405405406,0.54421768707483,0.8919354838709678,73,620,74
ANY,194,0.7461770577752236,0.3848286435323856,0.39873417721518994,0.4790874524714828,0.9290250280164364,0.9477896341463414,0.43523316062176165,0.7040562402439596,0.3760594264247103,0.8887755102040816,0.1457699715484081,0.4681986390167387,0.43333333333333335,0.48148148148148145,0.45614035087719296,0.8954468802698144,60,593,54
ANY,195,0.8431231656808822,0.503712041620082,0.48906095255244486,0.6789151356080492,0.8943969928729598,0.9492623387909069,0.5685576721791923,0.7866560642405045,0.5012943836937123,0.8664723032069971,0.16574862082295372,0.5062532585632246,0.44329896907216493,0.6142857142857143,0.5149700598802395,0.865,97,600,70
ANY,196,0.85070764826002,0.6052255285561813,0.5055232212851889,0.5823754789272035,0.9235192533803643,0.9427617636578457,0.5412348191009099,0.7529473661537835,0.476219500288741,0.8831389698736638,0.13899845708165182,0.44111603094673063,0.5060240963855421,0.5675675675675675,0.535031847133758,0.8846761453396524,83,633,74
ANY,197,0.8199468508327324,0.5679143525765264,0.5087042878840986,0.5153272576636289,0.9210936180593345,0.9229988153663903,0.511994355597366,0.7182104378614816,0.43405557982002657,0.8655652737285392,0.13680956334278285,0.4439496419964983,0.5119047619047619,0.5119047619047619,0.5119047619047619,0.8692185007974481,84,627,84
ANY,198,0.8411956290849728,0.5311988447138314,0.47192839707078965,0.6189967982924227,0.9176709374603575,0.95297062310631,0.535549399815328,0.7683338678763901,0.477524444486372,0.8859410430839002,0.15316278871208822,0.47078502003783707,0.4868421052631579,0.5967741935483871,0.5362318840579711,0.893687707641196,76,602,62
ANY,199,0.8153354940517963,0.5275263512675298,0.5074981119861902,0.5441295546558698,0.9140220359732553,0.9248918450191532,0.5251758401250414,0.7290757953145629,0.4450844263441007,0.8622287010042111,0.147766772349056,0.4728932601998742,0.4606741573033708,0.5061728395061729,0.4823529411764706,0.8557377049180328,89,610,81
ANY,200,0.8080226018039137,0.46085487741221665,0.40835906484340545,0.5819581958195814,0.9031186232551416,0.9494987849331711,0.479942971939602,0.7425384095373617,0.4166395893941695,0.8700194363459669,0.1569470629607123,0.4819630991803026,0.34523809523809523,0.5272727272727272,0.4172661870503597,0.8647746243739566,84,599,55
ANY,201,0.8166682504067657,0.4954931766641691,0.43055423519345953,0.6007428040854225,0.8894854338480839,0.9412350403154957,0.5016059364270684,0.7451141189667532,0.4269210716459545,0.8542274052478133,0.15666699215180593,0.4822631118561074,0.4020618556701031,0.5652173913043478,0.46987951807228917,0.8592,97,625,69
ANY,202,0.7835883229521805,0.47941829665056124,0.4283187927375616,0.43034825870646715,0.9090209763968627,0.9097037064854105,0.4293311273930509,0.6696846175516652,0.33869519779444157,0.8435698088759312,0.15980921445083293,0.48928834161186596,0.4235294117647059,0.42857142857142855,0.4260355029585799,0.840983606557377,85,610,84
ANY,203,0.8285809798743627,0.41544501900367375,0.3341463414634145,0.5584239130434787,0.8986887679366651,0.9571805006587616,0.41810783316378436,0.7285563404900717,0.3649235452035777,0.8702947845804989,0.16116091624677858,0.49070625182116107,0.345679012345679,0.5384615384615384,0.42105263157894735,0.8741830065359477,81,612,52
ANY,204,0.8486136390184607,0.537995469068592,0.4379932356257048,0.5948553054662373,0.9097067507109345,0.9499527142046528,0.5045126939809103,0.7522810280885863,0.4424283062056628,0.8764010366051183,0.15018793719314702,0.4661326845125687,0.4157303370786517,0.578125,0.48366013071895425,0.8681135225375626,89,599,64
ANY,205,0.7904070670362526,0.48391119766842616,0.4226342710997446,0.5938903863432163,0.8828337874659399,0.9377067254685777,0.4938363840119539,0.7383620869045782,0.41446744610234637,0.8463718820861678,0.17246627944756404,0.5181513368428539,0.4,0.5428571428571428,0.46060606060606063,0.8511705685618729,95,598,70
ANY,206,0.7781390592141673,0.39936459797935453,0.3226890756302522,0.5525179856115111,0.9007999999999998,0.9592398427260811,0.407427055702918,0.7266589928057554,0.35749608299242286,0.8733560090702949,0.1564148343765911,0.48745132127802837,0.32098765432098764,0.5416666666666666,0.40310077519379844,0.8741830065359477,81,612,48
ANY,207,0.7708928283598252,0.3961502689936417,0.4214274154393917,0.5399129172714081,0.9371892404729693,0.9600619139324345,0.47336847845846236,0.7385510788721885,0.4266255761200362,0.906154842889537,0.14198874907917622,0.45447046956531306,0.4126984126984127,0.5416666666666666,0.46846846846846846,0.8991452991452992,63,585,48
ANY,208,0.8457178380048913,0.6432602754002698,0.5852981969486827,0.6275092936802975,0.9199999999999998,0.9320954188126862,0.6056691783279514,0.7737546468401485,0.5322384927081106,0.8753968253968254,0.15476545420078186,0.47757213767210466,0.5869565217391305,0.5934065934065934,0.5901639344262295,0.8739495798319328,92,595,91
ANY,209,0.8314099350147244,0.5433323860716776,0.4913294797687861,0.5622932745314223,0.9332743586503223,0.9489848368028784,0.5244215938303342,0.7477838165908722,0.46712474106972457,0.8951247165532878,0.1370628198987829,0.4340536452273776,0.4861111111111111,0.5555555555555556,0.5185185185185185,0.8932676518883416,72,609,63
ANY,210,0.791020554525667,0.47446916071014794,0.39285714285714307,0.408668730650155,0.9220481467329001,0.9266513056835637,0.4006069802731414,0.6653584386915274,0.3250643573184954,0.8656462585034013,0.1425367454001849,0.45216566627821475,0.4057971014492754,0.4117647058823529,0.40875912408759124,0.8629441624365483,69,591,68
ANY,211,0.8369298355114156,0.42798535905933766,0.42167674611644795,0.5353003161222345,0.9114833838503003,0.942090157015026,0.47174316794905874,0.723391849986267,0.4031440473436637,0.8710074505992872,0.14748353689740581,0.4602486995232541,0.41025641025641024,0.5079365079365079,0.45390070921985815,0.8705882352941177,78,595,63
ANY,212,0.818913288696031,0.5083675985839404,0.5391476709613481,0.512723845428841,0.9400695965974993,0.933811291768019,0.5256038647342998,0.72639672101317,0.4627663737475288,0.8886621315192742,0.13796654772387415,0.44251235095236774,0.515625,0.4852941176470588,0.5,0.8909090909090909,64,605,68
ANY,213,0.7462090167251905,0.3657979874444901,0.3611884865366755,0.4720873786407763,0.9139569784892446,0.9438202247191013,0.409258285113098,0.6930221785650107,0.3431426698266962,0.8726757369614512,0.14995375883784795,0.4723085122922899,0.34328358208955223,0.4339622641509434,0.38333333333333336,0.8726333907056799,67,581,53
ANY,214,0.8451536074017478,0.527256086391651,0.4781553398058247,0.6247357293868918,0.9180848361696722,0.953190928270042,0.5417048579285055,0.7714102827782823,0.4838838963921569,0.8866213151927438,0.13786278471208785,0.4408524430607693,0.45121951219512196,0.5967741935483871,0.5138888888888888,0.8867313915857605,82,618,62
ANY,215,0.7494794490628254,0.3787324301285307,0.3260098409429,0.4433551198257081,0.8935170119680365,0.9325107073451441,0.3757335970985825,0.6684360658968722,0.2951073842083269,0.8466634272756722,0.16093372611841822,0.4970734622294955,0.32941176470588235,0.4375,0.37583892617449666,0.8465346534653465,85,606,64
ANY,216,0.8622238541934701,0.575323764065641,0.48384728340675426,0.6441837732160312,0.9098371168398102,0.9511933494234379,0.5526205450733748,0.7770104450279207,0.49093950606061443,0.8790249433106576,0.1477059540666302,0.4574508039735401,0.4772727272727273,0.6086956521739131,0.535031847133758,0.880718954248366,88,612,69
ANY,217,0.7540111685243492,0.42549610206216887,0.4321653189577723,0.5052521008403362,0.9196746314184031,0.938886726352666,0.46585956416464924,0.7124633661293696,0.39707673453840886,0.8749433106575963,0.15291957335165113,0.48113676358694024,0.4246575342465753,0.484375,0.45255474452554745,0.8762376237623762,73,606,64
ANY,218,0.8358624793927862,0.5984033309579662,0.6177806619078524,0.48398576512455604,0.9432617281572101,0.9060793929860274,0.5427594070695559,0.7136237466408827,0.4730939603121747,0.8701004211208294,0.13977298363501356,0.4390508278987843,0.6052631578947368,0.4791666666666667,0.5348837209302325,0.867109634551495,76,602,96
ANY,219,0.8560286661249513,0.5560419421926771,0.4578663793103445,0.6063936063936063,0.9080810479966379,0.9474266107510481,0.5217658255050037,0.7572373271951223,0.4566322053782713,0.8738419177194688,0.14714224724153635,0.4592153591188299,0.4470588235294118,0.5757575757575758,0.5033112582781457,0.8788368336025848,85,619,66
ANY,220,0.8391894484261523,0.5066758003600097,0.518606492478227,0.5408753096614373,0.9200946247864368,0.9264258303559612,0.529506871463218,0.7304849672239369,0.45293103303269006,0.8680272108843538,0.14457237764774414,0.45705284351865433,0.4875,0.5,0.4936708860759494,0.8668885191347754,80,601,78
ANY,221,0.84421076891552,0.5810431775882362,0.4821869851729825,0.5757314974182447,0.9061858747155167,0.9336703313600367,0.5248234898576717,0.7409586860668805,0.44767048726288666,0.8626498218334951,0.14514477346796156,0.4544814392623217,0.48936170212765956,0.5679012345679012,0.5257142857142857,0.8605042016806723,94,595,81
ANY,222,0.7485760640878014,0.39984347104419793,0.40375831919613775,0.4358974358974363,0.9163830020863072,0.9259574310705104,0.41921279046135135,0.6761402189918716,0.3408113978640873,0.861143505021056,0.1496922469649482,0.4744901429044377,0.328125,0.3442622950819672,0.336,0.8609715242881072,64,597,61
ANY,223,0.8003575828151783,0.46342170031819774,0.3873217606943583,0.46850393700787407,0.9299188029642236,0.9487230502098105,0.4240624469709825,0.6992113699860488,0.3659069476162547,0.8900550696469064,0.1356362312365275,0.4326781199864461,0.3870967741935484,0.4528301886792453,0.41739130434782606,0.8856655290102389,62,586,53
ANY,224,0.8258004674776311,0.4517352411553907,0.3129390726785031,0.5000000000000004,0.9053659394792398,0.9545547290905381,0.38494775709010937,0.70268296973962,0.3292914761407905,0.8731940395205701,0.15154870124031167,0.4655584379238927,0.3076923076923077,0.48,0.375,0.8697068403908795,78,614,50
ANY,225,0.8059269426740194,0.5108218451864001,0.5051703494067697,0.5862068965517235,0.915537967040113,0.937662930755618,0.5426800748362949,0.7508724317959186,0.47136962539922256,0.8733074182053775,0.15822481220953008,0.49072363422266924,0.4588235294117647,0.5342465753424658,0.4936708860759494,0.868421052631579,85,608,73
ANY,226,0.8359588202041238,0.571421573399487,0.49455013872374237,0.6109682947729225,0.9047805715779058,0.9384680916976454,0.5466294288374137,0.7578744331754139,0.4725766196597883,0.8659054097829609,0.148780454658144,0.4728202475784695,0.4725274725274725,0.5657894736842105,0.5149700598802395,0.8654485049833887,91,602,76
ANY,227,0.8299320955570957,0.5716799276456619,0.46437927828952996,0.5893393393393402,0.8790827228327225,0.9232772957701323,0.5194498274802674,0.734211031086031,0.42613013485974405,0.8353255587949466,0.16609954331875482,0.5035007114141609,0.45689655172413796,0.5824175824175825,0.5120772946859904,0.8313856427378965,116,599,91
ANY,228,0.7310980708685324,0.44769877163041866,0.40922228060956417,0.4299516908212565,0.9174786677676848,0.9236993792491868,0.41933095510533797,0.6737151792944704,0.340098649904335,0.860268869452543,0.16002754871430128,0.5049398991574487,0.38961038961038963,0.4225352112676056,0.40540540540540543,0.8622848200312989,77,639,71
ANY,229,0.8288681286847392,0.5599523335115483,0.5221072436500472,0.5383123181377307,0.9347798176916162,0.9386360706458682,0.5300859598853871,0.7365460679146734,0.46687689879597466,0.8884353741496599,0.1344130834511121,0.42945011093087193,0.5147058823529411,0.5072463768115942,0.5109489051094891,0.8905228758169934,68,612,69
ANY,230,0.6741075077658423,0.3179094922856722,0.29198404062386685,0.27283511269276434,0.9300847078206987,0.9236829936328388,0.28208497590889214,0.6014599102567314,0.20919635723893845,0.8672659540006479,0.14816523618651006,0.472134698111134,0.2830188679245283,0.26785714285714285,0.27522935779816515,0.8676716917922948,53,597,56
ANY,231,0.8456486645360246,0.563921987609218,0.44581407293271624,0.5693296602387506,0.9003085906461926,0.9368714546678205,0.5000576103237694,0.734819125442472,0.4239383938985693,0.8594428247489473,0.15407419236385683,0.47792468439420493,0.45652173913043476,0.56,0.5029940119760479,0.8568965517241379,92,580,75
ANY,232,0.8001275260965287,0.4377601377968991,0.3920536141694585,0.5120350109409183,0.9082071482779801,0.941518057845047,0.4440829605530697,0.7101210796094496,0.37440737132384866,0.8671525753158406,0.1507999304491819,0.46831309641968943,0.3950617283950617,0.5,0.4413793103448276,0.8689320388349514,81,618,64
ANY,233,0.8010505668650514,0.47177566602135473,0.4553492484526974,0.5443974630021144,0.9217678435356869,0.9439458967355961,0.4959075589792976,0.7330826532689005,0.4314366045617317,0.8812925170068028,0.1543029105382011,0.478606487993248,0.4444444444444444,0.5079365079365079,0.4740740740740741,0.8808724832214765,72,596,63
ANY,234,0.8041119930721832,0.5593593709199783,0.5142481810832655,0.5968801313628895,0.9096666290825718,0.9337049610369568,0.5524915861469977,0.7532733802227309,0.4763498850344816,0.8664723032069971,0.15448601494210432,0.4887731906358419,0.4725274725274725,0.5584415584415584,0.5119047619047619,0.8673139158576052,91,618,77
ANY,235,0.8078088699418751,0.5994632148978916,0.4862470862470855,0.5539033457249065,0.9186835891381347,0.9367945823927765,0.5178748758689169,0.7362934674315209,0.44712857826564756,0.8741820537738905,0.14653068598487964,0.4603215265828495,0.4880952380952381,0.5540540540540541,0.5189873417721519,0.8747940691927513,84,607,74
ANY,236,0.8465053243751851,0.62384081004513,0.5064506140984613,0.6143733567046444,0.911037523487061,0.9408272655664636,0.555216112242588,0.7627054400958531,0.4847727967254641,0.8726595400064788,0.1432718355215205,0.45747697831426465,0.4731182795698925,0.5866666666666667,0.5238095238095238,0.868421052631579,93,608,75
ANY,237,0.7921438240699079,0.5332938287874687,0.484049079754602,0.5797207935341668,0.8872503016490141,0.920445062586926,0.5275827482447351,0.7334855475915902,0.4346114041812573,0.8397959183673468,0.16866072479643157,0.5187417976187711,0.4716981132075472,0.5434782608695652,0.5050505050505051,0.8456692913385827,106,635,92
ANY,238,0.7974124888208872,0.4624306879348478,0.4367491166077746,0.5664527956003668,0.8968818734635784,0.9361242403781226,0.4932162809257787,0.7316673345319725,0.41565027783200476,0.8560090702947848,0.16155992665103242,0.5010765559583292,0.4090909090909091,0.5142857142857142,0.45569620253164556,0.8576158940397351,88,604,70
ANY,239,0.8051289376043012,0.473746962949044,0.4187884108867424,0.5079872204472844,0.9160005075498033,0.9398515818252833,0.45909528392685256,0.7119938639985438,0.3899473755250368,0.872562358276644,0.15005382852641833,0.4744595289695794,0.42105263157894735,0.5,0.45714285714285713,0.8756137479541735,76,611,64
ANY,240,0.801158335921919,0.4641339171210199,0.4290484140233722,0.5009746588693956,0.9122401847575055,0.9328260299134082,0.46223021582733803,0.7066074218134506,0.3866935372667985,0.8643990929705214,0.13973255430862183,0.440265270767174,0.4125,0.4782608695652174,0.4429530201342282,0.8667736757624398,80,623,69
ANY,241,0.8199911032460698,0.6095153331796788,0.5435429274797416,0.6356003358522253,0.9166713480516077,0.9415668096401301,0.5859781046113018,0.7761358419519163,0.5176025225956077,0.8787172011661808,0.1494145259640091,0.4665529990275178,0.5232558139534884,0.6,0.5590062111801242,0.8802698145025295,86,593,75
ANY,242,0.7899862052137323,0.38649189895576863,0.3511647972389992,0.5211267605633805,0.9064560268690137,0.9511813079232476,0.41958762886597945,0.713791393716197,0.35955248631403075,0.8723356009070294,0.1628323955248358,0.49822729273131444,0.32432432432432434,0.47058823529411764,0.384,0.8739770867430442,74,611,51
ANY,243,0.7997449200835807,0.4474155435519522,0.35658423166349607,0.514957264957265,0.8896861636587664,0.939209610161062,0.42138129137005115,0.7023217143080158,0.3459639205457663,0.8499190152251376,0.1655991803848412,0.5057020617203108,0.34408602150537637,0.49230769230769234,0.4050632911392405,0.8496,93,625,65
ANY,244,0.8177458416152497,0.5717594460544807,0.5440631352385508,0.600739371534196,0.9296052874496917,0.9433463851471607,0.5709983058292025,0.7651723294919439,0.5084240709038668,0.8892614188532556,0.13717129798524683,0.4345093327020008,0.49295774647887325,0.5303030303030303,0.5109489051094891,0.8864406779661017,71,590,66
ANY,245,0.7788377372723198,0.47624146126774153,0.42418930762489027,0.483516483516483,0.9159739097071233,0.9326735251985934,0.4519140989729222,0.6997451966118033,0.37757552014338047,0.8668934240362812,0.15270047385194882,0.47970381158150405,0.4,0.4411764705882353,0.4195804195804196,0.8618968386023295,75,601,68
ANY,246,0.808310459688151,0.4872564151867334,0.49682589239254893,0.5765004226542689,0.909556856656503,0.9327271680957586,0.5337059809949695,0.7430286396553858,0.4569325901055445,0.8648850016196955,0.15138732007173436,0.47251165019198993,0.43209876543209874,0.5,0.46357615894039733,0.8636363636363636,81,594,70
ANY,247,0.7458445852619588,0.47122488635742943,0.3291851142754577,0.46235294117647124,0.8995160423014875,0.9400745555701251,0.3845669951771862,0.680934491738979,0.3121485592128079,0.8573858114674441,0.15991929499670204,0.49291452026095656,0.3181818181818182,0.4745762711864407,0.38095238095238093,0.8517915309446255,88,614,59
ANY,248,0.8262842881246537,0.4983948112584555,0.4449300699300705,0.5467239527389902,0.9195081759411835,0.9450234497133921,0.49060240963855456,0.7331160643400869,0.4263905012423434,0.8801587301587301,0.14570122684244297,0.4575474139474924,0.44871794871794873,0.546875,0.49295774647887325,0.8811881188118812,78,606,64
ANY,249,0.8516955900326859,0.48814884244286527,0.3969954582508443,0.5756501182033098,0.9072342255186499,0.9527213891972232,0.4699152250327383,0.7414421718609798,0.41094134662804727,0.8754292193067704,0.14622615018871754,0.4616936461721473,0.425,0.5573770491803278,0.48226950354609927,0.8760611205432938,80,589,61
ANY,250,0.777470563602139,0.42198978407725396,0.3465853658536585,0.4536312849162006,0.9034159531320409,0.9360664923421737,0.39294849637054946,0.678523619024121,0.317679186126548,0.8577745383867833,0.16489504466885807,0.4999643504569034,0.3333333333333333,0.4426229508196721,0.38028169014084506,0.8535773710482529,81,601,61
ANY,251,0.8045303418378826,0.5754978474054042,0.5509061290979445,0.6330876330876338,0.9170755550542361,0.9395970568974149,0.5891447547498513,0.7750815940709346,0.5194774264594667,0.8777615808228052,0.15036242037580852,0.47181795383680475,0.5416666666666666,0.6341463414634146,0.5842696629213483,0.8776859504132232,96,605,82
ANY,252,0.7489190266965182,0.4018136547469624,0.3286384976525819,0.4721549636803873,0.90033596626041,0.9428817397488445,0.3875363758960889,0.6862454649703987,0.3180233100378079,0.8602364755425979,0.1645569829894705,0.5020718948841113,0.3026315789473684,0.4339622641509434,0.35658914728682173,0.8576329331046312,76,583,53
ANY,253,0.7813027624302595,0.5088648507637772,0.5117757549487071,0.5360169491525424,0.9387107306101715,0.9440704865101512,0.5236159361371868,0.7373638398813569,0.4651911741814517,0.8956106252024619,0.13676205616625434,0.4439151006759856,0.5070422535211268,0.5373134328358209,0.5217391304347826,0.8910891089108911,71,606,67
ANY,254,0.8355471847380587,0.6230626031479731,0.5864081325301211,0.5985205110961673,0.9143987064347079,0.9182447765865871,0.5924024152522233,0.7564596087654374,0.5087692750833338,0.861143505021056,0.14887477062891696,0.4705651397977283,0.5625,0.5684210526315789,0.5654450261780105,0.8616666666666667,96,600,95
ANY,255,0.7539770241526302,0.45036805959200676,0.3605657589191474,0.4964394710071205,0.8895714467999776,0.9337045115371366,0.4177315805564047,0.6930054589035493,0.3370334362970138,0.8457563977972141,0.16843777490252743,0.5090436751207056,0.34065934065934067,0.4696969696969697,0.39490445859872614,0.8419301164725458,91,601,66
ANY,256,0.8430836979854262,0.5123418063530238,0.41226332012329375,0.5637513171759749,0.9030981723142817,0.9449635369188694,0.476251033254912,0.7334247447451283,0.4083762674817711,0.8665856818918043,0.1603421568805753,0.4911559328193822,0.4186046511627907,0.5373134328358209,0.47058823529411764,0.8693548387096774,86,620,67
ANY,257,0.7588199567750462,0.37411301140593156,0.3757128480375713,0.41775456919060044,0.9339813402391003,0.9440281114417871,0.39561992228894377,0.6758679547148504,0.3353570890325673,0.8891480401684484,0.14112160698988338,0.44753506260466486,0.3333333333333333,0.3673469387755102,0.34951456310679613,0.8896210873146623,54,607,49
ANY,258,0.7880076983385749,0.5271729305740303,0.4028640907862737,0.49941383352872193,0.920744499632412,0.9449924546357981,0.44597322964181535,0.710079166580567,0.38230200928549685,0.8799967606090056,0.14038836602577254,0.44038335452373895,0.38961038961038963,0.5,0.43795620437956206,0.8762057877813505,77,622,60
ANY,259,0.8101225928256766,0.46424325343466627,0.3906525573192239,0.5062857142857141,0.913027061044682,0.9437939110070257,0.4410154305624688,0.7096563876651982,0.3744832130193941,0.8726757369614515,0.15188784159002297,0.4707760534205083,0.379746835443038,0.4918032786885246,0.42857142857142855,0.867330016583748,79,603,61
ANY,260,0.7772005092463072,0.4307890525728565,0.4314456035767518,0.5132978723404258,0.9008060322412892,0.9265846483016845,0.4688259109311746,0.7070519522908574,0.38504769219050633,0.8512471655328798,0.1582680896979252,0.49548564875737067,0.3950617283950617,0.4507042253521127,0.42105263157894735,0.8543046357615894,81,604,71
ANY,261,0.8817822153920378,0.6597151608644036,0.5319617927994124,0.7189672293942405,0.9184692179700498,0.9620592572730928,0.6114864864864866,0.818718223682145,0.5611657714805796,0.8956916099773243,0.1393586104822391,0.43655070893854103,0.5376344086021505,0.704225352112676,0.6097560975609756,0.8980891719745223,93,628,71
ANY,262,0.8336049376777237,0.5547313586679242,0.47363872082973146,0.5204178537511867,0.9215913480108147,0.934098916873287,0.4959276018099542,0.7210046008810009,0.424527723204782,0.8736961451247165,0.14800944580556066,0.4603041131999217,0.4805194805194805,0.5,0.4900662251655629,0.8754045307443366,77,618,74
ANY,263,0.8162971019932077,0.4769104565386637,0.47943899782135047,0.5228690228690226,0.9304984910737009,0.9409331568497682,0.5002130984514843,0.7266837569713618,0.43655821913462134,0.886038224813735,0.1377788464045528,0.4388895278478968,0.44594594594594594,0.5076923076923077,0.4748201438848921,0.882636655948553,74,622,65
ANY,264,0.8540574670694867,0.6797750797759292,0.5391566265060231,0.6897880539499033,0.9213569776407091,0.9570208222103576,0.6052409129332199,0.8055725157953063,0.55066903178799,0.8941043083900228,0.13499872898816762,0.4294106685185302,0.5681818181818182,0.684931506849315,0.6211180124223602,0.9004893964110929,88,613,73
ANY,265,0.8429414656501266,0.6298884427680177,0.5389417360285367,0.6475,0.9127671541057364,0.9426696096654272,0.5882543802725497,0.7801335770528681,0.5194526138513427,0.8766763848396502,0.15088892895573577,0.4704870082402408,0.5212765957446809,0.6282051282051282,0.5697674418604651,0.8786885245901639,94,610,78
ANY,266,0.791027900659615,0.4676895532140669,0.4028246205733554,0.5605749486652977,0.896835512180911,0.9426624818188777,0.46878449650435394,0.7287052304231043,0.3975291369467805,0.8597019760285066,0.16067075285389273,0.48765055310434124,0.38202247191011235,0.5396825396825397,0.4473684210526316,0.8620689655172413,89,609,63
ANY,267,0.771543225851204,0.46415108074285266,0.4027972027972033,0.585365853658537,0.891015824400204,0.9447902571041947,0.47721623860811974,0.7381908390293703,0.40692050503753574,0.8569160997732426,0.16492408697491023,0.506646003616199,0.3707865168539326,0.5238095238095238,0.4342105263157895,0.8557046979865772,89,596,63
ANY,268,0.8163207052015335,0.5088829913248454,0.4195761856710388,0.5399999999999999,0.8935603256846777,0.9316612000771752,0.4722316865417373,0.7167801628423388,0.39023402639650834,0.8494655004859085,0.16327440475102145,0.49483666856619724,0.3793103448275862,0.4852941176470588,0.4258064516129032,0.8550488599348535,87,614,68
ANY,269,0.7976203080886732,0.49684184655948166,0.43672162258332387,0.5502092050209209,0.913729835779683,0.943536738637003,0.48694042187396724,0.7319695204003018,0.42001987972114774,0.8743278263686428,0.15445627198581569,0.4803810544556882,0.4268292682926829,0.5384615384615384,0.47619047619047616,0.8703703703703703,82,594,65
ANY,270,0.8153019867738518,0.4442690789395997,0.3444753946146705,0.42594718714121715,0.9111837967039884,0.9354255456541396,0.3809034907597537,0.6685654919226027,0.30718606637024065,0.8632653061224488,0.1517880600157534,0.4655419504104969,0.3283582089552239,0.38596491228070173,0.3548387096774194,0.8603839441535777,67,573,57
ANY,271,0.8144181297542026,0.49207275318666915,0.5850771254334569,0.5903716216216218,0.9350819426775425,0.9363958259175301,0.5877124497027206,0.762726782149582,0.5234594740502658,0.8888079041140267,0.14188331167208124,0.46048228191542245,0.4603174603174603,0.4603174603174603,0.4603174603174603,0.8841567291311755,63,587,63
ANY,272,0.7370641779345477,0.31666842984699706,0.26179379333863784,0.4569444444444442,0.8854673721340384,0.9483028917892826,0.3328756233287559,0.6712059082892414,0.2682155618374303,0.8504859086491738,0.17207411126732472,0.5199509544914256,0.2375,0.3958333333333333,0.296875,0.8543689320388349,80,618,48
ANY,273,0.7715181799093404,0.4720201085651885,0.3996145971335665,0.4324817518248178,0.9078012872678844,0.9185208750491229,0.4153990610328641,0.6701415195463509,0.3290229556087496,0.8487366375121478,0.15638174152742354,0.489725094260632,0.3875,0.4246575342465753,0.40522875816993464,0.8493377483443708,80,604,73
ANY,274,0.7749745143131026,0.5359826542036462,0.5949074074074069,0.5261003070624356,0.9553742190488331,0.9418049270990446,0.5583921781640409,0.7407372630556346,0.50834369959169,0.9078231292517008,0.13158633951368998,0.4256770293259283,0.5576923076923077,0.47540983606557374,0.5132743362831859,0.9083333333333333,52,600,61
ANY,275,0.8225118701684082,0.5385772170814741,0.4298315958299918,0.5671957671957678,0.9097142857142855,0.945992341212201,0.48905109489051113,0.7384550264550264,0.4233606189758995,0.8730158730158731,0.14828363962335567,0.4641157919739187,0.43373493975903615,0.5538461538461539,0.4864864864864865,0.8758169934640523,83,612,65
ANY,276,0.7974853351664373,0.4995599735391764,0.43769751693002173,0.461666666666666,0.9065991751031123,0.9144856278366112,0.4493626882966389,0.6841329208848894,0.36013472793471657,0.8460641399416909,0.15465899554544874,0.4755652428734644,0.4146341463414634,0.4358974358974359,0.425,0.8484349258649094,82,607,78
ANY,277,0.819766519934605,0.5219973460035225,0.5374841168996196,0.598302687411599,0.9017013232514174,0.9216119238200384,0.5662650602409646,0.750002005331508,0.47911362080339553,0.8530612244897959,0.16582306447118345,0.5044230516633269,0.5,0.5517241379310345,0.5245901639344263,0.8547579298831386,96,599,87
ANY,278,0.8139584764330705,0.567062017374317,0.42297650130548353,0.49693251533742344,0.915455241009946,0.9358623386781381,0.45698166431593823,0.7061938781736847,0.3846826537694904,0.869047619047619,0.13701366760809025,0.44060235914375884,0.4230769230769231,0.5,0.4583333333333333,0.8712871287128713,78,606,66
ANY,279,0.811961765181566,0.4896720940503122,0.39036871801600864,0.48906789413118545,0.9165244263973985,0.9425710009423679,0.4341798015178053,0.7027961602642919,0.36747488786100985,0.8744088111435051,0.14847693887476524,0.4597703169289898,0.3972602739726027,0.48333333333333334,0.43609022556390975,0.8733108108108109,73,592,60
ANY,280,0.7733835486599637,0.4221738215294068,0.42110861600283717,0.5019723865877713,0.9103619926064195,0.9336511571163119,0.45799858602738003,0.7061671895970953,0.382465228239321,0.8634110787172012,0.150563032191806,0.47768324924566136,0.3974358974358974,0.4626865671641791,0.42758620689655175,0.8628099173553719,78,605,67
ANY,281,0.8035202741915413,0.5630107517690959,0.4885106382978714,0.5633587786259531,0.8971086170819856,0.921743379263168,0.5232717143580643,0.7302336978539699,0.4346361685882249,0.8475380628441854,0.1574663549116802,0.4830971293124936,0.46,0.5348837209302325,0.4946236559139785,0.8459016393442623,100,610,86
ANY,282,0.844015492890598,0.6108882187671112,0.5000924214417745,0.684070796460177,0.89951699795653,0.950923016496465,0.5777896422851041,0.7917938972083535,0.5130371377144758,0.8719144800777452,0.14964339117275435,0.46637411255104855,0.49019607843137253,0.6493506493506493,0.5586592178770949,0.865874363327674,102,589,77
ANY,283,0.7696121927956021,0.391784759932654,0.31263006242996677,0.3739946380697054,0.9240242046781557,0.9410916692195411,0.34057023280146514,0.6490094213739304,0.2749797389739272,0.8775024295432458,0.1477817271040568,0.4631098062795283,0.30158730158730157,0.37254901960784315,0.3333333333333333,0.8756137479541735,63,611,51
ANY,284,0.7938552321397964,0.463200287288747,0.43906810035842314,0.5320304017372419,0.9207494619572095,0.9440550363447558,0.48109965635738833,0.7263899318472258,0.4164978290635576,0.8801587301587301,0.15122273655818771,0.4754869104584294,0.410958904109589,0.4918032786885246,0.44776119402985076,0.8772802653399668,73,603,61
ANY,285,0.8683054370365674,0.6295438676220917,0.5554002097168825,0.5805626598465475,0.9287115395393148,0.9352107906766747,0.567702750982494,0.7546370996929311,0.49985550355610275,0.882410106899903,0.13523381882079477,0.4315724458238024,0.5227272727272727,0.5609756097560976,0.5411764705882353,0.8771653543307086,88,635,82
ANY,286,0.7635889450056117,0.4300062474860491,0.41211604095563187,0.5366666666666673,0.9130050505050503,0.945475941422594,0.46621621621621673,0.7248358585858585,0.4009975071778575,0.8746031746031746,0.15281291735633407,0.4820118697848295,0.38961038961038963,0.5084745762711864,0.4411764705882353,0.87248322147651,77,596,59
ANY,287,0.8383920761788195,0.4980282315630821,0.4563445867287543,0.5806451612903223,0.9244933889048575,0.9528226777018645,0.511045122039545,0.7525692750975901,0.45462749448511236,0.8906543569808875,0.13775696461011147,0.43333643131004634,0.3888888888888889,0.5185185185185185,0.4444444444444444,0.882943143812709,72,598,54
ANY,288,0.7980596423643203,0.5307349256427759,0.5008116883116889,0.5588768115942035,0.9202954898911353,0.9358197153400105,0.5282534246575349,0.7395861507426691,0.45740755851708215,0.8750566893424037,0.1539746726136998,0.48016393435637883,0.4864864864864865,0.5,0.4931506849315068,0.8760469011725294,74,597,72
ANY,289,0.8316752153359382,0.6104093111678475,0.5626353489921716,0.6420492348636069,0.8974794509849856,0.9242771544617361,0.5997247747147876,0.7697643429242957,0.5125458643982351,0.8539520570132817,0.15079305692484946,0.47440971776275065,0.509090909090909,0.6086956521739131,0.5544554455445545,0.8509933774834437,110,604,92
ANY,290,0.7490109517034957,0.418443952540552,0.45483359746434215,0.45220588235294124,0.9237306924839257,0.922980357406587,0.4535159336318145,0.6879682874184334,0.37687409584601045,0.8655652737285392,0.1494269794262358,0.47369396676752945,0.44776119402985076,0.43478260869565216,0.4411764705882353,0.8700854700854701,67,585,69
ANY,291,0.7715805497231902,0.4348335556497983,0.36292095822242765,0.4848484848484851,0.9004016500217109,0.9372492890638242,0.4151168177907206,0.6926250674350978,0.34005974217929513,0.8568675089083252,0.15939118410404,0.4893320181142413,0.32941176470588235,0.45161290322580644,0.38095238095238093,0.851063829787234,85,611,62
ANY,292,0.7974378254664318,0.38724094858889213,0.3744787322768971,0.5429262394195888,0.9061678969097964,0.9504002099462014,0.44323790720631767,0.7245470681646926,0.3819701925141372,0.8721088435374147,0.15165141287953166,0.4745243917992551,0.35526315789473684,0.5192307692307693,0.421875,0.8701754385964913,76,570,52
ANY,293,0.7655481793659407,0.4440571347742529,0.36025280898876394,0.5229357798165138,0.883786197219033,0.936722552731206,0.4266112266112266,0.7033609885177734,0.34754338757857683,0.8436507936507937,0.1700178438514565,0.5128651150905302,0.3870967741935484,0.5142857142857142,0.44171779141104295,0.8460236886632826,93,591,70
ANY,294,0.8236153056815048,0.42640768199210655,0.3796133567662559,0.531365313653136,0.9118271512426629,0.9504035407445979,0.44284982060481737,0.7215962324478997,0.3824408480603241,0.8767573696145126,0.1490642943268022,0.4646405843854463,0.3611111111111111,0.5,0.41935483870967744,0.8756476683937824,72,579,52
ANY,295,0.8486869610134916,0.5784960012530329,0.48164702695381334,0.483809523809524,0.9296378010663723,0.9302021818716997,0.4827258535260982,0.706723662437948,0.4126474931962654,0.8765630061548428,0.13883997922563016,0.4361996212775255,0.4794520547945205,0.47297297297297297,0.47619047619047616,0.8798751950078003,73,641,74
ANY,296,0.763007914757722,0.5463620469168646,0.4682804674457425,0.4531502423263323,0.9159852281719864,0.9111781684597221,0.46059113300492566,0.6845677352491596,0.37426146221540596,0.8510204081632654,0.160287185836685,0.4925605043416114,0.47560975609756095,0.4482758620689655,0.46153846153846156,0.850328947368421,82,608,87
ANY,297,0.8506320397755479,0.6134044820003846,0.5035476476367206,0.5926258992805754,0.9157090963006892,0.939690751060309,0.544467394511655,0.7541674977906323,0.4746720862270092,0.8749757045675413,0.15097469757072657,0.4650754198817289,0.4945054945054945,0.5844155844155844,0.5357142857142857,0.8729641693811075,91,614,77
ANY,298,0.8269424748975643,0.47267864277200144,0.4587756109602561,0.5913140311804003,0.9209254517257545,0.9521048510384428,0.5166805671392821,0.7561197414530776,0.4587692180066754,0.887366375121477,0.13435281894788217,0.4338592368404627,0.4230769230769231,0.55,0.4782608695652174,0.883495145631068,78,618,60
ANY,299,0.7595854808450008,0.4230703238719432,0.3227743872905166,0.5446224256292901,0.8743123224623347,0.9458155862846916,0.4053281430569918,0.7094673740458126,0.3354425031501912,0.841642371234208,0.17461091515727184,0.5379087909341276,0.3,0.5263157894736842,0.3821656050955414,0.8386023294509152,100,601,57
ANY,300,0.7953749936577656,0.4375007508606828,0.435344253562392,0.512623490669594,0.9234145548471001,0.9426896055761466,0.4708339334581595,0.718019022758347,0.40600141019201114,0.8809847748623258,0.1464978751450248,0.465465951673557,0.3939393939393939,0.45614035087719296,0.42276422764227645,0.8800675675675675,66,592,57
ANY,301,0.8073892297572158,0.5510070215812903,0.4843730998419066,0.5327715355805241,0.9218634822349993,0.9347310200497038,0.5074208548315177,0.7273175089077618,0.43650820039660443,0.874748947197927,0.1478375374420785,0.4639351340978499,0.5064935064935064,0.527027027027027,0.5165562913907285,0.8801313628899836,77,609,74
ANY,302,0.8111366495560574,0.47381032091419717,0.3631484794275497,0.5806451612903225,0.8844301765650074,0.9489337822671153,0.44683583002140054,0.732537668927665,0.38097475414560145,0.8534661483641075,0.1565044938756328,0.4817525927480623,0.3368421052631579,0.5517241379310345,0.41830065359477125,0.8531353135313532,95,606,58
ANY,303,0.8234935071161713,0.5718090945209796,0.48057875315595305,0.6267730496453905,0.9006574548696235,0.9427121807083706,0.5440255029130486,0.7637152522575068,0.47250031831173556,0.8656300615484289,0.15606907534079292,0.4827283441202931,0.45454545454545453,0.5921052631578947,0.5142857142857142,0.8566610455311973,99,593,76
ANY,304,0.8091764920098548,0.5203578915552522,0.5259417199715711,0.584518167456556,0.9117024093195654,0.9290435721030619,0.5536849981294427,0.7481102883880608,0.47515583134159917,0.8647392290249434,0.15542036436321033,0.48583891765814385,0.4823529411764706,0.5324675324675324,0.5061728395061729,0.8668885191347754,85,601,77
ANY,305,0.8290312692615799,0.46815026501989954,0.4839883551673951,0.5210237659963443,0.9213416663584922,0.9314341259159561,0.5018236699786196,0.721182716177418,0.4286823362985179,0.8716877227081307,0.14225385311302274,0.44499536832171616,0.4520547945205479,0.4714285714285714,0.46153846153846156,0.8727272727272727,73,605,70
ANY,306,0.8644734522492048,0.6247260354159989,0.5816235504014277,0.6474677259185705,0.9399718418021246,0.9538901155994284,0.6127819548872184,0.7937197838603472,0.5608760259309254,0.9065759637188209,0.12545784420755207,0.4061285015926529,0.5151515151515151,0.5862068965517241,0.5483870967741935,0.9058823529411765,66,595,58
ANY,307,0.828624997092367,0.5430952589996587,0.45000556111667234,0.648709315375982,0.9109057168081002,0.9584636675576786,0.5313895455739429,0.779807516092041,0.4781061812514079,0.8844185293164887,0.14594811545820957,0.4582889594377198,0.40963855421686746,0.6071428571428571,0.4892086330935252,0.8796610169491526,83,590,56
ANY,308,0.8429405231968323,0.6317294181347871,0.5500805152979058,0.6809302325581389,0.9226966706631003,0.9542012398664759,0.6085510688836098,0.8018134516106199,0.5517227874765078,0.8932296728215094,0.14429662273988353,0.4588558998599151,0.5340909090909091,0.6527777777777778,0.5875,0.8916256157635468,88,609,72
ANY,309,0.802115366275573,0.4881283165611865,0.46487603305785147,0.4178272980501397,0.9331008652976879,0.92014773306164,0.4400977995110028,0.6754640816739136,0.3675808524523225,0.8701814058956916,0.14322334943308407,0.4502425353378386,0.4626865671641791,0.4189189189189189,0.4397163120567376,0.8694214876033057,67,605,74
ANY,310,0.7773463450214386,0.4221579047981798,0.4623481781376517,0.5039717563989408,0.9136203980746713,0.9259063941990769,0.48226351351351343,0.708796077236806,0.40265625953948087,0.8609977324263038,0.1627128251442579,0.5059351849245912,0.42105263157894735,0.4383561643835616,0.42953020134228187,0.8613376835236541,76,613,73
ANY,311,0.8225159132877935,0.5480882507435207,0.5247031382527569,0.6392405063291139,0.9169784066076517,0.9466047258545536,0.5763363223477351,0.7781094564683828,0.5120061990174688,0.8821509556203432,0.14616074088762107,0.46361234599721607,0.43209876543209874,0.5555555555555556,0.4861111111111111,0.8768718801996672,81,601,63
ANY,312,0.8368141027974588,0.5454119728447661,0.5284159613059257,0.46588486140725016,0.9505201725450393,0.9373201551357437,0.49518413597733785,0.7082025169761444,0.440380362164004,0.8989795918367348,0.127677580960931,0.41513083269449064,0.5357142857142857,0.45454545454545453,0.4918032786885246,0.9020537124802528,56,633,66
ANY,313,0.8275224509661803,0.45946721175632954,0.4374567388509836,0.6147859922178989,0.8956988853036076,0.9463071648555985,0.5111791553527064,0.7552424387607533,0.44261232402727885,0.8629575639779722,0.15134741621378991,0.46727016958390444,0.37362637362637363,0.5483870967741935,0.4444444444444444,0.8626817447495961,91,619,62
ANY,314,0.8533074464641988,0.6073336261560247,0.4735432016075014,0.5636160714285715,0.9291483377803418,0.9495716259788116,0.5146684137730216,0.7463822046044566,0.4566135434293439,0.8920149011985747,0.13411968128953086,0.4249689235957619,0.4594594594594595,0.5483870967741935,0.5,0.8881578947368421,74,608,62
ANY,315,0.8331065318818047,0.4944171629223644,0.46671338472319573,0.6032608695652178,0.9013737687921203,0.9407547680238063,0.5262741999209802,0.7523173191786687,0.45345622049280043,0.8640589569160998,0.1543441766021163,0.4787614656768364,0.4186046511627907,0.5454545454545454,0.47368421052631576,0.8659966499162479,86,597,66
ANY,316,0.7975356275354427,0.4513312308880526,0.4005847953216377,0.43676939426142447,0.9219444091889831,0.9319989735694121,0.4178952719877991,0.6793569017252036,0.3454017786647599,0.8701814058956916,0.1486510578930261,0.46550026232139224,0.39436619718309857,0.4307692307692308,0.4117647058823529,0.8699186991869918,71,615,65
ANY,317,0.8748202906833704,0.564538879252058,0.5511627906976747,0.6929824561403511,0.9257120862201692,0.9581673306772908,0.6139896373056999,0.8093472711802601,0.5613552942250675,0.8986394557823131,0.13917387303144124,0.44268125950015536,0.5,0.6290322580645161,0.5571428571428572,0.8956228956228957,78,594,62
ANY,318,0.8593385700631844,0.6240476764028172,0.5447371615879575,0.6163461538461541,0.9311421226588318,0.9477973197764608,0.5783334407424121,0.7737441382524928,0.5192849452097394,0.8940233236151602,0.13616528105440598,0.43466446747771476,0.5443037974683544,0.5972222222222222,0.5695364238410596,0.8925619834710744,79,605,72
ANY,319,0.8286870083020795,0.5711966086061465,0.5083135391923985,0.5917050691244236,0.9197155785391077,0.9413788540426092,0.5468483816013624,0.7557103238317657,0.4795643595990132,0.8793650793650791,0.13722544440629095,0.4369558976742201,0.4819277108433735,0.5555555555555556,0.5161290322580645,0.8778501628664495,83,614,72
ANY,320,0.7778690994457352,0.5246692644111147,0.5441176470588235,0.5276845637583891,0.9309124278972204,0.9265396659707721,0.5357751277683134,0.7292984958278048,0.4645880194926301,0.8764172335600908,0.14921600416109135,0.47807665594246573,0.5142857142857142,0.48,0.496551724137931,0.8785357737104825,70,601,75
ANY,321,0.8092764460889159,0.5755306792743902,0.49809487521432666,0.5947452229299367,0.9004872705295762,0.9304671948792007,0.5421461897356146,0.7476162467297562,0.4606928071661068,0.8569484936831876,0.1547900936141735,0.4804665364854618,0.4895833333333333,0.5802469135802469,0.5310734463276836,0.8600337268128162,96,593,81
ANY,322,0.8269174438944131,0.5475463087975415,0.459113419495108,0.5446339017051152,0.9182264750461095,0.9405547969547894,0.4982304364923317,0.7314301883756125,0.430105314128399,0.8759961127308065,0.1427574489949613,0.45560685918466515,0.4457831325301205,0.5362318840579711,0.4868421052631579,0.8719211822660099,83,609,69
ANY,323,0.831446146659152,0.553927707852328,0.47936786654960534,0.49012567324955164,0.9230469763820396,0.9260512954042439,0.4846870838881496,0.7065863248157954,0.40927754562874613,0.8683673469387754,0.14541514880470238,0.45307940556644294,0.4868421052631579,0.4868421052631579,0.4868421052631579,0.8710743801652893,76,605,76
ANY,324,0.8330100874093577,0.5339431923066706,0.5511440107671602,0.6167168674698795,0.9109717031500263,0.9305972184346875,0.582089552238806,0.763844285309953,0.5041917697128735,0.8666666666666666,0.14872455338586893,0.46938512770559937,0.5106382978723404,0.5581395348837209,0.5333333333333333,0.8653846153846154,94,624,86
ANY,325,0.8347456470164691,0.590853363737505,0.5851449275362315,0.5456081081081077,0.940020953378732,0.9302747537584238,0.5646853146853142,0.7428145307434202,0.5003026844810753,0.8870748299319727,0.13525688997174454,0.44081932941239105,0.5733333333333334,0.5375,0.5548387096774193,0.8883495145631068,75,618,80
ANY,326,0.82491447944007,0.5278529577766127,0.482683079490925,0.5508333333333337,0.9070303712035992,0.9276565555853816,0.5145112865562109,0.7289318522684662,0.43345083392972156,0.8585681891804342,0.14961643415897577,0.47015711378220143,0.4444444444444444,0.4864864864864865,0.4645161290322581,0.8618968386023295,81,601,74
ANY,327,0.853376398054342,0.48421110794217626,0.4317456263567871,0.5551724137931037,0.9200359389038635,0.9497486505036264,0.4857409668845629,0.7376041763484835,0.42578077325092767,0.8840459993521217,0.14091459825807806,0.442601883076293,0.41333333333333333,0.5254237288135594,0.4626865671641791,0.8769230769230769,75,585,59
ANY,328,0.7967906477758693,0.3768207554969333,0.3566931939660292,0.5283251231527092,0.9033823319537605,0.9497196226627408,0.42586683684322474,0.7158537275532348,0.36370413426136855,0.8688532555879495,0.15053746480972807,0.4657325898731931,0.3466666666666667,0.49056603773584906,0.40625,0.8711864406779661,75,590,53
ANY,329,0.801240949380302,0.45874811316417974,0.47155560969667487,0.5041020966271652,0.9197573111855123,0.928863649100521,0.48728600201409905,0.7119297039063386,0.4119726567511126,0.8680596047942987,0.1437500548197451,0.45606144423357603,0.4533333333333333,0.4722222222222222,0.46258503401360546,0.8692052980132451,75,604,72
ANY,330,0.7673649356008806,0.4613634192692334,0.3419308357348701,0.43685567010309256,0.9188925197130065,0.9441788321167879,0.3836081474296797,0.6778740949080496,0.3190344752955587,0.8764820213799805,0.14700786852750714,0.46810941843452947,0.3333333333333333,0.4339622641509434,0.3770491803278688,0.8774193548387097,69,620,53
ANY,331,0.7756917692610861,0.5202473272123366,0.4523783488244938,0.5175131348511379,0.9068209727235511,0.9266660328928603,0.4827586206896547,0.7121670537873448,0.4010504450156286,0.8564139941690964,0.16011228023298277,0.4884795526709569,0.40476190476190477,0.4657534246575342,0.43312101910828027,0.8559870550161812,84,618,73
ANY,332,0.8428912957651342,0.5074521709025867,0.4910505836575867,0.5924882629107975,0.9156673114119921,0.9424021234240211,0.537021276595744,0.7540777871613951,0.46932015651239967,0.8766439909297051,0.14784651938052423,0.4621117745251119,0.4358974358974359,0.5074626865671642,0.4689655172413793,0.8735632183908046,78,609,67
ANY,333,0.779343626368163,0.4953886480656236,0.38926174496644345,0.5707257072570731,0.9090795553890344,0.9542475091767171,0.46284289276808027,0.7399026313230535,0.4059772751097377,0.877891156462585,0.15469834314242015,0.47843284435001654,0.3783783783783784,0.5384615384615384,0.4444444444444444,0.8823529411764706,74,595,52
ANY,334,0.8178705425545363,0.507650191565021,0.5270299846793606,0.5667215815485993,0.9188234852184362,0.9300026614957604,0.5461555908369241,0.742772533383518,0.4710731861418295,0.8703595724003887,0.15140141510957816,0.468510275873612,0.4823529411764706,0.5189873417721519,0.5,0.8675282714054927,85,619,79
ANY,335,0.7925372168588362,0.4297673181222637,0.37178754997144536,0.41370106761565884,0.8979061479061476,0.912937623855808,0.3916260602779287,0.6558036077609031,0.29786308701360176,0.8362001943634598,0.1582409430795435,0.4873572990585397,0.35365853658536583,0.3918918918918919,0.3717948717948718,0.8372093023255814,82,602,74
ANY,336,0.8707195040304572,0.5581957091387295,0.4180887372013651,0.6473489519112203,0.9087633555107644,0.9621907459867798,0.508052809843091,0.7780561537109925,0.45986748184775905,0.8847262714609654,0.1434177861533444,0.44782631885282936,0.4268292682926829,0.6363636363636364,0.5109489051094891,0.8881469115191987,82,599,55
ANY,337,0.7797243916421329,0.4527483907494581,0.39524517087667144,0.5352112676056335,0.912435456110155,0.9483452593917711,0.45470085470085453,0.7238233618578944,0.39218252180555785,0.8759961127308067,0.15028379156022603,0.4729600753701811,0.3698630136986301,0.5,0.4251968503937008,0.875,73,584,54
ANY,338,0.8338774116710481,0.5388004920769899,0.4143867924528301,0.5871345029239767,0.9109317549995516,0.9536049568156214,0.48586242654683715,0.7490331289617642,0.42811712591867995,0.8795432458697764,0.14537212298913202,0.45276733896241345,0.38271604938271603,0.5535714285714286,0.45255474452554745,0.8720136518771331,81,586,56
ANY,339,0.8297732630309391,0.5227933251870281,0.4449648711943794,0.5418250950570342,0.9084706488156539,0.9360657912189945,0.48864123446206603,0.725147871936344,0.41421792038700256,0.8647392290249432,0.14727288805897587,0.4562934344317687,0.4444444444444444,0.5070422535211268,0.47368421052631576,0.8646362098138748,81,591,71
ANY,340,0.7499794008999159,0.3442144032977823,0.3933987511150759,0.3902654867256638,0.9115734720416123,0.9105078581633977,0.39182585517547763,0.650919479383638,0.30287101958937496,0.8447845804988663,0.16355120525699882,0.5055913449821573,0.3835616438356164,0.3684210526315789,0.37583892617449666,0.8472906403940886,73,609,76
ANY,341,0.8277811289847663,0.55250836064737,0.464808437365476,0.604309500489716,0.9089077354239551,0.9460799267846246,0.5254577529046781,0.7566086179568356,0.45921127002525125,0.873647554259799,0.15506329981657924,0.47651653645387115,0.4418604651162791,0.5757575757575758,0.5,0.8733333333333333,86,600,66
ANY,342,0.8221414180403734,0.5170172992920724,0.5033667894803706,0.5187901008249309,0.9277489233499066,0.931778945218957,0.5109620840856328,0.7232695120874189,0.4408055713650638,0.8771622934888239,0.14619467516512075,0.45744428637347706,0.45714285714285713,0.463768115942029,0.460431654676259,0.8745819397993311,70,598,69
ANY,343,0.8074042406753548,0.549528989794964,0.4684267241379312,0.5723502304147465,0.9088927878843839,0.938086160884483,0.5152000000000001,0.7406215091495653,0.442302484466992,0.8674927113702623,0.14932059904967096,0.46695319472749375,0.42696629213483145,0.5507246376811594,0.4810126582278481,0.8685897435897436,89,624,69
ANY,344,0.8318353705910857,0.549496171495675,0.5096013612056393,0.49463253509496286,0.9242438465726676,0.9199431903124532,0.5020053876085006,0.7094381908338152,0.42417692948219576,0.865257531584062,0.14253624336690432,0.4501952115480466,0.4880952380952381,0.4939759036144578,0.49101796407185627,0.8646496815286624,84,628,83
ANY,345,0.7940504054809572,0.4065543856166989,0.3567093728927848,0.5242814667988107,0.8778645499935983,0.934578165462723,0.42455858747993575,0.7010730083962046,0.34225739333275684,0.8374149659863944,0.16769785024402897,0.5159615976178661,0.3404255319148936,0.49230769230769234,0.4025157232704403,0.8475120385232745,94,623,65
ANY,346,0.7778253068213429,0.4940166530137287,0.48202685145084423,0.5496974935177179,0.9108144889170594,0.9305386256285232,0.5136429189501006,0.7302559912173888,0.4358799671170601,0.863443472627146,0.15289702050522758,0.4796034114039364,0.4943820224719101,0.5432098765432098,0.5176470588235295,0.867741935483871,89,620,81
ANY,347,0.8724669041872369,0.5549789624760064,0.496284565720551,0.5700293829578846,0.9242576887146701,0.9425940109469279,0.5306069288877315,0.7471435358362772,0.4657596015980633,0.883252348558471,0.13554376463114043,0.42877245882287224,0.4805194805194805,0.5285714285714286,0.5034013605442177,0.8791390728476821,77,604,70
ANY,348,0.7668230403333604,0.3725378842756097,0.3741935483870973,0.44130434782608763,0.9140506329113924,0.9335488041370393,0.4049875311720704,0.6776774903687397,0.33069287526846114,0.8647392290249435,0.1512817074974791,0.47233455733395835,0.35294117647058826,0.4,0.375,0.8659966499162479,68,597,60
ANY,349,0.8125415674124913,0.5544483764683614,0.4784810126582279,0.5974710221285564,0.921483928344556,0.9499672560576293,0.5313964386129335,0.7594774752365561,0.4715350995119325,0.8866213151927438,0.1420139782225858,0.44955640016161197,0.4864864864864865,0.5806451612903226,0.5294117647058824,0.891156462585034,74,588,62
ANY,350,0.8313038437155654,0.5261483424239456,0.4693501139199307,0.6041055718475076,0.9103867787977059,0.946023646783314,0.5282696299914522,0.7572461753226065,0.46228413615497915,0.874862325882734,0.14815146419171263,0.4680983183310409,0.4418604651162791,0.5671641791044776,0.49673202614379086,0.8697123519458545,86,591,67
ANY,351,0.8274539152637157,0.5091727243738776,0.4976727949732374,0.5364354697102723,0.91970911525657,0.9304557257366499,0.516327639282912,0.7280722924834211,0.44191459173881015,0.8702137998056366,0.14493654630266475,0.44968112045813136,0.45454545454545453,0.4861111111111111,0.4697986577181208,0.8665540540540541,77,592,72
ANY,352,0.8138580213465512,0.5501172014862707,0.45632817468730114,0.5437665782493369,0.9047061665087412,0.9309448246855042,0.4962250014408391,0.724236372379039,0.4167509868007703,0.858422416585682,0.1570451092298125,0.4829489980442147,0.4431818181818182,0.5131578947368421,0.47560975609756095,0.8599348534201955,88,614,76
ANY,353,0.73675682541135,0.3780614164850601,0.4032496307237809,0.49077181208053666,0.8865083526855949,0.9176310943103619,0.4427266338721008,0.688640082383066,0.3479395533870179,0.8330255911888564,0.17817527008435202,0.5490730353598867,0.38202247191011235,0.4473684210526316,0.4121212121212121,0.8307155322862129,89,573,76
ANY,354,0.7452578328083118,0.4480715650222775,0.43337433374333795,0.5252173913043483,0.8970385546656731,0.9264773776546629,0.4748961024373811,0.7111279729850104,0.3898070353460717,0.8485584710074505,0.17077785430659226,0.5225375987476579,0.40229885057471265,0.4861111111111111,0.44025157232704404,0.8519134775374376,87,601,72
ANY,355,0.7699112981391353,0.4897868741275453,0.44093178036605707,0.4624781849912744,0.9124315871774823,0.9191388815962194,0.45144804088586077,0.6874548860843782,0.36741530975305015,0.8539682539682539,0.16347153545857881,0.4945007826424415,0.43037974683544306,0.44155844155844154,0.4358974358974359,0.8525963149078727,79,597,77
ANY,356,0.8460309881146357,0.522222045772724,0.44032921810699566,0.6517766497461933,0.8958519463943839,0.9534093996196684,0.5255832992222678,0.7738142980702882,0.464351727112094,0.86859410430839,0.1553502122264246,0.48135438209399867,0.4065934065934066,0.5967741935483871,0.48366013071895425,0.8715447154471545,91,615,62
ANY,357,0.7460022731132008,0.4563342026480894,0.43271767810026424,0.5082644628099174,0.9178553234844629,0.9380450344917353,0.4674584323040382,0.7130598931471901,0.39747871371386334,0.8729024943310658,0.15401782385724155,0.4909643747603098,0.39705882352941174,0.4576271186440678,0.4251968503937008,0.8717047451669596,68,569,59
ANY,358,0.8372227269286097,0.5391934015414334,0.5231490720415087,0.5888364779874214,0.9095503066091303,0.929212266522294,0.5540526260171194,0.7491933922982759,0.4748167151676594,0.8632977000323937,0.15465109745716912,0.47755892849923753,0.47674418604651164,0.5324675324675324,0.5030674846625767,0.8620102214650767,86,587,77
ANY,359,0.7797917179922458,0.5556269128489251,0.4725049015031274,0.6163682864450126,0.8944497375254531,0.938270395265437,0.5349328823591585,0.755409011985233,0.45807360259154933,0.8574667962423064,0.16392672172514958,0.5087293515718461,0.43137254901960786,0.5866666666666667,0.4971751412429379,0.8564516129032258,102,620,75
ANY,360,0.7658838566676437,0.29789310694263105,0.3018845131674317,0.41176470588235264,0.8961937094717172,0.9332235980696566,0.34836551195371845,0.653979207677035,0.26907902440261317,0.8485746679624232,0.16356805829995466,0.5018512541287928,0.25,0.3684210526315789,0.2978723404255319,0.8355481727574751,84,602,57
ANY,361,0.8344305690627657,0.5016834466236173,0.3899802515331047,0.5312190287413281,0.892660533679609,0.9364723037663806,0.4497722368736514,0.7119397812104685,0.37199000832218887,0.8513119533527697,0.156183213192358,0.4785595192486975,0.3894736842105263,0.5211267605633803,0.4457831325301205,0.8520900321543409,95,622,71
ANY,362,0.8002824566496837,0.36145605916406703,0.324870099196977,0.5450762829403608,0.899158626285432,0.9569004355008258,0.40710321864594917,0.7221174546128962,0.3537969868497774,0.8702137998056365,0.16054105028989696,0.4901340731437329,0.34177215189873417,0.5294117647058824,0.4153846153846154,0.871404399323181,79,591,51
ANY,363,0.7396628286699327,0.3841072565353391,0.31540274504367105,0.41989664082687306,0.9123255566208585,0.9423588314046252,0.3602248436386666,0.666111098723866,0.29263307630075736,0.8691124068675089,0.1567737323994804,0.4904351924998931,0.30434782608695654,0.40384615384615385,0.34710743801652894,0.8683333333333333,69,600,52
ANY,364,0.7968399635598815,0.4815867562321155,0.4609306409130824,0.5351681957186551,0.9216736828677128,0.9406327301132665,0.4952830188679252,0.7284209392931836,0.4283117612103958,0.8786848072562358,0.14758132763242995,0.4676870792451367,0.4142857142857143,0.48333333333333334,0.4461538461538462,0.8793969849246231,70,597,60
ANY,365,0.8345453793316814,0.5549402794182539,0.5004291845493563,0.6066597294484909,0.925944776689146,0.950620509470934,0.5484477892756349,0.7663022530688186,0.4901337567717706,0.891156462585034,0.13635074589556226,0.43433595748788834,0.45454545454545453,0.5263157894736842,0.4878048780487805,0.8955223880597015,66,603,57
ANY,366,0.7815321527939165,0.49799925525053856,0.5292041443698052,0.5350523771152296,0.9220590730024693,0.9237305738618125,0.532112192329708,0.7285557250588495,0.45501829178562253,0.8676060900550696,0.14948563193954165,0.4729963320876309,0.48,0.47368421052631576,0.4768211920529801,0.8661016949152542,75,590,76
ANY,367,0.8400934179886378,0.58360678329221,0.5448168355416992,0.6337262012692657,0.9243229234158354,0.9463977709964178,0.5859178541492037,0.7790245623425505,0.5235665012308673,0.887981859410431,0.14127948575460056,0.4428634178983173,0.5301204819277109,0.6027397260273972,0.5641025641025641,0.8851351351351351,83,592,73
ANY,368,0.8859352274602563,0.662552234723051,0.5763091570988518,0.6299999999999999,0.9126107046592221,0.9289395810061338,0.6019597328523374,0.7713053523296112,0.5235965754388859,0.8677518626498218,0.14752104857117057,0.4558390229820269,0.5660377358490566,0.6185567010309279,0.5911330049261084,0.8652597402597403,106,616,97
ANY,369,0.7854720168561733,0.4071748462652132,0.438413361169102,0.5103280680437421,0.9327247717894207,0.9487407784278807,0.4716451431779896,0.7215264199165815,0.41416149145183584,0.893310657596372,0.14605508538555262,0.4610301000235758,0.3898305084745763,0.4423076923076923,0.4144144144144144,0.891846921797005,59,601,52
ANY,370,0.7480152279559846,0.44831939144793376,0.42870201096892097,0.513691128148959,0.9209561148349565,0.9425317111053587,0.4673642252117584,0.717323621491958,0.4016910676157032,0.8787981859410432,0.16070205607028745,0.5012335553923499,0.390625,0.44642857142857145,0.4166666666666667,0.8795180722891566,64,581,56
ANY,371,0.8432959318169467,0.4249603266866064,0.35179681167252086,0.5195530726256986,0.915420956141588,0.955684787809636,0.4195263412276462,0.7174870143836432,0.36571369963205264,0.883284742468416,0.1548060047875601,0.4808899847754867,0.33783783783783783,0.5,0.4032258064516129,0.8788870703764321,74,611,50
ANY,372,0.7418882709023251,0.30417619436050364,0.2688187004313341,0.44588045234248763,0.9084606406884174,0.9559877550272211,0.3354166666666664,0.6771705465154526,0.28223778121929055,0.8759961127308068,0.15973140552116438,0.4856488044717196,0.2857142857142857,0.43478260869565216,0.3448275862068966,0.8774193548387097,70,620,46
ANY,373,0.7908836400592691,0.5523098562606951,0.5085470085470084,0.6429199648197008,0.9080530298804413,0.9450056116722785,0.5678930137062315,0.775486497350071,0.4998952344404938,0.8738743116294138,0.15682131443002778,0.49523432775369497,0.4777777777777778,0.6142857142857143,0.5375,0.8715277777777778,90,576,70
ANY,374,0.8242988652218446,0.5263256664466425,0.48060344827586265,0.6021602160216021,0.9062135166688284,0.9404954227248249,0.5345585297642832,0.7541868663452154,0.4626830501351279,0.8679138321995465,0.1494342167380814,0.4726491233466705,0.46511627906976744,0.5555555555555556,0.5063291139240507,0.87,86,600,72
ANY,375,0.7759687504498608,0.42736232634564536,0.3865281344851734,0.4650934119960666,0.9037915819922739,0.9283860533343362,0.42218680267771713,0.6844424969941704,0.3408329771026322,0.853206997084548,0.1581957956164933,0.4859320904096062,0.3855421686746988,0.45714285714285713,0.41830065359477125,0.8538587848932676,83,609,70
ANY,376,0.807275003008523,0.5122040549441521,0.43466172381835083,0.6041478809738507,0.8869889026807711,0.9396859666339548,0.505578612623296,0.7455683918273108,0.4287842355512628,0.851425332037577,0.1627962641644562,0.49756335976220695,0.4,0.5555555555555556,0.46511627906976744,0.8474295190713101,100,603,72
ANY,377,0.8013884528225572,0.5483821581276416,0.5175363558597096,0.6282450674974039,0.9282168766704847,0.9532087308848514,0.5675422138836774,0.7782309720839443,0.511812198152173,0.8954648526077095,0.14643526925615913,0.46162024907109445,0.5205479452054794,0.59375,0.5547445255474452,0.8990066225165563,73,604,64
ANY,378,0.8091828798681151,0.5012440188087735,0.46037697608431305,0.5509337860780985,0.9004561259206638,0.928612739049969,0.5016009716241582,0.7256949559993812,0.41902987158779864,0.8537738905085844,0.14921347228974796,0.4700962868179976,0.45161290322580644,0.525,0.48554913294797686,0.85828025477707,93,628,80
ANY,379,0.8323462054899883,0.5681043211974383,0.49327508909069945,0.5681186283595918,0.9186520752209938,0.9385004053468071,0.5280580851587491,0.743385351790293,0.4584491915318446,0.8757693553611919,0.15160720737782493,0.46870532577142526,0.4588235294117647,0.5416666666666666,0.4968152866242038,0.8717532467532467,85,616,72
ANY,380,0.809847365548094,0.493438181335701,0.43970783532536506,0.5455594002306806,0.9242154802320779,0.9491237779007563,0.4869475696742407,0.7348874402313792,0.42739130152992433,0.8869938451571103,0.15145633203671927,0.46888630342884063,0.42028985507246375,0.5087719298245614,0.4603174603174603,0.8887070376432079,69,611,57
ANY,381,0.8593389754114757,0.5433162461519964,0.4326923076923074,0.5374592833876223,0.917837700974807,0.9445023449713393,0.479418886198547,0.7276484921812145,0.41440992733692134,0.8781179138321996,0.13941495310481167,0.43617188779634825,0.44155844155844154,0.53125,0.48226950354609927,0.8805237315875614,77,611,64
ANY,382,0.7335499876239555,0.3673047996013339,0.3348476750400858,0.356218905472637,0.9090028333790325,0.9165253612503682,0.3452028376609962,0.6326108694258347,0.25820455802595255,0.8460155490767736,0.15601347595730422,0.48256723805055574,0.32894736842105265,0.35714285714285715,0.3424657534246575,0.8413223140495868,76,605,70
ANY,383,0.844158603376194,0.5511512450102015,0.49427312775330406,0.495583038869258,0.9253381893860559,0.9256994144437213,0.4949272165857963,0.7104606141276569,0.4204466176520852,0.8701814058956915,0.1399805286791971,0.4413341997761336,0.5064935064935064,0.5,0.5032258064516129,0.8745928338762216,77,614,78
ANY,384,0.8410828101050176,0.5033548911084434,0.4310661764705889,0.4437086092715238,0.9202627850057967,0.9239524055871701,0.4372960372960379,0.68198569713866,0.3594671171413587,0.8631519274376418,0.1424389592247559,0.4446781520375183,0.4266666666666667,0.4444444444444444,0.43537414965986393,0.8609715242881072,75,597,72
ANY,385,0.7895034816186458,0.4569739443795486,0.43232192812567294,0.4860287891617278,0.9013333832027377,0.9189833352400564,0.4576049199931671,0.6936810861822326,0.36889343987175893,0.8457240038872693,0.16160529214203123,0.501646265530826,0.42857142857142855,0.46153846153846156,0.4444444444444444,0.8484848484848485,84,594,78
ANY,386,0.7845698138107119,0.4653792042859428,0.42301184433164135,0.46554934823091243,0.911954557190808,0.924849437025399,0.44326241134751776,0.6887519527108603,0.3623796245062448,0.857596371882086,0.15514143496077507,0.4800353075036298,0.42857142857142855,0.44594594594594594,0.4370860927152318,0.8615635179153095,77,614,74
ANY,387,0.8051089155928406,0.3742936528980914,0.33683497119620465,0.5664893617021269,0.8960443374176638,0.9568514001550473,0.4224693631791455,0.7312668495598957,0.36856457198456155,0.8679462261094913,0.1600494846017023,0.4891891830357326,0.30952380952380953,0.52,0.3880597014925373,0.8635607321131448,84,601,50
ANY,388,0.7466240546999842,0.4675639038517504,0.40735532720389406,0.4851217312894502,0.8984938029160568,0.9238594151823983,0.4428504233301977,0.6918077671027534,0.35645353180640044,0.84651765468092,0.16687634812551386,0.5076144031391979,0.3953488372093023,0.4722222222222222,0.43037974683544306,0.847972972972973,86,592,72
ANY,389,0.7460079263490671,0.43304261032652946,0.3771862139917694,0.4486081370449676,0.9122676714611785,0.9331962048773254,0.40980857901355294,0.6804379042530732,0.33467821314731294,0.8631681243926143,0.1531814741092974,0.481365978144369,0.35,0.4375,0.3888888888888889,0.8582930756843801,80,621,64
ANY,390,0.8131742354599498,0.4273506070277376,0.38187451587916377,0.46952380952380973,0.897297297297297,0.9260193916854826,0.4211875266979926,0.6834105534105532,0.33606842153992844,0.8463718820861678,0.15387651333789323,0.4709107955833355,0.35,0.4117647058823529,0.3783783783783784,0.8471760797342193,80,602,68
ANY,391,0.7742696823854491,0.4716865209285961,0.4361847499316751,0.5005488474204172,0.9254736918158336,0.9414758737275365,0.466155531215772,0.7130112696181254,0.40111337282723925,0.881584062196307,0.1498227505724968,0.4725698908014867,0.41333333333333333,0.49206349206349204,0.4492753623188406,0.8747940691927513,75,607,63
ANY,392,0.8484685501078135,0.5829978952084443,0.539097078784302,0.6274038461538463,0.9115915779941138,0.9368855796637777,0.5799079511188701,0.7694977120739799,0.5065100935591473,0.8713799805636541,0.14979840739406922,0.4700562768858957,0.5053763440860215,0.5875,0.5433526011560693,0.8656462585034014,93,588,80
ANY,393,0.7634760492223294,0.4854365600698686,0.44346871569703666,0.4908869987849336,0.9366012254595472,0.9470223795675811,0.46597462514417576,0.7137441121222401,0.4085711013984636,0.8950113378684807,0.14670678401101797,0.46154030638341126,0.4426229508196721,0.47368421052631576,0.4576271186440678,0.8954248366013072,61,612,57
ANY,394,0.8235119729832169,0.41667194830581866,0.3760770400405469,0.43666323377960803,0.9103798482063227,0.928892437973555,0.40411192048471595,0.6735215409929656,0.32532683191162537,0.8582280531260122,0.1514505048605747,0.4707414322031828,0.35443037974683544,0.417910447761194,0.3835616438356164,0.8541329011345219,79,617,67
ANY,395,0.8134334111306785,0.5123479126303004,0.45358627304699983,0.48292295472597285,0.9031307272280688,0.9129629275932539,0.4677951198065508,0.6930268409770209,0.3761750503747971,0.8431486880466473,0.15695555709872636,0.47675695811624175,0.43478260869565216,0.47619047619047616,0.45454545454545453,0.8431372549019608,92,612,84
ANY,396,0.7888208490578718,0.4413011783521942,0.43484727147923624,0.4977085242896426,0.908692678779365,0.9276212758731294,0.4641592380021983,0.7032006015345038,0.383806792173714,0.8578555231616457,0.15490417194017642,0.4826471521126057,0.4268292682926829,0.47297297297297297,0.44871794871794873,0.8557046979865772,82,596,74
ANY,397,0.8392404442664969,0.48489362105590106,0.4977043158861339,0.5865800865800861,0.9307244174265451,0.9505885396455827,0.5384997516145055,0.7586522520033159,0.48156402822527256,0.8946712018140589,0.14308749560666117,0.4486922982785609,0.5138888888888888,0.578125,0.5441176470588235,0.8963210702341137,72,598,64
ANY,398,0.7726595226881632,0.43414276877078023,0.3848953594176527,0.46843853820598064,0.914614121510673,0.9378318870612611,0.422577422577423,0.6915263298583265,0.3515985354445886,0.8689342403628119,0.15269598706526702,0.47495812838828055,0.3972602739726027,0.453125,0.4233576642335766,0.8715447154471545,73,615,64
ANY,399,0.8095772635866731,0.455595417974052,0.4299561934942672,0.598546775658492,0.8868099124609032,0.9393464154790141,0.5004339336081575,0.7426783440596977,0.42337157581151363,0.8508260447035957,0.16835743304790787,0.5116576173990551,0.41414141414141414,0.5540540540540541,0.47398843930635837,0.8517915309446255,99,614,74
ANY,400,0.778185273851562,0.4250607309975416,0.36860670194003525,0.4929245283018867,0.9101856497742092,0.9440541243819929,0.4217961654894046,0.701555089038048,0.35501656493196443,0.8700680272108843,0.15452438026399717,0.47867461292242225,0.3717948717948718,0.48333333333333334,0.42028985507246375,0.8715890850722311,78,623,60
ANY,401,0.8005217671970042,0.5058529039215168,0.4166574125485842,0.6232558139534888,0.9057250538406315,0.9569925097184031,0.4994342762063231,0.76449043389706,0.4445825684077104,0.8781827016520892,0.15856867856399948,0.488414429281383,0.4111111111111111,0.6271186440677966,0.4966442953020134,0.8780487804878049,90,615,59
ANY,402,0.7800368263720786,0.4068514790560185,0.375783699059561,0.4267912772585671,0.9131075110456554,0.9285555802085645,0.3996665972077516,0.6699493941521112,0.3216279718193312,0.8600097181729834,0.15292829316705,0.4799764930186807,0.35714285714285715,0.390625,0.373134328358209,0.8625204582651391,70,611,64
ANY,403,0.7866249525942516,0.43952977453835185,0.3320604209097085,0.6323529411764709,0.8583129320276497,0.9544599247337656,0.43545515245938166,0.74533293660206,0.3749476704633618,0.8356656948493683,0.1866921800653483,0.5581108541988553,0.3211009174311927,0.603448275862069,0.41916167664670656,0.8369747899159664,109,595,58
ANY,404,0.8392318018553006,0.515531299607655,0.5332785538208707,0.5472175379426643,0.925596017815038,0.9293699855320268,0.5401581356637534,0.7364067778788512,0.4677034326980631,0.8747165532879818,0.14733012183072403,0.4587297492743124,0.52,0.5,0.5098039215686274,0.8770491803278688,75,610,78
ANY,405,0.7928679026341672,0.5151173987869339,0.4755120213713266,0.4398682042833608,0.9225611359453061,0.9116538911264126,0.4569961489088575,0.6812146701143333,0.37459349463863506,0.8561224489795917,0.1510955984970095,0.466361805927384,0.4583333333333333,0.4125,0.4342105263157895,0.8561872909698997,72,598,80
ANY,406,0.8591450185805436,0.5503886840704223,0.4958770614692657,0.5833333333333338,0.9265508955875926,0.947242072353729,0.5360615883306324,0.7549421144604629,0.4753308930307877,0.8887269193391644,0.14064084711098748,0.4407351053184539,0.4666666666666667,0.546875,0.5035971223021583,0.8878048780487805,75,615,64
ANY,407,0.8239974109077087,0.47365308688568286,0.4197138314785374,0.5671321160042962,0.907466092026873,0.9467072203120869,0.4824120603015075,0.7372991040155847,0.4170165159375898,0.8715419501133786,0.16104078346687842,0.4870378841573004,0.38461538461538464,0.5,0.43478260869565216,0.8671209540034072,78,587,60
ANY,408,0.8279204676991336,0.5885844353000677,0.4610342316096149,0.5672043010752693,0.9039460020768428,0.9351416677856852,0.5086380072318208,0.7355751515760558,0.432039807311382,0.8613378684807255,0.15897201310880613,0.4917703234956069,0.46236559139784944,0.5584415584415584,0.5058823529411764,0.8611570247933884,93,605,77
ANY,409,0.8283609422327715,0.5443868309847573,0.4409448818897645,0.5640584694754947,0.8913785704957179,0.9308537583291119,0.49496092697386207,0.7277185199856062,0.41149832583694257,0.8482183349530289,0.1648860278474388,0.4975507341503925,0.43157894736842106,0.5324675324675324,0.47674418604651164,0.8507462686567164,95,603,77
ANY,410,0.8111108715256576,0.5116363474479153,0.49137148047229806,0.5470171890798786,0.9284893372493933,0.9419613939629484,0.5177033492822967,0.737753263164636,0.453930181709678,0.8857142857142855,0.13981764729606,0.44277833760381013,0.4626865671641791,0.5081967213114754,0.484375,0.888135593220339,67,590,61
ANY,411,0.7275409174915797,0.44054252504200714,0.412909954803569,0.455277280858676,0.9060355380791633,0.9197341417032253,0.4330598602248554,0.6806564094689198,0.3466822409814223,0.8488986070618725,0.16294112660233478,0.5087226063296566,0.4166666666666667,0.44871794871794873,0.43209876543209874,0.8494271685761048,84,611,78
ANY,412,0.829048749940769,0.510008362865266,0.4115242359353713,0.6272066458982352,0.8900707285587007,0.9511716473011306,0.49697325888921584,0.7586386872284676,0.4331447497164391,0.8613702623906706,0.15473169201889483,0.4747882862708545,0.38,0.6129032258064516,0.4691358024691358,0.8557046979865772,100,596,62
ANY,413,0.8437977751381676,0.5670213019468545,0.41435042207123685,0.6511891279728198,0.8976043485303908,0.9585591819474876,0.5064485687323053,0.7743967382516053,0.4523829771453287,0.8729348882410108,0.15997765140582515,0.48996405771683343,0.41414141414141414,0.640625,0.5030674846625767,0.8672131147540983,99,610,64
ANY,414,0.7930764418720218,0.3520174627726616,0.25804813648827096,0.5377777777777781,0.8718582829080065,0.957913398724298,0.3487510293713977,0.7048180303428921,0.2974317275344558,0.8462908973113056,0.17128693802540426,0.5225105686707795,0.25773195876288657,0.5319148936170213,0.3472222222222222,0.8422818791946308,97,596,47
ANY,415,0.8466546128377759,0.6335593371401121,0.5268655109292563,0.5844481605351174,0.917666017088892,0.9336739557317978,0.5541650150065126,0.7510570888120046,0.4808777345291778,0.8724813735017817,0.1412788725000189,0.44050254156375274,0.5333333333333333,0.5714285714285714,0.5517241379310345,0.87,90,600,84
ANY,416,0.804178276760202,0.5170054503812962,0.42037605525709854,0.5654923215898824,0.88809245985442,0.9343869358484681,0.4822538931381716,0.7267923907221512,0.4011422363515787,0.8476028506640751,0.16140607220079206,0.49865203625136423,0.4077669902912621,0.5675675675675675,0.4745762711864407,0.848780487804878,103,615,74
ANY,417,0.7732898570906277,0.3921105288020354,0.4040707374040713,0.5306748466257669,0.90239370422997,0.9390888926804296,0.45879901496495584,0.7165342754278685,0.3855018076648739,0.8611758989310011,0.14636992926766945,0.46171912738683996,0.3614457831325301,0.4918032786885246,0.4166666666666667,0.8602329450915142,83,601,61
ANY,418,0.8780820449417979,0.615807951464455,0.5493324649951152,0.6833648393194707,0.9235837597084697,0.9553562929540997,0.6090619170828567,0.8034742995139703,0.5534619540514308,0.8947683835438938,0.13594955991328225,0.42690556061735985,0.48863636363636365,0.6417910447761194,0.5548387096774193,0.8868852459016393,88,610,67
ANY,419,0.7601255709746096,0.3941321262873736,0.3740849194729131,0.4152445961319676,0.9230935290625505,0.9344745947914769,0.39359161981052093,0.6691690625972593,0.32310593861324366,0.8724813735017816,0.152739106295073,0.47846680752350623,0.36764705882352944,0.4098360655737705,0.3875968992248062,0.8678929765886287,68,598,61
ANY,420,0.7768684334089265,0.5246370582828414,0.4998137340121693,0.5429650613786587,0.9258563881679456,0.936893475142958,0.5204965731281519,0.7344107247733023,0.4524795098383558,0.8798833819241983,0.14685343110426136,0.4724344539871141,0.48148148148148145,0.5342465753424658,0.5064935064935064,0.8735440931780366,81,601,73
ANY,421,0.8009837559579916,0.4941236015456141,0.4645833333333333,0.49721293199554073,0.9351255837435313,0.942620865139949,0.4803446418955304,0.716169257869536,0.4195831964827212,0.8905895691609976,0.1346170001824012,0.4337739076965156,0.47058823529411764,0.5,0.48484848484848486,0.8870431893687708,68,602,64
ANY,422,0.8537111861099859,0.531265150898767,0.4791464597478184,0.5375408052230691,0.9320339197569928,0.9454358711002694,0.5066666666666674,0.7347873624900306,0.4465121848722431,0.8909297052154195,0.13131438115065203,0.4127529606732492,0.4492753623188406,0.5166666666666667,0.4806201550387597,0.8941548183254344,69,633,60
ANY,423,0.8115959214597384,0.5606382888853938,0.523443815683105,0.6429192006950483,0.9121509602667508,0.9445065967132164,0.5770623294156972,0.7775350804808994,0.5096521467932477,0.877016520894072,0.15549023295035988,0.4838761343959603,0.5,0.631578947368421,0.5581395348837209,0.8733333333333333,96,600,76
ANY,424,0.8129705715381658,0.376957741429161,0.40030911901081934,0.539021852237253,0.9012597022521949,0.9411373903800159,0.4594235033259425,0.7201407772447239,0.3877274815248365,0.8617913832199549,0.15877888374724977,0.4858454128428194,0.3291139240506329,0.4406779661016949,0.37681159420289856,0.8630573248407644,79,628,59
ANY,425,0.790104830013149,0.5289319495332993,0.4560906515580737,0.5584988962472406,0.9237517599913353,0.9481231704153851,0.5021264530762688,0.741125328119288,0.4415114731322428,0.8862325882734047,0.13911160818542073,0.4507200849663837,0.43243243243243246,0.5161290322580645,0.47058823529411764,0.8803986710963455,74,602,62
ANY,426,0.731611766113338,0.44657110650283277,0.38934479614432754,0.49250288350634364,0.9157909863304049,0.9430294286295616,0.43489014986177815,0.7041469349183743,0.36838343945801955,0.8741820537738905,0.16097301097195948,0.5015650421376586,0.3815789473684211,0.5,0.43283582089552236,0.8745874587458746,76,606,58
ANY,427,0.83545587321345,0.6611102981421615,0.6611333714939907,0.5806451612903235,0.9286818592510788,0.9023567052947827,0.6182807690591972,0.7546635102707007,0.5357244832145257,0.8614026563006156,0.14714752859555885,0.463903266500189,0.6041666666666666,0.5420560747663551,0.5714285714285714,0.8552412645590682,96,601,107
ANY,428,0.77970313791342,0.5076886376290658,0.4271337579617835,0.4737883283877353,0.9177322869216838,0.9308962701799961,0.44925303141957545,0.6957603076547094,0.3744010375483997,0.8668448331713636,0.14766204069933692,0.4674769103025126,0.4230769230769231,0.4714285714285714,0.44594594594594594,0.8660130718954249,78,612,70
ANY,429,0.8302113132030967,0.5945874528166551,0.48595276872964205,0.6551392891450528,0.9072594714708093,0.9515948840434546,0.5580036234001522,0.7811993803079311,0.4960607398595146,0.8775024295432458,0.14541915979804515,0.4560229209220752,0.4574468085106383,0.6231884057971014,0.5276073619631901,0.8714524207011686,94,599,69
ANY,430,0.7610785435948769,0.5227084513085316,0.37497741644083027,0.572393822393822,0.8730179122008515,0.9388000789421749,0.45311647200087257,0.722705867297337,0.373845126349558,0.837706511175899,0.18349853979535094,0.5552091201145981,0.37735849056603776,0.5555555555555556,0.449438202247191,0.8388157894736842,106,608,72
ANY,431,0.7339847112467646,0.31498941823787924,0.30047694753577137,0.41364902506963835,0.914659519695313,0.946243227960088,0.34809543742151566,0.6641542723824755,0.2846055898628809,0.8738743116294136,0.1618338138215419,0.49424047097018586,0.30434782608695654,0.40384615384615385,0.34710743801652894,0.8713355048859935,69,614,52
ANY,432,0.8793975848880742,0.5789552404868611,0.5555179131023973,0.7269200930954233,0.900449570347326,0.9506538761940999,0.6297647623619784,0.8136848317213744,0.5635218053413349,0.8750890832523486,0.1419402197245433,0.44319065341596525,0.48514851485148514,0.6533333333333333,0.5568181818181818,0.8704318936877077,101,602,75
ANY,433,0.862760646677939,0.5427953613212709,0.4803620966564459,0.570388349514563,0.936414635889373,0.9548559873203256,0.5215185860347148,0.7534014927019681,0.4696486178636198,0.9022189828312276,0.13527972676488306,0.42747666010516805,0.4461538461538462,0.5272727272727272,0.48333333333333334,0.8964941569282137,65,599,55
ANY,434,0.8134010494646737,0.49631116370080847,0.4244888475836429,0.5019230769230768,0.9090341535071608,0.9317548746518104,0.45996978851963727,0.7054786152151189,0.38262374919500364,0.8610301263362489,0.153838702092489,0.47653403690492285,0.3950617283950617,0.47058823529411764,0.42953020134228187,0.8633440514469454,81,622,68
ANY,435,0.7669329755767353,0.3990767278924796,0.2840290381125227,0.506472491909385,0.9038039502560352,0.9604819901528894,0.36395348837209307,0.7051382210827102,0.31672877158057733,0.8759637188208618,0.1527597570124177,0.4781973160980021,0.29333333333333333,0.5116279069767442,0.3728813559322034,0.8741496598639455,75,588,43
ANY,436,0.7967029249020029,0.40924772000879633,0.35488372093023224,0.42969776609724025,0.9262404055802738,0.9450533550370771,0.38872378364608956,0.6779690858387571,0.3267400410695082,0.8833981211532231,0.13422523112145357,0.43312928196674344,0.359375,0.41818181818181815,0.3865546218487395,0.8783333333333333,64,600,55
ANY,437,0.8207262095547235,0.563369802623906,0.4500287521564121,0.5567729083665341,0.9125968708875564,0.9412762748609669,0.4977421611651724,0.7346848896270453,0.4285635940582947,0.8720926465824425,0.14476446911230803,0.4566725427434205,0.4318181818181818,0.5352112676056338,0.4779874213836478,0.8701095461658842,88,639,71
ANY,438,0.7977227793447741,0.42449609937291477,0.3925655350236362,0.5058139534883728,0.8962873284907182,0.9319118095819345,0.44205177836922405,0.7010506409895452,0.361210127542226,0.8505992873339814,0.16553182429864247,0.5095156032818152,0.3793103448275862,0.4782608695652174,0.4230769230769231,0.8484848484848485,87,594,69
ANY,439,0.787398198083413,0.5132490613479301,0.5283347863993025,0.5358090185676391,0.9296397450903885,0.9315782614362047,0.5320456540825284,0.7327243818290139,0.4626726267083806,0.8791383219954648,0.13944060549705284,0.4456275132544722,0.527027027027027,0.5131578947368421,0.52,0.8838709677419355,74,620,76
ANY,440,0.8135409859969241,0.48142243788764977,0.4852221985966396,0.5981651376146784,0.9105156163370911,0.9414147590476554,0.5358065273538383,0.754340376975885,0.46585621094731483,0.8719144800777453,0.15331948096704304,0.4763836541676481,0.47674418604651164,0.5694444444444444,0.5189873417721519,0.8747940691927513,86,607,72
ANY,441,0.836862144015258,0.5093420421659787,0.5102857931796224,0.5248508946322076,0.9351530220483381,0.9386021248876084,0.5174658732936654,0.7300019583402724,0.45441192816815673,0.8883543893747977,0.12843666802984285,0.41789867494309635,0.46153846153846156,0.4838709677419355,0.47244094488188976,0.8872053872053872,65,594,62
ANY,442,0.7640852612998507,0.4417957535168465,0.43022295623451756,0.44721030042918497,0.90986283474853,0.9153633854645811,0.4385521885521891,0.6785365675888573,0.35128278993582074,0.8487528344671202,0.1579026195498333,0.4888374430991891,0.4444444444444444,0.45,0.4472049689440994,0.8531353135313532,81,606,80
ANY,443,0.7952899964994153,0.49949784121473007,0.3376016450135528,0.5804274465691791,0.8723454077129529,0.9488450461393783,0.4268998936295948,0.7263864271410658,0.36013231728489054,0.8429219306770325,0.1653847916398741,0.5005033792725349,0.3333333333333333,0.5806451612903226,0.4235294117647059,0.8437001594896332,108,627,62
ANY,444,0.8298770682723482,0.5271452674491376,0.3832199546485254,0.6050119331742243,0.8977699824605362,0.9558490062691744,0.469227209625173,0.7513909578173803,0.41288950301804667,0.8699546485260772,0.15522866404498006,0.4759759672408521,0.37777777777777777,0.5862068965517241,0.4594594594594595,0.8682042833607908,90,607,58
ANY,445,0.8198831032787043,0.5595578510405727,0.45538874649090744,0.4691901408450708,0.917044693983788,0.9211720544568321,0.46218643542892585,0.6931174174144292,0.381367144307257,0.859361839974085,0.15212533444399554,0.47079905901459845,0.45,0.45569620253164556,0.4528301886792453,0.8554817275747508,80,602,79
ANY,446,0.8059958188873818,0.5078692325647938,0.3961366724907791,0.5458801498127342,0.8853567742886626,0.9339982114390137,0.45910676116548593,0.7156184620506982,0.37731465898432154,0.8442500809847749,0.170420120359097,0.5155388489313616,0.3894736842105263,0.5138888888888888,0.4431137724550898,0.845771144278607,95,603,72
ANY,447,0.7781412436496773,0.4636504372491891,0.47444048830111923,0.50521327014218,0.9239628369055284,0.9321775929913132,0.4893435635123615,0.7145880535238542,0.41774485656234545,0.8738743116294138,0.14753544745844913,0.46518650310901116,0.4342105263157895,0.4782608695652174,0.45517241379310347,0.8687707641196013,76,602,69
ANY,448,0.8022072621073535,0.48579990605023055,0.3897216274089936,0.5285575992255565,0.8902016180814174,0.9343577301523115,0.44864420706655705,0.7093796086534869,0.3683900353127365,0.847845804988662,0.1661958410595791,0.508675653461468,0.40425531914893614,0.5277777777777778,0.4578313253012048,0.847457627118644,94,590,72
ANY,449,0.7642540345250124,0.38896940141538733,0.33670886075949374,0.49503722084367296,0.9019216371350135,0.9466928618205631,0.40080361627322975,0.698479428989343,0.33540844375860907,0.8647392290249433,0.15222502358975293,0.4776603462862822,0.3157894736842105,0.4528301886792453,0.37209302325581395,0.8682926829268293,76,615,53
ANY,450,0.8016349528969584,0.4911479192203352,0.48955722639933175,0.5705939629990261,0.9215963043757217,0.9421487603305784,0.526978417266187,0.746095133687374,0.4609571401289647,0.8807256235827665,0.15020510039465082,0.4719680143778162,0.4533333333333333,0.5151515151515151,0.48226950354609927,0.8779264214046822,75,598,66
ANY,451,0.726207812597049,0.34250713108895037,0.28781104199066876,0.44339622641509435,0.8669318223093967,0.9277579102853144,0.34905104326299663,0.6551640243622455,0.25864472220671464,0.8211208292840946,0.18365827193231984,0.5521631999838829,0.29896907216494845,0.4393939393939394,0.3558282208588957,0.8220338983050848,97,590,66
ANY,452,0.7766609203647215,0.3223089472524053,0.29664082687338483,0.36566332218506087,0.9018409332684226,0.9262407407407407,0.32755546044653655,0.6337521277267419,0.24417569043400317,0.8473113054745708,0.16240950390347164,0.4951060462907662,0.3026315789473684,0.36507936507936506,0.33093525179856115,0.8444816053511706,76,598,63
ANY,453,0.8490231957274552,0.5057855009822017,0.4117202676451544,0.6271576524741076,0.9020608369117988,0.9567785951137706,0.49710078832497223,0.7646092446929535,0.4416066252783164,0.8749757045675411,0.1461727025257332,0.45505513279177046,0.42857142857142855,0.6190476190476191,0.5064935064935064,0.8729096989966555,91,598,63
ANY,454,0.8298272549731431,0.4888162702143505,0.44243352359738286,0.5372781065088756,0.9282579489476037,0.949832285499569,0.4852649259428921,0.7327680277282398,0.4273334499631861,0.8908001295756396,0.13412918443764946,0.4212580447090272,0.4,0.509090909090909,0.448,0.8861386138613861,70,606,55
ANY,455,0.7916613489419093,0.49911401840889896,0.4135210066112173,0.5653061224489797,0.8997813411078717,0.9430503036553225,0.47764503017612986,0.7325437317784256,0.4072307039860927,0.8626174279235506,0.1493545241317466,0.4629434232741123,0.4090909090909091,0.5454545454545454,0.4675324675324675,0.8657937806873978,88,611,66
ANY,456,0.8733966743369002,0.5758670877906565,0.4889206576125801,0.6327474560592046,0.9076108024292542,0.9465031666891253,0.5516129032258063,0.7701791292442293,0.48506170680033583,0.8739229024943309,0.14681301574658667,0.4560814751231072,0.48863636363636365,0.5972222222222222,0.5375,0.8792822185970636,88,613,72
ANY,457,0.8156393990625712,0.38940648548393997,0.37891986062717775,0.5410447761194029,0.9110528942115769,0.951903023983316,0.4456967213114754,0.72604883516549,0.3867353816559567,0.8773242630385487,0.1523363818445271,0.47508804974072905,0.3815789473684211,0.5178571428571429,0.4393939393939394,0.8745762711864407,76,590,56
ANY,458,0.8571978673828757,0.6257199123549355,0.5758587272531503,0.6131621187800973,0.925704477724546,0.935675747812327,0.5939252595924268,0.7694332982523213,0.5250227057693055,0.8815516682863621,0.13512734627234133,0.435445274956188,0.5517241379310345,0.5853658536585366,0.5680473372781065,0.8781302170283807,87,599,82
ANY,459,0.850725528762094,0.5326249591472096,0.47525597269624564,0.5724563206577589,0.9216260991461702,0.9456066945606693,0.519347319347319,0.7470412099019649,0.456005312516677,0.8831065759637189,0.14111045147562687,0.4475587525800485,0.4805194805194805,0.5606060606060606,0.5174825174825175,0.885,77,600,66
ANY,460,0.8183718490328189,0.468443056342769,0.45700911554570145,0.5120772946859907,0.9191118451234056,0.9340755659990302,0.4829785849118016,0.7155945699046979,0.4106476195327377,0.8713475866537091,0.14701959254922753,0.46263029899203956,0.43037974683544306,0.4722222222222222,0.4503311258278146,0.8686708860759493,79,632,72
ANY,461,0.815383151214011,0.504484263778456,0.44749596122778673,0.6061269146608321,0.9134834303060966,0.9525191242416248,0.5148698884758366,0.759805172483464,0.45590785971809805,0.8816326530612246,0.14573275293781646,0.4622266406173331,0.4691358024691358,0.6031746031746031,0.5277777777777778,0.8890701468189234,81,613,63
ANY,462,0.8350099469791902,0.5134380366146513,0.4795338260375218,0.601497504159734,0.8969920864118814,0.9344938069003241,0.5336355967946019,0.7492447952858075,0.4542999727366507,0.856721736313573,0.15718863896514232,0.48232340738479956,0.4479166666666667,0.5512820512820513,0.4942528735632184,0.8523489932885906,96,596,78
ANY,463,0.7800587559433565,0.4066914889027875,0.41293103448275903,0.4257777777777785,0.9115009746588693,0.9156657963446476,0.419256017505471,0.6686393762183235,0.33290949093725686,0.8495464852607709,0.16070151666593657,0.49252802530933026,0.4383561643835616,0.42105263157894735,0.42953020134228187,0.8566610455311973,73,593,76
ANY,464,0.8023292427785417,0.48257889690450706,0.45808545159545694,0.5330396475770925,0.9068686680918301,0.9293266025335747,0.49272833042466546,0.7199541578344614,0.4128265788460568,0.8587625526401036,0.16097491893060012,0.4950267301260852,0.4235294117647059,0.4931506849315068,0.45569620253164556,0.8532423208191127,85,586,73
ANY,465,0.8386962415331168,0.4954629252247817,0.4256622045001421,0.537783375314861,0.9282154426684701,0.9530501845827698,0.4751987281399042,0.7329994089916658,0.42009466274672086,0.8930677032717849,0.1377908513789292,0.43137700701021875,0.3880597014925373,0.5,0.4369747899159664,0.8915857605177994,67,618,52
ANY,466,0.8258406920394787,0.4927940332732703,0.5160550458715596,0.5936675461741424,0.9176103084732528,0.9384984025559107,0.5521472392638036,0.7556389273236976,0.4820820593369691,0.8758503401360546,0.14221044124757873,0.4519135845501598,0.4864864864864865,0.5373134328358209,0.5106382978723404,0.8828522920203735,74,589,67
ANY,467,0.7913165451113237,0.5329848327491948,0.5358152107138467,0.5673952641165756,0.9301069301069301,0.9379675752318054,0.5511532385466035,0.7487510971117528,0.4854976576599397,0.8849530288305798,0.14597317251154096,0.46187146076074853,0.4714285714285714,0.4925373134328358,0.48175182481751827,0.8792517006802721,70,588,67
ANY,468,0.7728328979060688,0.44996819490617396,0.39840196681007994,0.5612121212121215,0.9125524881622442,0.9527282902714299,0.4659956865564343,0.7368823046871827,0.40786405711430657,0.8796890184645286,0.14904584322715572,0.4674394361892306,0.3684210526315789,0.5,0.42424242424242425,0.8758169934640523,76,612,56
ANY,469,0.8188433676712084,0.5328102508280336,0.4809994794377923,0.4911627906976739,0.9264410218574195,0.9291660500221992,0.48602800973107974,0.7088019062775469,0.41386796068453024,0.8733884029802397,0.15112505763320838,0.47158168000932366,0.48,0.4864864864864865,0.48322147651006714,0.8731466227347611,75,607,74
ANY,470,0.8150670945287292,0.5663304926810231,0.49864864864864883,0.6595174262734584,0.9036488767692507,0.948092643051771,0.5679107348980378,0.7815831515213545,0.5015871227049693,0.8726757369614511,0.15333898982705715,0.47909593896855424,0.48936170212765956,0.6301369863013698,0.5508982035928144,0.8728813559322034,94,590,73
ANY,471,0.8732393880450827,0.5238809526611252,0.4353312302839114,0.6301369863013698,0.9098690835850959,0.9570974576271188,0.5149253731343282,0.770003034943233,0.46034104039237955,0.8820861678004535,0.1495033088856901,0.46604856413592066,0.4125,0.5789473684210527,0.48175182481751827,0.8784246575342466,80,584,57
ANY,472,0.773601809543545,0.3348085203444355,0.31064237775647136,0.46022727272727265,0.9114095613602762,0.9511379709399512,0.37092157985117313,0.6858184170437744,0.311908993162867,0.8753968253968254,0.148546432033659,0.4607388289493043,0.2835820895522388,0.4222222222222222,0.3392857142857143,0.8730703259005146,67,583,45
ANY,473,0.8270428529112162,0.5640758165298682,0.5177737881508085,0.7072961373390559,0.8997480638238311,0.9528260869565216,0.5978750971754345,0.8035221005814435,0.5344856642154996,0.8743278263686428,0.15900935628560153,0.49590923158995265,0.4444444444444444,0.6376811594202898,0.5238095238095238,0.867330016583748,99,603,69
ANY,474,0.7960986819399859,0.5226158941474435,0.5736434108527131,0.545622119815668,0.9431157078215899,0.9366974833076526,0.5592820028341993,0.7443689138186291,0.4994225665369896,0.8942176870748301,0.1454037455365844,0.4598428820872973,0.5606060606060606,0.5211267605633803,0.5401459854014599,0.895,66,600,71
ANY,475,0.8280644398632027,0.422497183899883,0.3870121695342006,0.5564941921858502,0.8939776088258243,0.9436867912963531,0.456531155250294,0.7252359005058373,0.3859670406628381,0.8577421444768383,0.16262667477166504,0.49251138382745707,0.3488372093023256,0.5084745762711864,0.41379310344827586,0.8556876061120543,86,589,59
ANY,476,0.8386067082094149,0.43811174349543364,0.3688447464715101,0.5840092699884126,0.8916138530314728,0.9518351701006228,0.45213379469434795,0.7378115615099426,0.39054165387291867,0.8615160349854228,0.15662846910275263,0.479748845424273,0.34782608695652173,0.5614035087719298,0.42953020134228187,0.8601973684210527,92,608,57
ANY,477,0.7817331429691219,0.4906540574063516,0.3590764331210192,0.47724867724867737,0.8977777777777777,0.9346906398730829,0.4098137210358929,0.6875132275132274,0.33191930342852305,0.8527210884353743,0.16155175119162893,0.4932532683432145,0.36046511627906974,0.4696969696969697,0.40789473684210525,0.8564593301435407,86,627,66
ANY,478,0.8391138112609511,0.5640744486100286,0.5114512344989393,0.5787610619469031,0.9187627716886492,0.9368807895584307,0.5430282901370032,0.7487619168177759,0.47228790726696446,0.8752024619371559,0.14813442438707194,0.4596451247389092,0.4777777777777778,0.5584415584415584,0.5149700598802395,0.865,90,600,77
ANY,479,0.7924454264464406,0.3842928133881628,0.4087837837837838,0.593137254901961,0.9125437281359319,0.9565217391304348,0.4840000000000001,0.7528404915189464,0.42980001853935873,0.8829931972789118,0.158691229179737,0.491014221543042,0.3815789473684211,0.5471698113207547,0.4496124031007752,0.8786324786324786,76,585,53
ANY,480,0.7355416099319458,0.4098098082440877,0.3919843597262954,0.4293361884368311,0.9211260461577478,0.931640374503014,0.4098109351047524,0.6752311172972894,0.3367762573699041,0.8690476190476192,0.14602304636578126,0.4680587957010071,0.36764705882352944,0.4032258064516129,0.38461538461538464,0.8690671031096563,68,611,62
ANY,481,0.7630478394126495,0.5060514335302891,0.4190488398923212,0.43685687558465824,0.9164716073502036,0.921874710320918,0.4277676001046843,0.6766642414674311,0.3470705991489501,0.8583414318108196,0.15512620851582282,0.4792070270750206,0.41025641025641024,0.4383561643835616,0.423841059602649,0.8573770491803279,78,610,73
ANY,482,0.7738726135050533,0.4241582991536323,0.4217278337122442,0.39342523860021217,0.9354177623823426,0.9279622899499836,0.40708519476447996,0.6644215004912775,0.3391063987586309,0.8774700356333007,0.14501555468920022,0.4577821694377395,0.4166666666666667,0.3787878787878788,0.3968253968253968,0.8778135048231511,60,622,66
ANY,483,0.8144339542214436,0.4462346250181762,0.3202175303902753,0.4919724770642208,0.8854159177510961,0.9407776631908634,0.38793437540369496,0.6886941974076581,0.3138416115815399,0.84651765468092,0.151602142925149,0.46733514653759595,0.32967032967032966,0.4918032786885246,0.39473684210526316,0.8504065040650407,91,615,61
ANY,484,0.8108846000908883,0.47388316482650694,0.4245901639344263,0.5200803212851403,0.9102760736196317,0.9371052631578944,0.467509025270758,0.7151781974523861,0.3945350935683581,0.8662131519274378,0.1549326906572607,0.4816837582680542,0.4235294117647059,0.5142857142857142,0.4645161290322581,0.8616666666666667,85,600,70
ANY,485,0.820383316007572,0.5473832976883796,0.4630177514792895,0.6036644165863063,0.9067197738661182,0.9449651847884305,0.5240686479698615,0.7551920952262126,0.45632010764966713,0.8710884353741497,0.16219172226972448,0.49376446045030525,0.47191011235955055,0.5753424657534246,0.5185185185185185,0.8737864077669902,89,618,73
ANY,486,0.7782009394177667,0.3995888987273852,0.3010274335345838,0.5265888456549938,0.882878086008909,0.9511462934281723,0.3830704946758329,0.7047334658319513,0.3213359647249124,0.8517330741820538,0.16580640455720075,0.5009793379088409,0.3111111111111111,0.5185185185185185,0.3888888888888889,0.8545454545454545,90,605,54
ANY,487,0.8259360284670908,0.6571858480946656,0.5930831493745403,0.6351457840819543,0.926764666931532,0.9379439753384263,0.6133942161339423,0.7809552255067431,0.5462505754210769,0.8848072562358277,0.13949341714892255,0.4366306388336803,0.5894736842105263,0.6363636363636364,0.6120218579234973,0.8871224165341812,95,629,88
ANY,488,0.8187870652407298,0.49412497515670134,0.4440298507462684,0.4899563318777292,0.9084783620288506,0.9227162734422263,0.46586393024497286,0.69921734695329,0.3822621871601591,0.8541464204729511,0.14884159788381907,0.46320400462472505,0.4482758620689655,0.48148148148148145,0.4642857142857143,0.8529411764705882,87,612,81
ANY,489,0.8066766499130897,0.5443270109949212,0.5012303149606303,0.5464788732394369,0.9253200700009206,0.9369357606506001,0.5228774947057695,0.7358994716201785,0.4546716303412311,0.8795756397797214,0.14153159744448707,0.4533903072731224,0.46835443037974683,0.5285714285714286,0.4966442953020134,0.8762376237623762,79,606,70
ANY,490,0.8036946353133188,0.5485202802289695,0.5286217525319247,0.5669421487603306,0.9196170452412236,0.9303403220905496,0.5471117693972886,0.7432795970007771,0.4725592207391489,0.8712342079689018,0.1552825719745028,0.4786981319075525,0.5348837209302325,0.5542168674698795,0.5443786982248521,0.8718801996672213,86,601,83
ANY,491,0.8251131047793512,0.4536155339857272,0.4091926929876253,0.5636363636363629,0.9098056854983804,0.9495258661158574,0.4741550017070671,0.7367210245673721,0.41210732787056265,0.8752672497570457,0.15739024236004112,0.4814037558626339,0.379746835443038,0.5263157894736842,0.4411764705882353,0.8733333333333333,79,600,57
ANY,492,0.7596502348201708,0.42639909064127735,0.3838739090790677,0.48114285714285754,0.9149510024274025,0.9412167286314111,0.42703955948413314,0.6980469297851298,0.35884036200084807,0.8719144800777452,0.15320547861091816,0.47896964799498015,0.38666666666666666,0.4915254237288136,0.43283582089552236,0.8762214983713354,75,614,59
ANY,493,0.8382080904255832,0.596555838523785,0.4762397666321629,0.6449598572702941,0.8967212810569087,0.9454933187251774,0.54790516401429,0.7708405691636017,0.47795905446660136,0.8647230320699708,0.15041044053473243,0.47194325103980955,0.4380952380952381,0.6133333333333333,0.5111111111111111,0.8576051779935275,105,618,75
ANY,494,0.7855217023614866,0.507589699810232,0.41342723004694837,0.5431778929188256,0.883525375694522,0.9275200626345664,0.46950309234378335,0.7133516343066738,0.3814227631016196,0.8388402980239718,0.17224455829398583,0.5192362747937269,0.3939393939393939,0.527027027027027,0.4508670520231214,0.838160136286201,99,587,74
ANY,495,0.757589836414134,0.4658731294133819,0.3840399002493766,0.38085539714867617,0.9234680858819664,0.9225096953917297,0.3824410196479439,0.6521617415153212,0.30543451125754667,0.8630547457078072,0.14604911576672605,0.4608700091380871,0.3698630136986301,0.39705882352941174,0.3829787234042553,0.8603531300160514,73,623,68
ANY,496,0.8124978768934518,0.5267517466963972,0.42953020134228265,0.5944272445820435,0.9025601834161247,0.9474528680304849,0.49870129870129926,0.7484937139990839,0.43284621523865263,0.8687074829931973,0.15662369484791275,0.48969224780984216,0.43820224719101125,0.5909090909090909,0.5032258064516129,0.8727272727272727,89,605,66
ANY,497,0.8384890449092783,0.5569509569682777,0.42261672010635787,0.6954954954954955,0.8632017787659804,0.9516679263783627,0.5257576494624701,0.779348637130738,0.45728744984848807,0.8420958859734372,0.17155198635448468,0.5166529193008907,0.3706896551724138,0.6417910447761194,0.46994535519125685,0.8432956381260097,116,619,67
ANY,498,0.7770169137812725,0.40556981998901653,0.36847090663058174,0.4086134453781513,0.9152625462996586,0.9274885004599814,0.3875053365589867,0.6619379958389049,0.3096032081032632,0.8605766115970197,0.14622611116378048,0.45820948056991573,0.375,0.40298507462686567,0.38848920863309355,0.8604269293924466,72,609,67
ANY,499,0.8096390808856394,0.5030980222077629,0.4683776351970668,0.48713060057197316,0.9253635310770812,0.9303920300168197,0.47757009345794377,0.7062470658245272,0.4055738487382868,0.8732426303854876,0.14413792974596243,0.46143684126570633,0.4666666666666667,0.4861111111111111,0.47619047619047616,0.8716666666666667,75,600,72
T13,0,0.8240932167886797,0.22584048054295255,0.2741514360313318,0.6101694915254237,0.9440971931294514,0.9859127817443653,0.37832157333733696,0.7771333423274376,0.37966423558705126,0.9329284094590217,0.03341067466592641,0.13854770617386938,0.14634146341463414,0.42857142857142855,0.21818181818181817,0.9296235679214403,41,611,14
T13,1,0.8681916456468106,0.36029611491110186,0.4435137457044673,0.6860465116279069,0.9558828537374424,0.9834454488122766,0.5387424993477693,0.8209646826826746,0.5235242542356895,0.9427275672173632,0.03846145480760015,0.14715590580167628,0.25,0.5,0.3333333333333333,0.9395973154362416,36,596,18
T13,2,0.8191400056944922,0.0683459736453456,0.10799438990182322,0.46808510638297884,0.9371882869981728,0.9908635272005847,0.17549857549857542,0.7026366966905757,0.20016114389832246,0.9296890184645287,0.02366410503936026,0.10680646686234467,0.12195121951219512,0.5,0.19607843137254902,0.9320066334991708,41,603,10
T13,3,0.7809790409607749,0.14263785986061178,0.14069557362240293,0.29765886287625426,0.9362080238737909,0.9743509212730318,0.19107498849869656,0.6169334433750225,0.16402916079984098,0.9145610625202462,0.03651570106791667,0.14808841617090296,0.14285714285714285,0.3,0.1935483870967742,0.9151103565365025,42,589,20
T13,4,0.7043293730682425,0.17391896636960652,0.20196721311475407,0.36464088397790057,0.9383339526399347,0.9718359135834862,0.2599521733014489,0.6514874183089177,0.229473253158333,0.9147878198898607,0.04157606449438359,0.1715097262369097,0.20833333333333334,0.38461538461538464,0.2702702702702703,0.915625,48,640,26
T13,5,0.8286716529109348,0.24277300584946318,0.21325420375865475,0.5620437956204378,0.9335194410083244,0.9851812648848902,0.309192600028682,0.7477816183143812,0.31358782358845033,0.9219792678976353,0.03146851697712549,0.1302589474017659,0.2682926829268293,0.5789473684210527,0.36666666666666664,0.9366666666666666,41,600,19
T13,6,0.7709331697459594,0.13296757232891054,0.11762728953117128,0.6249999999999999,0.9133784229627187,0.9924716341931206,0.19799179748267579,0.7691892114813593,0.24346434014979967,0.90814706835115,0.027962788991602268,0.1243023301862063,0.125,0.6363636363636364,0.208955223880597,0.9129720853858785,56,609,11
T13,7,0.8431898046784592,0.35802375068888087,0.4819672131147543,0.5891783567134269,0.9620237952169209,0.9750304506699148,0.5302073940486928,0.7756010759651739,0.5018945065501821,0.9409297052154195,0.043465904023486004,0.16452787346876208,0.45,0.5625,0.5,0.9387755102040817,40,588,32
T13,8,0.7781410401747489,0.28538754440625697,0.35746513535684993,0.5484581497797353,0.946501144086609,0.9747643500281372,0.4328284082443506,0.7474796469331724,0.40551211016162336,0.9260123096857792,0.04377197571336208,0.1742221126167823,0.3488372093023256,0.5172413793103449,0.4166666666666667,0.9292929292929293,43,594,29
T13,9,0.9048248488062427,0.2626950325495703,0.19155064810369668,0.5876288659793814,0.9442217879500512,0.9902733872928753,0.28892107168718334,0.7659253269647164,0.310971432973762,0.9363783608681568,0.02400588170630317,0.10369917030070508,0.19047619047619047,0.5714285714285714,0.2857142857142857,0.9363057324840764,42,628,14
T13,10,0.8850617421747504,0.3177121523760739,0.357420494699647,0.7727272727272727,0.9384831365650685,0.9893901569186875,0.4887654022710803,0.8556052046461706,0.4966440833075713,0.9314544865565273,0.03653216232871755,0.1425793012475466,0.4074074074074074,0.7857142857142857,0.5365853658536586,0.9381107491856677,54,614,28
T13,11,0.7441908145140821,0.25098045510818345,0.29093931837073983,0.3999999999999999,0.9567114945445316,0.9729060226041183,0.3368623676612127,0.6783557472722658,0.30678439645417444,0.933041788143829,0.039330156479257916,0.16312288855044937,0.20588235294117646,0.3181818181818182,0.25,0.9295302013422819,34,596,22
T13,12,0.8742322739632118,0.2669797878763522,0.37282608695652164,0.7188264058679706,0.9411994497002225,0.9856812522234081,0.49099367768102103,0.8300129277840966,0.4864402463506778,0.9308875931324911,0.038680539220595,0.14603880224011848,0.3958333333333333,0.7037037037037037,0.5066666666666667,0.9368600682593856,48,586,27
T13,13,0.8549435789579649,0.2420829962509179,0.34143222506393833,0.5539419087136929,0.9382345886303668,0.97325205274944,0.42246835443037956,0.7460882486720299,0.3935482252830432,0.917233560090703,0.04666852412088236,0.17161909682446472,0.34782608695652173,0.5161290322580645,0.4155844155844156,0.9251247920133111,46,601,31
T13,14,0.8072660456690829,0.14480588232709143,0.22222222222222224,0.375,0.965798045602606,0.9834162520729685,0.27906976744186046,0.670399022801303,0.26472852158485327,0.9507936507936507,0.026148049223523696,0.11442355041812505,0.2222222222222222,0.375,0.27906976744186046,0.9473684210526315,27,589,16
T13,15,0.687468426113789,0.12716735781120095,0.19840875186474388,0.3362831858407079,0.9456937355770039,0.9727121521882255,0.2495699765441751,0.6409884607088558,0.21966371051011616,0.9222708130871394,0.039485469281004215,0.16564051139721853,0.1388888888888889,0.25,0.17857142857142858,0.9250814332247557,36,614,20
T13,16,0.9216007878151263,0.29122429481876705,0.3329297820823243,0.859375,0.9351764705882355,0.9943707780835627,0.47993019197207665,0.8972757352941177,0.5099579800377263,0.9324263038548753,0.0310795599937693,0.12136870815663381,0.3695652173913043,0.85,0.5151515151515151,0.9450171821305842,46,582,20
T13,17,0.9058380764389611,0.2497839878250397,0.24339360222531303,0.7547169811320754,0.9273273774734907,0.9918732585554048,0.36808202970947823,0.8410221793027832,0.4005776268868869,0.9221412374473598,0.02997260490685984,0.12129814774615727,0.22,0.6875,0.3333333333333333,0.9260504201680673,50,595,16
T13,18,0.9076588703797187,0.32877755341445547,0.3386848471519684,0.6666666666666667,0.9494026585899378,0.9865368139457626,0.4491760245005105,0.8080346626283021,0.4476148895102915,0.938824101068999,0.03157821594900084,0.12563313568651385,0.3023255813953488,0.6190476190476191,0.40625,0.9376026272577996,43,609,21
T13,19,0.8790063866931942,0.37688528495390683,0.4799525504151838,0.6736596736596737,0.9626811039038425,0.9829639287266405,0.5605430867276254,0.8181703887817581,0.5427454580962179,0.9486232588273404,0.037468983987192186,0.14485483947478917,0.42857142857142855,0.6428571428571429,0.5142857142857142,0.9456,42,625,28
T13,20,0.8615882553449892,0.2525201038319732,0.35762584522915114,0.6224256292906181,0.9417187846151224,0.9795270845150311,0.4542526541810809,0.78207220695287,0.43612262260416546,0.9258989310009719,0.04262440085226089,0.15912863850253367,0.30434782608695654,0.56,0.39436619718309857,0.9295081967213115,46,610,25
T13,21,0.8430248848870869,0.2565212925315711,0.3254637436762225,0.5626822157434401,0.9528134953403324,0.9817673514039138,0.41239316239316226,0.7577478555418864,0.3979652143408785,0.9376417233560091,0.034182031876071606,0.13689128198795966,0.3170731707317073,0.5652173913043478,0.40625,0.9370860927152318,41,604,23
T13,22,0.7873967038975234,0.15183200535417535,0.1993592025631897,0.5423728813559323,0.9246250523669877,0.983161683475286,0.29155277886242353,0.73349896686146,0.2919535521983675,0.9118399740848719,0.03600525982608007,0.14597894154037025,0.14814814814814814,0.47058823529411764,0.22535211267605634,0.9121405750798722,54,626,17
T13,23,0.8967252632850755,0.3086647939108705,0.4097560975609757,0.6715328467153283,0.9527207243939317,0.9834283209118807,0.5089567966280295,0.8121267855546301,0.49542585452941107,0.9396177518626498,0.038182132199397874,0.14259043040010508,0.37777777777777777,0.6538461538461539,0.4788732394366197,0.9413629160063391,45,631,26
T13,24,0.7788456399567504,0.18836736999518228,0.23094262295081947,0.4065656565656563,0.9363553113553108,0.9710692930003516,0.294563512807109,0.6714604839604836,0.2631997753599827,0.912568837058633,0.04202203688309094,0.16604479279751996,0.20833333333333334,0.38461538461538464,0.2702702702702703,0.9129032258064517,48,620,26
T13,25,0.8661036353820957,0.20724242777785568,0.28822782514057665,0.6448863636363634,0.9338012011606721,0.984438081348818,0.3983953867368683,0.7893437823985179,0.3972258418450683,0.9222708130871397,0.037028569282062204,0.14169846726185786,0.3125,0.625,0.4166666666666667,0.9303482587064676,48,603,24
T13,26,0.8547799552059352,0.28311207990970777,0.3996889580093313,0.6816976127320958,0.95428165344072,0.9853246912070441,0.5039215686274511,0.8179896330864078,0.4948340106491764,0.9426303854875284,0.03506948143781526,0.13981578650021362,0.38461538461538464,0.625,0.47619047619047616,0.9432013769363167,39,581,24
T13,27,0.8772542339767403,0.30086986097034235,0.39792531120331975,0.6539379474940333,0.9506521332494431,0.9821679550245959,0.4947762156584549,0.8022950403717384,0.47937523769880636,0.936556527372854,0.03919302968002976,0.14791059656596328,0.2926829268292683,0.5454545454545454,0.38095238095238093,0.9343434343434344,41,594,22
T13,28,0.9341669845553461,0.41182534284479816,0.4490797546012269,0.8299319727891156,0.9464136531805704,0.990630855715178,0.5828025477707006,0.888172812984843,0.5842665564719584,0.9405895691609977,0.03698171150668485,0.13413428768020802,0.3404255319148936,0.7619047619047619,0.47058823529411764,0.9404958677685951,47,605,21
T13,29,0.7515120038868143,0.12058071692849351,0.1682620718995957,0.385665529010239,0.9344937928261489,0.9779098511544733,0.23430094786729844,0.6600796609181939,0.21632915604816597,0.9162617427923552,0.03643825719174173,0.15076297736310745,0.19047619047619047,0.4,0.25806451612903225,0.9254457050243112,42,617,20
T13,30,0.8662870141719238,0.21773647682646424,0.284155390659101,0.6992481203007519,0.9452219513009785,0.9902025963119773,0.4040968342644322,0.8222350358008652,0.4204943656076238,0.937803692905734,0.03033642065299628,0.1261009939382548,0.3181818181818182,0.7,0.4375,0.9395973154362416,44,596,20
T13,31,0.7381753972925245,0.20167850724566247,0.2233282286881061,0.3846153846153846,0.948827041116623,0.9757877624433606,0.2825771031810107,0.6667212128660038,0.2576697869074088,0.9280369290573373,0.036778864851073234,0.1537791079556792,0.17647058823529413,0.3,0.2222222222222222,0.932475884244373,34,622,20
T13,32,0.8093218869811645,0.1846479077267328,0.23067173637515842,0.52,0.9494082347057845,0.9854658707500649,0.31957857769973663,0.7347041173528923,0.31852279763649943,0.9372367994816976,0.028424512738050776,0.12238731368221507,0.1388888888888889,0.38461538461538464,0.20408163265306123,0.9357495881383855,36,607,13
T13,33,0.8666285682323183,0.36296082193978746,0.365695792880259,0.6531791907514449,0.9537408543780977,0.9853694220921727,0.4688796680497926,0.8034600225647714,0.4615934532838211,0.9419501133786847,0.03245325137054879,0.13322407086708318,0.2777777777777778,0.5555555555555556,0.37037037037037035,0.9426644182124789,36,593,18
T13,34,0.7369815316629105,0.1464521359579046,0.19460726846424375,0.35622317596566505,0.9177639454153697,0.9623446717710555,0.2517058377558755,0.6369935606905174,0.2073711896581533,0.888095238095238,0.0514606358225528,0.19679771572354304,0.22807017543859648,0.3939393939393939,0.28888888888888886,0.893687707641196,57,602,33
T13,35,0.901186530300351,0.38375416346492175,0.49245541838134455,0.7341513292433539,0.955587564518065,0.9839327648003954,0.5894909688013139,0.8448694468807094,0.5732219975443926,0.9433106575963719,0.040506661927020876,0.14815349384861615,0.45,0.6666666666666666,0.5373134328358209,0.9482470784641068,40,599,27
T13,36,0.8609247860674185,0.32081168898073836,0.38297872340425526,0.702258726899384,0.9338773550942036,0.9817080862873723,0.49565217391304345,0.8180680409967938,0.4816538573207659,0.9210884353741496,0.04404790962987609,0.16284740501713735,0.32727272727272727,0.6428571428571429,0.43373493975903615,0.9215358931552587,55,599,28
T13,37,0.9413534185637671,0.488909851360574,0.3774033696729439,0.6766169154228855,0.9466958558191627,0.9839492018696533,0.4845400178139716,0.8116563856210242,0.47459000491335424,0.9343861354065436,0.034604538551850826,0.13054217740417914,0.34782608695652173,0.64,0.4507042253521127,0.9364820846905537,46,614,25
T13,38,0.8200904381247656,0.2505577500736449,0.3632269434110044,0.5824175824175826,0.9444624711809411,0.9765154591845743,0.44741919922817175,0.7634400267992618,0.42308804673406986,0.9257855523161648,0.04470989403066352,0.16984849464623927,0.34,0.5666666666666667,0.425,0.9254457050243112,50,617,30
T13,39,0.7651819697973543,0.20648790027010638,0.22744996100857806,0.3378378378378378,0.9497548605240912,0.9703763840187932,0.27186577598260053,0.6437963491809645,0.23852340005437356,0.9240848720440555,0.03914324701555218,0.15705352984865364,0.15625,0.22727272727272727,0.18518518518518517,0.9281045751633987,32,612,22
T13,40,0.8382804011317346,0.26177734977291345,0.3480212836714331,0.6514161220043574,0.9330052796145365,0.9799016617018984,0.45366858133737925,0.7922107008094469,0.4377729860990478,0.918351149983803,0.044035331944918016,0.16761077682377795,0.27450980392156865,0.56,0.3684210526315789,0.9201331114808652,51,601,25
T13,41,0.8963141488914425,0.2750212401126778,0.32763385146804824,0.6361502347417843,0.9337451921440484,0.9806076854334227,0.4325125398996808,0.7849477134429163,0.4191246142335339,0.9193715581470684,0.040748642607901994,0.14796703239473752,0.28846153846153844,0.5769230769230769,0.38461538461538464,0.92,52,600,26
T13,42,0.849126078088817,0.23854046255636746,0.3230191379001966,0.6916890080428953,0.9359874173417442,0.9856631462715274,0.44038039502560333,0.8138382126923198,0.4401733666505446,0.9256559766763849,0.03847876089124778,0.15123985958701558,0.3148148148148148,0.68,0.43037974683544306,0.925,54,600,25
T13,43,0.8673706720283537,0.28923936333023775,0.36653386454183295,0.6330275229357799,0.9431059160305342,0.9801661088384778,0.46425567703952925,0.788066719483157,0.446928907045771,0.9277777777777777,0.040863766238629,0.152716646151787,0.3404255319148936,0.5925925925925926,0.43243243243243246,0.9317073170731708,47,615,27
T13,44,0.7984414910903503,0.23901132726732616,0.2862745098039216,0.45720250521920663,0.9345402229948448,0.96772191185599,0.3520900321543408,0.6958713641070258,0.3154381891554355,0.9086167800453514,0.048063935428990574,0.18108501184534606,0.23255813953488372,0.35714285714285715,0.28169014084507044,0.9132653061224489,43,588,28
T13,45,0.8382311471690447,0.3092670504943835,0.2262093576526566,0.5759717314487631,0.9346876621094728,0.9851841399746013,0.3248398576512455,0.7553296967791181,0.32855756771149075,0.9231778425655979,0.03179352465729624,0.13096318405763321,0.2608695652173913,0.6,0.36363636363636365,0.9321486268174475,46,619,20
T13,46,0.9364731472745631,0.31447945353362156,0.382267441860465,0.8825503355704698,0.9501290776812954,0.9956960157402853,0.5334685598377281,0.9163397066258826,0.5610012389519318,0.9478458049886621,0.0297855721767371,0.11899787471994165,0.43478260869565216,0.8695652173913043,0.5797101449275363,0.9531502423263328,46,619,23
T13,47,0.8395118682209655,0.31513304279232823,0.3853996737357261,0.5806451612903225,0.9484654184833716,0.9759835315645013,0.4632920701066308,0.7645552898868471,0.4372775746329545,0.9290735341755749,0.044013824219140664,0.16744879172213745,0.39215686274509803,0.5882352941176471,0.47058823529411764,0.9301242236024845,51,644,34
T13,48,0.8279412454501112,0.2272381067196314,0.29453015427769985,0.5833333333333335,0.9405437352245862,0.9814974713210806,0.391425908667288,0.7619385342789597,0.38026904073260154,0.9259637188208618,0.037609769223593825,0.14749198990756177,0.1951219512195122,0.4444444444444444,0.2711864406779661,0.9284525790349417,41,601,18
T13,49,0.9337385483539329,0.5221983274249472,0.42159604215960433,0.7567567567567566,0.954539306846999,0.988964985724545,0.5415112584611135,0.8556480318018778,0.5403984113624949,0.9462423064463881,0.03146308057699313,0.12487658615578287,0.2564102564102564,0.625,0.36363636363636365,0.9428104575163399,39,612,16
T13,50,0.8877982906280772,0.26573976574567,0.2713178294573645,0.6578947368421052,0.9610991557689125,0.992224216012988,0.38419319429198695,0.8094969463055088,0.40389468502613723,0.9545675413022352,0.021862000845386823,0.10110630283517451,0.16666666666666666,0.5,0.25,0.9509001636661211,30,611,10
T13,51,0.843596695821186,0.36098861552691386,0.3237951807228916,0.5119047619047618,0.946547619047619,0.9748651299656694,0.3966789667896679,0.7292261904761904,0.3700290941684852,0.9258503401360543,0.039723421479028694,0.15311268034708667,0.40540540540540543,0.5172413793103449,0.45454545454545453,0.9394957983193277,37,595,29
T13,52,0.8478796685793051,0.244521588123998,0.3320000000000002,0.60880195599022,0.9404351444536916,0.9801734820322181,0.42968075927523736,0.7746185502219558,0.41407397661149375,0.9250566893424037,0.040186995653770013,0.15378953089912686,0.2926829268292683,0.5217391304347826,0.375,0.9342105263157895,41,608,23
T13,53,0.7912013609166635,0.2646341178733364,0.27910685805422625,0.5128205128205128,0.9387222504660224,0.9765531344757068,0.36147689129873467,0.7257713816432676,0.3397667133325153,0.9198898607061873,0.03925958813436621,0.1576746388781151,0.2619047619047619,0.4583333333333333,0.3333333333333333,0.9266666666666666,42,600,24
T13,54,0.8216492697869189,0.28529663285605533,0.4177990940580865,0.5989304812834221,0.9630425222421432,0.9818924931450151,0.49223041908648524,0.7809865017627828,0.47393657987586074,0.947602850664075,0.03589076484256335,0.1452437094627144,0.41025641025641024,0.6153846153846154,0.49230769230769234,0.9469453376205788,39,622,26
T13,55,0.9072134064597439,0.2955180236167139,0.2843216896831844,0.7792207792207793,0.910475061393852,0.9890532435515325,0.4166253347882155,0.8448479203073156,0.4342183257075706,0.9047457078069323,0.03847979682449876,0.14533569191710152,0.19642857142857142,0.6470588235294118,0.3013698630136986,0.9161184210526315,56,608,17
T13,56,0.8840139937731671,0.3649751506213214,0.4212105170284098,0.7645739910313898,0.9440444914531373,0.9868920871007437,0.543178973717146,0.8543092412422637,0.5377630035954362,0.9349692257855522,0.039118591208079555,0.14951172609587318,0.34782608695652173,0.6956521739130435,0.463768115942029,0.9366438356164384,46,584,23
T13,57,0.9230516956145004,0.20477634894736488,0.17980151780502046,0.6875000000000001,0.9302106099741705,0.9925796364021837,0.28505321610365575,0.8088553049870852,0.3263152891198669,0.9249271137026239,0.024390038814969966,0.10339654665187194,0.24390243902439024,0.7142857142857143,0.36363636363636365,0.942339373970346,41,607,14
T13,58,0.7814670547377933,0.29176763108916004,0.4282786885245902,0.5173267326732675,0.9668488593155893,0.976596255400864,0.4686098654708521,0.7420877959944283,0.4427533914681646,0.9462585034013606,0.03901964788629249,0.15965346196842872,0.3548387096774194,0.4583333333333333,0.4,0.9440677966101695,31,590,24
T13,59,0.8302677536517383,0.14767285402287209,0.19560544542631964,0.5939086294416243,0.9442023823329633,0.9902698382360606,0.2942867409270572,0.7690555058872939,0.31626181710009027,0.9363783608681568,0.025251227168436623,0.11099929623998445,0.225,0.6,0.32727272727272727,0.9393442622950819,40,610,15
T13,60,0.8072202730618632,0.1900729395468543,0.2565850064468594,0.5250659630606859,0.9316939428300638,0.9776242652412495,0.34471665429349163,0.7283799529453749,0.32707400522664903,0.9142209264658245,0.040186282999049326,0.15765338044642607,0.28846153846153844,0.5555555555555556,0.379746835443038,0.9212218649517685,52,622,27
T13,61,0.8407274405244747,0.21999558727330507,0.3308051341890316,0.5955882352941175,0.9415630731607906,0.9795929184776846,0.4253563390847712,0.7685756542274541,0.4083267320807942,0.9255587949465501,0.04101856056645189,0.1558514671412098,0.36,0.6206896551724138,0.45569620253164556,0.9300813008130081,50,615,29
T13,62,0.7683981667784491,0.15786089927657948,0.2574102964118565,0.55,0.944131455399061,0.9834943147083995,0.3506907545164718,0.7470657276995305,0.34501963147797415,0.9307256235827664,0.034759037082896065,0.14475247186405138,0.26666666666666666,0.5714285714285714,0.36363636363636365,0.9291736930860034,45,593,21
T13,63,0.7948618992315828,0.16195191110969104,0.21450617283950615,0.41002949852507387,0.9399834925126754,0.9755261869799315,0.281661600810537,0.6750064955188746,0.2579026844652132,0.9196145124716555,0.03916693749049377,0.15351841774931277,0.23255813953488372,0.4166666666666667,0.29850746268656714,0.9249201277955271,43,626,24
T13,64,0.9234888957932301,0.354571197883683,0.3745258534637651,0.8562300319488819,0.947387865455339,0.9944474802136397,0.521111111111111,0.9018089487021104,0.5445306002494832,0.9441528992549402,0.029686541356538,0.12021091844450822,0.36538461538461536,0.8636363636363636,0.5135135135135135,0.9418416801292407,52,619,22
T13,65,0.847448217152533,0.21479094847422442,0.29478827361563514,0.5468277945619334,0.9489928142301801,0.9817206921764563,0.383068783068783,0.7479103043960569,0.3702686102757189,0.9339002267573695,0.034748983835517014,0.13622448074969704,0.2894736842105263,0.5238095238095238,0.3728813559322034,0.9385382059800664,38,602,21
T13,66,0.8096842845917313,0.24566524601677334,0.2473763118440781,0.452054794520548,0.9406268480189236,0.9754691524592174,0.31976744186046524,0.6963408212697357,0.2958163669493101,0.9204081632653062,0.03918879290762778,0.1560841460551522,0.1951219512195122,0.36363636363636365,0.25396825396825395,0.9211409395973155,41,596,22
T13,67,0.8539862647179621,0.25993960649951375,0.26534296028880877,0.48979591836734687,0.9451288360100438,0.9786242758428142,0.34421191277623303,0.7174623771886954,0.3257412934380231,0.9274214447683835,0.035920893443977635,0.1406683711217524,0.3076923076923077,0.5,0.38095238095238093,0.934453781512605,39,595,24
T13,68,0.8679346922542402,0.25195944854360885,0.25158562367864684,0.7147147147147147,0.9165782962177447,0.9879349758699518,0.3721657544956996,0.8156465054662296,0.38885431779701524,0.9089569160997732,0.03644671906322132,0.14261882171976506,0.20754716981132076,0.6111111111111112,0.30985915492957744,0.9181969949916527,53,599,18
T13,69,0.8986335403726708,0.3836602463752238,0.3376844494892167,0.7391304347826092,0.940986093552465,0.9888404718886173,0.46357615894039733,0.8400582641675369,0.47124833786696396,0.9330903790087461,0.0333169485214402,0.13520834374050883,0.3333333333333333,0.7142857142857143,0.45454545454545453,0.94,45,600,21
T13,70,0.7847018384740891,0.19133340424155013,0.15535483870967737,0.4174757281553398,0.9457195926896409,0.9854834528644257,0.22644348316719948,0.6815976604224904,0.2261676557236129,0.9333819241982507,0.025890535839611158,0.11662378697775955,0.15384615384615385,0.42857142857142855,0.22641509433962265,0.9359375,39,640,14
T13,71,0.795995611982679,0.20544929012828597,0.3004640371229703,0.535123966942149,0.9276631477927064,0.9717265644634331,0.3848439821693912,0.7313935573674275,0.35491731877455096,0.9061224489795918,0.04907588747242746,0.18402081558487074,0.3090909090909091,0.5151515151515151,0.38636363636363635,0.9095477386934674,55,597,33
T13,72,0.7599153829464099,0.20970010819593665,0.24390243902439032,0.4318181818181819,0.9297136038186158,0.968909339634374,0.31173092698933563,0.6807658928183988,0.277377400562926,0.9048752834467119,0.04548174027925649,0.17861730067113438,0.15555555555555556,0.2916666666666667,0.2028985507246377,0.9066213921901528,45,589,24
T13,73,0.9440414491941373,0.32402195605482975,0.27260602827420644,0.5816733067729083,0.9545371188503408,0.9873256194926799,0.3712313839447875,0.7681052128116246,0.3733337106156299,0.9439261418853256,0.026106364447783824,0.10828630454182109,0.2857142857142857,0.5882352941176471,0.38461538461538464,0.9470198675496688,35,604,17
T13,74,0.8118385271499109,0.17336984905276392,0.2050408719346049,0.40438871473354215,0.9411665854437292,0.9768034044928142,0.272110893475968,0.6727776500886358,0.2506735995800047,0.9217525105280208,0.03680172850509524,0.14567990645758636,0.21428571428571427,0.4090909090909091,0.28125,0.9239669421487603,42,605,22
T13,75,0.9087027433924394,0.25764912010416346,0.2160864345738295,0.6428571428571428,0.9235362997658081,0.9874796544384626,0.3234501347708894,0.7831967213114754,0.339556325161177,0.914625850340136,0.03247654173904768,0.127192531818654,0.2222222222222222,0.5882352941176471,0.3225806451612903,0.9286926994906621,45,589,17
T13,76,0.819233796161493,0.19857574262769662,0.3039999999999998,0.5352112676056338,0.948611931482575,0.9798657718120803,0.38775510204081615,0.7419115995441043,0.3705952587793907,0.9319727891156463,0.03655607323423976,0.14551584177077864,0.375,0.5769230769230769,0.45454545454545453,0.9403973509933775,40,604,26
T13,77,0.7540860743750867,0.13087243305971122,0.09510869565217384,0.30434782608695654,0.9224679860302675,0.9802078179119247,0.14492753623188395,0.613407906058612,0.1307018599327457,0.9063492063492066,0.03413194596383855,0.14266280562182315,0.1111111111111111,0.3125,0.16393442622950818,0.9178743961352657,45,621,16
T13,78,0.8062397406485872,0.26178767628298305,0.3410734678340311,0.5493562231759658,0.9407982489141217,0.9739758524236094,0.4208548614372944,0.7450772360450437,0.39296670756340785,0.9201166180758017,0.04471437137228477,0.173211997174636,0.2619047619047619,0.44,0.3283582089552239,0.9224137931034483,42,580,25
T13,79,0.9555257227966332,0.3183801689788446,0.3990252172070355,0.8705501618122979,0.9523977373818755,0.9950895284193544,0.5472246439988376,0.9114739495970867,0.5695049621861791,0.9495302883057986,0.028964647648121202,0.11139005172460001,0.42,0.875,0.5675675675675675,0.9457627118644067,50,590,24
T13,80,0.8973294745409157,0.24566319167400946,0.34562920268972136,0.6908602150537635,0.94240395021645,0.9857610329884141,0.4607504161864515,0.8166320826351068,0.45810212941593564,0.9317946226109493,0.03724468508077438,0.13920347833610688,0.3541666666666667,0.68,0.4657534246575342,0.9373996789727127,48,623,25
T13,81,0.8458360090650343,0.3039678916390963,0.3780864197530864,0.5975609756097563,0.9520808561236623,0.9798091042584435,0.4631379962192817,0.7748209158667092,0.4435249163089816,0.9356009070294784,0.03946933070768328,0.1529031786536921,0.4222222222222222,0.6333333333333333,0.5066666666666667,0.9390444810543658,45,607,30
T13,82,0.8383361071485176,0.2885321238591987,0.3529411764705881,0.4852941176470587,0.9568473609129813,0.974573192880494,0.4086687306501547,0.72107073928002,0.38053605284459735,0.9350340136054421,0.03970998021385755,0.1525950522730941,0.36585365853658536,0.5172413793103449,0.42857142857142855,0.9328859060402684,41,596,29
T13,83,0.7859982834562251,0.1685259364222375,0.22336328626444163,0.4846796657381616,0.928495449710436,0.9769929113294366,0.3057996485061512,0.7065875577242988,0.28771895153377036,0.9104308390022675,0.040894659002900915,0.16154968180176213,0.2826086956521739,0.5,0.3611111111111111,0.9220338983050848,46,590,26
T13,84,0.7976337867108584,0.25161817171028256,0.3202614379084969,0.43946188340807185,0.950322426558395,0.969541910331384,0.37051039697542554,0.6948921549832334,0.3360964119410573,0.9244897959183673,0.04390976207032515,0.16960172935104464,0.3235294117647059,0.39285714285714285,0.3548387096774194,0.932998324958124,34,597,28
T13,85,0.9222708228569849,0.47172041248174473,0.33467741935483875,0.6747967479674796,0.9414270500532478,0.9851411589895989,0.4474393530997305,0.8081118990103637,0.4439367286280758,0.9302721088435373,0.032311531417290575,0.1256031225904016,0.2682926829268293,0.5789473684210527,0.36666666666666664,0.9372937293729373,41,606,19
T13,86,0.8521447602850667,0.2920807317200774,0.331896551724138,0.654761904761905,0.9340986394557822,0.9818555595280659,0.4405034324942793,0.7944302721088434,0.42983280351948594,0.9207968901846453,0.040495982528675666,0.1545180121181157,0.30434782608695654,0.5833333333333334,0.4,0.9290540540540541,46,592,24
T13,87,0.8891680284191826,0.2661101722293504,0.3320053120849931,0.6666666666666667,0.9404381290704555,0.9845047725300606,0.4432624113475176,0.803552397868561,0.43835463983966444,0.928798185941043,0.036188598492857646,0.13724572116899927,0.3333333333333333,0.625,0.43478260869565216,0.9354304635761589,45,604,24
T13,88,0.7823599993233878,0.20756887169016747,0.3216491100617509,0.4746716697936212,0.9356134392939025,0.9651456414268947,0.38345783262964184,0.7051425545437617,0.3430271358074283,0.9077583414318111,0.05229543898780119,0.19660244366210008,0.3269230769230769,0.4722222222222222,0.38636363636363635,0.9150943396226415,52,636,36
T13,89,0.8584096762403417,0.25331772834783023,0.23722627737226268,0.530612244897959,0.9512536443148686,0.9860976789168278,0.32786885245901626,0.7409329446064139,0.3280429800800052,0.9395691609977326,0.027831602082081654,0.11837239056335518,0.23684210526315788,0.5294117647058824,0.32727272727272727,0.9387417218543046,38,604,17
T13,90,0.8078323968144896,0.1894494750397092,0.2185548617305977,0.4827586206896551,0.9413163624183554,0.9816613106050022,0.3008903899293829,0.7120374915540052,0.29138749098265876,0.9262390670553937,0.032790756678277494,0.13596345755971243,0.15,0.375,0.21428571428571427,0.9262981574539364,40,597,16
T13,91,0.7348036400792548,0.19907387095664125,0.2206698907397456,0.49438202247191004,0.9265629219551715,0.9775629040012821,0.3051393188854488,0.7104724722135408,0.28886864275287283,0.9091188856494979,0.04039185358481969,0.16637358426072565,0.2608695652173913,0.5,0.34285714285714286,0.9216354344122658,46,587,24
T13,92,0.8844507036139735,0.3422427823251014,0.44576627011896436,0.6691176470588236,0.9453151971276668,0.9775096387262602,0.5350692986140277,0.8072164220932452,0.5099751175767234,0.9282798833819242,0.04711315987326989,0.16887489082424406,0.38095238095238093,0.5714285714285714,0.45714285714285713,0.9365609348914858,42,599,28
T13,93,0.8564327433806704,0.3155726149788933,0.3724884080370942,0.6409574468085104,0.9519185220274751,0.9834821974795057,0.4711632453567936,0.7964379844179929,0.45939788595811704,0.9386621315192745,0.035553405472914176,0.14221845599599497,0.3055555555555556,0.55,0.39285714285714285,0.9419795221843004,36,586,20
T13,94,0.7422147458268318,0.16640853973389833,0.2501514233797697,0.387308533916849,0.9365572846381169,0.9654850581999401,0.30397448478900874,0.6619329092774829,0.26426745092259407,0.9080984774862324,0.04805083056511992,0.1880278064627697,0.24390243902439024,0.3448275862068966,0.2857142857142857,0.9163879598662207,41,598,29
T13,95,0.7970804671691077,0.3097061389310477,0.3932146829810902,0.5738636363636366,0.943611742815795,0.9720477052497072,0.4666666666666668,0.7587376895897155,0.43475774041380333,0.921477162293489,0.04863626229543469,0.1881675697025947,0.32608695652173914,0.5,0.39473684210526316,0.9229480737018425,46,597,30
T13,96,0.8265764097970116,0.2952897891771111,0.3538808494643863,0.5445344129554657,0.9410109467760198,0.972083872454315,0.4289782435357102,0.7427726798657428,0.3978324498627401,0.9188046647230319,0.04687393195831534,0.1766497740716543,0.3076923076923077,0.5161290322580645,0.3855421686746988,0.9174757281553398,52,618,31
T13,97,0.8690466129373763,0.38731522984569217,0.4466915374042802,0.6842105263157894,0.9517589660190017,0.9814641552068071,0.5405084343074363,0.8179847461673956,0.5218179361330199,0.9373501781665047,0.041425794826995696,0.15858849513528409,0.3829787234042553,0.6428571428571429,0.48,0.9352159468438538,47,602,28
T13,98,0.8262668499841408,0.1746414781487698,0.25394321766561523,0.5768025078369907,0.9364108424218999,0.9833239217900756,0.3526351813826148,0.7566066751294452,0.34895366962735574,0.923404599935212,0.03507824967961898,0.1433135332561933,0.2857142857142857,0.5263157894736842,0.37037037037037035,0.9423728813559322,35,590,19
T13,99,0.8606667243168454,0.41228166186194437,0.5327245053272449,0.6249999999999997,0.9628329297820823,0.9742741639103271,0.5751848808545601,0.7939164648910412,0.5459217097107778,0.9413832199546484,0.04685794441334058,0.1727954899415756,0.4444444444444444,0.4444444444444444,0.4444444444444444,0.9486301369863014,27,584,27
T13,100,0.793316050285171,0.2192846520421894,0.20807259073842313,0.3877551020408164,0.9578342357351103,0.9820647717955726,0.27082060680105896,0.6727946688879634,0.2563385363237132,0.9419987042436022,0.027646870617117576,0.12050816763334593,0.1875,0.375,0.25,0.9398998330550918,32,599,16
T13,101,0.8103458918907797,0.1963886225243035,0.28275429049811635,0.5244565217391303,0.9420762625921169,0.9784944348864154,0.36741909165080217,0.7332663921656237,0.349114730792951,0.9246517654680921,0.03932297017872284,0.15510282323158778,0.275,0.4782608695652174,0.3492063492063492,0.930976430976431,40,594,23
T13,102,0.8258456300867065,0.18303602842640804,0.235131396957123,0.6181818181818182,0.9352837916910475,0.9870322341608004,0.3406813627254508,0.7767328049364328,0.35065642670319497,0.9253968253968254,0.031586673775299064,0.13243434948404598,0.23684210526315788,0.5625,0.3333333333333333,0.938671209540034,38,587,16
T13,103,0.7132890477552782,0.19123740921996107,0.3225425330812854,0.48148148148148134,0.9513284101519395,0.9744383390137024,0.3863025328993915,0.7164049458167104,0.35851953791757285,0.9297538062844184,0.041630607058427097,0.17238778916431147,0.2926829268292683,0.46153846153846156,0.3582089552238806,0.9266211604095563,41,586,26
T13,104,0.9016749015495376,0.3012342410929825,0.30797831138652176,0.7593582887700535,0.9244443692703223,0.9886045039341593,0.43822329990080433,0.8419013290201879,0.45033778149893233,0.9174441205053449,0.03675620070266732,0.14001548047026707,0.2692307692307692,0.7,0.3888888888888889,0.9264214046822743,52,598,20
T13,105,0.8671511567893414,0.17833914691473332,0.2561594202898551,0.7426470588235299,0.9313791028812084,0.9912842404838135,0.3809267241379311,0.8370130808523689,0.4083913575352003,0.9255587949465498,0.03211451218130839,0.13072959042746693,0.3137254901960784,0.7619047619047619,0.4444444444444444,0.9352750809061489,51,618,21
T13,106,0.9469541123327638,0.33828319988203515,0.28235053235053226,0.7817460317460316,0.9415599573162597,0.9932285071056705,0.414861612515042,0.8616529945311457,0.4464616105542623,0.9369938451571104,0.026625488729342214,0.11025388697050052,0.24489795918367346,0.75,0.36923076923076925,0.9315525876460768,49,599,16
T13,107,0.7433259900281128,0.1893641463171853,0.20836685438455357,0.22492401215805477,0.9668893113717044,0.9698754514463158,0.21632908749216964,0.5959066617648796,0.18490335063223085,0.9392128279883384,0.03596142357432651,0.15064640112241584,0.2,0.21739130434782608,0.20833333333333334,0.9367720465890182,25,601,23
T13,108,0.7100443348625265,0.18122455947698513,0.20302648171500656,0.3824228028503565,0.9247529467793785,0.9676093185498941,0.2652388797364088,0.6535878748148674,0.22894361720746953,0.8988662131519275,0.047163578393481426,0.18941641198490192,0.21818181818181817,0.4,0.2823529411764706,0.900163666121113,55,611,30
T13,109,0.926121914942452,0.48536966790092934,0.4430552842352019,0.6835443037974681,0.9511998904522269,0.9814556436657778,0.5376318596657577,0.8173720971248477,0.5190913666019681,0.9368156786524132,0.03877818986776434,0.1426820862576342,0.4,0.6666666666666666,0.5,0.9355877616747182,50,621,30
T13,110,0.895512214342002,0.44546082109026425,0.3445945945945949,0.7083333333333337,0.9426713947990543,0.9870049504950495,0.463636363636364,0.8255023640661938,0.46462121314023996,0.9331065759637189,0.033612875449701145,0.13369184660586467,0.3125,0.6818181818181818,0.42857142857142855,0.9345335515548282,48,611,22
T13,111,0.7810218500662551,0.18212008726269843,0.2851047323506593,0.56,0.9376469593165859,0.9795878693623638,0.3778434648502762,0.748823479658293,0.36293727887347377,0.9215905409782962,0.0409047530549172,0.1622673304098263,0.2553191489361702,0.5217391304347826,0.34285714285714286,0.9261637239165329,47,623,23
T13,112,0.8453975569195835,0.4187886573882602,0.3999544730252677,0.6765498652291106,0.9554300593476829,0.9853523288053428,0.5027181688125897,0.8159899622883967,0.4934634369027104,0.9436993845157109,0.03381974935410907,0.13955450829571492,0.28205128205128205,0.5789473684210527,0.3793103448275862,0.9410801963993454,39,611,19
T13,113,0.7876522449476195,0.2035409301031389,0.2597193095660591,0.5897435897435898,0.9222335197424167,0.9798347166957744,0.3606226901108747,0.7559885547430032,0.3502087633559001,0.9075315840621963,0.04295634826835883,0.16758206663407138,0.1956521739130435,0.45,0.2727272727272727,0.9185059422750425,46,589,20
T13,114,0.905005379387005,0.34212767268780553,0.43103448275862066,0.6060606060606061,0.9689045936395759,0.9844423168980372,0.503778337531486,0.787482599850091,0.48875832584763607,0.9553287981859411,0.030478343171350276,0.12092191584663539,0.4444444444444444,0.5714285714285714,0.5,0.9596638655462185,27,595,21
T13,115,0.9130939931517902,0.3318197748398032,0.3313524590163932,0.7196261682242989,0.94515321130217,0.9889201547660922,0.4537673635470743,0.8323896897632346,0.46142239810139474,0.9369452542921932,0.030916735402590507,0.12496218328291328,0.30434782608695654,0.7,0.42424242424242425,0.9367720465890182,46,601,20
T13,116,0.8354026436775392,0.25959227316888206,0.24324324324324334,0.5806451612903224,0.934195064629847,0.9839108910891088,0.3428571428571429,0.7574201129600848,0.34197673289036373,0.9217687074829932,0.03341673510702079,0.13579726872160283,0.14285714285714285,0.4,0.21052631578947367,0.9243697478991597,42,595,15
T13,117,0.909248817710356,0.3835554363254212,0.37255660925101597,0.7432432432432431,0.9451901944209634,0.9882452760150602,0.4963258991878302,0.8442167188321034,0.49838547550009127,0.9367184969225785,0.03315192067499076,0.1288127349267015,0.34,0.7083333333333334,0.4594594594594595,0.9335548172757475,50,602,24
T13,118,0.8284060419138566,0.3018077091708058,0.3120285283225893,0.6701030927835052,0.9140286228468592,0.9794302925673566,0.4257907542579074,0.7920658578151822,0.4126140340342863,0.9006154842889537,0.04709987753801789,0.17813695503292507,0.28125,0.6206896551724138,0.3870967741935484,0.9060955518945635,64,607,29
T13,119,0.7989898821518882,0.2579640956451784,0.34369602763385143,0.5182291666666665,0.9549549549549549,0.9775512680499939,0.41329179646936653,0.7365920608108107,0.38988346904104604,0.9359410430839001,0.038404708430209725,0.1533775153468046,0.22857142857142856,0.38095238095238093,0.2857142857142857,0.9318568994889267,35,587,21
T13,120,0.9363964056043289,0.42697298125571437,0.420330259489599,0.7887323943661971,0.9543835963209855,0.9908018991888151,0.548405148293229,0.8715579953435912,0.5527376243749547,0.9477162293488822,0.030136848360799173,0.11819006638192989,0.25,0.6428571428571429,0.36,0.9457627118644067,36,590,14
T13,121,0.8110068794016501,0.14739752106384862,0.2073658927141713,0.4172932330827067,0.9503991449280201,0.9812908454468642,0.27705473346407555,0.6838461890053634,0.2633773807337635,0.9343213475866537,0.032234775786511086,0.13163689499408027,0.20512820512820512,0.42105263157894735,0.27586206896551724,0.932475884244373,39,622,19
T13,122,0.8362638941421039,0.25993635126577774,0.29437393445728366,0.6788990825688074,0.9373433583959899,0.9869821646800446,0.4106765327695561,0.8081212204823987,0.4163935269822554,0.9277615808228052,0.03440541058764561,0.14096358492716057,0.2826086956521739,0.65,0.3939393939393939,0.9322033898305084,46,590,20
T13,123,0.8941412620623574,0.2998880203631287,0.3819705781731101,0.7266514806378133,0.9384151226413487,0.9849715532973128,0.5007287812535041,0.832533301639581,0.4940050171577704,0.9278749595076125,0.039941493305780444,0.14716104318945628,0.3404255319148936,0.6666666666666666,0.4507042253521127,0.9346733668341709,47,597,24
T13,124,0.8387434522518062,0.31386821913275864,0.3760789149198521,0.6931818181818183,0.9396181384248209,0.9831439630415781,0.4876099120703439,0.8163999783033196,0.47677690966122066,0.9273242630385486,0.041505186777228566,0.1609728877776513,0.38095238095238093,0.64,0.47761194029850745,0.9405772495755518,42,589,25
T13,125,0.861657422008536,0.3033144787212472,0.30018761726078796,0.6037735849056604,0.9563997662185856,0.9873295523108483,0.4010025062656641,0.780086675562123,0.40132213542826356,0.9458049886621315,0.027317438059928402,0.11870140468994952,0.3157894736842105,0.631578947368421,0.42105263157894735,0.9449081803005008,38,599,19
T13,126,0.7438814545903183,0.13250170849738108,0.18632478632478622,0.29144385026737957,0.9436419606914515,0.967820279295689,0.227320125130344,0.6175429054794156,0.19036101953050077,0.9159863945578233,0.043005920854461116,0.17001407458420914,0.19047619047619047,0.3076923076923077,0.23529411764705882,0.9162640901771336,42,621,26
T13,127,0.8832834067682382,0.32909995893659244,0.45315952275740157,0.6926713947990545,0.9578931250956974,0.9840948019715453,0.5478829971951382,0.8252822599473759,0.5333499318826155,0.9451733074182055,0.03838069266508653,0.14624074361306647,0.4222222222222222,0.6785714285714286,0.5205479452054794,0.9415692821368948,45,599,28
T13,128,0.8176935480372243,0.15326510468952648,0.217691776088459,0.5869565217391306,0.9435223682022282,0.988414432307183,0.31759368173416247,0.7652394449706793,0.33065842290760067,0.934224165856819,0.028539902771056364,0.12174334054053816,0.2682926829268293,0.6111111111111112,0.3728813559322034,0.9402261712439418,41,619,18
T13,129,0.9180754265460696,0.2920965875563276,0.339385744639753,0.7360703812316716,0.9423786497733898,0.9888619769107012,0.4645690111052355,0.8392245155025306,0.47191031840332287,0.9344023323615158,0.032846785000710026,0.1280951937375736,0.3191489361702128,0.7142857142857143,0.4411764705882353,0.9380097879282219,47,613,21
T13,130,0.8438061721423348,0.22872579069166635,0.22071307300509332,0.5531914893617021,0.9465346534653463,0.9872433483173368,0.3155339805825242,0.7498630714135242,0.3223682060991362,0.9360544217687076,0.026924188215492344,0.1165485713964788,0.21621621621621623,0.5333333333333333,0.3076923076923077,0.9405940594059405,37,606,15
T13,131,0.9002941568385254,0.3575920687344451,0.3944629884154725,0.6349557522123895,0.947350450696531,0.9796105707274877,0.4866174155262204,0.7911531014544602,0.46671763822804385,0.9313411078717201,0.04036626925598617,0.1500664124463588,0.3541666666666667,0.6071428571428571,0.4473684210526316,0.9289340101522843,48,591,28
T13,132,0.8392439588038465,0.21270516823543192,0.32977777777777767,0.5501730103806227,0.9621213389821993,0.9844084639766983,0.41237495368655047,0.756147174681411,0.40119301626319526,0.9486232588273406,0.03125150646377818,0.12813957610573648,0.25,0.47058823529411764,0.32653061224489793,0.9463414634146341,32,615,17
T13,133,0.8574196856723122,0.25182458337058755,0.31914893617021306,0.5930232558139534,0.935160905840286,0.9781822715372148,0.414971521562246,0.7640920808271198,0.39628983670615414,0.9184807256235827,0.04141864901092636,0.1559019644118241,0.3333333333333333,0.5714285714285714,0.42105263157894735,0.9255499153976311,48,591,28
T13,134,0.8980681459021631,0.2080082233907959,0.27481305234534326,0.7549019607843136,0.9284036377059631,0.9906008307075337,0.40294044355843506,0.8416527992451384,0.42586240994841795,0.9223841917719469,0.03253729854317628,0.1264854414878428,0.27450980392156865,0.7368421052631579,0.4,0.9302325581395349,51,602,19
T13,135,0.8069073708245094,0.22322402723899964,0.33546787853749205,0.5843828715365236,0.9454385102016588,0.9797008734775655,0.42624671916010476,0.7649106908690914,0.40863571022772344,0.9291869128603824,0.041830468334627224,0.16422316415166743,0.3829787234042553,0.6206896551724138,0.47368421052631576,0.9325463743676222,47,593,29
T13,136,0.9170167253326252,0.1980332761919878,0.29009009009008985,0.7453703703703705,0.9542073454207345,0.9933454325468845,0.4176394293125808,0.8497888578955524,0.4452922360657475,0.949092970521542,0.026519989966936264,0.10793082695446474,0.23684210526315788,0.6923076923076923,0.35294117647058826,0.9468599033816425,38,621,13
T13,137,0.8871073861976886,0.38010443226938667,0.4806629834254141,0.7058823529411764,0.9548456827188662,0.9820899209486165,0.5718981101068198,0.8303640178300213,0.5529501039904351,0.9409297052154196,0.04154137277350356,0.15525711669580236,0.4523809523809524,0.6551724137931034,0.5352112676056338,0.945,42,600,29
T13,138,0.7179623432765092,0.11398160181557619,0.15764331210191088,0.336734693877551,0.9379544921416841,0.9761962890624999,0.21475054229934928,0.6373445930096175,0.1917401655913312,0.9179138321995465,0.03762798353461216,0.1560860696752945,0.17073170731707318,0.35,0.22950819672131148,0.9204737732656514,41,591,20
T13,139,0.8217870007905901,0.21356821823239355,0.2768053934915081,0.6853932584269664,0.9048528784648187,0.9818609213911562,0.39434798670114546,0.7951230684458925,0.39073877860218276,0.8937803692905734,0.045968487410315395,0.17228252898587607,0.3194444444444444,0.696969696969697,0.4380952380952381,0.9059011164274322,72,627,33
T13,140,0.8379169737364394,0.26813682128640487,0.3384586884031124,0.5315682281059064,0.9387510076668439,0.9714245145717226,0.4135823429541597,0.7351596178863751,0.3817643660714496,0.9160835762876578,0.0464566806394295,0.17320611695282892,0.34,0.5151515151515151,0.40963855421686746,0.9218500797448166,50,627,33
T13,141,0.8402890118488715,0.3329293131779428,0.2999340804218854,0.6499999999999998,0.9465794768611668,0.9871478780884435,0.4104645917907082,0.7982897384305834,0.413844420796475,0.936491739552964,0.030077953063350406,0.12892123006165562,0.2826086956521739,0.65,0.3939393939393939,0.9327731092436975,46,595,20
T13,142,0.8792489441106278,0.26339851614943766,0.39660056657223797,0.6769230769230768,0.9605986714874295,0.9872962649290492,0.500162390386489,0.8187608742052532,0.49471464424247136,0.9501457725947522,0.03168389576337411,0.12434578230022783,0.42105263157894735,0.6956521739130435,0.5245901639344263,0.9528455284552846,38,615,23
T13,143,0.8936291647119756,0.4205365446029496,0.47976979420997556,0.6919014084507042,0.9483588394155531,0.9781273434989108,0.5666323377960865,0.8201301239331287,0.5414548318066255,0.9318432134758665,0.04617471522513447,0.16478189662393286,0.38461538461538464,0.5357142857142857,0.44776119402985076,0.9390444810543658,39,607,28
T13,144,0.9163796940035482,0.34590949611415145,0.3387589013224824,0.6754563894523327,0.9219406749129337,0.9795840244991707,0.4512195121951221,0.7986985321826332,0.4360930283177023,0.9081632653061223,0.04407120130902879,0.15595976712855233,0.2641509433962264,0.56,0.358974358974359,0.9153976311336718,53,591,25
T13,145,0.8840360239323071,0.3213664380340244,0.3760504201680674,0.7188755020080323,0.9286229271809661,0.9822064056939501,0.49379310344827604,0.8237492145944991,0.481633399996192,0.9167800453514738,0.04522691286129821,0.16183236124879127,0.325,0.5652173913043478,0.4126984126984127,0.937394247038917,40,591,23
T13,146,0.8875706598494737,0.3559701023810138,0.2862835570469799,0.639344262295082,0.9429074742051842,0.9864845889208733,0.39548022598870064,0.7911258682501331,0.3985219274415643,0.9324101068999029,0.03159418867788939,0.12847630585223055,0.27450980392156865,0.6363636363636364,0.3835616438356164,0.928,51,625,22
T13,147,0.8445349974700622,0.2463034565643452,0.2664974619289339,0.6000000000000002,0.9317591499409678,0.9825697211155378,0.3690685413005272,0.7658795749704839,0.36392822579997913,0.91859410430839,0.03645009125102593,0.14359851124674014,0.24489795918367346,0.5454545454545454,0.3380281690140845,0.9216666666666666,49,600,22
T13,148,0.8923542311762915,0.34126592114161064,0.42254647211672985,0.6331236897274635,0.9505316689782707,0.9784091509949414,0.5068328937904579,0.791827679352867,0.48375603152035457,0.9333657272432783,0.04185934031647019,0.15322024177740437,0.34782608695652173,0.5517241379310345,0.4266666666666667,0.93042071197411,46,618,29
T13,149,0.8232325794250294,0.23714950370861163,0.2279918109063837,0.6603773584905662,0.9307339066544211,0.9888232476448986,0.33895960154952953,0.7955556325724935,0.3579969602702431,0.9226109491415614,0.031544620395062534,0.1326746303533995,0.13636363636363635,0.5,0.21428571428571427,0.9242685025817556,44,581,12
T13,150,0.8426397717260823,0.25686807500956627,0.2590868794326241,0.49554896142433197,0.9437025311126452,0.979205983085203,0.34027070295444617,0.7196257462684887,0.32352819895932367,0.9265792031098153,0.03522239244072042,0.13923288358828942,0.2727272727272727,0.5,0.35294117647058826,0.9272727272727272,44,605,24
T13,151,0.8701964652515035,0.2485044973012185,0.38515674984005127,0.5695364238410597,0.9677657397779493,0.9844746988774012,0.45954198473282454,0.7686510818095045,0.44564983690956,0.9541302235179786,0.031227832413018748,0.1268263184046513,0.3448275862068966,0.5263157894736842,0.4166666666666667,0.9530988274706867,29,597,19
T13,152,0.7900681120788526,0.23381732149569173,0.26029385089787793,0.46590909090909083,0.9304807364473235,0.9707435929357782,0.33399278482485756,0.6981949136782072,0.30262335084076014,0.9073048266925816,0.04492689191577796,0.17515899261892207,0.22641509433962265,0.42857142857142855,0.2962962962962963,0.9073170731707317,53,615,28
T13,153,0.8050989790862695,0.1651207282065854,0.20749279538904908,0.46601941747572834,0.9353777464457763,0.9796948067930101,0.28713858424725835,0.7006985819607523,0.27411051172318274,0.9189342403628118,0.03589416254260177,0.14618864562561085,0.23404255319148937,0.4782608695652174,0.3142857142857143,0.9234449760765551,47,627,23
T13,154,0.731235660210209,0.25759736704892444,0.28221617610685124,0.42010309278350516,0.9508335592301435,0.9727022202194221,0.3376239088622577,0.6854683260068243,0.3075037828547087,0.9274862325882735,0.04082862440332315,0.16955658326387996,0.2926829268292683,0.4444444444444444,0.35294117647058826,0.9285714285714286,41,616,27
T13,155,0.7873413641329619,0.3749080539927557,0.4,0.4918032786885245,0.9451887941534712,0.9615861214374224,0.44117647058823534,0.7184960364209979,0.3975050549588469,0.9138321995464853,0.05492517972063591,0.20804787319822862,0.1951219512195122,0.27586206896551724,0.22857142857142856,0.9090909090909091,41,594,29
T13,156,0.8328510910483593,0.28525874633420933,0.35664939550949937,0.6082474226804127,0.9361556260176538,0.9762287756925827,0.4496461622210128,0.772201524349033,0.4256992967429595,0.9181243926141888,0.045419927210471334,0.17073933038774652,0.26666666666666666,0.48,0.34285714285714286,0.9247135842880524,45,611,25
T13,157,0.8387249609907562,0.22513518262374235,0.3314650173946655,0.6049382716049382,0.9412783295136234,0.9802001202135557,0.4282681982769383,0.7731083005592809,0.4125974698801613,0.9258341431810819,0.04014503598650877,0.15475041239272563,0.3125,0.5769230769230769,0.40540540540540543,0.9293739967897271,48,623,26
T13,158,0.752615820594146,0.07479542483876295,0.11521904279564449,0.3023255813953489,0.9419938573918819,0.981831080964164,0.16685001833516688,0.6221597193936154,0.15398451795952842,0.9264010366051183,0.030701387267484767,0.13161609300015537,0.13157894736842105,0.3125,0.18518518518518517,0.9296,38,625,16
T13,159,0.8868066564551753,0.3241563956085883,0.36619947848761414,0.7624703087885988,0.9338526695354888,0.9874109776275088,0.49477045029175387,0.8481614891620437,0.4962127426503903,0.925672173631357,0.03914285394164244,0.1468778556111533,0.29310344827586204,0.7083333333333334,0.4146341463414634,0.9236883942766295,58,629,24
T13,160,0.819898877975724,0.14648863354524824,0.19654427645788342,0.48924731182795694,0.9569145239749826,0.9886322843125522,0.2804314329738059,0.7230809179014698,0.2874347131106673,0.9470521541950112,0.024846439890411073,0.11096025609183609,0.20588235294117646,0.5,0.2916666666666667,0.9441707717569786,34,609,14
T13,161,0.7909070421160624,0.15845595777902116,0.21138493578618542,0.41037735849056617,0.922684271421765,0.968737718389367,0.2790378006872853,0.6665308149561655,0.24493253108528645,0.8980563654033041,0.04639406586786337,0.1752234608605185,0.22033898305084745,0.41935483870967744,0.28888888888888886,0.9009287925696594,59,646,31
T13,162,0.7529859075159914,0.0954111379475563,0.09684857801691006,0.2213114754098361,0.9412813166311299,0.9770043397824921,0.13473534129388698,0.581296396020483,0.10958080171899225,0.9213637836086813,0.03214603512365125,0.1346507039325262,0.125,0.2222222222222222,0.16,0.9302325581395349,32,602,18
T13,163,0.825812561851432,0.28156330980960975,0.39606741573033716,0.573170731707317,0.9483669548511044,0.9740996546620619,0.4684385382059801,0.7607688432792108,0.43938147153989016,0.9274376417233562,0.046050742079557755,0.17369482677001405,0.358974358974359,0.4827586206896552,0.4117647058823529,0.9338842975206612,39,605,29
T13,164,0.7191772852196889,0.10276185678354745,0.1563731931668856,0.25757575757575746,0.9459868753154971,0.9703978596703201,0.19460343417825013,0.6017813164456274,0.16064199105444898,0.9202299967606091,0.038672076359848144,0.15927965202010072,0.1891891891891892,0.2916666666666667,0.22950819672131148,0.9235772357723577,37,615,24
T13,165,0.872172996137472,0.3163723622705357,0.3396901072705602,0.7600000000000001,0.9343990526939018,0.9887232176418995,0.46952224052718294,0.847199526346951,0.4775457064106698,0.9269841269841269,0.034789103091793366,0.13602244607895708,0.4090909090909091,0.75,0.5294117647058824,0.9451114922813036,44,583,24
T13,166,0.8137890717905139,0.21917252357407632,0.32010582010582006,0.5537757437070937,0.9386854348085408,0.9758184523809523,0.4056999161777031,0.7462305892578174,0.3817475814988449,0.9196145124716555,0.044213051234266366,0.1683968658980158,0.2978723404255319,0.5185185185185185,0.3783783783783784,0.9239669421487603,47,605,27
T13,167,0.8104564041112815,0.23239198729893842,0.34659940209267576,0.4732142857142858,0.9395191975095123,0.9633787330637725,0.4001294219154445,0.706366741611899,0.3576847151421741,0.9099125364431487,0.05472906692327628,0.19797988921735923,0.32653061224489793,0.4444444444444444,0.3764705882352941,0.9101694915254237,49,590,36
T13,168,0.8825132092931733,0.17051033497666146,0.22018873319988558,0.7096774193548386,0.9550408045503255,0.9945916247446045,0.33609777389786116,0.8323591119525822,0.37784708290865177,0.9507288629737609,0.02027188873288268,0.0949050811533617,0.2647058823529412,0.75,0.391304347826087,0.9525423728813559,34,590,12
T13,169,0.8025466769813052,0.15374776372050444,0.19230769230769224,0.44680851063829796,0.9486313337216072,0.9842881314962534,0.2688860435339308,0.6977199221799526,0.2642593897662695,0.9352607709750567,0.029323388581647424,0.1257862078342402,0.12121212121212122,0.3076923076923077,0.17391304347826086,0.9388083735909822,33,621,13
T13,170,0.7209631075371823,0.15365324495340243,0.2418826333035448,0.2929292929292929,0.9568409985076651,0.9664285836630526,0.26496981563060856,0.624885145718479,0.22810075267594743,0.9270327178490445,0.04308991044558098,0.17455604521548776,0.25806451612903225,0.2962962962962963,0.27586206896551724,0.9323671497584541,31,621,27
T13,171,0.8401407183391816,0.3139057750605378,0.4098770577203584,0.6030042918454935,0.9515715311741166,0.9772571609209533,0.488028780548319,0.777287911509805,0.46335221799626597,0.9331551668286364,0.04307209013003548,0.16478333772787956,0.3829787234042553,0.5806451612903226,0.46153846153846156,0.9319286871961102,47,617,31
T13,172,0.7122037981859421,0.164213346882426,0.25021446954532467,0.2976190476190478,0.9554081632653062,0.964545095547963,0.2718657759826007,0.6265136054421769,0.23310944589675334,0.9240848720440558,0.045459139483375405,0.1835559529881082,0.2777777777777778,0.3333333333333333,0.30303030303030304,0.9232053422370617,36,599,30
T13,173,0.7535587864161035,0.10233646910719256,0.1369735370853522,0.3962264150943398,0.9226684478583952,0.9801326852804484,0.20357291233901123,0.6594474314763674,0.19324743913504888,0.9068513119533526,0.035955587575727,0.14973241983698535,0.17391304347826086,0.42105263157894735,0.24615384615384617,0.9181969949916527,46,599,19
T13,174,0.8373691958903338,0.2868528372012763,0.2417230331078676,0.6953405017921148,0.9287470520347233,0.9893980970029579,0.35873728701624624,0.812043776913419,0.37978917931999956,0.9213637836086817,0.031318912318003246,0.1340532238630116,0.29411764705882354,0.7142857142857143,0.4166666666666667,0.9308072487644151,51,607,21
T13,175,0.8158588939727734,0.22251473723698229,0.22706209453197415,0.6282051282051279,0.9010676156583628,0.9812685699522026,0.33356024506466986,0.7646363719317455,0.3320598476516599,0.889002267573696,0.042877365932827496,0.1656870608824555,0.17543859649122806,0.5,0.2597402597402597,0.9038785834738617,57,593,20
T13,176,0.8859847015693831,0.3441104851504407,0.349905939263639,0.5794392523364488,0.9593397542568033,0.9837122321997966,0.43632707774798946,0.769389503296626,0.42396517192161737,0.9455134434726272,0.03127934043419219,0.12879534419578362,0.3055555555555556,0.55,0.39285714285714285,0.9425675675675675,36,592,20
T13,177,0.8324883632407285,0.09068760595579232,0.14081996434937605,0.5129870129870129,0.9443803369489959,0.9909189974573193,0.22097902097902086,0.7286836749680045,0.24546506848195312,0.9368480725623584,0.022653961397855405,0.10168273574810932,0.16216216216216217,0.5454545454545454,0.25,0.9403973509933775,37,604,11
T13,178,0.8480862154064777,0.25314661710244035,0.33541341653666157,0.5308641975308643,0.9493761140819965,0.976769776256266,0.4110898661567879,0.7401201558064303,0.38719885561191025,0.93015873015873,0.03980995419287857,0.15269672136570048,0.2857142857142857,0.48,0.3582089552238806,0.9279731993299832,42,597,25
T13,179,0.7933881803168839,0.19626390902162452,0.30470588235294127,0.5068493150684932,0.9500718087353213,0.9780831448947642,0.3806024981631154,0.7284605619019071,0.3594610968233007,0.9317298347910593,0.038489029016999174,0.153108676489064,0.29545454545454547,0.52,0.37681159420289856,0.9295081967213115,44,610,25
T13,180,0.855842862586525,0.23926040304091012,0.3212182741116753,0.7151898734177213,0.9438415535546298,0.9889113790372261,0.44332352529073854,0.8295157134861757,0.4520898006604013,0.9356494978943958,0.03306217879786506,0.13323198932643593,0.2826086956521739,0.6842105263157895,0.4,0.934010152284264,46,591,19
T13,181,0.8684181727589093,0.26026261301727727,0.2941847206385404,0.6564885496183204,0.9265456271508249,0.9830039028075036,0.40629921259842505,0.7915170883845728,0.4020080109657493,0.9145124716553286,0.03927852340734519,0.1485451352252211,0.3275862068965517,0.6785714285714286,0.4418604651162791,0.9182282793867121,58,587,28
T13,182,0.8793230727807624,0.41212220115725495,0.4524807826694616,0.6788990825688073,0.9458955545964608,0.9781312482147957,0.543033860991718,0.8123973185826341,0.5186945995432471,0.9293974732750242,0.04616993714182281,0.16978077306515918,0.2826086956521739,0.52,0.36619718309859156,0.925,46,600,25
T13,183,0.8279237286629055,0.1341488826327542,0.17647058823529416,0.3434343434343435,0.9441511204974774,0.976340694006309,0.2331428571428572,0.6437927319659105,0.2096337365441629,0.9239229024943311,0.03459002304555968,0.13788149845044653,0.1951219512195122,0.36363636363636365,0.25396825396825395,0.9233278955954323,41,613,22
T13,184,0.9192753276973111,0.4422285518815305,0.40055020632737276,0.7549909255898367,0.9247101912478625,0.9826510005507619,0.5234115215242204,0.8398505584188496,0.5103550610003034,0.9141075477810171,0.045037133307785145,0.15874480396997676,0.2857142857142857,0.64,0.3950617283950617,0.9146341463414634,56,574,25
T13,185,0.8315924550685447,0.3201940738429128,0.26582278481012667,0.6842105263157896,0.9368984852288894,0.9888702411447752,0.38288920056100995,0.8105545057723395,0.39773374712007115,0.9287333981211532,0.03007842959244374,0.12893616199456098,0.22727272727272727,0.625,0.3333333333333333,0.9323181049069373,44,591,16
T13,186,0.8530062459151859,0.3972800982502131,0.48138714733542276,0.6428571428571428,0.9542974550226183,0.9758987216611343,0.550526551646874,0.7985772989398805,0.5225613449316137,0.9350178166504696,0.04725014458145205,0.1743789524269606,0.3076923076923077,0.48,0.375,0.9309153713298791,39,579,25
T13,187,0.8209502701789939,0.21375498433222903,0.3164556962025316,0.5555555555555556,0.948936170212766,0.9804592085979481,0.4032258064516129,0.7522458628841608,0.3870285683630224,0.9328798185941044,0.037594727938322324,0.14776750862682855,0.3076923076923077,0.5217391304347826,0.3870967741935484,0.9367720465890182,39,601,23
T13,188,0.820679907640803,0.15014248278246495,0.18374108053007138,0.36395759717314485,0.9464013788718016,0.9782067247820672,0.24419983065198983,0.6551794880224733,0.2241917818061178,0.927712989957888,0.032711733384549926,0.13399192326506146,0.2,0.38095238095238093,0.26229508196721313,0.926829268292683,40,615,21
T13,189,0.8180722072122778,0.2684800227412742,0.3388113462404323,0.5972222222222227,0.9504052684903749,0.982285594610632,0.4323470267164609,0.7738137453562985,0.4193346062439377,0.9359896339488174,0.0357060715667885,0.14370262959261218,0.2727272727272727,0.47368421052631576,0.34615384615384615,0.9416809605488851,33,583,19
T13,190,0.9319054136847731,0.42948675200472963,0.3001429252024775,0.6923076923076922,0.9253177427554652,0.9848493046913045,0.41874376869391833,0.8088127175315787,0.4195455278962772,0.9150145772594752,0.03571096142791389,0.13691447350138217,0.2857142857142857,0.6666666666666666,0.4,0.9210526315789473,56,608,24
T13,191,0.8319793335468242,0.3197623118333456,0.319816513761468,0.5253164556962029,0.936547875800212,0.9720198969621602,0.39758211678832134,0.7309321657482073,0.36713598127285285,0.914447683835439,0.0445568163779486,0.1700001050008694,0.22448979591836735,0.4230769230769231,0.29333333333333333,0.9131147540983606,49,610,26
T13,192,0.7876083059389978,0.34779312823708164,0.3817559305453659,0.46169772256728786,0.9566819170993333,0.9684307297358241,0.41793842034805906,0.7091898198333105,0.3827675126555298,0.9295756397797216,0.04505293874222738,0.17836619407532067,0.3953488372093023,0.4857142857142857,0.4358974358974359,0.930379746835443,43,632,35
T13,193,0.9109898005841566,0.32667970516844475,0.369472182596291,0.5873015873015873,0.9628789787519945,0.9843736584528204,0.45359019264448336,0.7750902830267908,0.44122455181472575,0.9494655004859086,0.030312873707552188,0.1214555221976388,0.22580645161290322,0.4375,0.2978723404255319,0.9466019417475728,31,618,16
T13,194,0.7523975653206646,0.2285476545071254,0.3692182850960238,0.4875,0.9604343400067864,0.9752769498475267,0.4201939356626135,0.7239671700033932,0.3928247009798679,0.9389860706187237,0.040694683487155485,0.16808968645169006,0.3142857142857143,0.44,0.36666666666666664,0.9372937293729373,35,606,25
T13,195,0.8427573028187572,0.216728763735549,0.30649393243686474,0.5907079646017698,0.9278031958481289,0.9767262140109989,0.40358453897646307,0.7592555802249494,0.3832137873269597,0.9105280207321025,0.04496877105318318,0.16664656960923346,0.3076923076923077,0.5517241379310345,0.3950617283950617,0.9200652528548124,52,613,29
T13,196,0.8626357678876515,0.37452313250471675,0.49484536082474206,0.7001620745542947,0.9462391807875166,0.976720775135271,0.5798657718120802,0.8232006276709057,0.5521059157998938,0.9290249433106575,0.05182125344332178,0.18597989555936512,0.43859649122807015,0.6578947368421053,0.5263157894736842,0.92776886035313,57,623,38
T13,197,0.9347202521670608,0.34172514578519636,0.38352272727272724,0.7500000000000001,0.9486997635933806,0.9889107934943322,0.5075187969924813,0.8493498817966902,0.5101168620171224,0.9405895691609977,0.0321557403779036,0.12420210935852724,0.32558139534883723,0.7,0.4444444444444444,0.9415692821368948,43,599,20
T13,198,0.7996864126792362,0.21948954489911804,0.28844519966015275,0.47432762836185816,0.9431017205360328,0.973611305933511,0.358737287016246,0.7087146744489455,0.33074170662984304,0.9213637836086817,0.041174020598273735,0.16343276992032055,0.2894736842105263,0.4230769230769231,0.34375,0.9297658862876255,38,598,26
T13,199,0.8745976586296944,0.27735741387679563,0.29532825684297187,0.6721311475409835,0.9425551547688952,0.9876936059492624,0.41035173005433234,0.8073431511549394,0.41709670618768085,0.9332037576935538,0.03160457567806215,0.1288702522341739,0.18604651162790697,0.5333333333333333,0.27586206896551724,0.9295302013422819,43,596,15
T13,200,0.8574939761804541,0.27894897078348946,0.3617283950617284,0.6397379912663756,0.9381726859602961,0.9794007490636703,0.46214511041009465,0.7889553386133359,0.4440069534402167,0.9226757369614511,0.04289013150441514,0.16143414939221656,0.36538461538461536,0.6333333333333333,0.4634146341463415,0.9273927392739274,52,606,30
T13,201,0.8149174735747171,0.20037104813273,0.2795031055900621,0.5454545454545453,0.9453474676089515,0.9816536203522505,0.3696098562628336,0.7454010065317485,0.3580171040852079,0.9303854875283447,0.034518913918508906,0.14094361974121128,0.2619047619047619,0.5238095238095238,0.3492063492063492,0.9312080536912751,42,596,21
T13,202,0.915000291439095,0.2576045079689755,0.30040053404539385,0.849056603773585,0.93874926943308,0.9950439846363522,0.44378698224852076,0.8939029366033324,0.4824447398658167,0.9360544217687075,0.029174255788228496,0.1200238054545413,0.3469387755102041,0.85,0.4927536231884058,0.9425287356321839,49,609,20
T13,203,0.8023024586431217,0.22918623276687733,0.3050847457627119,0.49131513647642666,0.9464179636450041,0.9749112715701872,0.376425855513308,0.7188665500607154,0.3500907377934831,0.92562358276644,0.04036227427245667,0.1597164813662139,0.3191489361702128,0.5172413793103449,0.39473684210526316,0.9252032520325203,47,615,29
T13,204,0.7435335895623006,0.17078330562202015,0.21299774605559738,0.37939110070257603,0.928682064986128,0.9671192569483835,0.272825694695056,0.6540365828443521,0.2355614894455327,0.9020894071914479,0.04574897024146745,0.1823492281426549,0.20930232558139536,0.3333333333333333,0.2571428571428571,0.9100346020761245,43,578,27
T13,205,0.8411911931484882,0.3024138186958328,0.3780864197530865,0.6282051282051282,0.9521945432977459,0.9822564855604502,0.47206165703275527,0.790199835751437,0.45732144479825987,0.9378684807256237,0.0376878387776862,0.14747725142228302,0.3170731707317073,0.5652173913043478,0.40625,0.9362416107382551,41,596,23
T13,206,0.7835400441363247,0.15525080610599373,0.22877697841726613,0.40355329949238566,0.9363873724187038,0.9710769230769231,0.29201101928374645,0.6699703359555449,0.2606500902704372,0.9125850340136055,0.04346548214777166,0.16815037184504614,0.2553191489361702,0.41379310344827586,0.3157894736842105,0.9136212624584718,47,602,29
T13,207,0.799362412381426,0.1433373653243643,0.19608790147307417,0.3853820598006644,0.9441752050039409,0.9775169707807427,0.2599231754161332,0.6647786324023027,0.23919186202026543,0.9251052802073211,0.03502379718401615,0.14118779625242098,0.21621621621621623,0.38095238095238093,0.27586206896551724,0.9308072487644151,37,607,21
T13,208,0.6563754427390802,0.07412919010378474,0.05291005291005289,0.08571428571428569,0.9365997638724911,0.9612262207682054,0.0654307524536532,0.5111570247933884,0.017760560571920724,0.9028344671201811,0.044642135099070335,0.18148327666928543,0.05555555555555555,0.08333333333333333,0.06666666666666667,0.9071310116086235,36,603,24
T13,209,0.774468295697867,0.20842278793740562,0.21986970684039084,0.3506493506493508,0.9432128037937165,0.9695344869607604,0.2702702702702703,0.6469310772215335,0.2359210131610972,0.9173469387755102,0.04140424687116464,0.16512038197079815,0.08571428571428572,0.15,0.10909090909090909,0.9184692179700499,35,601,20
T13,210,0.7388721570935721,0.23268703098261626,0.3297442799461641,0.4414414414414413,0.9397459165154267,0.9616194131484463,0.37750385208012316,0.690593678978434,0.33326289378700824,0.9083900226757369,0.054624628724072005,0.21137153659897678,0.2619047619047619,0.34375,0.2972972972972973,0.9114139693356048,42,587,32
T13,211,0.8567576318459711,0.44323709416450513,0.3559602649006623,0.6515151515151515,0.954181389870436,0.9860029211295035,0.4603854389721628,0.8028482706927937,0.45511088655367066,0.9428571428571431,0.03051805981264492,0.1294648582741201,0.25806451612903225,0.5,0.3404255319148936,0.9461805555555556,31,576,16
T13,212,0.8807341750259425,0.36754869367709403,0.4191616766467067,0.7500000000000001,0.9295399515738497,0.9820926068048094,0.5377720870678618,0.8397699757869249,0.5221765183780704,0.9181405895691611,0.047301196343463525,0.16957561240003885,0.3333333333333333,0.6296296296296297,0.4358974358974359,0.9254237288135593,51,590,27
T13,213,0.880702218567317,0.3605180186160296,0.33904619970193745,0.639344262295082,0.9553560942873919,0.9866583497938108,0.44310988475896773,0.7973501782912369,0.44010977235873133,0.9444282474894719,0.029061397556155114,0.12098095472872825,0.28205128205128205,0.5789473684210527,0.3793103448275862,0.9427662957074722,39,629,19
T13,214,0.8793879020616587,0.24714862878644886,0.2602739726027395,0.4794952681388011,0.9491944019757732,0.9799660029140359,0.3374028856825747,0.7143448350572872,0.32091805161539405,0.9323129251700679,0.03330918606121282,0.13031273957572476,0.3157894736842105,0.5,0.3870967741935484,0.934931506849315,38,584,24
T13,215,0.8056494474970289,0.16500507555536742,0.18887573964497048,0.4401544401544401,0.9428137567373637,0.9823524298009215,0.26432593574031144,0.6914840984459019,0.2560760498558528,0.9280531260123097,0.03070962101085955,0.13019878684279776,0.14705882352941177,0.3333333333333333,0.20408163265306123,0.9341216216216216,34,592,15
T13,216,0.6975470083126974,0.04416801293903318,0.07978723404255317,0.33333333333333326,0.9402417962003455,0.9890988372093024,0.12875536480686692,0.6367875647668394,0.13727897095255953,0.9309523809523808,0.023473281233886187,0.11201530890079947,0.09375,0.3333333333333333,0.14634146341463414,0.9409780775716695,32,593,9
T13,217,0.8822995065062688,0.31110591574402113,0.41585593044918256,0.6420581655480985,0.9518520414256709,0.9803194573793249,0.5047738693467338,0.7969551034868847,0.48506969250113163,0.9361516034985423,0.0401935371692124,0.15058150950774643,0.3829787234042553,0.6206896551724138,0.47368421052631576,0.9342105263157895,47,608,29
T13,218,0.7968624485676883,0.1994965245715101,0.2788778877887789,0.4579945799457994,0.9482901431783219,0.9756513270026784,0.3466666666666667,0.7031423615620607,0.3215763230689528,0.9277777777777778,0.039236869492562006,0.15549402985945218,0.225,0.391304347826087,0.2857142857142857,0.9251247920133111,40,601,23
T13,219,0.8923113113025908,0.12901942560742624,0.1651959778370616,0.605263157894737,0.932660155603377,0.99076793219266,0.25955182975979396,0.7689616567490569,0.2896491382160634,0.9256073858114674,0.02732714982307294,0.1138189019839728,0.1702127659574468,0.6153846153846154,0.26666666666666666,0.9279869067103109,47,611,13
T13,220,0.8304725230815054,0.39314660610202196,0.4637537239324721,0.7108066971080667,0.9338478500551272,0.9756815563803918,0.5612980769230764,0.822327273581597,0.5322442593749799,0.917233560090703,0.05638271984600788,0.20688657164517152,0.3148148148148148,0.5666666666666667,0.40476190476190477,0.9110320284697508,54,562,30
T13,221,0.9063124868458441,0.595179352493924,0.5608662026295439,0.793261868300153,0.9503402193496474,0.9829036635006785,0.6571221457049656,0.8718010438249003,0.6358839576962815,0.9387107223841918,0.049288771098074946,0.1755166284097543,0.4230769230769231,0.7096774193548387,0.5301204819277109,0.9365853658536586,52,615,31
T13,222,0.8824312718786469,0.31511209816592506,0.21566401816118047,0.76,0.9193698949824971,0.9924423730948482,0.3359858532272325,0.8396849474912484,0.3760069376657763,0.9148526077097507,0.029471065731237273,0.12374106279997985,0.2692307692307692,0.7777777777777778,0.4,0.9286926994906621,52,589,18
T13,223,0.7864529808428392,0.3057591998190265,0.20851063829787236,0.4289693593314764,0.9309098890708631,0.9746331978080255,0.2806195496550827,0.6799396242011697,0.2567287792346464,0.9104794298671849,0.0378035566271419,0.15376441234553725,0.24390243902439024,0.4166666666666667,0.3076923076923077,0.921875,41,576,24
T13,224,0.8934655144649118,0.24511822968307137,0.33074162679425867,0.6457765667574933,0.9432661269878826,0.9839574077991678,0.43744232036914993,0.7945213468726879,0.43054752009038605,0.9308875931324909,0.03766245535867739,0.14046515448387356,0.2857142857142857,0.6086956521739131,0.3888888888888889,0.9262981574539364,49,597,23
T13,225,0.8643728997245496,0.24285263685761493,0.30647709320695093,0.659863945578231,0.9485104386582218,0.9877855136191522,0.41855447680690383,0.8041871921182265,0.42310971654128293,0.9388888888888891,0.030878843272709466,0.12628110660771086,0.3333333333333333,0.6818181818181818,0.44776119402985076,0.9384359400998337,45,601,22
T13,226,0.8252092944008291,0.2162683079699975,0.29544008483563095,0.5702005730659025,0.9439769296929018,0.9815870232354231,0.38921486448728687,0.7570887513794022,0.37741370752063086,0.9291869128603821,0.03633028815145892,0.14581788953960503,0.2727272727272727,0.5454545454545454,0.36363636363636365,0.9285714285714286,44,588,22
T13,227,0.8515147409022303,0.31203078472850587,0.3628536285362853,0.6629213483146068,0.938149253731343,0.9812663919070812,0.4689984101748807,0.8005353010229748,0.45479712824946317,0.9242630385487527,0.04073882730718209,0.15583185452833842,0.36538461538461536,0.6551724137931034,0.4691358024691358,0.9295081967213115,52,610,29
T13,228,0.6615780474645315,0.13290577632316544,0.09604829857299668,0.18181818181818182,0.9449302014544845,0.9728896998072156,0.12569581612497752,0.5633741916363332,0.0934760923485025,0.9211370262390672,0.03534838823264789,0.15263440069114945,0.1,0.16666666666666666,0.125,0.930116472545757,30,601,18
T13,229,0.8368821288868836,0.22580422269603911,0.31210191082802524,0.4957081545064377,0.9390540032148837,0.9709153273572727,0.38303920407438097,0.7173810788606607,0.3507779712949036,0.9156300615484289,0.04586698679659796,0.17023965571330513,0.27450980392156865,0.45161290322580644,0.34146341463414637,0.9129032258064517,51,620,31
T13,230,0.9287658937920719,0.24332928507478588,0.23578550255995687,0.5555555555555555,0.9528629601928029,0.9879370659497837,0.3310631857737419,0.7542092578741793,0.3372605761442242,0.9427275672173631,0.024976173287318517,0.10528194501627189,0.15625,0.4166666666666667,0.22727272727272727,0.943801652892562,32,605,12
T13,231,0.8926293000460316,0.37149234030364436,0.46367239101717295,0.745222929936306,0.9513714217271528,0.9851172020339825,0.5716612377850162,0.8482971758317293,0.559128156691092,0.9403628117913831,0.04094148996308387,0.15281028266385602,0.4444444444444444,0.6896551724137931,0.5405405405405406,0.9433333333333334,45,600,29
T13,232,0.8851787528590948,0.27039850745559607,0.34067336843784873,0.7176470588235295,0.9296860376074192,0.9848574982423881,0.46202120753083725,0.8236665482154744,0.45905000153792325,0.9194687398769033,0.039755885879744005,0.14871652765822432,0.3018867924528302,0.64,0.41025641025641024,0.9259259259259259,53,621,25
T13,233,0.8152961488615003,0.22671931868514517,0.2561397725399706,0.5323741007194248,0.9232757008551368,0.9754818314084025,0.34587135544179864,0.7278249007872806,0.324866646301921,0.9047942986718497,0.04293831672472967,0.1670962473391564,0.24528301886792453,0.5,0.3291139240506329,0.9132569558101473,53,611,26
T13,234,0.8036989312343166,0.22503776798769756,0.2540381791483115,0.5274390243902438,0.9401789919924634,0.9809558913871482,0.3429137760158575,0.7338090081913536,0.3314927768828306,0.9248299319727891,0.03550469523022834,0.14560385943587897,0.2708333333333333,0.5416666666666666,0.3611111111111111,0.9252032520325203,48,615,24
T13,235,0.9115036715620826,0.28900745047095516,0.24917853231106254,0.7500000000000001,0.9313584779706273,0.991912836372685,0.3740750890654976,0.8406792389853137,0.405301922050973,0.926012309685779,0.02791105636975257,0.11586371356958447,0.21818181818181817,0.7058823529411765,0.3333333333333333,0.9240506329113924,55,632,17
T13,236,0.7618102103511356,0.178819353029296,0.25147928994082824,0.43589743589743596,0.9399762752075917,0.9729862475442043,0.31894934333958713,0.6879368555525138,0.29046633985658893,0.9176870748299322,0.041681315207114315,0.1662751580282502,0.23809523809523808,0.4,0.29850746268656714,0.9216666666666666,42,600,25
T13,237,0.8482636093034304,0.29955442491201406,0.2634408602150538,0.5422535211267606,0.9495581737849776,0.9842145434360254,0.3546052631578948,0.7459058474558691,0.34899831492958233,0.9364431486880465,0.03120830478760778,0.13025042119481875,0.2222222222222222,0.47058823529411764,0.3018867924528302,0.9389438943894389,36,606,17
T13,238,0.820645002678396,0.23770912955306756,0.2660472972972976,0.4800000000000004,0.9411993571851477,0.9760543119781068,0.34234479011003977,0.7105996785925739,0.31933218159197396,0.9215905409782958,0.03938112162756462,0.15498023499699912,0.30434782608695654,0.5185185185185185,0.3835616438356164,0.9263502454991817,46,611,27
T13,239,0.8734458704069916,0.42333756276497075,0.4221698113207548,0.7117296222664016,0.9410845256703136,0.9818113396889111,0.5299777942264989,0.8264070739683576,0.5135412455478798,0.9280045351473922,0.04313786995580144,0.16214655609183615,0.3541666666666667,0.6296296296296297,0.4533333333333333,0.9312080536912751,48,596,27
T13,240,0.7236699325559222,0.14618547244256488,0.2,0.24096385542168683,0.9524092801903628,0.962139423076923,0.21857923497267764,0.5966865678060248,0.17706893755459507,0.9189342403628119,0.04556875088717374,0.18122659968722524,0.12121212121212122,0.15384615384615385,0.13559322033898305,0.9161184210526315,33,608,26
T13,241,0.7675710986981709,0.21458165242955163,0.3019607843137254,0.31492842535787313,0.9572680350498141,0.9596871239470518,0.30830830830830824,0.6360982302038436,0.2668700704493827,0.9216553287981859,0.049200338739469544,0.18898832189249679,0.3142857142857143,0.3235294117647059,0.3188405797101449,0.9238249594813615,35,617,34
T13,242,0.830048056452914,0.20732635612351738,0.27277419354838706,0.5101351351351353,0.9527720050948583,0.9824591722111813,0.3554733479065075,0.7314535701149967,0.34372859560274915,0.9379170715905409,0.03281750111131334,0.13323790138785238,0.21621621621621623,0.4444444444444444,0.2909090909090909,0.9357495881383855,37,607,18
T13,243,0.8055277006509873,0.2801557882765601,0.2903110475509476,0.5631067961165048,0.9325472339268721,0.9775585081751148,0.3831092238735552,0.7478270150216885,0.36437703662765564,0.9152899254940072,0.04097313388212127,0.16261460951373344,0.3103448275862069,0.6,0.4090909090909091,0.917981072555205,58,634,30
T13,244,0.8984022829299899,0.35123545111364324,0.3884829505915102,0.8096446700507616,0.9404055474551559,0.9906236605229318,0.5250411474253469,0.8750251087529587,0.5332438430252338,0.9345643019112407,0.03529679192258878,0.1363478273553946,0.28888888888888886,0.7222222222222222,0.4126984126984127,0.9382303839732888,45,599,18
T13,245,0.8840692411609319,0.3595868152807951,0.43533697632058305,0.5382882882882885,0.962989493791786,0.9752146052472493,0.48136958710976857,0.7506388910400372,0.453652274586814,0.941609977324263,0.03935688070410529,0.14696142659545325,0.3611111111111111,0.48148148148148145,0.4126984126984127,0.9392446633825944,36,609,27
T13,246,0.6539408011347492,0.10967883868678265,0.1504132231404959,0.24920127795527158,0.9482107172244705,0.971691619342626,0.18759663288094833,0.5987059975898711,0.15525772307908267,0.9234045999352123,0.039309709853717206,0.16785788509313895,0.15789473684210525,0.2727272727272727,0.2,0.9239302694136292,38,631,22
T13,247,0.8843051959422493,0.4914996036854852,0.5319740500463395,0.6040515653775325,0.9651357462158479,0.9737914460852606,0.5657262535419493,0.78459365579669,0.536540122488372,0.9429057337220603,0.043079661936702686,0.15847336390759756,0.4482758620689655,0.4642857142857143,0.45614035087719296,0.9461805555555556,29,576,28
T13,248,0.8413142642042337,0.28019814862379616,0.23526460998244286,0.4802867383512543,0.9490022914680448,0.9824251554031824,0.31582491582491573,0.7146445149096496,0.3056989175381324,0.9341755749919014,0.029971756067178845,0.12554030857743678,0.2647058823529412,0.47368421052631576,0.33962264150943394,0.9436392914653784,34,621,19
T13,249,0.9090360662131045,0.3449089223808804,0.3887016530251968,0.7671840354767184,0.9349811378727617,0.9867589039615199,0.5159778440562423,0.85108258667474,0.5134543086609265,0.9264010366051183,0.04079963403984045,0.14912906568577644,0.3076923076923077,0.6956521739130435,0.4266666666666667,0.9292763157894737,52,608,23
T13,250,0.8158886214836791,0.19110363165714744,0.24545454545454556,0.4668587896253605,0.9412250678626226,0.9773284313725491,0.32174776564051655,0.7040419287439915,0.3015197117374849,0.9225623582766441,0.03756877879527617,0.14893285177034116,0.28205128205128205,0.44,0.34375,0.9310344827586207,39,609,25
T13,251,0.8192708901906738,0.2284598832012524,0.23402163225172068,0.4171779141104295,0.9475932591072689,0.9769385490359273,0.29984251968503933,0.6823855866088491,0.2774025825952489,0.9279883381924199,0.0348078545280541,0.14277884764313628,0.23684210526315788,0.4090909090909091,0.3,0.930116472545757,38,601,22
T13,252,0.7859338541829478,0.2099621673745107,0.2999999999999998,0.3959731543624159,0.9506747880090767,0.9671931956257593,0.3413693346190933,0.6733239711857464,0.3043385803333741,0.922562358276644,0.04479776434989663,0.17467876874932953,0.32558139534883723,0.4375,0.37333333333333335,0.9244372990353698,43,622,32
T13,253,0.8525800368059911,0.364483241403588,0.41089213816486553,0.6487119437939112,0.9526816564824427,0.9815857315725786,0.5031136481577583,0.8006968001381769,0.4858329744986398,0.9379656624554584,0.03904384915814841,0.1527877045456216,0.3953488372093023,0.6296296296296297,0.4857142857142857,0.9398998330550918,43,599,27
T13,254,0.8593479073142466,0.22389395881302107,0.2539912917271408,0.5645161290322579,0.9396004700352525,0.9833968761529948,0.35035035035035034,0.7520582995337552,0.3459354215032069,0.9264172335600909,0.03361384704652687,0.13376102440597498,0.14285714285714285,0.4,0.21052631578947367,0.9242424242424242,42,594,15
T13,255,0.8317082336937683,0.2721855435165936,0.31174438687392053,0.626736111111111,0.9033236293061618,0.9719394413991124,0.41637831603229525,0.7650298702086364,0.387774904261458,0.8852607709750566,0.05453354219841044,0.19674080162995822,0.3333333333333333,0.5714285714285714,0.42105263157894735,0.9083333333333333,60,600,35
T13,256,0.8397934890182155,0.3290749440148489,0.4104397568823743,0.6096654275092938,0.94311242970987,0.973818259537634,0.49059829059829085,0.7763889286095818,0.4608788592851051,0.9227729186912862,0.048481532762140206,0.17964134961443706,0.3125,0.5172413793103449,0.38961038961038963,0.9206081081081081,48,592,29
T13,257,0.8606682159735694,0.4390269572302547,0.47888307155322846,0.7232472324723246,0.9484692644876263,0.9812533476164971,0.5762284754304912,0.8358582484799755,0.5559507384727391,0.9346290897311303,0.045632516741362546,0.171137306565699,0.38,0.6551724137931034,0.4810126582278481,0.9308600337268128,50,593,29
T13,258,0.7365249820273194,0.0891846301168867,0.09494991652754586,0.25,0.9276201602136179,0.9760307649083374,0.1376285541439806,0.588810080106809,0.11228356962936677,0.9076449627470036,0.03618599374992787,0.14827341754178291,0.0975609756097561,0.23529411764705882,0.13793103448275862,0.9168053244592346,41,601,17
T13,259,0.9106094537277838,0.3198102633160368,0.3504396195944731,0.8611111111111114,0.9391310196394941,0.9943917246781918,0.4981507460783062,0.9001210653753027,0.5253080712214058,0.9362649821833495,0.031002220574821705,0.12461476473922105,0.3333333333333333,0.85,0.4788732394366197,0.9383333333333334,51,600,20
T13,260,0.7907236399582807,0.12435516165960833,0.1305662913796,0.44223107569721104,0.9137422269643061,0.9824338131172812,0.2016087182148416,0.6779866513307586,0.20056176205561038,0.9003239390994493,0.032713878256203754,0.13294053292453795,0.1346153846153846,0.4117647058823529,0.2028985507246377,0.908485856905158,52,601,17
T13,261,0.8731617984290687,0.2718274772527406,0.3848857644991216,0.5703125000000001,0.9585111427216692,0.9800024239486124,0.4596012591815323,0.7644118213608346,0.4392738337313558,0.9416099773242628,0.03783424581584992,0.14358324467220998,0.2571428571428571,0.42857142857142855,0.32142857142857145,0.9378068739770867,35,611,21
T13,262,0.830801012744259,0.25350604575603136,0.3371298405466973,0.6028513238289207,0.9301236643054388,0.9754469906824478,0.4324324324324326,0.7664874940671798,0.408161282969649,0.9119047619047619,0.046789331523088104,0.17541170507570092,0.32786885245901637,0.6060606060606061,0.425531914893617,0.9138755980861244,61,627,33
T13,263,0.824518311765204,0.25908087074935054,0.30949105914718034,0.6000000000000003,0.9405565423327412,0.9814654639812184,0.4083484573502725,0.7702782711663706,0.3965834743297356,0.9260770975056687,0.0384616623467479,0.15102077746043657,0.24324324324324326,0.47368421052631576,0.32142857142857145,0.9357021996615905,37,591,19
T13,264,0.8546300512446254,0.2889695383986677,0.4043898156277439,0.6278625954198477,0.94158975065436,0.9756445713266124,0.4919363451885082,0.7847261730371036,0.4652004656489838,0.9229510851959831,0.04756486784817565,0.1733183548605151,0.40384615384615385,0.6176470588235294,0.4883720930232558,0.9255499153976311,52,591,34
T13,265,0.7513332962778877,0.13988031721583022,0.206297941057731,0.3832020997375328,0.9334382882196604,0.9710315922938751,0.26820627214276327,0.6583201939785966,0.2369592628211014,0.9096695821185617,0.04318460375446599,0.17008857768551647,0.22448979591836735,0.4074074074074074,0.2894736842105263,0.9130434782608695,49,621,27
T13,266,0.7880168941506016,0.23409129368432158,0.36642599277978305,0.5107632093933461,0.9456871206780944,0.969165168974874,0.4267196076141536,0.7282251650357203,0.3913830560358646,0.9204891480401685,0.049042499028189745,0.18784901194788692,0.35714285714285715,0.46875,0.40540540540540543,0.92914653784219,42,621,32
T13,267,0.8374266048602323,0.20730658445606812,0.2021542304089915,0.5362318840579708,0.9138474504846181,0.9797592800086746,0.29361750368438944,0.7250396672712947,0.28613897272669647,0.8990767735665693,0.039424932752468965,0.15223936796874826,0.19230769230769232,0.47619047619047616,0.273972602739726,0.9145161290322581,52,620,21
T13,268,0.7364539275434794,0.14692137671641226,0.15599343185550085,0.441860465116279,0.9402672864613596,0.9853854585312386,0.2305825242718447,0.6910638757888193,0.23243235038183732,0.9281179138321997,0.029592118095678403,0.13222769678035817,0.175,0.4666666666666667,0.2545454545454545,0.9310924369747899,40,595,15
T13,269,0.7903583034168054,0.12481606415906854,0.15404805168584698,0.47598253275109187,0.9303257561900327,0.9852078820856887,0.23276388041488716,0.7031541444705622,0.23786727428465396,0.9185293164885004,0.03054862457348069,0.13117844600602022,0.15217391304347827,0.4666666666666667,0.22950819672131148,0.9208754208754208,46,594,15
T13,270,0.8796610053948842,0.3390526967250155,0.3693901035673188,0.7039473684210528,0.9344811095169776,0.98302100364734,0.4845283018867925,0.8192142389690151,0.47433035617332275,0.922562358276644,0.04150007427687305,0.15369507193554516,0.28,0.6086956521739131,0.3835616438356164,0.9258649093904449,50,607,23
T13,271,0.8919110986024504,0.35445829679549234,0.36775106082036785,0.7761194029850745,0.9473187978786095,0.9907555774682608,0.4990403071017275,0.8617191004318421,0.5092714378415628,0.9408163265306121,0.032010916228872664,0.12999440779228758,0.2619047619047619,0.6875,0.3793103448275862,0.9387755102040817,42,588,16
T13,272,0.8385165786869027,0.14962054447575768,0.2195504443282802,0.75,0.9507423292642692,0.9951652450184756,0.3396684189243833,0.8503711646321346,0.3878922173522303,0.9471007450599288,0.02461215856676513,0.11279774829437463,0.21052631578947367,0.7272727272727273,0.32653061224489793,0.9461663947797716,38,613,11
T13,273,0.8286377604036528,0.23209518340795676,0.3394603050449746,0.6739130434782608,0.942904468933811,0.9851658248860947,0.45149544863459035,0.808408756206036,0.4474763478978992,0.931681243926142,0.037647641117429284,0.14992470971378666,0.4166666666666667,0.7142857142857143,0.5263157894736842,0.9401993355481728,48,602,28
T13,274,0.9130561287917063,0.34695297438506323,0.40825309491059086,0.8330058939096268,0.9260532512848717,0.9890765559023315,0.5479553217022056,0.8795295725972492,0.5491782088780347,0.9206835114998378,0.04438626862264913,0.15891517533988236,0.43478260869565216,0.8333333333333334,0.5714285714285714,0.9271844660194175,69,618,36
T13,275,0.7924239336206255,0.2020069508563494,0.31331533963112923,0.5115681233933163,0.9482691427893657,0.9767863999720737,0.388617659366718,0.729918633091341,0.3652390872483081,0.9290087463556852,0.04065779686151618,0.16168238617953523,0.275,0.4583333333333333,0.34375,0.9290540540540541,40,592,24
T13,276,0.7577031145990261,0.1653271789380711,0.2568493150684932,0.35294117647058826,0.9483025610482431,0.9666100048567265,0.29732408325074333,0.6506218687594156,0.25945273310892064,0.9196145124716553,0.04572135125004559,0.17903603674938978,0.20512820512820512,0.2962962962962963,0.24242424242424243,0.9152542372881356,39,590,27
T13,277,0.948659580997015,0.5501954499638178,0.40540540540540515,0.8421052631578946,0.9587580550673694,0.9945308701993194,0.5473204104903076,0.900431659112632,0.5659454856781307,0.9549886621315193,0.02462565885017415,0.10440900806999544,0.3684210526315789,0.8235294117647058,0.509090909090909,0.9548494983277592,38,598,17
T13,278,0.8800720412803035,0.3424076670509328,0.4552736982643525,0.6673189823874758,0.9508966181249247,0.9789369347044974,0.5412698412698413,0.8091078002562001,0.5181078914760009,0.9344671201814059,0.044761752982263855,0.1633721592474397,0.4186046511627907,0.6,0.4931506849315068,0.9393442622950819,43,610,30
T13,279,0.9341564164134731,0.2009572069762824,0.19937694704049855,0.56140350877193,0.9401769087523275,0.9877720714111029,0.2942528735632185,0.7507902087621288,0.30638257589851575,0.9303854875283446,0.02783497246486199,0.11626632020068048,0.20454545454545456,0.5625,0.3,0.9313725490196079,44,612,16
T13,280,0.848635279377395,0.23304713688876122,0.27079303675048383,0.5714285714285716,0.936414235115534,0.9814389252253845,0.36745406824147014,0.7539214032720527,0.3579024831849466,0.9219306770327179,0.036097018202970406,0.14102717564139278,0.16666666666666666,0.4117647058823529,0.23728813559322035,0.9263502454991817,42,611,17
T13,281,0.8476811449128974,0.3067904267116186,0.4103199174406605,0.59915611814346,0.9510971894149464,0.9766236048861938,0.4870758299644739,0.7751266537792032,0.4614292502634088,0.9321833495302883,0.043614267740450116,0.16414458054282208,0.2777777777777778,0.43478260869565216,0.3389830508474576,0.9348914858096828,36,599,23
T13,282,0.8795522176673033,0.317613174199877,0.3978743068391866,0.5642201834862383,0.9555956924754632,0.9768341113356092,0.46666666666666656,0.7599079379808509,0.4413381748996508,0.9362487852283774,0.03986430810539143,0.1498114846511784,0.37777777777777777,0.5666666666666667,0.4533333333333333,0.9340836012861736,45,622,30
T13,283,0.8531443355528735,0.19812445178418547,0.27120418848167543,0.6379310344827588,0.9417183051415174,0.9870973404722198,0.3806024981631154,0.7898246698121381,0.3869422575553927,0.9317298347910593,0.03227991475035091,0.13115039717038376,0.21739130434782608,0.5882352941176471,0.31746031746031744,0.9258620689655173,46,580,17
T13,284,0.7963128231542005,0.2524588053344763,0.31161521405423864,0.5209580838323353,0.9306922191884325,0.9699339620953165,0.3899679829242264,0.725825151510384,0.35659749119026934,0.907418205377389,0.05020129354074963,0.18992289928091022,0.3137254901960784,0.5,0.3855421686746988,0.9170731707317074,51,615,32
T13,285,0.8245618261710732,0.121017218376277,0.15577495690330675,0.49477351916376305,0.909812325258241,0.9816651312343069,0.2369487485101312,0.702292922211002,0.23580991098041318,0.8963070942662781,0.037014193255872095,0.14503017508563082,0.1774193548387097,0.5238095238095238,0.26506024096385544,0.9028662420382165,62,628,21
T13,286,0.9481866201205749,0.4300386480570371,0.4319794952681385,0.8622589531680441,0.9513336373925234,0.993823674737065,0.575594378037567,0.9067962952802837,0.5885833026457986,0.9476676384839651,0.03093053714373811,0.12034259508427769,0.3958333333333333,0.8260869565217391,0.5352112676056338,0.9468599033816425,48,621,23
T13,287,0.8568903608902206,0.2236648681792644,0.23127753303964763,0.4477611940298509,0.9412408451889889,0.9773601398601398,0.30501089324618746,0.6945010196094198,0.28488678490917996,0.9224975704567541,0.03557022652577043,0.13879274081905352,0.25,0.4583333333333333,0.3235294117647059,0.9232053422370617,44,599,24
T13,288,0.923915156656285,0.4044677076992403,0.4176176176176176,0.6962616822429906,0.9504800490262834,0.983963344788087,0.5220873482668001,0.823370865634637,0.5096264974184975,0.9381438289601555,0.03730568150161942,0.1402925715995313,0.35555555555555557,0.64,0.45714285714285713,0.9370860927152318,45,604,25
T13,289,0.7180186841667522,0.1603498740364284,0.2435530085959886,0.43037974683544306,0.9373293768545994,0.9722974636788969,0.3110704483074109,0.6838545618450212,0.28172715170583035,0.9146258503401361,0.04493638406575811,0.18220324926827694,0.19148936170212766,0.36,0.25,0.9136,47,625,25
T13,290,0.8905193529942248,0.2932798775935972,0.3742331288343559,0.6991404011461319,0.9518356746547042,0.9871449559255631,0.4875124875124876,0.825488037900418,0.4850242133104626,0.9418367346938775,0.0326951478763831,0.12880401255639906,0.32558139534883723,0.6666666666666666,0.4375,0.9413680781758957,43,614,21
T13,291,0.85326797527174,0.22278084966814246,0.29178586023702496,0.5382585751978893,0.9413407348486134,0.9784505506104211,0.3784285146415795,0.7397996550232513,0.36000721686082593,0.9240200842241659,0.039162867379663825,0.1507380072957172,0.2391304347826087,0.4782608695652174,0.3188405797101449,0.9225700164744646,46,607,23
T13,292,0.9069528333616583,0.42327593995195334,0.48430936496169985,0.7887323943661972,0.9647793435153151,0.9909001091986896,0.6001224739742803,0.8767558689407562,0.5983944491155957,0.9576935536119208,0.03099338770991274,0.12565402379379803,0.3783783783783784,0.7368421052631579,0.5,0.9531772575250836,37,598,19
T13,293,0.8894124636259572,0.23904199874089768,0.29783248595129785,0.6516393442622951,0.9562899786780384,0.989741909901212,0.40881542699724516,0.8039646614701668,0.41812068564660954,0.9478620019436345,0.02682469292804608,0.11516230020421207,0.24242424242424243,0.5714285714285714,0.3404255319148936,0.9484193011647255,33,601,14
T13,294,0.8007254836243084,0.15344720999110664,0.1903798606428411,0.4636015325670497,0.9398794919299651,0.98289434640694,0.26991714467813893,0.7017405122485075,0.2644103904527091,0.9257855523161644,0.03079731521259028,0.13044722422243338,0.15384615384615385,0.375,0.21818181818181817,0.9277310924369748,39,595,16
T13,295,0.774224073593372,0.17321640951965409,0.26470588235294107,0.49868073878627994,0.9378035777751448,0.9765605724154945,0.3458371454711802,0.7182421582807123,0.32451351839144993,0.9189342403628118,0.040844776740910436,0.16352158947673934,0.23404255319148937,0.4583333333333333,0.30985915492957744,0.9207119741100324,47,618,24
T13,296,0.7491296625222019,0.15074946228828412,0.21936459909228445,0.3866666666666666,0.9388987566607458,0.9718102708665277,0.27992277992278,0.6627827116637062,0.24947931270489082,0.915419501133787,0.041692228334832826,0.16705155132463168,0.2727272727272727,0.42857142857142855,0.3333333333333333,0.9194630872483222,44,596,28
T13,297,0.7099960679315571,0.10711928327584588,0.10629401408450702,0.2664092664092664,0.93223421829893,0.9767466256381564,0.15195847097687587,0.5993217423540982,0.12843473847408834,0.9126822157434401,0.0340265326861819,0.14490339464520935,0.1111111111111111,0.2777777777777778,0.15873015873015872,0.9143780290791599,45,619,18
T13,298,0.8393997742418513,0.16421671702423019,0.23069422776911083,0.555921052631579,0.9338220492518282,0.983307425987423,0.3260749724366042,0.7448715509417035,0.32373729120832323,0.9207968901846454,0.03463955508099739,0.1380616542403635,0.2,0.5263157894736842,0.2898550724637681,0.919672131147541,50,610,19
T13,299,0.822129261528535,0.16111069912112552,0.22598105548037914,0.5622895622895625,0.9328874809339435,0.9839128820690509,0.32239382239382275,0.7475885216117529,0.3223889876938503,0.9204081632653061,0.03345289095064648,0.13629094619850404,0.23076923076923078,0.5714285714285714,0.3287671232876712,0.9198036006546645,52,611,21
T13,300,0.8660382322355578,0.2695771474013506,0.3937789543348777,0.6219512195121952,0.9533208765075589,0.9810337895712063,0.48223693097392956,0.787636048009877,0.46434826671558493,0.9379170715905409,0.03993192561087311,0.15061329657630657,0.4222222222222222,0.6333333333333333,0.5066666666666667,0.9410828025477707,45,628,30
T13,301,0.8707296040629376,0.4520459489487997,0.45706371191135725,0.6666666666666667,0.952912912912913,0.9796245986663373,0.5423171733771569,0.8097897897897899,0.5201568608362737,0.9368480725623582,0.04170644447347367,0.15956177731576845,0.2702702702702703,0.47619047619047616,0.3448275862068966,0.9347079037800687,37,582,21
T13,302,0.8485518494294233,0.3356794233975423,0.3753351206434316,0.6336633663366336,0.9359505197148011,0.9767804633149251,0.4714300747132484,0.7848069430257174,0.44785033897250703,0.9186426951733075,0.046322124248731576,0.17394008072830644,0.24489795918367346,0.48,0.32432432432432434,0.9148211243611585,49,587,25
T13,303,0.6946471480279306,0.12091742969702605,0.15828151498021473,0.30769230769230754,0.9243009659379763,0.9665089575248523,0.20903322135125035,0.6159966368151419,0.17014861220215874,0.8970359572400387,0.045948854404529,0.18552941867804654,0.1111111111111111,0.21739130434782608,0.14705882352941177,0.9039735099337748,45,604,23
T13,304,0.8732935070696796,0.20369301491408187,0.25628535512256445,0.650837988826816,0.9200965661613262,0.9841989309448136,0.36775648252536647,0.785467277494071,0.3705412107276583,0.9091674765144151,0.038296444581157774,0.14518995018373976,0.29310344827586204,0.6538461538461539,0.40476190476190477,0.9176276771004942,58,607,26
T13,305,0.7338095972970373,0.23012028866583314,0.305050505050505,0.37655860349127196,0.9591400403848439,0.96996996996997,0.33705357142857145,0.6678493219380579,0.30384864736006106,0.9326530612244897,0.04155902830809997,0.17037337334087432,0.3235294117647059,0.39285714285714285,0.3548387096774194,0.9351701782820098,34,617,28
T13,306,0.8809226881007621,0.2363369144925465,0.29428819947810975,0.725,0.9596619158104075,0.9933952068072257,0.4186430191792123,0.8423309579052037,0.44380837316817096,0.9543407839326207,0.022900050904817552,0.10409285408126753,0.2857142857142857,0.7142857142857143,0.40816326530612246,0.9524590163934427,35,610,14
T13,307,0.8827074658875353,0.3268175433891015,0.39654790882938706,0.6900269541778976,0.9538914157212177,0.9859317383478092,0.5036537380550872,0.8219591849495577,0.49627177124024274,0.9427923550372529,0.0333975253531901,0.13187153721372535,0.34375,0.5789473684210527,0.43137254901960786,0.9521452145214522,32,606,19
T13,308,0.8364374716601265,0.15693804582029497,0.21602288984263218,0.5016611295681063,0.9356732010799388,0.9815293683043961,0.3019999999999998,0.7186671653240225,0.2939326191233977,0.9208616780045352,0.035256187162099724,0.13904284410813442,0.2727272727272727,0.5454545454545454,0.36363636363636365,0.930116472545757,44,601,22
T13,309,0.6858876353512288,0.12409350936981459,0.19036038027857619,0.29782082324455195,0.9377729443151112,0.9645210339584388,0.23226328567574858,0.6177968837798316,0.19102119229307354,0.9078069322967284,0.04794693974928895,0.1931859016744748,0.20454545454545456,0.3103448275862069,0.2465753424657534,0.9104234527687296,44,614,29
T13,310,0.8826233911971892,0.22438179154310595,0.34274107333760945,0.6656976744186046,0.9481898469628529,0.9858927851672713,0.45250529287226526,0.8069437606907288,0.44915946482244584,0.9371720116618077,0.034373750572140996,0.13447732563415024,0.32558139534883723,0.6363636363636364,0.4307692307692308,0.9384359400998337,43,601,22
T13,311,0.807282259079931,0.14421723211429757,0.11764705882352944,0.27450980392156865,0.9387040280210158,0.9775075987841945,0.1647058823529412,0.6066069159712922,0.14243696562243766,0.9195011337868481,0.032178819610899245,0.1347794785603922,0.0975609756097561,0.23529411764705882,0.13793103448275862,0.92,41,625,17
T13,312,0.7232678100281411,0.14477069481963195,0.1986242476354257,0.28571428571428553,0.9362800396540523,0.95953615470852,0.2343393355313213,0.6109971626841689,0.1873785254994004,0.9022027858762551,0.05098198082350669,0.19802503160080032,0.20408163265306123,0.3125,0.24691358024691357,0.9031746031746032,49,630,32
T13,313,0.8571255286542803,0.22702633690095267,0.2932761087267526,0.6612903225806452,0.9419506462984724,0.9870705578130772,0.406342913776016,0.8016204844395587,0.4112378809709985,0.9320861678004534,0.03272893628008793,0.13136910136784116,0.2222222222222222,0.5333333333333333,0.3137254901960784,0.9404761904761905,36,588,15
T13,314,0.830694527227847,0.2745322413994514,0.3870222222222223,0.6602972399150742,0.9410023441643993,0.9800409872583088,0.4880071732795338,0.8006497920397369,0.46980310257757857,0.9260123096857792,0.04465547032909806,0.16982009386162555,0.39215686274509803,0.6451612903225806,0.4878048780487805,0.9302325581395349,51,602,31
T13,315,0.8828945317800977,0.3072745768808567,0.317664075212439,0.6259351620947626,0.9359611762509968,0.9813197174829654,0.42144399136483557,0.78094816917288,0.40987546686801807,0.9218658892128281,0.03896151722011105,0.14997772800737535,0.32727272727272727,0.6428571428571429,0.43373493975903615,0.9208754208754208,55,594,28
T13,316,0.807694701804041,0.32222616871209925,0.4094468918257465,0.49380165289256195,0.9586475185083632,0.9702535817115898,0.44768530907144766,0.7262245857004626,0.4144818025348112,0.9331389698736638,0.0450566403670048,0.17327943721966418,0.21212121212121213,0.2916666666666667,0.24561403508771928,0.9264957264957265,33,585,24
T13,317,0.925224456999969,0.28434136602170484,0.17236024844720507,0.5522388059701492,0.93815987933635,0.9889921722113504,0.2627218934911244,0.7451993426532496,0.2812952451819565,0.9293650793650793,0.026028356431271566,0.11114641609212024,0.18604651162790697,0.5714285714285714,0.2807017543859649,0.931323283082077,43,597,14
T13,318,0.8245173709199003,0.2189160438094643,0.33980582524271874,0.5662650602409641,0.9456785926744286,0.9778554983391624,0.4247353472760137,0.7559718264576962,0.40326752706416447,0.9278263686426952,0.042765219009802666,0.1641690538806693,0.34146341463414637,0.5384615384615384,0.417910447761194,0.9361702127659575,41,611,26
T13,319,0.8826329870947434,0.3507392613540647,0.28737300435413643,0.5689655172413792,0.9420443814919736,0.9815520846144384,0.381870781099325,0.7555049493666764,0.37070659891710617,0.9273242630385489,0.03410049879791458,0.13387517482572364,0.3409090909090909,0.6,0.43478260869565216,0.9358552631578947,44,608,25
T13,320,0.835794035603449,0.26792074523438836,0.3475323149236192,0.6282527881040894,0.9233794459585333,0.9745139445132165,0.4475127671647437,0.7758161170313114,0.42148677033170634,0.9053773890508586,0.050428062496813496,0.18236689211868032,0.2857142857142857,0.5,0.36363636363636365,0.9155172413793103,49,580,28
T13,321,0.8359192092525431,0.3278579038415241,0.36828963795255953,0.595959595959596,0.9392192192192189,0.9750592343184935,0.45524691358024716,0.7675894075894074,0.4286642539972324,0.9199546485260772,0.04569954834967644,0.17271981695088373,0.38,0.5757575757575758,0.4578313253012048,0.926829268292683,50,615,33
T13,322,0.7322279025055441,0.14654809570272287,0.1400709219858156,0.25566343042071205,0.9430149218658206,0.972141472868217,0.1809851088201604,0.5993391761432663,0.14931233611368222,0.9189342403628118,0.036889139207675156,0.15366666091634879,0.17647058823529413,0.2727272727272727,0.21428571428571427,0.9278688524590164,34,610,22
T13,323,0.8367472082365168,0.2655877043179869,0.29004758128469454,0.5048309178743959,0.9391421093776552,0.9746895724566106,0.36842105263157876,0.7219865136260257,0.34283546428661554,0.9187560738581145,0.04107130656688649,0.15832642141903971,0.2608695652173913,0.46153846153846156,0.3333333333333333,0.9228295819935691,46,622,26
T13,324,0.8841159450050644,0.29252002501676616,0.24382635820119564,0.5606694560669455,0.9515707460002993,0.9873041645794828,0.339855072463768,0.7561201010336225,0.3440847943357617,0.9409782960803369,0.026495183146255864,0.1144545240586637,0.2,0.4666666666666667,0.28,0.9423076923076923,35,624,15
T13,325,0.7728048626549333,0.20155568787758685,0.30565371024734983,0.39497716894977175,0.9531138153185397,0.9678943542524835,0.34462151394422313,0.6740454921341557,0.3085767570904169,0.9253968253968256,0.044865230422438486,0.1751612610140336,0.32432432432432434,0.4,0.3582089552238806,0.9305331179321487,37,619,30
T13,326,0.8945882973414806,0.3022838010457244,0.3840399002493763,0.7379454926624738,0.9323299258574339,0.9841840792422819,0.505176832393644,0.8351377092599539,0.4968012499610261,0.9218172983479106,0.044245232448248975,0.160643880194733,0.3584905660377358,0.6785714285714286,0.4691358024691358,0.93042071197411,53,618,28
T13,327,0.9308545573796628,0.3677195763510992,0.37358126056508095,0.7466216216216217,0.9565261111483541,0.9908852584246255,0.4979880894897796,0.8515738663849879,0.5062349321196411,0.9494816974408811,0.02715167660224942,0.11188077817587304,0.3157894736842105,0.7058823529411765,0.43636363636363634,0.9496753246753247,38,616,17
T13,328,0.8636004713247846,0.322201992651018,0.43214167494207245,0.706439393939394,0.9408896699055889,0.9805199468562606,0.5362497432737731,0.8236645319224913,0.5168441363926529,0.9268545513443474,0.04614800748127564,0.1691375335020887,0.44642857142857145,0.6944444444444444,0.5434782608695652,0.9296482412060302,56,597,36
T13,329,0.7059988364586554,0.19898714810281942,0.234375,0.27272727272727276,0.9593360995850622,0.9665551839464882,0.25210084033613445,0.6160316861561674,0.21593641676650913,0.9293650793650791,0.0415177884239154,0.1721828748963792,0.14285714285714285,0.17391304347826086,0.1568627450980392,0.9280936454849499,28,598,23
T13,330,0.852161372351734,0.3823088931971106,0.4136774193548386,0.588688946015424,0.9615026178897607,0.9806446038192344,0.4859048196423157,0.7750957819525923,0.4657817628593871,0.9450599287333981,0.03540897860242932,0.14120988480846572,0.34285714285714286,0.5217391304347826,0.41379310344827586,0.9426644182124789,35,593,23
T13,331,0.8890599819763498,0.30724510604830096,0.40451127819548915,0.6915167095115684,0.9530304827422608,0.9852851011649295,0.5104364326375715,0.8222735961269145,0.5012406227227255,0.9414965986394557,0.037218096634403945,0.1415804056229008,0.45454545454545453,0.7142857142857143,0.5555555555555556,0.9463986599664992,44,597,28
T13,332,0.7525575989395483,0.2697583907404634,0.2632627646326276,0.3861892583120203,0.9498669559174956,0.9708964919878734,0.3130924170616113,0.668028107114758,0.2805185792540016,0.9248785228377063,0.039785890818948434,0.16355936179594002,0.2702702702702703,0.38461538461538464,0.31746031746031744,0.9288079470198676,37,604,26
T13,333,0.8165700655135816,0.2993718028115146,0.41160220994475144,0.5924453280318092,0.948779608031742,0.9746788537549407,0.48573757131214346,0.7706124680317756,0.45723620154513933,0.9284580498866214,0.04664628275554298,0.17692154635043764,0.34285714285714286,0.46153846153846156,0.39344262295081966,0.9396411092985318,35,613,26
T13,334,0.8392156737349713,0.2291589229626693,0.26978102189781006,0.6454767726161369,0.9150432257078314,0.9815084714884313,0.38052095130237806,0.7802599991619841,0.3753035923245156,0.902542921930677,0.04279146894100366,0.1638855461590176,0.25,0.6153846153846154,0.35555555555555557,0.9066022544283414,64,621,26
T13,335,0.8128273619480473,0.16956903932229783,0.20371614058652332,0.32911392405063283,0.9396863077575242,0.9676112653431808,0.25165929203539816,0.6344001159040785,0.2145992694046163,0.9123420796890185,0.04295789478464739,0.16275086943772982,0.2,0.3076923076923077,0.24242424242424243,0.9173553719008265,40,605,26
T13,336,0.8051625735039771,0.31722493397156726,0.44164037854889593,0.5,0.9571428571428571,0.9657952602003419,0.4690117252931324,0.7285714285714286,0.43157420219430653,0.9281179138321994,0.050950721375399875,0.1912526196775971,0.40540540540540543,0.4411764705882353,0.4225352112676056,0.9345047923322684,37,626,34
T13,337,0.8247351563604896,0.17961119195379327,0.2826780021253987,0.5352112676056338,0.9430427811998984,0.9797492767598841,0.36995827538247583,0.7391270244027661,0.3542695423599145,0.9266277939747327,0.03892938194758241,0.15146083584624506,0.2916666666666667,0.56,0.3835616438356164,0.9267100977198697,48,614,25
T13,338,0.8050338759557938,0.23038506489018554,0.2663820308149249,0.4767441860465117,0.9327090073216416,0.972051177399606,0.3417887340716924,0.7047265966840767,0.31245357816554625,0.9104794298671848,0.04457312261546485,0.17137394402432748,0.18181818181818182,0.34782608695652173,0.23880597014925373,0.9134125636672326,44,589,23
T13,339,0.7936409718073266,0.2353376321883852,0.3064828253507498,0.4513715710723192,0.9513515347937488,0.9732666736103877,0.3650770782308024,0.701361552933034,0.33565098999720794,0.928620019436346,0.03965449629472551,0.15774326593986573,0.2777777777777778,0.4,0.32786885245901637,0.931438127090301,36,598,25
T13,340,0.8782460895237041,0.16537829590790665,0.19333224383069125,0.538216560509554,0.9171005340767863,0.981751496736844,0.2844775760490561,0.7276585472931701,0.28234486017018007,0.9036119209588597,0.035957779784881405,0.13873695027391092,0.16981132075471697,0.47368421052631576,0.25,0.9136,53,625,19
T13,341,0.8810293878198383,0.22029404867383023,0.2504118616144974,0.5033112582781456,0.9465837050950926,0.9817362717642761,0.33443344334433434,0.724947481686619,0.3231753022178662,0.93140589569161,0.03339261890157501,0.13168111536631924,0.2926829268292683,0.5454545454545454,0.38095238095238093,0.935,41,600,22
T13,342,0.7660669734462071,0.17170591607259458,0.19237079573420837,0.46366782006920415,0.9340556290503542,0.9809193866066405,0.27192346716915494,0.6988617245597792,0.26252917746254484,0.9186426951733073,0.03495081691896006,0.146712197285814,0.25,0.45,0.32142857142857145,0.9352640545144804,36,587,20
T13,343,0.8808990222810164,0.2597346382171524,0.3624352794143902,0.6987951807228917,0.9393048355570665,0.9844136874543544,0.4773101340230425,0.819050008139979,0.47045119981315087,0.9279883381924199,0.03887734891388654,0.14480067723011478,0.4,0.6666666666666666,0.5,0.9380378657487092,45,581,27
T13,344,0.9255637091366026,0.42577620532811733,0.45288035450516945,0.7643979057591621,0.9358381402761176,0.9828088048026196,0.5687784064558015,0.85011802301764,0.5523452310051417,0.9247003563330092,0.04569529575532632,0.16007011350435274,0.4126984126984127,0.7428571428571429,0.5306122448979592,0.9233333333333333,63,600,35
T13,345,0.8532813260866414,0.23114392886719706,0.3737793476002494,0.6237864077669903,0.9487902677721899,0.9809405027491348,0.4674548525399507,0.7862883377695901,0.45067095830639675,0.9336086815678653,0.0403758657862899,0.15504149906943143,0.4146341463414634,0.6071428571428571,0.4927536231884058,0.9415692821368948,41,599,28
T13,346,0.7871870569593854,0.11662370995350903,0.21974189047785145,0.35294117647058837,0.9626886831790509,0.9803814991592071,0.2708512467755805,0.6578149298248196,0.2513263165364004,0.9450599287333983,0.02992867437218735,0.1252191368668089,0.22580645161290322,0.3684210526315789,0.28,0.9424920127795527,31,626,19
T13,347,0.7711168445081502,0.08238991943248335,0.11804384485666115,0.5128205128205128,0.9133747412008283,0.9880845726572299,0.19191226867717628,0.7130976270106706,0.21267681552349949,0.9045189504373179,0.030982029487333383,0.1290459095487334,0.06976744186046512,0.3,0.11320754716981132,0.9212730318257957,43,597,10
T13,348,0.7968162921274657,0.22997940526900815,0.3453887884267632,0.5218579234972678,0.9571800331204164,0.97883149872989,0.4156692056583243,0.7395189783088421,0.39409874886064317,0.9391156462585034,0.03688105064585944,0.14891554761321513,0.23333333333333334,0.3684210526315789,0.2857142857142857,0.9415692821368948,30,599,19
T13,349,0.8092571939774204,0.19014806083210306,0.22722868217054262,0.5491803278688524,0.9468616737739871,0.9866347288759287,0.32145305003427005,0.7480210008214198,0.325707283451962,0.9358600583090381,0.028924320821428987,0.12473278861201642,0.17647058823529413,0.42857142857142855,0.25,0.9418416801292407,34,619,14
T13,350,0.8120167249820551,0.2572672522058413,0.3266666666666665,0.5664739884393062,0.9523247580835494,0.9817518248175183,0.4143763213530654,0.7593993732614279,0.4000089083838817,0.9371882086167801,0.03446514295893797,0.14226606820319543,0.32432432432432434,0.5454545454545454,0.4067796610169492,0.9418604651162791,37,602,22
T13,351,0.822402224202746,0.20697975170239963,0.29765013054830297,0.6031746031746034,0.9362710258232645,0.9813757139309659,0.39860139860139876,0.7697228144989339,0.38796813294622695,0.9219954648526079,0.03978028868726526,0.15506943208976398,0.3695652173913043,0.6296296296296297,0.4657534246575342,0.9359605911330049,46,609,27
T13,352,0.8681735201336466,0.2809138124068689,0.35177065767284993,0.739454094292804,0.9347578879478602,0.9868303171474646,0.4767455147983088,0.837105991120332,0.4777958082928585,0.9258341431810818,0.03932471959906896,0.15078454757062393,0.3125,0.6818181818181818,0.42857142857142855,0.933993399339934,48,606,22
T13,353,0.8874144755507098,0.20839134149758679,0.2991605189519208,0.6043165467625901,0.9539251429909354,0.9866802746977115,0.40020418580908645,0.7791208448767627,0.3994599449850499,0.9429057337220602,0.02943133369169429,0.11734169085716023,0.3,0.6,0.4,0.9408866995073891,40,609,20
T13,354,0.7969244609514088,0.1695399352161238,0.22012578616352182,0.5223880597014925,0.9269298762522098,0.9800623052959502,0.3097345132743361,0.7246589679768511,0.29991348762114867,0.9115646258503403,0.0394072399171504,0.15627215586597312,0.1875,0.45,0.2647058823529412,0.9136442141623489,48,579,20
T13,355,0.7990112767455058,0.12986996845649848,0.17749029754204393,0.37984496124031,0.9469583208195681,0.9806479481641467,0.24193263974607646,0.663401641029939,0.22733257073278318,0.9303692905733723,0.03234532480433631,0.1331713742895774,0.17073170731707318,0.3888888888888889,0.23728813559322035,0.92776886035313,41,623,18
T13,356,0.6506020133214037,0.053865200775414485,0.0663956639566396,0.21397379912663764,0.9197997904784075,0.977728285077951,0.10134436401240955,0.5668867948025226,0.07682850414987327,0.9014739229024942,0.03470539859255514,0.1483075512461736,0.08695652173913043,0.25,0.12903225806451613,0.9113300492610837,46,609,16
T13,357,0.85217206923539,0.3585404889112135,0.40446304044630427,0.6170212765957447,0.9488622754491017,0.9777860051832654,0.48862679022746436,0.7829417760224232,0.4650897200612081,0.9311791383219955,0.04252001870398706,0.16136121502617629,0.21212121212121213,0.3684210526315789,0.2692307692307692,0.9382113821138212,33,615,19
T13,358,0.8968746433143882,0.2701410778444695,0.2557856272838001,0.6885245901639345,0.92824427480916,0.98812351543943,0.37300177619893415,0.8083844324865472,0.3878602391506082,0.9199546485260771,0.0327254284051004,0.13158649380377746,0.15384615384615385,0.5333333333333333,0.23880597014925373,0.9151414309484193,52,601,15
T13,359,0.8371501103403831,0.24597813713334912,0.3266501064584812,0.6217494089834515,0.9354361251467358,0.9800370740054184,0.4282889380016285,0.7785927670650936,0.41337835025271913,0.9203919663103337,0.04210429269904192,0.16100641942262706,0.3,0.5769230769230769,0.39473684210526316,0.9240924092409241,50,606,26
T13,360,0.7888953385209186,0.268029733265667,0.3847457627118644,0.5577395577395575,0.9568524901937476,0.9781287970838397,0.45536609829488456,0.7572960239666526,0.43212540178536984,0.9384353741496598,0.03934542305509561,0.15858913596556218,0.37142857142857144,0.52,0.43333333333333335,0.9428571428571428,35,595,25
T13,361,0.8386526593960999,0.3174808520259649,0.3698224852071009,0.5882352941176471,0.9492555092316857,0.9785117878192535,0.45413260672116285,0.7687454016746664,0.43269673934875164,0.9318594104308391,0.04001554438314143,0.15680664389718166,0.2894736842105263,0.4782608695652174,0.36065573770491804,0.9346733668341709,38,597,23
T13,362,0.8179884824272904,0.27513640663731953,0.23495145631067987,0.3769470404984425,0.9536416048946935,0.9759181216134858,0.2894736842105266,0.665294322696568,0.2640285744395325,0.9326530612244899,0.03363644289355284,0.13813055451191358,0.25,0.391304347826087,0.3050847457627119,0.9328968903436988,36,611,23
T13,363,0.816435606128991,0.21623987857590818,0.2306030603060308,0.5579268292682926,0.928100397012314,0.981934680074753,0.3263278563240353,0.7430136131403033,0.3214018177254444,0.9143343051506316,0.03722206928731045,0.14732203252625192,0.30612244897959184,0.6,0.40540540540540543,0.9255499153976311,49,591,25
T13,364,0.8592905282918536,0.4056531772727713,0.485064011379801,0.7163865546218486,0.9566155321188877,0.9833682394973513,0.5784563189143341,0.8365010433703682,0.5614765198447602,0.9436507936507936,0.04095352754393726,0.15615319875272696,0.35714285714285715,0.625,0.45454545454545453,0.9401993355481728,42,602,24
T13,365,0.805727837302012,0.15785978080911484,0.18823529411764717,0.43579766536964976,0.9435945346257153,0.9823708206686931,0.26291079812206586,0.6896960999976826,0.25441428659069176,0.928798185941043,0.031014617610852283,0.132908654230105,0.225,0.47368421052631576,0.3050847457627119,0.931323283082077,40,597,19
T13,366,0.960772516801937,0.4908096036667255,0.463386727688787,0.8709677419354837,0.9438659485338118,0.9924490309589731,0.6049290515309931,0.9074168452346478,0.6094508458168123,0.9400226757369615,0.036525365037695115,0.13416282744795352,0.40816326530612246,0.8333333333333334,0.547945205479452,0.9467741935483871,49,620,24
T13,367,0.878810540259276,0.24482618129903871,0.2822719449225473,0.6586345381526105,0.951347567378369,0.9896832139822794,0.39518072289156625,0.8049910527654898,0.40729323642650594,0.9430839002267575,0.027226175868251854,0.11575287134944116,0.21052631578947367,0.5714285714285714,0.3076923076923077,0.9406919275123559,38,607,14
T13,368,0.8017912218268085,0.18364356133852744,0.22023809523809537,0.47435897435897434,0.9223013048635823,0.9743107769423558,0.30081300813008144,0.6983301396112783,0.2777945463135149,0.9024943310657597,0.04292245414840644,0.1649608751859692,0.23214285714285715,0.48148148148148145,0.3132530120481928,0.9043624161073825,56,596,27
T13,369,0.9066631751187644,0.2950408271372747,0.3638989169675089,0.755244755244755,0.9557568047139173,0.9914908396283754,0.49114828650316694,0.8555007799793363,0.5026755129633883,0.9492549400712667,0.028526954531352698,0.11834388698311525,0.3333333333333333,0.7222222222222222,0.45614035087719296,0.9485049833887044,39,602,18
T13,370,0.7645450686477291,0.21850210493613154,0.28087986463620973,0.42455242966751905,0.9495788349744925,0.9726576740794748,0.33808553971486754,0.6870656323210058,0.3079875322053168,0.9263038548752837,0.041520567172574706,0.17094420550205822,0.29545454545454547,0.4642857142857143,0.3611111111111111,0.9258064516129032,44,620,28
T13,371,0.8421339829294778,0.17034374530744043,0.22605304212168514,0.6969696969696967,0.9168468513769464,0.9886137719139706,0.3413829661915423,0.8069082741733218,0.36299592674841064,0.9094428247489474,0.03588535504216266,0.14354984893124725,0.21311475409836064,0.6842105263157895,0.325,0.9121951219512195,61,615,19
T13,372,0.7778162453042068,0.19611794725900147,0.2872543905407754,0.5351473922902498,0.9301144016503841,0.9743699655289431,0.37384023534736366,0.7326308969703168,0.34888940546190284,0.9103660511823778,0.04559615770357982,0.17707926345505168,0.2692307692307692,0.5,0.35,0.9158576051779935,52,618,28
T13,373,0.8388787184033168,0.25623763688830287,0.26497439323090616,0.586206896551724,0.944716127951767,0.985327254624535,0.3649746971323416,0.7654615122517455,0.3645420523308917,0.9329284094590218,0.03073594449158124,0.12842711140154195,0.3157894736842105,0.6,0.41379310344827586,0.9420783645655877,38,587,20
T13,374,0.8914569888329569,0.2316427660816639,0.2503496503496502,0.561128526645768,0.9369485942830253,0.9827267119062307,0.3462282398452609,0.7490385604643967,0.3407198313408909,0.9233560090702949,0.03398813456698106,0.13189055137304362,0.20454545454545456,0.47368421052631576,0.2857142857142857,0.9251247920133111,44,601,19
T13,375,0.8259881168065878,0.20287676737536614,0.28689492325855975,0.5364238410596026,0.9278116409704794,0.9736611062335382,0.37384615384615394,0.732117741015041,0.34779211311803576,0.9077097505668934,0.046867505421741736,0.1765061206878756,0.2978723404255319,0.4827586206896552,0.3684210526315789,0.9183673469387755,47,588,29
T13,376,0.864322758485397,0.25452715564350437,0.2741133044455143,0.5965770171149144,0.9231788304431268,0.9791925633681022,0.3756322850230921,0.7598779237790205,0.3628459811226947,0.9080336896663427,0.040807980571310534,0.1545758493458842,0.24528301886792453,0.5416666666666666,0.33766233766233766,0.9158415841584159,53,606,24
T13,377,0.7831793680715147,0.0682293831864994,0.09340659340659341,0.3072289156626507,0.9428010168708112,0.9861010394005317,0.14325842696629215,0.6250149662667309,0.1409939291837092,0.9308390022675738,0.026981866633519543,0.1185535124263448,0.10256410256410256,0.3333333333333333,0.1568627450980392,0.9303079416531604,39,617,12
T13,378,0.9436132132165167,0.38002865836771366,0.36136662286465177,0.901639344262295,0.942924251321198,0.9962774537783844,0.5159474671669794,0.9222817977917466,0.5495936383445328,0.9414965986394559,0.02888242137755569,0.11660124241573296,0.2727272727272727,0.8571428571428571,0.41379310344827586,0.9418803418803419,44,585,14
T13,379,0.7936562334265194,0.21845010718883653,0.3035714285714285,0.4811320754716983,0.9442591710338255,0.9729995090819832,0.37226277372262767,0.7126956232527618,0.34300270540563665,0.9219954648526076,0.04308210061371784,0.16630307905222785,0.22857142857142856,0.34782608695652173,0.27586206896551724,0.93,35,600,23
T13,380,0.8706865629241581,0.3417457990330239,0.41399082568807355,0.720558882235529,0.9385743478783508,0.9823855057876195,0.5258557902403497,0.8295666150569398,0.5111406965858455,0.9261904761904761,0.0448635738687373,0.16383095853289908,0.43478260869565216,0.6666666666666666,0.5263157894736842,0.9388794567062818,46,589,30
T13,381,0.8028881480246712,0.132549848757672,0.12807109252483012,0.27999999999999997,0.9443907317886315,0.9782436025831406,0.1757532281205165,0.6121953658943158,0.1544539809624955,0.9255587949465501,0.031060323918712916,0.13031363276671187,0.11764705882352941,0.23529411764705882,0.1568627450980392,0.9277310924369748,34,595,17
T13,382,0.8006148506650093,0.11681139668051481,0.17966963151207116,0.3869731800766283,0.9461218767212455,0.9806245134503935,0.24540090246442206,0.6665475283989369,0.2310696590222058,0.9295756397797214,0.03228290023806067,0.1334879259962816,0.21052631578947367,0.42105263157894735,0.2807017543859649,0.9332247557003257,38,614,19
T13,383,0.7930494797503962,0.21249671980773588,0.20663033605812903,0.5652173913043478,0.9418925661067686,0.9877912655225338,0.30262720319255076,0.7535549787055582,0.313995430058099,0.9320699708454809,0.02889781287361328,0.12541829608416918,0.15789473684210525,0.46153846153846156,0.23529411764705882,0.9376,38,625,13
T13,384,0.7813410209254928,0.2375995951292325,0.24255646817248452,0.4576271186440677,0.9505488060326769,0.9806375769310558,0.3170608958228484,0.7040879623383723,0.3018318004161933,0.9340621963070943,0.032516298132606015,0.13597949133056975,0.25,0.47619047619047616,0.32786885245901637,0.9340836012861736,40,622,21
T13,385,0.7834529590527086,0.22708462195447515,0.3281452658884564,0.4746716697936208,0.9374924580668516,0.9652130699465772,0.38803680981595073,0.7060820639302363,0.34772371595858415,0.9095238095238095,0.05265508132610321,0.19661588795245788,0.35294117647058826,0.4864864864864865,0.4090909090909091,0.913477537437604,51,601,37
T13,386,0.8057856550838791,0.31461833207071144,0.4252771618625274,0.5661157024793385,0.9555799287085274,0.9743141708893934,0.485692580400101,0.7608478155939331,0.45657973296809157,0.9342079689018464,0.0443854142355811,0.17207337362463765,0.3170731707317073,0.48148148148148145,0.38235294117647056,0.932475884244373,41,622,27
T13,387,0.7721165336006091,0.212434817484744,0.30564784053156147,0.3923240938166312,0.9499461142378154,0.9653200292041857,0.3436041083099907,0.6711351040272233,0.30453937208598053,0.9202947845804988,0.04739057624015334,0.183238789889261,0.2564102564102564,0.3448275862068966,0.29411764705882354,0.9207920792079208,39,606,29
T13,388,0.9407370405308337,0.48217968030776553,0.5885218127911899,0.8687089715536105,0.9668095864436891,0.9926339050826056,0.7016790809241256,0.9177592789986497,0.6968259376413878,0.9617265954000647,0.03496905099914697,0.12884230831548985,0.5405405405405406,0.8333333333333334,0.6557377049180327,0.966183574879227,37,621,24
T13,389,0.8922663724843284,0.17972452689840013,0.1662312989788648,0.6249999999999999,0.942081821181128,0.9926993342488136,0.2626148940161319,0.783540910590564,0.3002110473187544,0.9363297700032395,0.022319727212228257,0.10162773530020411,0.15789473684210525,0.6,0.25,0.9403973509933775,38,604,10
T13,390,0.8072805421691962,0.21129749837917686,0.2634634634634636,0.5645645645645646,0.9380733558888384,0.9821129614944047,0.35926835926835937,0.7513189602267015,0.35133463187281067,0.9239714933592484,0.035563114740388195,0.14667106115419543,0.2127659574468085,0.5,0.29850746268656714,0.9202037351443124,47,589,20
T13,391,0.8529064421439521,0.27229304934546383,0.26821705426356585,0.45169712793733685,0.9440559440559441,0.9743119266055047,0.33657587548638124,0.6978765359966405,0.3098089560137581,0.9226757369614512,0.03829001902968347,0.14741465206127888,0.2826086956521739,0.48148148148148145,0.3561643835616438,0.9215358931552587,46,599,27
T13,392,0.836943227636879,0.15155061752910143,0.19678714859437768,0.5719844357976654,0.9299310989139322,0.9863743342004212,0.2928286852589643,0.7509577673557988,0.3032022321413905,0.9195011337868481,0.03237222158861319,0.13268770327974475,0.2558139534883721,0.5789473684210527,0.3548387096774194,0.932998324958124,43,597,19
T13,393,0.7647367660169151,0.15442216929827904,0.23123678646934445,0.357142857142857,0.9509360769101028,0.9728242114707709,0.28071863971767713,0.65403946702648,0.2507327157097265,0.9273728539034661,0.039888552890128486,0.1603495925700595,0.17142857142857143,0.2857142857142857,0.21428571428571427,0.92914653784219,35,621,21
T13,394,0.899015337043611,0.36557297233402763,0.40284278037788174,0.7427293064876955,0.9412226373888859,0.9856175519465437,0.5223645763092829,0.8419759719382909,0.5154495119914599,0.9311629413670232,0.039524014841438776,0.14726534927776105,0.3333333333333333,0.6521739130434783,0.4411764705882353,0.9368770764119602,45,602,23
T13,395,0.7100597861896971,0.10205325351098042,0.14696132596685085,0.296875,0.9484886901981714,0.9783207157604953,0.19660014781966004,0.6226818450990856,0.17532730555672862,0.9295756397797214,0.03192767756922968,0.13895133069992316,0.1388888888888889,0.29411764705882354,0.18867924528301888,0.929042904290429,36,606,17
T13,396,0.8272287745907683,0.18130989871314618,0.276051188299817,0.5471014492753622,0.9536516853932583,0.984890608001934,0.3669501822600241,0.7503765673343104,0.3614794910699122,0.9409297052154193,0.031132757156646117,0.1276915562382053,0.2564102564102564,0.5263157894736842,0.3448275862068966,0.9369817578772802,39,603,19
T13,397,0.8316521261628166,0.27799541007329637,0.2853658536585365,0.609375,0.9305357989568513,0.9812499999999998,0.388704318936877,0.7699553994784256,0.37940582304880666,0.9165532879818594,0.03952297268540521,0.15582326858880563,0.2127659574468085,0.5,0.29850746268656714,0.9224422442244224,47,606,20
T13,398,0.733632700587695,0.1614365007178041,0.14691943127962095,0.34065934065934067,0.9148533585619678,0.9699097291875627,0.20529801324503322,0.6277563496106542,0.17277538637991777,0.8911564625850339,0.04276941291912811,0.16996794140485622,0.18867924528301888,0.38461538461538464,0.25316455696202533,0.9001692047377327,53,591,26
T13,399,0.8553362801768114,0.1255866807766246,0.18518518518518526,0.5588235294117646,0.9516763005780349,0.9909714698447092,0.2781844802342607,0.7552499149948998,0.2998798800258757,0.9441043083900227,0.023334419562022993,0.10580243409953433,0.1891891891891892,0.5833333333333334,0.2857142857142857,0.9413735343383585,37,597,12
T13,400,0.7672046294835339,0.18279519102907074,0.2193603777634686,0.410112359550562,0.9386139616527137,0.9742471225101171,0.2858341490700602,0.6743631606016378,0.2598384716083631,0.9172821509556203,0.04007622534161508,0.15993002455475316,0.18181818181818182,0.34782608695652173,0.23880597014925373,0.9174757281553398,44,618,23
T13,401,0.7736344976794949,0.16769745875564632,0.20738302374794257,0.44055944055944063,0.943570256787974,0.9805173343538539,0.28201438848920857,0.6920648486737073,0.26865983639002156,0.927259475218659,0.032760406698985715,0.1380211531701205,0.15384615384615385,0.35294117647058826,0.21428571428571427,0.9267886855241264,39,601,17
T13,402,0.8302559473766512,0.2625199257373577,0.3463380031920556,0.5764462809917357,0.9368316424458459,0.9744211333131316,0.43270189431704914,0.7566389617187907,0.4057568034044694,0.9170553935860059,0.04725819232534798,0.17604730492777168,0.2692307692307692,0.5,0.35,0.9148936170212766,52,611,28
T13,403,0.8481303247485537,0.20212900292205135,0.2216522200601451,0.570063694267516,0.9261025830506198,0.9831511758518017,0.31919500700547704,0.7480831386590678,0.3187734909488935,0.9134272756721736,0.03677569723744316,0.14490037756413487,0.2549019607843137,0.5909090909090909,0.3561643835616438,0.9225700164744646,51,607,22
T13,404,0.9143750513520272,0.3073839480457151,0.367275553828216,0.8350515463917527,0.9162910275087838,0.9896336609836915,0.5101673564873132,0.8756712869502681,0.5178427252608633,0.9118237771298997,0.04428371425183912,0.15658767768179835,0.3064516129032258,0.76,0.4367816091954023,0.9195402298850575,62,609,25
T13,405,0.8662972767440296,0.23392640541184617,0.27526543452615004,0.6557377049180326,0.9381595503732907,0.9870265118085219,0.38775792826478306,0.7969486276456617,0.3946827422287176,0.9283932620667312,0.03299360261565568,0.13357168320950552,0.32,0.6956521739130435,0.4383561643835616,0.9320066334991708,50,603,23
T13,406,0.7964800906056276,0.24307616704904944,0.3527696793002917,0.5601851851851851,0.9470672389127326,0.9766412589132037,0.4329159212880144,0.753626212048959,0.4087719375558505,0.9281179138321997,0.04250318438370303,0.1671816696186754,0.3488372093023256,0.5357142857142857,0.4225352112676056,0.9307432432432432,43,592,28
T13,407,0.8364358061866956,0.2285142874745139,0.3284182305630024,0.628205128205128,0.9405693950177934,0.9820411196432993,0.4313380281690138,0.7843872616114609,0.4202158598788087,0.9267573696145124,0.03918764814515699,0.15275373816053464,0.3,0.6,0.4,0.925249169435216,50,602,25
T13,408,0.8523071276477954,0.33810827587423414,0.4897579143389204,0.6144859813084115,0.9673498570066731,0.9800796812749005,0.5450777202072543,0.7909179191575422,0.5228463936147116,0.9502267573696144,0.0383147457703853,0.14848692779032263,0.3939393939393939,0.52,0.4482758620689655,0.9476268412438625,33,611,25
T13,409,0.8378802598532498,0.26174087617626635,0.33253012048192754,0.5621181262729122,0.9334854124144554,0.9730913642052565,0.4178652535957606,0.747801769343684,0.38918773016354974,0.91281179138322,0.04690285029859298,0.1735926064138256,0.3333333333333333,0.5161290322580645,0.4050632911392405,0.9219269102990033,48,602,31
T13,410,0.8816610439331332,0.28610787643279767,0.3598200899550225,0.7741935483870968,0.9498237367802583,0.991414203360726,0.4912998976458547,0.8620086425836775,0.5042813693803727,0.9436507936507936,0.03116686054703568,0.12721046550306028,0.38461538461538464,0.75,0.5084745762711864,0.9545454545454546,39,638,20
T13,411,0.795114338767073,0.22699641845093707,0.2670761213474781,0.4823529411764705,0.9329873223857734,0.972679049798641,0.3437949209391471,0.707670131781122,0.31556295088973907,0.9112730806608357,0.04285933400480094,0.16749857421734174,0.175,0.3181818181818182,0.22580645161290322,0.9205298013245033,40,604,22
T13,412,0.838609421359587,0.40762491791553496,0.47447045707915275,0.6092184368737472,0.9595343966212853,0.9761592873984805,0.5334670343444472,0.7843764167475163,0.5062577841661279,0.9397149335924846,0.04388679772467553,0.16797615880580666,0.2972972972972973,0.4583333333333333,0.36065573770491804,0.9362745098039216,37,612,24
T13,413,0.8719744687998652,0.31667417730091507,0.34613615455381797,0.6825396825396823,0.9522465776434028,0.9878031781432951,0.459331603845567,0.8173931300915427,0.4604129669447155,0.9426141885325561,0.030762466654583764,0.12793152205245356,0.2972972972972973,0.6111111111111112,0.4,0.9462540716612378,37,614,18
T13,414,0.8336484551364963,0.2060656553498542,0.2234382124942999,0.5283018867924528,0.9431243216164313,0.9847438713951947,0.3140522352187148,0.735713104204442,0.3132770187337166,0.9306608357628766,0.03131557773946554,0.12955245934576937,0.2222222222222222,0.5263157894736842,0.3125,0.9270315091210614,45,603,19
T13,415,0.8350223204540153,0.2863468856524233,0.3624639076034648,0.5735607675906186,0.9433429700463586,0.9752409585286054,0.444208539749941,0.7584518688184885,0.4178048677574987,0.9236799481697441,0.0442077027521696,0.1690122554301151,0.3269230769230769,0.5483870967741935,0.40963855421686746,0.9207119741100324,52,618,31
T13,416,0.7672872280290646,0.17190730070226148,0.20100502512562812,0.42105263157894757,0.9441124780316341,0.9799343305363005,0.272108843537415,0.6825825548052907,0.25704618192681944,0.9272108843537417,0.03355300690152556,0.1405787708209452,0.225,0.45,0.3,0.9320388349514563,40,618,20
T13,417,0.8850989152725421,0.20661065325548997,0.19554030874785586,0.6031746031746033,0.9456609894566097,0.9908947432317591,0.2953367875647668,0.7744177963156065,0.31987840227258774,0.9383219954648525,0.023852106459695984,0.10509314732710066,0.13157894736842105,0.5,0.20833333333333334,0.9390048154093098,38,623,10
T13,418,0.8091431521784228,0.3292927462438933,0.43558282208588966,0.5338345864661656,0.9435928877988964,0.9612742036227359,0.4797297297297299,0.738713737132531,0.4352820320532583,0.9126984126984125,0.05907524741022925,0.21608783780031032,0.40425531914893614,0.475,0.4367816091954023,0.9169491525423729,47,590,40
T13,419,0.8180680782012989,0.3819836351451936,0.3811475409836066,0.5535714285714286,0.9455266955266954,0.972181008902077,0.45145631067961167,0.7495490620490619,0.41993525267385534,0.9231292517006803,0.045222558689620024,0.1740507866835387,0.2631578947368421,0.4,0.31746031746031744,0.9272419627749577,38,591,25
T13,420,0.8827701715237959,0.25024066907018555,0.29653401797175855,0.6644295302013423,0.9448821537533105,0.9877335015595975,0.410059171597633,0.8046558419773264,0.41618207676360053,0.9354065435698089,0.03205240926928705,0.13115448462167018,0.3,0.6818181818181818,0.4166666666666667,0.9304635761589404,50,604,22
T13,421,0.7387453266716154,0.22341925029041101,0.29885057471264365,0.3421052631578948,0.9484797297297296,0.9573742540494456,0.3190184049079755,0.6452924964438123,0.2728646002021234,0.9119047619047619,0.05348215802028423,0.2066284800617774,0.3023255813953488,0.35135135135135137,0.325,0.91,43,600,37
T13,422,0.9140285221287788,0.37651279003237315,0.45336787564766845,0.7534246575342467,0.9607839824279801,0.9890423348523325,0.566093221585061,0.8571043199811134,0.562114930193649,0.9522027858762553,0.03216650114217485,0.12458056344222863,0.3684210526315789,0.7,0.4827586206896552,0.9509803921568627,38,612,20
T13,423,0.7811013983461257,0.29978947961003377,0.3034640116158474,0.4815668202764978,0.9427958161561785,0.9723290992462973,0.37231199898205886,0.712181318216338,0.3421056731997144,0.9201004211208293,0.0423364476151056,0.16806983572863712,0.21951219512195122,0.375,0.27692307692307694,0.9229508196721311,41,610,24
T13,424,0.7806022712692124,0.1896516080978923,0.20975839347348593,0.49481865284974114,0.914682069175785,0.975345880143048,0.2946231820185103,0.704750361012763,0.27531860397724894,0.8963070942662779,0.04362015984756399,0.169773209789236,0.24561403508771928,0.5185185185185185,0.3333333333333333,0.9065108514190318,57,599,27
T13,425,0.7451699877117327,0.17174123399747424,0.21165940977261735,0.35714285714285715,0.9450328891887334,0.972659098010624,0.26579586877278255,0.6510878731657953,0.2360012344292419,0.9217039196631033,0.03902105136651612,0.15934099114057104,0.20512820512820512,0.34782608695652173,0.25806451612903225,0.9242174629324547,39,607,23
T13,426,0.8588504238725359,0.31059063116314917,0.3909133932796968,0.6820809248554914,0.9335536166038514,0.9791520008664104,0.4969915764139589,0.8078172707296714,0.47731021279154606,0.9187560738581146,0.046848210301449505,0.17230513609466083,0.35714285714285715,0.6451612903225806,0.45977011494252873,0.9216666666666666,56,600,31
T13,427,0.839111521900193,0.23392310610985942,0.32710280373831785,0.6049382716049383,0.9401069518716577,0.9801759385454095,0.4246100519930676,0.772522611738298,0.40924419453138455,0.9247165532879819,0.0405836624801411,0.15518579815647887,0.3,0.5769230769230769,0.39473684210526316,0.9217687074829932,50,588,26
T13,428,0.8697002115012714,0.27366592327308775,0.29411764705882376,0.6461538461538463,0.9406709829311363,0.9858129780409574,0.4042348411934555,0.7934124145424912,0.40530265386477604,0.9298185941043084,0.0339198977658359,0.13522904739454072,0.20512820512820512,0.5,0.2909090909090909,0.9320557491289199,39,574,16
T13,429,0.7501789458685151,0.2726363604604124,0.2557626287395781,0.35560859188544136,0.948390497729862,0.9672227810343033,0.29753244900870046,0.6519995448076518,0.2603600613933615,0.9202299967606089,0.04229426259900986,0.17140378802496944,0.21052631578947367,0.3076923076923077,0.25,0.9203980099502488,38,603,26
T13,430,0.7744861817218042,0.1825603158551406,0.2612612612612612,0.41428571428571437,0.9515938606847698,0.9751966122202057,0.32044198895027626,0.6829397874852421,0.2941345036676664,0.9302721088435373,0.03875495209244128,0.15431668173820565,0.24390243902439024,0.4166666666666667,0.3076923076923077,0.9270664505672609,41,617,24
T13,431,0.7691335969606459,0.14730329108859058,0.22107877927608224,0.5510835913312694,0.9261924376670755,0.9819085983174105,0.31556287197669997,0.7386380144991724,0.3112571437165894,0.9124554583738256,0.03774394976756952,0.1522735825506369,0.2222222222222222,0.5,0.3076923076923077,0.9274193548387096,45,620,20
T13,432,0.7682677471897061,0.14028545340046653,0.2070510905288318,0.2964071856287425,0.9553213696508536,0.9718288150977001,0.24379947229551452,0.625864277639798,0.2122008016288281,0.9303692905733721,0.037752699472080785,0.15137321728530126,0.23333333333333334,0.30434782608695654,0.2641509433962264,0.9357495881383855,30,607,23
T13,433,0.8235541558488664,0.3207948998970944,0.4109014675052411,0.567219152854512,0.9466507878976166,0.970881348131627,0.4765694076038904,0.7569349703760643,0.4429296928988825,0.923291221250405,0.04922367271036235,0.18427799744080597,0.2727272727272727,0.41379310344827586,0.3287671232876712,0.9192751235584844,44,607,29
T13,434,0.8540906910407655,0.2612189729465743,0.3813953488372094,0.6291560102301792,0.9526634238937004,0.982262996941896,0.47490347490347495,0.7909097170619397,0.4599820572105246,0.9383219954648525,0.03753461447033912,0.1456148513762296,0.41304347826086957,0.6551724137931034,0.5066666666666667,0.9382303839732888,46,599,29
T13,435,0.8139096751582549,0.21407350859764193,0.2711798082567013,0.5530726256983242,0.937113819765675,0.9802221476628582,0.36392280425364326,0.7450932227319995,0.35104676491160597,0.9215257531584062,0.0385824040717685,0.15239630510485397,0.32608695652173914,0.5769230769230769,0.4166666666666667,0.9298831385642737,46,599,26
T13,436,0.7924514583161202,0.1594438769569528,0.19607843137254885,0.5714285714285714,0.9525737420474264,0.9909747292418772,0.2919708029197079,0.762001156737999,0.3130755322681045,0.9450113378684806,0.023993376947894322,0.11021480711462195,0.1935483870967742,0.5454545454545454,0.2857142857142857,0.9486301369863014,31,584,11
T13,437,0.8411280554001661,0.26291470408018164,0.35805991440798873,0.6502590673575128,0.9466445340289303,0.9833723364946422,0.4618215271389145,0.7984518006932215,0.45144450400161135,0.9336734693877553,0.037368564416790095,0.14708261814249426,0.3191489361702128,0.625,0.4225352112676056,0.9312080536912751,47,596,24
T13,438,0.8785875273058,0.16676706323512624,0.2604416706673071,0.6326530612244898,0.948671386922116,0.9890575607044848,0.3689848665192998,0.7906622240733029,0.38084117817039004,0.9398931000971817,0.027167719839064013,0.1141669776640912,0.28888888888888886,0.6842105263157895,0.40625,0.9378068739770867,45,611,19
T13,439,0.7677303370786525,0.1849003064449355,0.2470975839347349,0.50561797752809,0.9181407249466952,0.9721850955460031,0.3319633259563706,0.7118793512373927,0.3048326487303358,0.8973275024295432,0.047398989407368974,0.18179313462536878,0.23404255319148937,0.4230769230769231,0.3013698630136986,0.9134125636672326,47,589,26
T13,440,0.874207290249006,0.26419209513761055,0.25921027772529753,0.6853146853146855,0.9343633867889783,0.9888390879940474,0.37614804660726525,0.8098390360518317,0.3920596290559656,0.9262876579203109,0.03132273340403151,0.12744791471321187,0.3076923076923077,0.7272727272727273,0.43243243243243246,0.9321486268174475,52,619,22
T13,441,0.8247531330308358,0.40555419786358976,0.5283018867924532,0.5523520485584222,0.9601764489645878,0.9637190997417293,0.5400593471810092,0.7562642487615048,0.5021700677839664,0.9297052154195014,0.05579561171131583,0.20465338633217006,0.41025641025641024,0.4444444444444444,0.4266666666666667,0.9279731993299832,39,597,36
T13,442,0.9023508660127,0.48704045050918776,0.5517241379310345,0.7547169811320755,0.9607961399276236,0.9839407041383571,0.6374501992031872,0.8577565605298496,0.6190922572533283,0.9484126984126986,0.042195218647659134,0.15524600871843766,0.46511627906976744,0.6896551724137931,0.5555555555555556,0.9461279461279462,43,594,29
T13,443,0.791142238495864,0.28469122176868167,0.3880060537268255,0.6004098360655739,0.9445339825800697,0.9758210224253374,0.4713858883015398,0.7724719093228218,0.44526993633641987,0.9254940071266602,0.046076427135031815,0.18059708850480566,0.35294117647058826,0.5806451612903226,0.43902439024390244,0.9253246753246753,51,616,31
T13,444,0.8868225001934923,0.327970947370234,0.3620437956204382,0.6648793565683646,0.9482656564460755,0.9846342962507684,0.46880907372400776,0.80657250650722,0.46104657373435826,0.9362811791383221,0.034846428306276114,0.13777364578725868,0.3111111111111111,0.6086956521739131,0.4117647058823529,0.9342105263157895,45,608,23
T13,445,0.8035759228981698,0.29791635570850744,0.35404432657700324,0.6180555555555558,0.9419238367736222,0.9795434016400701,0.45019872335300504,0.7799896961645889,0.432206262489877,0.9260609005506966,0.041070163508981274,0.16326789959485252,0.3333333333333333,0.5925925925925926,0.4266666666666667,0.9293924466338259,48,609,27
T13,446,0.7237983193277305,0.18348800021611372,0.17412935323383077,0.4062499999999999,0.9274621848739493,0.9764660084226915,0.2437717653361906,0.6668560924369746,0.2241774011141188,0.9085519922254616,0.03851730746077395,0.15947404218190953,0.17391304347826086,0.38095238095238093,0.23880597014925373,0.917741935483871,46,620,21
T13,447,0.8765608232211806,0.3222297788453711,0.4015721692590734,0.7742663656884878,0.9389825883797471,0.9874464231272753,0.5288546255506609,0.8566244770341174,0.5267514633417353,0.930709426627794,0.040662785463108427,0.15566092630254308,0.37037037037037035,0.7407407407407407,0.49382716049382713,0.9327868852459016,54,610,27
T13,448,0.8113534108927358,0.30332995250301403,0.42227934875749806,0.5799011532125206,0.9413647353498806,0.9680708344513013,0.4886949623165412,0.7606329442812007,0.45108340149115544,0.9164885001619697,0.05530713868627111,0.20172719522949614,0.3404255319148936,0.48484848484848486,0.4,0.9191919191919192,47,594,33
T13,449,0.8590264461021365,0.3741052254332396,0.4528370075894471,0.6415770609318997,0.9476432548327971,0.9750916272284098,0.5309322033898306,0.7946101578823483,0.502139667156592,0.9282798833819241,0.048344156196625125,0.1764488856719773,0.4,0.5882352941176471,0.47619047619047616,0.9269102990033222,50,602,34
T13,450,0.8820805860805863,0.26098490482377085,0.1636788776305535,0.6153846153846155,0.9289109730848862,0.9907256924816281,0.2585808834846854,0.7721477942347508,0.28989951078190773,0.9219792678976353,0.02610537028505333,0.11383439958788938,0.11904761904761904,0.5,0.19230769230769232,0.9334389857369255,42,631,10
T13,451,0.8499620843471212,0.37409094277032007,0.5147058823529412,0.5833333333333335,0.9598540145985403,0.9692874692874694,0.546875,0.7715936739659368,0.5127368380506843,0.9342403628117913,0.050619533543032204,0.18436100914535167,0.4878048780487805,0.5405405405405406,0.5128205128205128,0.9376026272577996,41,609,37
T13,452,0.8652651035176397,0.2516730580623642,0.1891521441159193,0.6052631578947367,0.9311485767491353,0.988875743824272,0.28822915112636127,0.7682058673219361,0.3090246724534842,0.9227243278263685,0.02721995873668232,0.11688572003488541,0.2,0.6,0.3,0.9325842696629213,45,623,15
T13,453,0.8447820305225836,0.24426637588462424,0.3729585006693441,0.5320855614973263,0.9603869963803661,0.9788811309369881,0.4385329765465136,0.7462362789388461,0.4162587696852934,0.9422254616132169,0.03715575221760035,0.14574246962376863,0.3142857142857143,0.4782608695652174,0.3793103448275862,0.9406919275123559,35,607,23
T13,454,0.7536002763517902,0.21452057165552385,0.2725306416726749,0.4444444444444443,0.9308169632143714,0.966365318906606,0.3378770949720671,0.6876307038294078,0.299413484083442,0.9040168448331712,0.05082352521727962,0.196070917795201,0.21951219512195122,0.32142857142857145,0.2608695652173913,0.9142857142857143,41,595,28
T13,455,0.9011586113811344,0.4793567576086928,0.5135467980295568,0.7623400365630714,0.9522543212861114,0.9837662337662338,0.6136865342163357,0.8572971789245913,0.5961351244526214,0.9404761904761905,0.043417194585002705,0.16005600557920605,0.4146341463414634,0.6538461538461539,0.5074626865671642,0.9438775510204082,41,588,26
T13,456,0.8755073766727686,0.3661367926711578,0.30729401170643844,0.6,0.9482552762128984,0.984118119306084,0.4064314426083072,0.7741276381064492,0.39971019298994714,0.9354227405247815,0.03147748392662505,0.12685813645501007,0.2972972972972973,0.55,0.38596491228070173,0.9432739059967585,37,617,20
T13,457,0.744123882250245,0.21786985943114523,0.26785714285714296,0.48148148148148157,0.9366607248960191,0.9740484429065744,0.34421888790820837,0.7090711031887503,0.3180423483850579,0.9157596371882085,0.04304506591115439,0.17330155425699403,0.18604651162790697,0.36363636363636365,0.24615384615384617,0.9168081494057725,43,589,22
T13,458,0.8524836502980598,0.27703294826169506,0.37724550898203596,0.6525679758308158,0.9579960621308246,0.9860562599598143,0.478102766798419,0.8052820189808201,0.4709766395945156,0.9465338516358925,0.0323570366842165,0.1320775339204224,0.3611111111111111,0.6190476190476191,0.45614035087719296,0.9490131578947368,36,608,21
T13,459,0.8129280357562226,0.24331935267922455,0.31253362022592773,0.5484581497797354,0.9345309244902834,0.9744493705820556,0.398172472872644,0.7414945371350096,0.3723031682132037,0.914658244250081,0.045508932970326044,0.17182515878976096,0.2391304347826087,0.44,0.30985915492957744,0.9209677419354839,46,620,25
T13,460,0.807195725278514,0.24283493651288446,0.27384224994713474,0.45679012345679015,0.9417027417027418,0.9729876690463245,0.34241142252776313,0.699246432579766,0.31362391749801216,0.9194363459669581,0.04195099744268317,0.1653355514214392,0.21951219512195122,0.375,0.27692307692307694,0.9200680272108843,41,588,24
T13,461,0.863080797834608,0.17143378541276438,0.20635250155698573,0.5867768595041322,0.9363321453552279,0.987702686084711,0.30532944248195365,0.7615545024296801,0.3186095040877525,0.92674117265954,0.029196391718041764,0.12139818659052842,0.23809523809523808,0.5882352941176471,0.3389830508474576,0.9325259515570934,42,578,17
T13,462,0.7906006129066749,0.23044375011496798,0.33432147562582337,0.38157894736842096,0.9657921462423831,0.9719780594167347,0.3563904494382022,0.673685546805402,0.3261895223029299,0.9406219630709428,0.03813803969343736,0.15372193055252611,0.2692307692307692,0.30434782608695654,0.2857142857142857,0.9421487603305785,26,605,23
T13,463,0.8633190407723124,0.3143044419919773,0.29298918730380186,0.46153846153846156,0.966171562082777,0.9833539992866,0.3584382334115639,0.7138550118106193,0.3437946347227487,0.9512957563977971,0.026393793458119888,0.11227882122689588,0.19230769230769232,0.3333333333333333,0.24390243902439024,0.9484193011647255,26,601,15
T13,464,0.807021216505469,0.2988152565713566,0.30753632984116264,0.38235294117647073,0.965481805929919,0.9749919191575508,0.34088780670537566,0.6739173735531948,0.31348547341285027,0.943002915451895,0.034118605475723145,0.139833561015457,0.30303030303030304,0.4166666666666667,0.3508771929824561,0.9418238993710691,33,636,24
T13,465,0.8407438804260385,0.19342724204261838,0.26907475371836986,0.5621468926553674,0.9361479531571664,0.9808178491239856,0.3639451338994123,0.7491474229062668,0.3528741928832799,0.921137026239067,0.037836203012496794,0.14757373056520637,0.2391304347826087,0.5,0.3235294117647059,0.9245901639344263,46,610,22
T13,466,0.851432376602837,0.22913361129569904,0.33725341426403643,0.6062052505966586,0.940585304470556,0.9795459375221363,0.43339427178549667,0.7733952775336074,0.416200544699421,0.9247003563330095,0.041659518961435,0.15739307569621716,0.35714285714285715,0.5555555555555556,0.43478260869565216,0.9354304635761589,42,604,27
T13,467,0.792225923486578,0.20971791647560617,0.3377192982456141,0.49570815450643796,0.9457744792913575,0.9711160275319568,0.4017391304347827,0.7207413168988976,0.36924982469065915,0.9219954648526079,0.046524457499734224,0.17783006200021406,0.32558139534883723,0.4666666666666667,0.3835616438356164,0.9248747913188647,43,599,30
T13,468,0.8972508303916696,0.3129558832068658,0.3861762840837031,0.768211920529801,0.9338899417780736,0.9867405108962333,0.5139782677497624,0.8510509311539375,0.5116889448105139,0.925380628441853,0.04026305834551663,0.1472161089885032,0.3877551020408163,0.7307692307692307,0.5066666666666667,0.9385382059800664,49,602,26
T13,469,0.8742095446334173,0.3488461945920902,0.3832572902201941,0.5922746781115876,0.9468347070693252,0.9765427961692446,0.46537396121883623,0.7695546925904566,0.44042207410783873,0.9281017168772271,0.04205292726800268,0.15591661341814225,0.28888888888888886,0.5,0.36619718309859156,0.927536231884058,45,621,26
T13,470,0.8833787243963961,0.3392827544727177,0.39420289855072443,0.6938775510204082,0.9504034171808257,0.9852398523985239,0.5027726432532346,0.8221404841006169,0.4944367936941193,0.9390022675736961,0.03591853189373278,0.138751857280997,0.35555555555555557,0.6666666666666666,0.463768115942029,0.939935064935065,45,616,24
T13,471,0.8219079495005548,0.24995444678049028,0.2731788079470198,0.48529411764705865,0.9482311320754716,0.9787000973709833,0.34957627118644063,0.7167626248612652,0.3304479767343488,0.9303854875283447,0.034436867628259545,0.1400959073781198,0.2894736842105263,0.4782608695652174,0.36065573770491804,0.9343434343434344,38,594,23
T13,472,0.8455062224347016,0.3075622864398807,0.33099824868651473,0.4635193133047211,0.9477410308150072,0.9693906107884978,0.386206896551724,0.7056301720598641,0.35147976572973083,0.9221574344023323,0.04355188290402832,0.16427806972287903,0.29545454545454547,0.43333333333333335,0.35135135135135137,0.9201331114808652,44,601,30
T13,473,0.8682123187983488,0.34717486930966446,0.44257788637751966,0.5880681818181817,0.9692118226600984,0.9826394827763145,0.5050540257929591,0.7786400022391402,0.4867906504713218,0.954000647878199,0.03239402028364138,0.1299750148638147,0.45714285714285713,0.6153846153846154,0.5245901639344263,0.9519071310116086,35,603,26
T13,474,0.694754280509108,0.13135253264457403,0.1839394576413705,0.29411764705882365,0.933940270569216,0.9631469034624359,0.22633212622866009,0.6140289588140198,0.1831507827578695,0.9031098153547134,0.04811158014594953,0.19329441064980907,0.17142857142857143,0.23076923076923078,0.19672131147540983,0.9184692179700499,35,601,26
T13,475,0.6764811531598125,0.12440349154195103,0.14264542423119678,0.3793103448275862,0.9224920448836038,0.9776365766213482,0.2073236402800216,0.650901194855595,0.19052925050118003,0.9046323291221251,0.03778189155087166,0.16092741113119916,0.1875,0.42857142857142855,0.2608695652173913,0.9144295302013423,48,596,21
T13,476,0.8679047060668715,0.3511521928358879,0.3544137022397891,0.7192513368983956,0.9419843713000237,0.9869743208038704,0.47484554280670777,0.8306178540992097,0.4751188811105424,0.9325396825396827,0.03498136802678712,0.140532771649875,0.37037037037037035,0.7407407407407407,0.49382716049382713,0.9308600337268128,54,593,27
T13,477,0.8526837566464218,0.30237586344999523,0.35527950310559,0.6793349168646081,0.9382069293963566,0.9831565814098565,0.46655791190864593,0.8087709231304824,0.4571634767487468,0.9258503401360544,0.04013517612650711,0.15418878496634617,0.2978723404255319,0.6086956521739131,0.4,0.9303482587064676,47,603,23
T13,478,0.9095553176997178,0.4341231283778767,0.419101123595506,0.7803347280334727,0.93802445456725,0.9867591424968474,0.5453216374269009,0.8591795913003615,0.5399568955020524,0.9294784580498865,0.03952301434577376,0.14521225788397735,0.2765957446808511,0.65,0.3880597014925373,0.9330065359477124,47,612,20
T13,479,0.9103533729241788,0.3467166243277143,0.3560707138092058,0.7530864197530864,0.9344537815126048,0.987442594718714,0.48352394972256796,0.8437701006328456,0.4859827252925031,0.9261256883705863,0.036788397877319357,0.13917733706419985,0.3,0.6818181818181818,0.4166666666666667,0.93,50,600,22
T13,480,0.8958993729174873,0.39001123343574323,0.45265888456549935,0.752155172413793,0.9494973671613212,0.9857125108709157,0.5651821862348179,0.850826269787557,0.5546029236174719,0.9391156462585034,0.04053305294353916,0.15011260653236883,0.3829787234042553,0.6923076923076923,0.4931506849315068,0.9388429752066115,47,605,26
T13,481,0.7725348234678134,0.1212056301058021,0.1420859425610019,0.3143812709030101,0.9333914530487702,0.9748726120226234,0.19571683521713262,0.6238863619758902,0.1702326045698907,0.9124068675089084,0.036171035242979405,0.14829978146065903,0.10256410256410256,0.2222222222222222,0.14035087719298245,0.9205834683954619,39,617,18
T13,482,0.8330687696049797,0.23499700532840442,0.3412587412587414,0.6115288220551377,0.9440684004275024,0.9808760024676124,0.4380610412926392,0.7777986112413201,0.4230569333783798,0.9290249433106577,0.04060405983007681,0.1573427850278004,0.35714285714285715,0.5769230769230769,0.4411764705882353,0.9381107491856677,42,614,26
T13,483,0.8355432815967873,0.28586669784276847,0.4143162393162392,0.5868644067796608,0.9530939831610651,0.9760778128286014,0.48572144288577135,0.7699791949703629,0.4591258474956126,0.933495302883058,0.04349945743354139,0.1648076486876212,0.30952380952380953,0.5,0.38235294117647056,0.9294117647058824,42,595,26
T13,484,0.7727974442099703,0.2513128416470134,0.29036027263875375,0.4701986754966892,0.9377827861155221,0.9703206430527339,0.35901757765470765,0.7039907308061055,0.3261180476426029,0.9137674117265954,0.045536154330013366,0.1805190588191352,0.29545454545454547,0.4482758620689655,0.3561643835616438,0.9193825042881647,44,583,29
T13,485,0.8361885987556776,0.3282140873310859,0.38354537743850725,0.668737060041408,0.9377302558302915,0.9799444892112095,0.48749460974558007,0.8032336579358497,0.4695154137763916,0.9229996760609005,0.04377598065047289,0.16762805537557335,0.3584905660377358,0.6333333333333333,0.4578313253012048,0.9257425742574258,53,606,30
T13,486,0.8075060276403521,0.2113560151615367,0.21496774193548385,0.3562874251497006,0.9487896030436684,0.9739911863820963,0.26814743280218895,0.6525385140966845,0.24009795563838274,0.9263524457402008,0.03722431284820309,0.15078101568975957,0.22857142857142856,0.34782608695652173,0.27586206896551724,0.9284497444633731,35,587,23
T13,487,0.8066022747767155,0.09806467573733989,0.1742081447963801,0.5353982300884956,0.9332590844110509,0.9870776046977742,0.2628801986343886,0.7343286572497731,0.27493225751987804,0.9230644638807903,0.0298386483236694,0.12448003600147921,0.1836734693877551,0.5625,0.27692307692307694,0.9249201277955271,49,626,16
T13,488,0.8462187134582999,0.3219163726653006,0.40207373271889385,0.6993987975951904,0.9376276889796896,0.9811368209255531,0.5106071689831747,0.81851324328744,0.49408022891685865,0.9241496598639455,0.04554984728585924,0.1716502645507237,0.37254901960784315,0.6333333333333333,0.4691358024691358,0.9288079470198676,51,604,30
T13,489,0.732905432885083,0.1084182379424802,0.1778242677824268,0.2982456140350877,0.9539543057996485,0.9760249340685686,0.22280471821756223,0.626099959917368,0.19697907597879447,0.9327664399092971,0.03448250447412256,0.14475383162169678,0.19444444444444445,0.3333333333333333,0.24561403508771928,0.9295081967213115,36,610,21
T13,490,0.8423989189646403,0.240250207085172,0.31818181818181807,0.5375722543352599,0.9529653730739404,0.980571745767416,0.3997543751918943,0.7452688137046002,0.3828183177954001,0.9366699060576609,0.03576753876717457,0.14118186056395826,0.19444444444444445,0.3888888888888889,0.25925925925925924,0.9338842975206612,36,605,18
T13,491,0.9509719511003727,0.6194094217614029,0.6413516808918304,0.8538961038961038,0.9641464094170089,0.9887497991035554,0.7325176564209686,0.9090212566565564,0.7179483256737493,0.9564463880790409,0.04389226702836227,0.15090139456643398,0.5,0.7777777777777778,0.6086956521739131,0.9548494983277592,42,598,27
T13,492,0.7706833676866978,0.16645019554109505,0.253623188405797,0.48529411764705893,0.9427392183288412,0.9785786731018082,0.33314104413037204,0.71401666798795,0.31526201388831326,0.9251052802073209,0.03781186442186257,0.15447100790036464,0.35135135135135137,0.52,0.41935483870967744,0.9381443298969072,37,582,25
T13,493,0.8954234978743955,0.27533946295572653,0.27619779656674354,0.5724907063197027,0.9528041833035403,0.986081574078877,0.37262357414448666,0.7626474448116215,0.3711792195877168,0.9412050534499513,0.02815453578504583,0.11755758667524122,0.2222222222222222,0.5,0.3076923076923077,0.9406919275123559,36,607,16
T13,494,0.733604187901025,0.22721701512236592,0.2509960159362548,0.33962264150943394,0.9686064957835854,0.9793179132196522,0.28865979381443285,0.6541145686465096,0.26643848012307225,0.9497084548104957,0.02932643815839561,0.13109291997021086,0.24,0.3333333333333333,0.27906976744186046,0.9477234401349073,25,593,18
T13,495,0.8514905870495943,0.1996878806618192,0.21468244385414156,0.51417004048583,0.9458099348452783,0.9854164134794007,0.30289608177172067,0.7299899876655541,0.3033833671447164,0.9337220602526725,0.028687133799753822,0.12069518600713189,0.28125,0.5294117647058824,0.3673469387755102,0.9474576271186441,32,590,17
T13,496,0.8973970953431458,0.23717452563129576,0.24107142857142844,0.519230769230769,0.9400564174894218,0.9815905743740796,0.3292682926829267,0.7296435933600955,0.31979025144980067,0.9251700680272109,0.0325031423819773,0.12871812055415133,0.2926829268292683,0.5454545454545454,0.38095238095238093,0.9335604770017035,41,587,22
T13,497,0.8533593889424278,0.2753397567596861,0.34150215566144776,0.6515151515151512,0.9511694430422345,0.9859592206931436,0.44811671877326187,0.801342297278693,0.44424759632604754,0.9399578879170717,0.032850499448312795,0.13475693077815362,0.3076923076923077,0.6,0.4067796610169492,0.9428104575163399,39,612,20
T13,498,0.861504169181209,0.19486207637205968,0.22075279755849442,0.6326530612244898,0.9361932528113287,0.9889133304003519,0.3273001508295626,0.7844231570179092,0.345351710677031,0.9277615808228052,0.028434929498294178,0.12020746341699826,0.22,0.6470588235294118,0.3283582089552239,0.9282296650717703,50,627,17
T13,499,0.8901055805550824,0.329082248921876,0.3797619047619046,0.7104677060133628,0.9377613188388481,0.9837092731829573,0.4949573312645459,0.8241145124261056,0.48539938941152805,0.9261904761904763,0.0402341034322923,0.14969280278676111,0.36538461538461536,0.6785714285714286,0.475,0.932258064516129,52,620,28
T18,0,0.8664756511950866,0.5795974962122625,0.4984247006931315,0.4728033472803345,0.9578991907759028,0.9535618385721053,0.4852760736196317,0.7153512690281187,0.4412162164163875,0.9184645286686103,0.12938351854017144,0.4075828299897076,0.4444444444444444,0.425531914893617,0.43478260869565216,0.9161290322580645,45,620,47
T18,1,0.9285852477910937,0.8021742940389597,0.6914949815108289,0.6710526315789468,0.9686515888920699,0.9656624034533812,0.6811204578961056,0.8198521102355086,0.6483720788831832,0.9404437965662457,0.10439984106882069,0.3490603191121692,0.6041666666666666,0.5918367346938775,0.5979381443298969,0.9327586206896552,48,580,49
T18,2,0.8457530647970691,0.3528170608260647,0.2974767596281542,0.39103869653767814,0.9455602627652092,0.963423158924889,0.33790069138906353,0.6682994796514437,0.29634210140842754,0.9146906381600258,0.13120105571090904,0.4140523790566018,0.2826086956521739,0.3939393939393939,0.3291139240506329,0.9136807817589576,46,614,33
T18,3,0.8695253628123709,0.6369662996887233,0.5933014354066983,0.45756457564575614,0.9681528662420381,0.94617356279751,0.5166666666666663,0.7128587209438972,0.4792326326513228,0.9210884353741497,0.11271784709117981,0.3658641250220638,0.575,0.41818181818181815,0.4842105263157895,0.9180602006688964,40,598,55
T18,4,0.8455860806888691,0.4855590879573149,0.43269230769230765,0.42789223454833597,0.9567712785443887,0.9559541239629085,0.4302788844621514,0.6923317565463624,0.38664984385286755,0.9189342403628118,0.13272712036671983,0.42089555675818935,0.38461538461538464,0.36585365853658536,0.375,0.9172185430463576,39,604,41
T18,5,0.8268765024632833,0.5587625146373393,0.5670103092783507,0.44235924932975884,0.9687887044835272,0.9495023063850446,0.49698795180722904,0.7055739769066429,0.4608287155210191,0.9242630385487526,0.11949062144457692,0.3913402466288543,0.5151515151515151,0.3695652173913043,0.43037974683544306,0.9256198347107438,33,605,46
T18,6,0.8259390275182301,0.5055171089634726,0.5059523809523814,0.46363636363636385,0.9698911729141476,0.9645262145262147,0.4838709677419358,0.7167637682752557,0.4516253164931983,0.9383219954648527,0.10597705736839007,0.3505330046687416,0.4411764705882353,0.39473684210526316,0.4166666666666667,0.9312602291325696,34,611,38
T18,7,0.8701700755516644,0.5552408411112036,0.4549356223175962,0.51373182552504,0.9535422509450066,0.9629355990641546,0.48254931714719235,0.7336370382350235,0.4418827775039093,0.9226757369614513,0.13050652517277156,0.4113327411284466,0.4583333333333333,0.4888888888888889,0.4731182795698925,0.9184692179700499,48,601,45
T18,8,0.899785806080962,0.7462593602957756,0.7938144329896912,0.6013667425968113,0.9827319494909523,0.9570807932170136,0.6843177189409374,0.7920493460438816,0.6622665018874802,0.9447683835438937,0.10059737816158411,0.3396705255911657,0.7297297297297297,0.5,0.5934065934065934,0.9378151260504202,37,595,54
T18,9,0.8309780803096306,0.46735211817146843,0.3709476309226932,0.4307432432432432,0.9474442669629835,0.9585616919617763,0.39861545332737824,0.6890937551031133,0.35301035453852836,0.9127632005183024,0.13106717594997153,0.421770157662764,0.30434782608695654,0.3684210526315789,0.3333333333333333,0.9105431309904153,46,626,38
T18,10,0.9256533077471893,0.7957496843261861,0.7620967741935479,0.6670588235294113,0.9777917189460477,0.9649578999504707,0.7114178168130485,0.8224252712377298,0.6847200895483412,0.9478458049886619,0.09861805343940575,0.33248143754874093,0.75,0.631578947368421,0.6857142857142857,0.9432989690721649,48,582,57
T18,11,0.7767450981632276,0.4953114626722754,0.5062893081761007,0.3971223021582735,0.9668747252747253,0.9493646847593399,0.4451100103674693,0.6819985137164993,0.40725507850299014,0.9219792678976352,0.12306817061866572,0.3961150342018449,0.45714285714285713,0.3404255319148936,0.3902439024390244,0.9177631578947368,35,608,47
T18,12,0.8019424779431117,0.4800365020295963,0.4445219818562459,0.39393939393939426,0.9580235194853135,0.9488170470569802,0.4177049180327872,0.6759814567123537,0.3720762698425459,0.9137026239067055,0.11681503369075283,0.3846516300385867,0.4523809523809524,0.3958333333333333,0.4222222222222222,0.9128978224455612,42,597,48
T18,13,0.9012654955045237,0.660504746303996,0.5199999999999998,0.5186170212765953,0.9553792761527022,0.9551425030978936,0.5193075898801595,0.736998148714649,0.4745690542162338,0.9181405895691611,0.12234357700766445,0.3891278116774373,0.40476190476190477,0.3953488372093023,0.4,0.9123711340206185,42,582,43
T18,14,0.8455956154705928,0.5283699465282792,0.40854092526690416,0.4464609800362978,0.9569303595183386,0.9628857018687524,0.4266600594648169,0.7016956697773181,0.3870791710574359,0.925040492387431,0.12325511518066436,0.39405707554414454,0.35,0.3888888888888889,0.3684210526315789,0.9218241042345277,40,614,36
T18,15,0.8554276042972351,0.5953709510111977,0.5483333333333328,0.4930069930069926,0.956238561739692,0.9459531416400426,0.519200420831141,0.7246227773733425,0.4712281842729667,0.9111758989310009,0.13224566039088428,0.420547398635346,0.4897959183673469,0.43636363636363634,0.46153846153846156,0.9092382495948136,49,617,55
T18,16,0.849963981714839,0.6198933154123125,0.5863453815261044,0.5420792079207921,0.9614328507239138,0.9541682150377799,0.5633440514469453,0.751756029322353,0.5216848797227475,0.923015873015873,0.12449130979094727,0.40209242888245683,0.5238095238095238,0.4489795918367347,0.4835164835164835,0.9224422442244224,42,606,49
T18,17,0.8152073748460963,0.48783893784168963,0.5363128491620115,0.3774574049803411,0.9690951967233462,0.9426536279125921,0.4430769230769234,0.6732763008518435,0.4074151184713856,0.9179138321995466,0.11259327371799178,0.3731304181978811,0.5555555555555556,0.37735849056603776,0.449438202247191,0.9198036006546645,36,611,53
T18,18,0.7735886088560365,0.3452471181506821,0.2266372332597498,0.2543352601156069,0.9457380350043882,0.9530201342281878,0.23968871595330737,0.6000366475599976,0.1895907210437681,0.9050534499514092,0.12689058793128127,0.4079662125154161,0.20930232558139536,0.24324324324324326,0.225,0.8975206611570248,43,605,37
T18,19,0.8430978213117115,0.5661076498935285,0.49857549857549843,0.4411764705882349,0.9526796917010215,0.9411243913235944,0.46812304948729355,0.6969280811446283,0.41614722298084195,0.9033851635892453,0.13141935827251958,0.41974580853843324,0.5111111111111111,0.40350877192982454,0.45098039215686275,0.9068219633943427,45,601,57
T18,20,0.8235142227162042,0.34754695169584415,0.31665062560154,0.2987288135593221,0.9635498665206381,0.960476263582553,0.30742874941597886,0.6311393400399801,0.26960058366010675,0.9279721412374475,0.1188840263987229,0.38824062413402893,0.3125,0.2857142857142857,0.29850746268656714,0.9225700164744646,32,607,35
T18,21,0.8992836349800106,0.6542404448291271,0.6138905238375507,0.49556541019955586,0.9644931981380579,0.9437706336175696,0.5484181929716933,0.7300293041688072,0.5065143788904194,0.916537091026887,0.11495498652531139,0.37559225105324995,0.574468085106383,0.4576271186440678,0.5094339622641509,0.9131886477462438,47,599,59
T18,22,0.8719107376070845,0.5264158447222178,0.4611486486486486,0.5475819032761308,0.9498541561140901,0.9640147486350421,0.5006622516556289,0.7487180296951106,0.4598821641918263,0.9206187236799482,0.12463591831599115,0.3985447197101509,0.4444444444444444,0.5333333333333333,0.48484848484848486,0.9159802306425041,54,607,45
T18,23,0.7983906872169491,0.46874697848485064,0.4374999999999997,0.32496075353218185,0.9674761264642725,0.9484836037516257,0.37292497748037545,0.6462184399982273,0.33596999986741893,0.9210722384191772,0.11603136895760624,0.38094236394096254,0.4117647058823529,0.3111111111111111,0.35443037974683544,0.917741935483871,34,620,45
T18,24,0.835654946111649,0.48156152179498013,0.46391752577319595,0.36935704514363915,0.9614291012486091,0.9440398154891962,0.41127189642041145,0.6653930731961241,0.36735083613436226,0.9123582766439909,0.13400290316879096,0.424970957281406,0.43243243243243246,0.32,0.367816091954023,0.907563025210084,37,595,50
T18,25,0.8387204146194644,0.5644098408413574,0.4733096085409254,0.46234067207415996,0.9442000754053035,0.9418327692114831,0.46776084407971874,0.7032703737397317,0.41081905087503634,0.8970521541950113,0.1390308693821801,0.4339782743229487,0.375,0.34615384615384615,0.36,0.8913412563667232,48,589,52
T18,26,0.8191590571575063,0.5501448628842661,0.6538210320052253,0.46834061135371174,0.9712622903412377,0.9403468248551979,0.5457519309404816,0.7198014508474747,0.5110752527463166,0.9190314220926465,0.12075925327254515,0.3941080582740751,0.6818181818181818,0.46153846153846156,0.5504587155963303,0.9173693086003373,44,593,65
T18,27,0.8600979922811867,0.6045681802771116,0.5526315789473683,0.49541284403669683,0.9620206032021843,0.9526794493608652,0.5224602626123009,0.7287167236194407,0.4807766275588481,0.9216553287981859,0.133674229682016,0.4188570472769895,0.5348837209302325,0.46,0.4946236559139785,0.9216666666666666,43,600,50
T18,28,0.8655482664544757,0.4627846004145999,0.3957219251336898,0.3496062992125984,0.9585827733659134,0.9499939459983051,0.3712374581939799,0.6540945362892558,0.3264136236431338,0.9147392290249432,0.1172859241579298,0.3777387829707934,0.39473684210526316,0.3333333333333333,0.3614457831325301,0.909710391822828,38,587,45
T18,29,0.8390226527517487,0.5266545777233497,0.43851508120649657,0.3665158371040725,0.9618557242683758,0.9491885726136775,0.3992957746478874,0.6641857806862241,0.35680646596542176,0.9171039844509233,0.11295399826865471,0.3691869402874921,0.3333333333333333,0.2619047619047619,0.29333333333333333,0.9129720853858785,33,609,42
T18,30,0.8546403707315504,0.4899989461903343,0.4186222558667676,0.3738170347003154,0.959791979337545,0.9519012755940944,0.3949529817878824,0.6668045070189302,0.35158212413102574,0.9176708778749595,0.1298497007600174,0.4085122117074343,0.3611111111111111,0.3170731707317073,0.33766233766233766,0.9131175468483816,36,587,41
T18,31,0.8494472428714965,0.5835333153934356,0.6099585062240666,0.39009287925696623,0.980285924009927,0.9531334964654705,0.47585648772592415,0.6851894016334464,0.4566807879529279,0.9370586329770003,0.11370632263001941,0.3701273860706092,0.4782608695652174,0.28205128205128205,0.3548387096774194,0.9345335515548282,23,611,39
T18,32,0.8305550411522634,0.5080970508094735,0.467065868263473,0.32499999999999996,0.967037037037037,0.9415795167688422,0.38329238329238324,0.6460185185185185,0.3454556229730469,0.914625850340136,0.12095330950639435,0.3941068498628278,0.43333333333333335,0.2765957446808511,0.33766233766233766,0.915702479338843,30,605,47
T18,33,0.9045502185354969,0.6273528164575023,0.5177948360083742,0.5317725752508362,0.9639816520137613,0.9658780313713204,0.5246906305244551,0.7478771136322987,0.48967628962067616,0.9346776805960478,0.1191489005672598,0.39186419036856285,0.45714285714285713,0.45714285714285713,0.45714285714285713,0.9335664335664335,35,572,35
T18,34,0.8350870505435506,0.4817457348500559,0.4636655948553058,0.42270861833105355,0.9558130088479945,0.9482435392028031,0.4422408505418117,0.689260813589524,0.3948626541895146,0.9116294136702301,0.12918314362067598,0.40979291575640414,0.4583333333333333,0.4230769230769231,0.44,0.9113924050632911,48,632,52
T18,35,0.9139463891036604,0.6008358569884263,0.5244755244755247,0.45731707317073195,0.9755043227665705,0.9681801930639972,0.48859934853420217,0.7164106979686511,0.4617704358032785,0.9465986394557824,0.09526924661399344,0.31841270667400007,0.42857142857142855,0.3870967741935484,0.4067796610169492,0.9416666666666667,28,600,31
T18,36,0.7818671097992096,0.33020450948582636,0.3083083083083082,0.3333333333333332,0.9648453398453397,0.9685409325366425,0.3203328133125324,0.6490893365893365,0.2873160964959507,0.9364917395529638,0.1169130395936891,0.3804117105635517,0.3103448275862069,0.3103448275862069,0.3103448275862069,0.9327731092436975,29,595,29
T18,37,0.8505550130706869,0.515056882431739,0.5646258503401358,0.4278350515463917,0.976693372177713,0.9602577873254563,0.48680351906158337,0.7022642118620523,0.46079317549572685,0.9404761904761905,0.10331980644058619,0.3434692330184976,0.5172413793103449,0.36585365853658536,0.42857142857142855,0.9356913183279743,29,622,41
T18,38,0.8484548261407401,0.5395131129595957,0.429090909090909,0.4579560155239324,0.9414688703864792,0.9475922451532205,0.4430538172715893,0.699712442955206,0.38788738817901164,0.899092970521542,0.13911806746495758,0.43663591392930945,0.3409090909090909,0.32608695652173914,0.3333333333333333,0.9001663893510815,44,601,46
T18,39,0.8958352822299241,0.4907819754560818,0.37500000000000006,0.4415887850467291,0.9624642516682556,0.9712602212602214,0.40557939914163094,0.7020265183574923,0.37404210176635727,0.93718820861678,0.12133952219717134,0.3897794175266499,0.3125,0.37037037037037035,0.3389830508474576,0.9329896907216495,32,582,27
T18,40,0.8665355473622474,0.6161663206608606,0.40269277845777257,0.5961945031712476,0.9498878981327764,0.9764770048207185,0.480701327164252,0.773041200652012,0.45503620268572664,0.9309199870424362,0.11525584290078858,0.3703857446237851,0.35555555555555557,0.5333333333333333,0.4266666666666667,0.9295081967213115,45,610,30
T18,41,0.8735971045626967,0.6213971916577924,0.6519823788546262,0.5342960288808671,0.9703342095381148,0.9524511610762991,0.5873015873015879,0.7523151192094906,0.552282030636314,0.9292517006802721,0.11741163517892417,0.3805026729619199,0.6521739130434783,0.5263157894736842,0.5825242718446602,0.9278523489932886,46,596,57
T18,42,0.8180339149436915,0.48546595440827345,0.4775374376039933,0.35193133047210307,0.9668584094147448,0.9454536071834035,0.4052241440169432,0.6593948699434239,0.36721275187858166,0.9181243926141884,0.1315085285789195,0.4191851240536652,0.4722222222222222,0.3469387755102041,0.4,0.9168026101141925,36,613,49
T18,43,0.8614762579554281,0.44838875677124185,0.3949337938975242,0.45370370370370333,0.9448814768198027,0.9561640927665446,0.42228377962449953,0.6992925902617533,0.37408877895149295,0.9087949465500483,0.12408339971986783,0.400211790356248,0.40816326530612246,0.43478260869565216,0.42105263157894735,0.9108589951377634,49,617,46
T18,44,0.7847649002283059,0.3688002540948174,0.4304435483870967,0.33701657458563533,0.9707450939781493,0.9571166020012251,0.37804338202744575,0.6538808342818923,0.34536380608329825,0.9317298347910595,0.10972003014059262,0.3679054273819176,0.41935483870967744,0.34210526315789475,0.37681159420289856,0.9289256198347108,31,605,38
T18,45,0.9000068233188279,0.5387076211187707,0.52768512341561,0.5167682926829263,0.9628333449989501,0.9612354349003371,0.5221696556276814,0.7398008188409384,0.4842386812974219,0.9296566245545841,0.114783983409125,0.3782463263462946,0.5111111111111111,0.48936170212765956,0.5,0.9230769230769231,45,598,47
T18,46,0.8318249666780957,0.3348729949472233,0.27672955974842756,0.28509719222462204,0.9587172430297953,0.9603260218146948,0.2808510638297872,0.6219072176272087,0.2404112575207739,0.9233560090702947,0.12081940392129299,0.386464159265063,0.2647058823529412,0.2727272727272727,0.26865671641791045,0.9204545454545454,34,616,33
T18,47,0.9029148037176182,0.6359233766614842,0.5437731196054253,0.5494186046511628,0.9610006324221768,0.9618454829975032,0.5465812848585002,0.7552096185366699,0.5080132492274934,0.9288953676708778,0.12481680589808206,0.39906697327101043,0.47619047619047616,0.46511627906976744,0.47058823529411764,0.925249169435216,42,602,43
T18,48,0.7786113767773591,0.3799421708902022,0.3287572254335261,0.34513274336283184,0.9517694903521675,0.955025352503994,0.33674602195633413,0.6484511168574997,0.2902682918939828,0.9129089731130547,0.1299221126538448,0.41564310833673146,0.30952380952380953,0.325,0.3170731707317073,0.9049235993208828,42,589,40
T18,49,0.8938817586056067,0.7016590731065966,0.5904720279720276,0.6018711018711014,0.948896484019925,0.9511443982797578,0.5961170760405937,0.7753837929455134,0.5461728403771303,0.9110463232912213,0.12320406492308701,0.3897145236955919,0.5373134328358209,0.5625,0.549618320610687,0.9045307443365695,67,618,64
T18,50,0.8963609126887464,0.6742830252326768,0.6310096153846149,0.5312868949232581,0.9669957535252907,0.9510291111581025,0.5768702499771078,0.7491413242242746,0.5385348625310403,0.9251538710722385,0.1084461464175059,0.3546062815488475,0.5957446808510638,0.49122807017543857,0.5384615384615384,0.9222042139384117,47,617,57
T18,51,0.8142633670679629,0.5013477615475026,0.4567307692307693,0.4142441860465117,0.9583128381701919,0.9508296730112249,0.4344512195121952,0.6862785121083518,0.3896658896415244,0.9158730158730161,0.1290815286757355,0.4103042221826966,0.4523809523809524,0.41304347826086957,0.4318181818181818,0.9177631578947368,42,608,46
T18,52,0.8521133696349741,0.49924474613694386,0.4328358208955225,0.36786469344608896,0.9420878841757683,0.9253992015968062,0.39771428571428585,0.6549762888109285,0.3332204504767389,0.8804988662131519,0.12791356171615362,0.4091557349955534,0.4117647058823529,0.3333333333333333,0.3684210526315789,0.8823529411764706,51,612,63
T18,53,0.7941714262943649,0.3206635346515554,0.34262048192771105,0.3409090909090911,0.9546383538866563,0.9543077775469213,0.34176264396594913,0.6477737223978736,0.2962370476077828,0.9148364107547781,0.12677888172810117,0.4096522957525916,0.358974358974359,0.34146341463414637,0.35,0.9153094462540716,39,614,41
T18,54,0.8629166218091076,0.49841082278385684,0.4956293706293707,0.3773291925465836,0.9697546826949955,0.9518590930918567,0.4284634760705288,0.6735419376207897,0.3941015479724284,0.926498218334953,0.1080783143871837,0.3612308666930011,0.4722222222222222,0.3617021276595745,0.40963855421686746,0.9214743589743589,36,624,47
T18,55,0.8331463527940488,0.47003287170738506,0.4487179487179488,0.36324786324786335,0.9614085101889979,0.945829438038849,0.401484480431849,0.6623281867184305,0.3578998794823088,0.9137998056365405,0.11696793443901535,0.3857690631851441,0.45,0.36,0.4,0.9093959731543624,40,596,50
T18,56,0.8575585333912115,0.6297354961038777,0.6119942196531793,0.46065989847715744,0.9713467558338075,0.9483399319302631,0.525651634257344,0.7160033271554824,0.49200414848020907,0.9257207644962746,0.11697223751738975,0.37308222212592257,0.55,0.41509433962264153,0.4731182795698925,0.9216,40,625,53
T18,57,0.8485189507624168,0.5458435540804383,0.48510048510048537,0.43041606886657124,0.9607991417667645,0.9515946421417497,0.45612510860121663,0.6956076053166678,0.413330105589493,0.9188856494978943,0.12187472251808001,0.3942811728299631,0.375,0.3409090909090909,0.35714285714285715,0.9113300492610837,40,609,44
T18,58,0.8822209642463967,0.7102694679486646,0.7455357142857143,0.5548172757475083,0.9784009094353922,0.950662739322533,0.6361904761904762,0.7666090925914502,0.6092829194718427,0.9350340136054421,0.10527463444296978,0.3471119450323828,0.6129032258064516,0.3877551020408163,0.475,0.9298831385642737,31,599,49
T18,59,0.9050370190915696,0.660993664333271,0.6158536585365852,0.4563253012048194,0.9768268759195684,0.9566522574447645,0.5242214532871973,0.7165760885621939,0.4979780958274297,0.937641723356009,0.10034575060003614,0.3334432136640583,0.5625,0.4090909090909091,0.47368421052631576,0.9335548172757475,32,602,44
T18,60,0.8030708131455225,0.5001041785134707,0.5045871559633026,0.3891509433962263,0.9807050976655549,0.9695042976568938,0.4394141145139812,0.6849280205308906,0.41874286637170344,0.952267573696145,0.11299181289028948,0.3745688106486678,0.3125,0.21739130434782608,0.2564102564102564,0.9504273504273504,16,585,23
T18,61,0.8741385297545474,0.5572955780732795,0.5192307692307695,0.46712802768166123,0.9528479818936252,0.942537313432836,0.49180327868852486,0.7099880047876431,0.4403765623943822,0.9051020408163265,0.12826177670362557,0.4091849703241779,0.49019607843137253,0.423728813559322,0.45454545454545453,0.9018003273322422,51,611,59
T18,62,0.8716850443480899,0.5081865872430982,0.48254799301919726,0.4187279151943463,0.9692097338087161,0.960498782203012,0.4483783783783784,0.6939688245015312,0.4145775251724247,0.9338840298023972,0.11243214655610877,0.36484080521198387,0.45714285714285713,0.4,0.4266666666666667,0.9312,35,625,40
T18,63,0.8969606784419213,0.5238567985566038,0.44545454545454516,0.4205607476635511,0.9514133493813831,0.9465046663144921,0.43264985774551135,0.6859870485224673,0.38183592533473265,0.9063330093942338,0.1330457706168249,0.41927479787237587,0.4186046511627907,0.3673469387755102,0.391304347826087,0.9036144578313253,43,581,49
T18,64,0.8788145949549697,0.5179823524272589,0.41096774193548347,0.474782608695652,0.9525426665511565,0.962970747941846,0.44057636887608037,0.7136626376234043,0.39974162669430086,0.9213961775186265,0.12606282934885066,0.39814656181342434,0.34782608695652173,0.42105263157894735,0.38095238095238093,0.9130434782608695,46,598,38
T18,65,0.8763586947542336,0.6352914102086686,0.628140703517588,0.49999999999999994,0.9724907063197025,0.9543962057643193,0.5567928730512249,0.7362453531598512,0.5246363271104139,0.9323129251700678,0.11738556397469915,0.3771715741098082,0.5714285714285714,0.4166666666666667,0.4819277108433735,0.929042904290429,35,606,48
T18,66,0.8230469273888152,0.4990245771698959,0.481607629427793,0.45978755690440065,0.9600364101038039,0.9565369052602204,0.4704447155373184,0.7099119835041022,0.4288864379712736,0.9226595400064789,0.12188781692868984,0.3993213949233537,0.45,0.4,0.4235294117647059,0.9168081494057725,40,589,45
T18,67,0.8527646299420455,0.5374188280877157,0.4789972899729,0.4863563402889247,0.959793652730093,0.9609156895589057,0.4826487655023326,0.7230749965095088,0.44302051052641966,0.926352445740201,0.11390859593444001,0.3705114764035605,0.4,0.42857142857142855,0.41379310344827586,0.9186602870813397,45,627,42
T18,68,0.8200856860860068,0.5354067520399417,0.49438943894389425,0.43554952510176387,0.9593856594970043,0.9490864586065215,0.46310799670239067,0.697467592299384,0.41850237211296487,0.9156138645934564,0.12250749514044208,0.39084189114258755,0.45454545454545453,0.39215686274509803,0.42105263157894735,0.9139280125195618,44,639,51
T18,69,0.877510956479257,0.5478741181259642,0.540983606557377,0.40518417462482964,0.9688388772103376,0.9472856970136622,0.46333853354134175,0.6870115259175835,0.4273452644397394,0.9219954648526076,0.11086980306326583,0.3675766885173499,0.5555555555555556,0.39215686274509803,0.45977011494252873,0.9207419898819561,36,593,51
T18,70,0.8412158845008404,0.5474401265965345,0.5477386934673366,0.43541944074567207,0.9665386045358781,0.9484373099841908,0.4851632047477742,0.7009790226407753,0.4465892256458816,0.9213151927437642,0.12702351815334656,0.4110025170945003,0.5277777777777778,0.3877551020408163,0.4470588235294118,0.918825561312608,36,579,49
T18,71,0.7947477218427708,0.49921888179810137,0.42604990870359116,0.42253521126760585,0.9501673419059362,0.9494816144760697,0.4242852813415498,0.6863512765867709,0.374114364180538,0.9076935536119212,0.12343797406202078,0.4025666056291161,0.3829787234042553,0.375,0.37894736842105264,0.9006734006734006,47,594,48
T18,72,0.9001971447022599,0.6101486905795658,0.4761602034329307,0.47767857142857156,0.95665895224069,0.9569106118798336,0.4769181789239097,0.7171687618346307,0.4337037070355438,0.9201652089407191,0.11921779233955497,0.3814395113151603,0.44,0.4782608695652174,0.4583333333333333,0.9124579124579124,50,594,46
T18,73,0.8601309927656238,0.47642409016677384,0.42567567567567555,0.5183999999999996,0.9466573694761615,0.9626497908246474,0.46748428321137764,0.7325286847380807,0.42496308069200933,0.9163103336572724,0.13959271472029286,0.44204095620467926,0.42,0.4666666666666667,0.4421052631578947,0.9106239460370995,50,593,45
T18,74,0.9302255161907993,0.7054389991051985,0.5285789197692713,0.5775401069518716,0.9522688659209968,0.960513397240222,0.5519759058136352,0.7649044864364343,0.5090437094344741,0.9204891480401685,0.11716364231364718,0.37953456571059807,0.40816326530612246,0.4878048780487805,0.4444444444444444,0.9149659863945578,49,588,41
T18,75,0.9125037550864996,0.7038414477581547,0.5656249999999997,0.6080627099664051,0.9473949791850637,0.9554707379134859,0.5860766324878572,0.7777288445757344,0.5380024483290985,0.9130385487528346,0.12255257818232479,0.39251612872532915,0.509090909090909,0.5283018867924528,0.5185185185185185,0.9136212624584718,55,602,53
T18,76,0.8257593103718922,0.5872845758553269,0.7100238663484486,0.3805970149253732,0.9872217353198948,0.9509505960220174,0.4955580233203775,0.683909375122634,0.4930707866961341,0.9411402656300615,0.10893475474970798,0.35907418037613625,0.6363636363636364,0.32558139534883723,0.4307692307692308,0.9371816638370118,22,589,43
T18,77,0.797712283639408,0.39891367968307745,0.30264211369095295,0.34468085106383,0.9552951240376388,0.9628230993395752,0.32229643313912193,0.6499879875507344,0.2821935260319621,0.9227567217363137,0.12942559612455212,0.412008717580943,0.21621621621621623,0.26666666666666666,0.23880597014925373,0.9163934426229509,37,610,30
T18,78,0.8696377159097264,0.5006695098255686,0.3473852721451442,0.4728813559322034,0.9363131400798475,0.9612067429345309,0.4005332239540608,0.7045972480060254,0.35535074797145205,0.9053126012309685,0.13740097407752747,0.43072754829899323,0.32,0.41025641025641024,0.3595505617977528,0.9060955518945635,50,607,39
T18,79,0.8773807073490846,0.492969496231616,0.4089068825910931,0.5066889632107022,0.9467282899537822,0.963485579898502,0.45257654966392824,0.7267086265822422,0.41091260316664596,0.9168934240362812,0.13326244229955705,0.4197758936615594,0.4117647058823529,0.4883720930232558,0.44680851063829785,0.9141914191419142,51,606,43
T18,80,0.8321358501123053,0.4680684074851563,0.45595854922279816,0.3916913946587539,0.9613307144610852,0.9502487562189055,0.4213886671987233,0.6765110545599194,0.3786821354472872,0.9178004535147393,0.11829026990813692,0.38254846597615394,0.4634146341463415,0.38,0.4175824175824176,0.9135399673735726,41,613,50
T18,81,0.8629766249539643,0.4530625610556646,0.33530455351862826,0.48118811881188106,0.9420668327463273,0.96763548449715,0.3952137546468403,0.7116274757791042,0.3580794201227013,0.9156786524133461,0.1241042187588903,0.40254153367197987,0.28,0.4117647058823529,0.3333333333333333,0.9111111111111111,50,630,34
T18,82,0.8788403533434709,0.6684712579737038,0.6086956521739134,0.5791505791505794,0.9640326104332072,0.9595332802970034,0.5935556811758058,0.7715915947918932,0.5555649412565041,0.930126336248785,0.11955444675863701,0.3839448753722076,0.5,0.4782608695652174,0.4888888888888889,0.9249592169657422,44,613,46
T18,83,0.8118900673569928,0.5320907202209508,0.48691099476439803,0.39857142857142897,0.963793103448276,0.9489511337456045,0.43833464257659105,0.6811822660098523,0.3974178861383062,0.9189342403628118,0.11830425156983433,0.38831266520085617,0.38235294117647056,0.3023255813953488,0.33766233766233766,0.914572864321608,34,597,43
T18,84,0.8909623585369855,0.6113171050878353,0.5626702997275208,0.45384615384615423,0.965778251599147,0.9479907911259939,0.5024330900243313,0.7098122027226503,0.4629102036393824,0.9205053449951409,0.12064333210364293,0.3852066604837818,0.5,0.4117647058823529,0.45161290322580644,0.9170731707317074,42,615,51
T18,85,0.8849316565460016,0.5887125917075068,0.48165137614678905,0.4143646408839781,0.9707450939781495,0.9619291944586968,0.44548154433602055,0.6925548674310638,0.413312467675329,0.9364917395529639,0.10855659186913819,0.36042606844399244,0.375,0.2903225806451613,0.32727272727272727,0.936426116838488,24,582,31
T18,86,0.7769880091052701,0.487789140334165,0.519721577726218,0.3595505617977527,0.9668109668109668,0.9379374708352776,0.42504743833017067,0.6631807643043598,0.3864741992295781,0.9116618075801749,0.12518277886848883,0.40558662382489924,0.4857142857142857,0.3148148148148148,0.38202247191011235,0.9087893864013267,35,603,54
T18,87,0.8442254895129255,0.552146661144162,0.46195652173913065,0.4513274336283189,0.9640218049666869,0.9625060474117079,0.45658012533572095,0.7076746192975027,0.41988117951258547,0.9311791383219954,0.11085246818619938,0.3597193483081878,0.36363636363636365,0.34285714285714286,0.35294117647058826,0.9245283018867925,33,583,35
T18,88,0.8719085146780309,0.4950697828472574,0.44494892167990885,0.4352331606217613,0.9479196251065041,0.9459382860381905,0.44003741814780134,0.6915763928641329,0.38700067511922176,0.9030450275348233,0.12880374201142256,0.4102953631601157,0.45098039215686275,0.42592592592592593,0.4380952380952381,0.8981001727115717,51,579,54
T18,89,0.8635361850798813,0.35054417065931454,0.28175313059033974,0.30405405405405384,0.958913221449038,0.9629534477443221,0.2924791086350973,0.631483637751546,0.25367266743255973,0.9259475218658891,0.1180394168611833,0.38592561531572295,0.3,0.2903225806451613,0.29508196721311475,0.9285714285714286,30,602,31
T18,90,0.8669099775828844,0.5633875111396494,0.5071770334928226,0.4510638297872337,0.9619223659889095,0.9527645551080189,0.4774774774774771,0.7064930978880717,0.4358319939558097,0.9210884353741499,0.11434008646251424,0.37262788652957096,0.4523809523809524,0.40425531914893614,0.42696629213483145,0.9178743961352657,42,621,47
T18,91,0.8505173720834618,0.47487568384152445,0.43209876543209874,0.4233870967741935,0.9668428640076885,0.9656827453803695,0.4276985743380855,0.695114980390941,0.3939876436693263,0.936281179138322,0.1090033713381757,0.35681051776148637,0.4375,0.4,0.417910447761194,0.9355371900826446,32,605,35
T18,92,0.8551106863091406,0.5596178664401008,0.5080645161290325,0.5073825503355708,0.954674922600619,0.9545567112431896,0.5077233042310278,0.7310287364680947,0.46233926422730703,0.9168934240362813,0.12047206265295926,0.3911355381724537,0.5098039215686274,0.5,0.5048543689320388,0.9141414141414141,51,594,52
T18,93,0.8382393334641897,0.39106758062171454,0.31434316353887404,0.29257641921397376,0.9460926384570796,0.9405909471919529,0.3030694668820679,0.6193345288355266,0.24666755760807713,0.8951895043731779,0.129024574790605,0.40741473940405654,0.30434782608695654,0.2916666666666667,0.2978723404255319,0.8921568627450981,46,612,48
T18,94,0.8546350235360083,0.6028209670021196,0.5566037735849056,0.4758064516129033,0.9650817236255571,0.9523460410557181,0.5130434782608696,0.7204440876192302,0.47369816873707415,0.9238095238095237,0.11668332367783636,0.3783600924169874,0.5365853658536586,0.43137254901960786,0.4782608695652174,0.9207920792079208,41,606,51
T18,95,0.7902706263215069,0.5629310933614682,0.6405228758169932,0.4902723735408557,0.9736435759544219,0.9522470447325937,0.5554156171284631,0.7319579747476389,0.5244000577078555,0.9313896987366375,0.12363641798801403,0.39653564460310886,0.6052631578947368,0.4339622641509434,0.5054945054945055,0.9271844660194175,38,618,53
T18,96,0.8528170204741206,0.4858269118396327,0.4078212290502791,0.41320754716981106,0.9616405307599517,0.962453217433297,0.41049671977507,0.6874240389648815,0.37255424379662677,0.9286848072562357,0.109357203802438,0.3580602525715176,0.36363636363636365,0.34285714285714286,0.35294117647058826,0.92914653784219,33,621,35
T18,97,0.8209446562110838,0.38865503987278943,0.2696629213483145,0.31999999999999995,0.953405017921147,0.9630702389572773,0.29268292682926816,0.6367025089605735,0.25225069645928855,0.9210884353741495,0.12083523290715277,0.3872311887332715,0.21875,0.23333333333333334,0.22580645161290322,0.9178082191780822,32,584,30
T18,98,0.8681061827825344,0.6105523421085235,0.5018541409147096,0.5640194489465153,0.9578899705682589,0.9668987097001018,0.5311239507249537,0.7609547097573871,0.4946175574727121,0.9303368966634271,0.11939954924492557,0.38339483285103443,0.4782608695652174,0.5238095238095238,0.5,0.9273927392739274,46,606,42
T18,99,0.8959125670182259,0.5290781616715806,0.4570799706529714,0.4398682042833609,0.9613852603016125,0.9587171081160779,0.4483089469896858,0.7006267322924866,0.40846054695697637,0.9254940071266601,0.11238861402995531,0.36742019806210935,0.42857142857142855,0.38461538461538464,0.40540540540540543,0.9251700680272109,35,588,39
T18,100,0.8265990158909413,0.5762057142395227,0.5022026431718063,0.44415584415584436,0.957888198757764,0.9474136871851578,0.4713990351481739,0.701022021456804,0.4251653410341606,0.9130385487528345,0.13516123293457277,0.4283438165767462,0.4878048780487805,0.4,0.43956043956043955,0.9141414141414141,41,594,50
T18,101,0.9015542131718575,0.6963170016151222,0.6008583690987125,0.5777166437414031,0.9655257630050661,0.9621967737963305,0.5890603085553998,0.7716212033732346,0.5530600608950891,0.9335600907029478,0.11327094906835643,0.370515497475357,0.55,0.5,0.5238095238095238,0.9322033898305084,40,590,44
T18,102,0.8504751937350886,0.6068197541371395,0.6226415094339627,0.4847001223990213,0.9700112457828315,0.9485581622678397,0.5450791465932557,0.7273556840909262,0.509638091418363,0.9250566893424036,0.11764417921043593,0.38490429917664054,0.6153846153846154,0.43636363636363634,0.5106382978723404,0.9226890756302522,39,595,55
T18,103,0.9037142571960912,0.6887250721113516,0.7345679012345678,0.4903846153846152,0.9840583292140385,0.9554835613150947,0.5881383855024711,0.7372214722993269,0.5721800833799354,0.9433106575963719,0.10583105865509386,0.34896755858220346,0.7241379310344828,0.44680851063829785,0.5526315789473685,0.9436152570480929,29,603,47
T18,104,0.8474305447024079,0.6127613058593506,0.5786516853932584,0.4564254062038403,0.9723689058086697,0.9555877383538496,0.5103220478943021,0.7143971560062551,0.47862179866320376,0.932766439909297,0.11482703467881099,0.3760343873813508,0.4838709677419355,0.35714285714285715,0.410958904109589,0.93042071197411,31,618,42
T18,105,0.8928084208039873,0.5104947313654221,0.4389067524115757,0.3338088445078459,0.9631552091214611,0.9436457040408218,0.37921055677740484,0.6484820268146535,0.3370524116423931,0.9131357304826694,0.11094468647663462,0.36363313228817085,0.42105263157894735,0.32,0.36363636363636365,0.9078947368421053,38,608,50
T18,106,0.8963825724700576,0.5750606673801693,0.5304777594728173,0.46779661016949187,0.9703176531852109,0.9621673723708217,0.49716932578486905,0.7190571316773512,0.46458030418104956,0.936702299967606,0.10965971022311027,0.3562047881255906,0.4444444444444444,0.41025641025641024,0.4266666666666667,0.9272419627749577,36,591,39
T18,107,0.8795055048458446,0.5410042749619614,0.49019607843137275,0.38759689922480633,0.9612229679343773,0.942251461988304,0.432900432900433,0.6744099335795918,0.38838935825084975,0.9108843537414965,0.11489504643284783,0.37147655655586465,0.4473684210526316,0.3333333333333333,0.38202247191011235,0.9069373942470389,38,591,51
T18,108,0.8714298855480684,0.5257607479181005,0.5400000000000001,0.4370503597122303,0.9749515972894484,0.962604540023895,0.4831013916500995,0.7060009785008392,0.45505390239813837,0.9410430839002267,0.10865599973278722,0.35795529518790614,0.53125,0.425,0.4722222222222222,0.9376026272577996,32,609,40
T18,109,0.8724278360370865,0.5137682389171759,0.4865047233468289,0.575418994413408,0.9606250323381799,0.9721436799664888,0.527239488117002,0.7680220133757938,0.49583841821227953,0.9371720116618076,0.12234978379205239,0.394478567877871,0.4772727272727273,0.5526315789473685,0.5121951219512195,0.9307958477508651,44,578,38
T18,110,0.8279090684310858,0.5854863081427142,0.5474860335195534,0.49822064056939525,0.9564820286896256,0.9474720596061736,0.5216928400319406,0.7273513346295103,0.4744035899059187,0.9126822157434402,0.13030928051809965,0.4167984324334673,0.5185185185185185,0.4745762711864407,0.49557522123893805,0.9067103109656302,54,611,59
T18,111,0.8787484071307913,0.6670811188240057,0.6257309941520468,0.5572916666666666,0.9767103347889373,0.9693029974720117,0.5895316804407714,0.767001000727802,0.5636925957127378,0.9493197278911564,0.1037147798580372,0.34395347556270595,0.5757575757575758,0.5135135135135135,0.5428571428571428,0.9457627118644067,33,590,37
T18,112,0.8492723898806788,0.46118882802081457,0.4349514563106798,0.32432432432432434,0.9696853948190846,0.9522591645353793,0.3715786563450374,0.6470048595717045,0.337407299690292,0.9263686426951734,0.10919278294762226,0.359354448945239,0.3333333333333333,0.2564102564102564,0.2898550724637681,0.9216,30,625,39
T18,113,0.846288920782307,0.5300547993587933,0.5732217573221762,0.49697702539298727,0.9617165019391968,0.9486609897568801,0.5323834196891197,0.7293467636660917,0.4892690855873705,0.9181405895691611,0.13018507432363277,0.41170384670552435,0.5576923076923077,0.47540983606557374,0.5132743362831859,0.9131121642969984,52,633,61
T18,114,0.887653565887073,0.5928845513192103,0.49398556535685645,0.4689165186500889,0.9672485683143307,0.9639131709167399,0.4811247071075242,0.7180825434822098,0.44689981218128877,0.9354389374797538,0.10594854679775677,0.34649124294420736,0.36363636363636365,0.35294117647058826,0.3582089552238806,0.9300813008130081,33,615,34
T18,115,0.8608154326364692,0.6001683132054172,0.5411255411255412,0.4573170731707317,0.9602499999999997,0.9452442475698286,0.49570389953734306,0.7087835365853657,0.45065730787838304,0.9134920634920637,0.11461878633522674,0.37915837593952145,0.4888888888888889,0.4230769230769231,0.4536082474226804,0.912396694214876,45,605,52
T18,116,0.8200855689949863,0.4236112565404101,0.40060240963855426,0.47599164926931103,0.959100484696936,0.9695789182076322,0.4350551996728908,0.7175460669831235,0.4013265302556718,0.932863621639132,0.1104827460657214,0.36547338994700534,0.42105263157894735,0.45714285714285713,0.4383561643835616,0.9333333333333333,38,615,35
T18,117,0.8340892784408833,0.3644630111694153,0.3118405627198128,0.3851351351351355,0.9388499201333427,0.9549998233902016,0.34463398833945186,0.6619925276342389,0.29402771509113723,0.9016844833171365,0.13329871033132648,0.4237006500959908,0.3137254901960784,0.38095238095238093,0.34408602150537637,0.897822445561139,51,597,42
T18,118,0.8653235143724306,0.4940175652293811,0.48150887573964485,0.4566284779050736,0.9634025372848614,0.9597115317939114,0.4687387495499819,0.7100155075949675,0.43049536083311724,0.9282960803368967,0.11951023681725394,0.38752840891698015,0.4634146341463415,0.4318181818181818,0.4470588235294118,0.9245585874799358,41,623,44
T18,119,0.8324989139515457,0.4746371433517226,0.39508632138114175,0.44736842105263125,0.9526753246753245,0.961465869770368,0.41960507757404764,0.700021872863978,0.3776724428598935,0.9200194363459671,0.1226183475363193,0.3938401533992961,0.37777777777777777,0.425,0.4,0.9178743961352657,45,621,40
T18,120,0.8424773106355921,0.6114910116116946,0.5559701492537319,0.48272138228941736,0.9547757790727134,0.9402445109780438,0.5167630057803474,0.7187485806810652,0.46593186763482414,0.9052154195011336,0.12405029349028908,0.40088609471680925,0.4897959183673469,0.41379310344827586,0.4485981308411215,0.9011725293132329,49,597,58
T18,121,0.9167007030465351,0.5779279533724534,0.46153846153846156,0.46551724137931044,0.9617718446601944,0.9623557984213723,0.463519313304721,0.7136445430197523,0.42558828803860355,0.9291383219954648,0.1201995800946851,0.38834282921456,0.42857142857142855,0.4166666666666667,0.4225352112676056,0.9281961471103327,35,571,36
T18,122,0.8406464641653133,0.3317200869900107,0.2715756136183691,0.2322274881516588,0.9518400251269434,0.9412952321789098,0.25036496350364973,0.5920337566393011,0.1979459704955319,0.9001943634596697,0.12456184490784403,0.39919598071502105,0.2777777777777778,0.21739130434782608,0.24390243902439024,0.8981937602627258,36,609,46
T18,123,0.783577431889626,0.33271182223253387,0.3208333333333332,0.3093749999999999,0.9487600419140761,0.9461163357715082,0.3149999999999999,0.629067520957038,0.2625053599897098,0.9023647554259799,0.13533026359640354,0.4360458990413887,0.3333333333333333,0.30434782608695654,0.3181818181818182,0.8976109215017065,42,586,46
T18,124,0.8244993206536146,0.46713212323640985,0.31891580161476346,0.42095914742451135,0.9387013616152527,0.9596377657504687,0.3629005796784424,0.6798302545198822,0.3165196958064703,0.9056527372853904,0.1263494682181784,0.40838094800680724,0.23809523809523808,0.2857142857142857,0.2597402597402597,0.9051580698835274,42,601,35
T18,125,0.8484162970917936,0.573054717178097,0.6125,0.44144144144144165,0.9771891096394407,0.9553956834532373,0.5130890052356023,0.709315275540441,0.487584334162289,0.936734693877551,0.10600125554013645,0.3514809934932309,0.6060606060606061,0.40816326530612246,0.4878048780487805,0.930921052631579,33,608,49
T18,126,0.9028191656655418,0.6750513714416787,0.568029286150091,0.5982008995502244,0.9627831998738413,0.9669851996550692,0.5827248070102227,0.7804920497120331,0.5478454339485174,0.9352121801101391,0.10647526884768019,0.3485494987951519,0.4666666666666667,0.5121951219512195,0.4883720930232558,0.9264214046822743,45,598,41
T18,127,0.8371096188644672,0.2842893183260896,0.24602510460251048,0.2721382289416847,0.9537940819501187,0.9594359900266529,0.25842367418693235,0.6129661554459017,0.21545370711112374,0.9180110139293813,0.12238836982381655,0.3950496748924423,0.25,0.28125,0.2647058823529412,0.9163879598662207,36,598,32
T18,128,0.8888439563754694,0.5604338890126731,0.4332932692307695,0.49203821656050994,0.9506661551339285,0.9606505956157045,0.46080102258201994,0.7213521858472189,0.4176130639356667,0.9180110139293813,0.12547586725386328,0.39699079222589434,0.35294117647058826,0.43902439024390244,0.391304347826087,0.9115323854660348,51,633,41
T18,129,0.7768719434541933,0.40495735600192534,0.435483870967742,0.3957654723127036,0.9616134535705582,0.9550956184943113,0.4146757679180888,0.6786894629416309,0.373610597301499,0.9222222222222222,0.12479046314271434,0.4058804131919248,0.4857142857142857,0.38636363636363635,0.43037974683544306,0.923469387755102,35,588,44
T18,130,0.8641542925704705,0.5620130439410757,0.5183206106870226,0.4013793103448273,0.9665931350922085,0.9474485383151701,0.45241532481954444,0.6839862227185179,0.41399301052972437,0.9201328150307744,0.11354956516864696,0.37047604300293,0.47619047619047616,0.38461538461538464,0.425531914893617,0.9150943396226415,42,636,52
T18,131,0.872222533533612,0.6129674607932424,0.5188442211055276,0.5093525179856113,0.959595604395604,0.9580963415490483,0.5140545586557409,0.7344740611906078,0.4729274588605578,0.9241172659540007,0.11477378012126288,0.3726539696620647,0.42857142857142855,0.4186046511627907,0.4235294117647059,0.9214743589743589,42,624,43
T18,132,0.871155657073336,0.5548764411600238,0.39052189562087564,0.5274102079395083,0.9474817788652063,0.9691570172191966,0.4487591911764704,0.7374459934023574,0.4132900114089161,0.9222870100421121,0.13146040406374318,0.40893794961270413,0.3137254901960784,0.47058823529411764,0.3764705882352941,0.9147909967845659,51,622,34
T18,133,0.8835848762778563,0.6482074725070947,0.6417016177351708,0.5638820638820637,0.9679882944934155,0.9561983325401441,0.6002802428771602,0.7659351791877397,0.5639195517319945,0.9306932296728214,0.11477862740443869,0.3741377625258287,0.5909090909090909,0.5,0.5416666666666666,0.9261744966442953,44,596,52
T18,134,0.8494007252285397,0.46118600344796934,0.3860465116279071,0.373873873873874,0.9514348785871966,0.9489908256880734,0.379862700228833,0.6626543762305352,0.33013721121700373,0.9078231292517006,0.12866596250931533,0.40385715372712977,0.3695652173913043,0.3541666666666667,0.3617021276595745,0.904,46,625,48
T18,135,0.8951406417531078,0.6146751590918458,0.4935897435897439,0.5641025641025643,0.9499524865378522,0.9618345093008339,0.5264957264957267,0.7570275253202082,0.4838523921430381,0.9192419825072885,0.12160204429860823,0.39264175713652855,0.40384615384615385,0.4772727272727273,0.4375,0.9090909090909091,52,594,44
T18,136,0.9014538970744129,0.5617044430523176,0.5052631578947367,0.474464579901153,0.9656641909168391,0.9613333333333333,0.4893797790994051,0.7200643854089961,0.45316943867851384,0.931859410430839,0.1176489912686024,0.37834982326875477,0.5263157894736842,0.46511627906976744,0.49382716049382713,0.9336569579288025,38,618,43
T18,137,0.886144629358815,0.6724414638195085,0.5816023738872408,0.5817174515235459,0.962689200155241,0.9627061832936402,0.5816599070135525,0.7722033258393933,0.5443576022202279,0.931503077421445,0.1095345779888609,0.35811770861995196,0.5,0.4634146341463415,0.4810126582278481,0.9312080536912751,38,596,41
T18,138,0.845629404470263,0.49209107330746643,0.46838551258440714,0.3992673992673989,0.9536129412394878,0.9394227217561076,0.4310734463276832,0.6764401702534435,0.37935143151910383,0.9021379980563654,0.12430591904617357,0.392428744699518,0.4782608695652174,0.3793103448275862,0.4230769230769231,0.9029126213592233,46,618,58
T18,139,0.8740586957416997,0.589416400712287,0.549783549783549,0.46520146520146466,0.9610048743907011,0.9461055740125508,0.5039682539682534,0.7131031697960831,0.4597293641879991,0.9149659863945576,0.12497537969518399,0.3943445559267525,0.5,0.41818181818181815,0.45544554455445546,0.9108589951377634,46,617,55
T18,140,0.8729069918057608,0.5483693929958403,0.44090909090909103,0.5017241379310345,0.9552184466019416,0.9645833333333332,0.46935483870967754,0.728471292266488,0.4304494817535213,0.9253968253968256,0.11635708851930343,0.36913071314905666,0.43478260869565216,0.47619047619047616,0.45454545454545453,0.9252336448598131,46,642,42
T18,141,0.8688782689300556,0.4673866667145399,0.41840161182001373,0.41013824884792655,0.9545669167409895,0.953066890157666,0.41422872340425565,0.6823525827944579,0.36807129951252043,0.914382896015549,0.12078319098383984,0.3892095652587127,0.4634146341463415,0.41304347826086957,0.4367816091954023,0.9179229480737019,41,597,46
T18,142,0.8932344514058681,0.625325346517368,0.5257510729613736,0.4921875000000001,0.9652637093957388,0.9604664094811107,0.5084159557297672,0.7287256046978694,0.4716150711890624,0.9309361839974084,0.10814859152176938,0.35399245329505946,0.4634146341463415,0.4418604651162791,0.4523809523809524,0.9222972972972973,41,592,43
T18,143,0.8428147793200301,0.44391441332678594,0.36711111111111094,0.3010204081632652,0.9629321116201581,0.9507067591878692,0.33079695634761697,0.6319762598917117,0.28963568098149794,0.918804664723032,0.11275809032689614,0.3662255590767659,0.2727272727272727,0.23684210526315788,0.2535211267605634,0.9107744107744108,33,594,38
T18,144,0.812577350619448,0.5624500617308185,0.6130952380952381,0.4170040485829964,0.9758633494244338,0.9480519480519479,0.496385542168675,0.6964336990037149,0.469527885136586,0.9289115646258504,0.11910575999721242,0.38643831554893465,0.5806451612903226,0.375,0.45569620253164556,0.9278523489932886,31,596,48
T18,145,0.7771685426547668,0.3641179549952075,0.3851674641148325,0.3587521663778162,0.9599140396180308,0.9553278829900995,0.37149083450839626,0.6593331029979235,0.32940000063929387,0.9205863297700032,0.13340446782678722,0.4175676219387051,0.38461538461538464,0.35714285714285715,0.37037037037037035,0.9161184210526315,39,608,42
T18,146,0.892693194153596,0.7105792628310295,0.6541640178003815,0.5364963503649636,0.9708498553209731,0.9532277581943494,0.589515898023489,0.7536731028429684,0.5551197284512321,0.9303692905733721,0.1073135232431372,0.35626033407506763,0.5675675675675675,0.4375,0.49411764705882355,0.9269949066213922,37,589,48
T18,147,0.7842286958826454,0.48021631946681825,0.5197215777262184,0.3740259740259746,0.9669387755102041,0.9416878380947443,0.4349983817024495,0.6704823747680891,0.3966413315566463,0.9151765468091997,0.12964006125954955,0.41248697736408246,0.4594594594594595,0.3333333333333333,0.38636363636363635,0.9095477386934674,37,597,51
T18,148,0.8556327279559935,0.5403277278701519,0.5281873373807456,0.42301458670988634,0.9715783424182789,0.9572416396424218,0.46978657752635616,0.6972964645640827,0.43766064699406104,0.9332037576935537,0.11217560966402877,0.368130885520926,0.5454545454545454,0.4090909090909091,0.4675324675324675,0.9340836012861736,33,622,44
T18,149,0.8051161834188174,0.39681443569689895,0.3950715421303654,0.3628620102214651,0.9603859034200342,0.9548355932788183,0.37828237980464274,0.6616239568207496,0.3363134720603565,0.920618723679948,0.12429261655548232,0.4001115934675446,0.4411764705882353,0.3488372093023256,0.38961038961038963,0.9219269102990033,34,602,43
T18,150,0.8251292600373481,0.5501586660425575,0.4504347826086957,0.5045454545454546,0.9502100840336133,0.9595332802970034,0.47595712098009196,0.727377769289534,0.431781480898496,0.9168610301263362,0.12450669032050785,0.4016540607080337,0.3541666666666667,0.40476190476190477,0.37777777777777777,0.9068219633943427,48,601,42
T18,151,0.9033313219151224,0.6255452377963929,0.44106463878326957,0.5256797583081567,0.9459426329982838,0.960901506661686,0.4796691936595448,0.7358111956532205,0.4354035309215837,0.9143990929705216,0.12056692159677769,0.3876283147691435,0.3673469387755102,0.43902439024390244,0.4,0.9096989966555183,49,598,41
T18,152,0.8428618606557047,0.4439680002990105,0.4502923976608184,0.30196078431372525,0.9649906890130354,0.93571686529433,0.3615023474178401,0.6334757366633804,0.3210073853724463,0.9074829931972791,0.12497441728826301,0.3983995205897882,0.47058823529411764,0.2909090909090909,0.3595505617977528,0.9054726368159204,34,603,55
T18,153,0.779905100265031,0.4098433022197662,0.41713221601489753,0.2403003754693366,0.9665520864872564,0.9273898629481523,0.30493477027793525,0.6034262309782965,0.2669555023443238,0.900761256883706,0.12790147632753573,0.4108605770920113,0.35714285714285715,0.18867924528301888,0.24691358024691357,0.9019292604501608,28,622,53
T18,154,0.8659765919811495,0.5944618063003525,0.46511627906976727,0.4746835443037973,0.9578651685393257,0.959388379204893,0.4698512137823021,0.7162743564215616,0.42850781035194035,0.9232426303854875,0.12300695720790042,0.3929777479371061,0.3333333333333333,0.2972972972972973,0.3142857142857143,0.9203980099502488,33,603,37
T18,155,0.8329219207689289,0.5208058677335491,0.5117647058823528,0.36503496503496474,0.9692782233189389,0.9453670276774969,0.4261224489795916,0.667156594176952,0.39092859622204773,0.920294784580499,0.11406956407304043,0.37306135150762687,0.5294117647058824,0.34615384615384615,0.4186046511627907,0.9189627228525121,34,617,52
T18,156,0.8345401582798293,0.5698406037680029,0.5181494661921705,0.5089722675367045,0.9646469042106909,0.9633724467622771,0.5135198683282387,0.7368095858736978,0.47755419544980166,0.9329770003239393,0.12580921893111616,0.39647067631482646,0.5,0.4772727272727273,0.4883720930232558,0.9290322580645162,42,620,44
T18,157,0.821372427983539,0.529033210385508,0.46046511627906966,0.41249999999999976,0.9570370370370368,0.9482568807339447,0.435164835164835,0.6847685185185184,0.38863596816050117,0.9125850340136055,0.12865093095401242,0.4085016107583743,0.425,0.3541666666666667,0.38636363636363635,0.9101497504159733,40,601,48
T18,158,0.8300974105810841,0.4751136081006603,0.47507953340402986,0.3503649635036497,0.974354103343465,0.9576989017331229,0.40330082520630167,0.6623595334235574,0.374875192043018,0.9355847100745059,0.12552480499347235,0.4000410065208538,0.38461538461538464,0.2702702702702703,0.31746031746031744,0.9292763157894737,26,608,37
T18,159,0.834266058808249,0.5446279504073551,0.3657740039190069,0.4047217537942662,0.949417423466287,0.9567606348539732,0.38426349496797774,0.6770695886302767,0.33796767835562785,0.9127955944282474,0.1253993351859381,0.39925641481830043,0.2702702702702703,0.29411764705882354,0.28169014084507044,0.9126712328767124,37,584,34
T18,160,0.8822094139152885,0.7001529873608544,0.6363636363636368,0.6554913294797691,0.9592708988057826,0.9624164459578763,0.6457858769931666,0.8073811141427757,0.6067185324851876,0.9294784580498866,0.12244756102249096,0.3913667148956882,0.5882352941176471,0.5660377358490566,0.5769230769230769,0.9234782608695652,51,575,53
T18,161,0.853441021443033,0.49993054492955935,0.5314285714285715,0.393511988716502,0.9696708174084576,0.948161543098252,0.4521880064829821,0.6815914030624799,0.4173474374950007,0.9233560090702947,0.11124512435955382,0.36500644741646693,0.5428571428571428,0.37254901960784315,0.4418604651162791,0.9246467817896389,35,637,51
T18,162,0.854062792195649,0.506697422379472,0.4654377880184333,0.40671140939597317,0.956904024767802,0.9458930101603625,0.4340974212034384,0.6818077170818877,0.386737930341356,0.9104308390022675,0.1219842095337705,0.38835862261242016,0.42857142857142855,0.36,0.391304347826087,0.9039451114922813,42,583,50
T18,163,0.8530961241990652,0.4954622992895351,0.5023041474654375,0.4808823529411762,0.9601965601965601,0.956787856530787,0.49135987978963164,0.7205394565688682,0.44999533570124967,0.9232426303854874,0.10940255886647135,0.3625395653132019,0.5116279069767442,0.4583333333333333,0.4835164835164835,0.9217970049916805,43,601,48
T18,164,0.8815951889060323,0.6134384758271003,0.5700861393891934,0.4642857142857144,0.9711235009467707,0.9564834481686785,0.5117750439367312,0.7177046076162424,0.478824864521326,0.9325072886297376,0.09593512248056905,0.3297330209428946,0.5,0.4186046511627907,0.45569620253164556,0.9246935201401051,36,571,43
T18,165,0.852978779329928,0.5369464656898055,0.5513005780346824,0.42030848329048864,0.9669058869506517,0.9451795512954085,0.4769743696603461,0.6936071851205701,0.4384566576251192,0.9186912860382248,0.12677131079443332,0.401135743396211,0.5348837209302325,0.41818181818181815,0.46938775510204084,0.9159935379644588,43,619,55
T18,166,0.8551412169490669,0.6524630394823513,0.5802469135802467,0.5558475689881733,0.9620300285395209,0.9582251884810282,0.5677852348993288,0.7589387987638472,0.5280744630742722,0.9269841269841269,0.11003376393642483,0.36469316853369343,0.4878048780487805,0.4444444444444444,0.46511627906976744,0.9237147595356551,41,603,45
T18,167,0.8923656775232235,0.6702204501016817,0.580818965517241,0.5789473684210522,0.9584357303130675,0.9581286049989316,0.5798816568047334,0.7686915493670601,0.5381647661257711,0.9241010689990283,0.12453327351274152,0.39307291240827275,0.5423728813559322,0.5714285714285714,0.5565217391304348,0.9151414309484193,59,601,56
T18,168,0.9529865702830345,0.7978198814561686,0.6569278441788403,0.7058823529411766,0.9580574747893854,0.9662500227425723,0.6805258330785694,0.831969913865281,0.6432360419078683,0.9322967282150956,0.10189292208959103,0.34003388983472105,0.5964912280701754,0.6415094339622641,0.6181818181818182,0.9290540540540541,57,592,53
T18,169,0.8923231600815047,0.5849476653560158,0.48985304408677427,0.5309734513274338,0.962152807822099,0.9677127391084884,0.5095850521718032,0.7465631295747663,0.47501337137169675,0.9345319080012958,0.12241162358412447,0.3918052812303261,0.4146341463414634,0.4594594594594595,0.4358974358974359,0.9284552845528455,41,615,37
T18,170,0.8567300153984714,0.5496402649632204,0.4064997336174748,0.5232,0.9417414799965135,0.9628223636136803,0.4575254847091746,0.7324707399982567,0.4143828694360673,0.9120829284094591,0.1266454425550829,0.40436333929157636,0.38461538461538464,0.46511627906976744,0.42105263157894735,0.9124203821656051,52,628,43
T18,171,0.8774216378694011,0.5354824290871774,0.4941860465116277,0.3653295128939827,0.9678650578675203,0.9466522157996146,0.4200988467874792,0.6665972853807515,0.38325567913084,0.9201814058956918,0.11214805257616861,0.3685603145378561,0.45454545454545453,0.32608695652173914,0.379746835443038,0.9186046511627907,33,602,46
T18,172,0.8768132518197553,0.6054902343274209,0.6156968876860621,0.5038759689922482,0.9697453925641843,0.9530939168673436,0.5542021924482339,0.7368106807782162,0.5190293587971326,0.9288629737609329,0.11728032894808042,0.3842883081754741,0.5853658536585366,0.47058823529411764,0.5217391304347826,0.9255499153976311,41,591,51
T18,173,0.9110864800649517,0.5462331489003321,0.4463276836158192,0.38041733547351525,0.964133219470538,0.9534322596211846,0.4107452339688042,0.6722752774720266,0.3711300449798066,0.9229024943310657,0.11374947897158375,0.3684865731374399,0.37142857142857144,0.325,0.3466666666666667,0.9169491525423729,35,590,40
T18,174,0.8480530787229702,0.4234479386807821,0.4445438282647584,0.38727272727272727,0.9678182760407669,0.9595964786078852,0.4139367018323153,0.6775455016567471,0.3788226327014142,0.9316164561062521,0.11332568650526328,0.37091225434939423,0.4411764705882353,0.36585365853658536,0.4,0.926829268292683,34,615,41
T18,175,0.8411021447656616,0.45314988218966257,0.43851508120649635,0.4003294892915978,0.9621158094310411,0.9559634295985203,0.418553149606299,0.6812226493613196,0.3781228394164865,0.9234531908001294,0.11053938777498873,0.3664235573257571,0.4594594594594595,0.3953488372093023,0.425,0.9255663430420712,37,618,43
T18,176,0.8805325519641056,0.5376545491731247,0.5075376884422108,0.45223880597014904,0.9639263803680982,0.955369086708014,0.47829518547750566,0.7080825931691237,0.4389142106808928,0.9250566893424035,0.1256197341286184,0.40043191570265624,0.47368421052631576,0.4186046511627907,0.4444444444444444,0.9251247920133111,38,601,43
T18,177,0.8681986134947139,0.6578172850130375,0.6374501992031868,0.5047318611987377,0.9653069004956155,0.9416139828932685,0.5633802816901403,0.7350193808471768,0.5217112334368225,0.9156462585034014,0.11758982481320793,0.38070628402983375,0.5652173913043478,0.4406779661016949,0.49523809523809526,0.9118136439267887,46,601,59
T18,178,0.8939870308174984,0.6410187992505055,0.53024307518372,0.5521978021978026,0.9559882776640067,0.959562667233711,0.5409977890992987,0.7540930399309045,0.49891127481037967,0.9226595400064788,0.10894274880629226,0.3553120156847977,0.4772727272727273,0.4666666666666667,0.47191011235955055,0.9182608695652174,44,575,45
T18,179,0.8469500822904532,0.5860967647425464,0.5384615384615382,0.47844827586206884,0.9648660054863895,0.9557401891623556,0.5066840560808606,0.7216571406742291,0.46806696499833467,0.9264820213799807,0.12517230967264506,0.39923263021040006,0.4791666666666667,0.46938775510204084,0.4742268041237113,0.9148580968280468,48,599,49
T18,180,0.8803910291789885,0.47701835635587353,0.46666666666666656,0.3382899628252788,0.9610632721827028,0.9351548269581054,0.3922413793103448,0.6496766175039907,0.3468235343979909,0.9040816326530614,0.12299079986845875,0.39349589150020275,0.41025641025641024,0.2909090909090909,0.3404255319148936,0.8975206611570248,39,605,55
T18,181,0.753007772089228,0.38406165023915984,0.4897959183673468,0.36424957841483957,0.9726510271058709,0.9550065640291204,0.4177949709864601,0.6684503027603553,0.3871100950072003,0.9317460317460318,0.11606012260864101,0.3816844085033407,0.5161290322580645,0.34782608695652173,0.4155844155844156,0.927536231884058,31,621,46
T18,182,0.8670050058019751,0.5682172472767626,0.4894162924951892,0.45798319327731085,0.957914772126467,0.9525261553020344,0.47317829457364335,0.707948982701889,0.42872248000825763,0.9174441205053451,0.13162452976970496,0.41517499814308123,0.4418604651162791,0.40425531914893614,0.4222222222222222,0.9139072847682119,43,604,47
T18,183,0.8167245448134062,0.4448175774769451,0.4247076023391815,0.39150943396226406,0.9587871805613739,0.9529981261711428,0.40743338008415153,0.6751483072618191,0.36374309338233757,0.9178814382896014,0.12312097005002798,0.39794139115443433,0.3953488372093023,0.37777777777777777,0.38636363636363635,0.91,43,600,45
T18,184,0.8777603346908982,0.6791709833737091,0.5958333333333335,0.5369211514392993,0.96372023438474,0.954320987654321,0.5648452929558923,0.7503206929120196,0.5248142735066781,0.9250566893424035,0.1175495026390873,0.37914761812537695,0.4594594594594595,0.38636363636363635,0.41975308641975306,0.9203389830508475,37,590,44
T18,185,0.8400776790901855,0.585214955189715,0.6145348837209306,0.44807121661721067,0.9636134130947805,0.9309650053022266,0.5182642804608973,0.7058423148559956,0.4738923082520232,0.9045189504373179,0.1282151177809749,0.4109420656449032,0.5652173913043478,0.3939393939393939,0.4642857142857143,0.8993288590604027,46,596,66
T18,186,0.8029490085460891,0.4201530152941406,0.4137651821862348,0.35960591133004915,0.9622109713450595,0.9529594210390278,0.384789156626506,0.6609084413375543,0.3435377251630746,0.9206025267249758,0.12719069228778168,0.40559957892555276,0.40540540540540543,0.3409090909090909,0.37037037037037035,0.9174757281553398,37,618,44
T18,187,0.8360040545284653,0.49485891927695774,0.3926499032882011,0.36786469344608885,0.9677557377329751,0.9643064224564276,0.3798534227350694,0.667810215589532,0.3461240181762984,0.935584710074506,0.10818452864082419,0.3539741333683069,0.3333333333333333,0.2903225806451613,0.3103448275862069,0.936,27,625,31
T18,188,0.8821717806052547,0.6661485857802406,0.6061946902654862,0.602639296187683,0.9671909560088475,0.9667157946450504,0.6044117647058819,0.7849151260982654,0.5713682928747503,0.9390022675736963,0.12027943221706676,0.3878040394334785,0.5641025641025641,0.5238095238095238,0.5432098765432098,0.9362068965517242,39,580,42
T18,189,0.852647204612477,0.5918608305157689,0.5187969924812033,0.5024271844660194,0.9519759879939969,0.9488905509847916,0.5104808877928484,0.7272015862300081,0.4609975091808841,0.9099773242630386,0.12310179017523426,0.38996358105541173,0.4716981132075472,0.45454545454545453,0.46296296296296297,0.9049180327868852,53,610,55
T18,190,0.8051829193850195,0.28181889521680004,0.2754098360655738,0.29268292682926833,0.9663776053552409,0.9690312738367656,0.2837837837837838,0.6295302660922546,0.2516446781059971,0.938192419825073,0.11630128849288397,0.37819907062222374,0.3076923076923077,0.2962962962962963,0.3018867924528302,0.9389438943894389,26,606,27
T18,191,0.820005258904253,0.5267101384543734,0.5201388888888888,0.4234828496042215,0.9632668249636742,0.9467258794844999,0.4668605859131518,0.6933748372839479,0.4249232839414952,0.9168772270813088,0.12552573694405228,0.39714866293115614,0.4523809523809524,0.38,0.41304347826086957,0.9102990033222591,42,602,50
T18,192,0.8498124457622553,0.4046922670864586,0.37299270072992696,0.2987721691678034,0.9544772032715644,0.9375672392850944,0.331782274645601,0.626624686219684,0.280444486331273,0.8999838030450276,0.1289648221026188,0.4087948985083934,0.35714285714285715,0.28846153846153844,0.3191489361702128,0.8935108153078203,42,601,52
T18,193,0.8571935901098948,0.640410996958824,0.6126482213438738,0.5032467532467534,0.9627659574468084,0.9430591737997766,0.5525846702317292,0.7330063553467808,0.5088877180315422,0.9146258503401361,0.12967841376423322,0.41304615788882226,0.5652173913043478,0.4482758620689655,0.5,0.912751677852349,46,596,58
T18,194,0.7269979000817894,0.3828597580352053,0.3782258064516128,0.2938596491228068,0.959386852085967,0.9417269906928643,0.3307475317348377,0.626623250604387,0.2846522903979503,0.9077745383867832,0.12773832556058481,0.4145917835623701,0.3142857142857143,0.23404255319148937,0.2682926829268293,0.9032258064516129,35,620,47
T18,195,0.8182872516657856,0.504043166088776,0.4371785451873622,0.3611898016997166,0.959540828902426,0.9452451567025686,0.395567867036011,0.6603653153010713,0.35022135152552236,0.9116456106252023,0.12689279607836546,0.40605216221733653,0.3333333333333333,0.2558139534883721,0.2894736842105263,0.91,33,600,43
T18,196,0.8379349864773706,0.43211602181447545,0.3895759717314488,0.303370786516854,0.9638717997873785,0.947929521458933,0.34111125435090894,0.6336212931521162,0.3003262241165169,0.9172173631357307,0.12551802670436646,0.40167359983279927,0.40625,0.29545454545454547,0.34210526315789475,0.9161073825503355,32,596,44
T18,197,0.8224770862145997,0.47199278871228095,0.4033149171270721,0.3343511450381682,0.9603184323331292,0.9473239096290926,0.3656093489148583,0.6473347886856486,0.3214383220622693,0.9138321995464853,0.12748175679982252,0.4081650474366542,0.36363636363636365,0.2857142857142857,0.32,0.9138513513513513,33,592,42
T18,198,0.8968485938355598,0.7294481122055092,0.5978762696214218,0.6065573770491803,0.9527785307671454,0.9543825350276962,0.6021855382469192,0.7796679539081628,0.5557860918086863,0.9168610301263364,0.1223682157268967,0.3917120442487008,0.5283018867924528,0.5185185185185185,0.5233644859813084,0.9158415841584159,53,606,54
T18,199,0.856341733466973,0.45675461271948165,0.37933954276037263,0.4102564102564103,0.9623871100164205,0.9668024124954895,0.3941926968763749,0.6863217601364153,0.3591483770263553,0.9330903790087463,0.1198485830290532,0.3902544832410428,0.38235294117647056,0.3939393939393939,0.3880597014925373,0.9305084745762712,34,590,33
T18,200,0.8833500887333339,0.5279675356764263,0.4613315400134501,0.429197080291971,0.9578013873035384,0.9522163445590878,0.4446845289541921,0.6934992337977546,0.400052993498282,0.9167476514415288,0.11195346673309299,0.36701766014610315,0.4444444444444444,0.4166666666666667,0.43010752688172044,0.9131147540983606,45,610,48
T18,201,0.8725425454795206,0.6396515534741583,0.4708875070661391,0.5304606240713224,0.9507618930719459,0.9608030762142719,0.49890197644240364,0.7406112585716342,0.4557841913814541,0.9186912860382247,0.12050680223017544,0.38903441510208436,0.42857142857142855,0.4772727272727273,0.45161290322580644,0.9134125636672326,49,589,44
T18,202,0.8180848440312963,0.40581020886761565,0.4166666666666664,0.39252336448598096,0.964514182257091,0.960918710918711,0.40423484119345493,0.6785187733715361,0.36716775035280536,0.9298185941043082,0.12037074381464621,0.3881045940606278,0.3888888888888889,0.3684210526315789,0.3783783783783784,0.9259259259259259,36,621,38
T18,203,0.9163421470280977,0.6143594715880862,0.47222222222222215,0.5029585798816569,0.965716347888849,0.9695652173913044,0.4871060171919771,0.7343374638852529,0.4550326321823382,0.9391156462585035,0.10389258808441316,0.34823377444948456,0.45161290322580644,0.45161290322580644,0.45161290322580644,0.9413793103448276,31,580,31
T18,204,0.8863332127147211,0.6180538352992829,0.5254794520547941,0.5465425531914889,0.9539981585098093,0.9575757575757574,0.5358040785920473,0.7502703558506493,0.4917202440610871,0.9192581794622611,0.11766243245501891,0.3814894861635022,0.5384615384615384,0.5283018867924528,0.5333333333333333,0.9184692179700499,52,601,53
T18,205,0.8947516274310002,0.6000336976927594,0.5006747638326583,0.5071770334928227,0.9612909975414551,0.9622473557440568,0.5039049235993207,0.7342340155171391,0.46568681952608343,0.9290087463556851,0.12154311936116097,0.38324954904650144,0.5,0.5,0.5,0.9290322580645162,44,620,44
T18,206,0.8437878844322766,0.5333455423580227,0.5040347610180013,0.3799126637554584,0.9566765471370734,0.9301316182543448,0.43325922632281005,0.668294605446266,0.3822770186596972,0.8967768059604794,0.11992483061597753,0.39049116528219463,0.48,0.36363636363636365,0.41379310344827586,0.8879736408566722,50,607,66
T18,207,0.844193598171866,0.6134771851820233,0.5165289256198348,0.5122950819672132,0.9566023738872401,0.9558932542624163,0.5144032921810701,0.7344487279272266,0.4706565183188286,0.9197278911564625,0.1204572463578939,0.3885399289388062,0.4791666666666667,0.46938775510204084,0.4742268041237113,0.915702479338843,48,605,49
T18,208,0.8141720394148719,0.4648824761133772,0.464730290456432,0.453441295546559,0.952098031934645,0.9499814746202294,0.4590163934426233,0.7027696637406018,0.41009990283799286,0.9102040816326531,0.12971946865774417,0.41751034863095643,0.4897959183673469,0.43636363636363634,0.46153846153846156,0.9089430894308943,49,615,55
T18,209,0.8768462318153173,0.5438707729720662,0.464963503649635,0.4619289340101521,0.9618249049528667,0.9613742842269647,0.46344125136413233,0.7118769194815094,0.42504384986458726,0.9283284742468416,0.1046457851251791,0.35261826263069695,0.42105263157894735,0.41025641025641024,0.4155844155844156,0.9278846153846154,38,624,39
T18,210,0.8115532692099883,0.366166434614268,0.37413793103448284,0.3309608540925269,0.9623222502854375,0.9548232063165122,0.3512274076072297,0.6466415521889821,0.31061027604058045,0.9220926465824424,0.12239275325304223,0.3995245268239928,0.3939393939393939,0.325,0.3561643835616438,0.9204737732656514,33,591,40
T18,211,0.9240518395160933,0.7182807519736115,0.5730392156862745,0.6398467432950189,0.9535540980109848,0.9645091693635384,0.6046030514610808,0.796700420653002,0.5647846172933905,0.9257045675413023,0.12100127028700386,0.39127184745307225,0.5,0.5434782608695652,0.5208333333333334,0.9237147595356551,50,603,46
T18,212,0.8812008062400047,0.5963565025593536,0.549019607843137,0.4970414201183428,0.9661100196463653,0.9585769980506823,0.5217391304347823,0.7315757198823543,0.48486503157002503,0.9301587301587302,0.12095382208057123,0.3923841110813523,0.5405405405405406,0.4444444444444444,0.4878048780487805,0.9298831385642737,37,599,45
T18,213,0.8461762365156487,0.45674204533489215,0.4478114478114478,0.34597875569044,0.9655504402471685,0.9481401265126513,0.3903632138926256,0.6557645979688043,0.35121286363032983,0.9192581794622608,0.1274076942150438,0.40388400978688077,0.4444444444444444,0.3333333333333333,0.38095238095238093,0.9146141215106732,36,609,48
T18,214,0.8460334808762503,0.6900137292596416,0.7068723702664795,0.5829959514170036,0.9778261100206885,0.962357732066409,0.6389857369255147,0.7804110307188463,0.6126328472800726,0.9446550048590865,0.11117209708145442,0.3687725913979744,0.6388888888888888,0.5111111111111111,0.5679012345679012,0.9416666666666667,36,600,45
T18,215,0.8058069035561165,0.44246283321408414,0.36521739130434777,0.2962962962962961,0.9535992372477354,0.9376562499999997,0.3271665043816941,0.6249477667720158,0.27511228651256897,0.899271137026239,0.12598619659908558,0.4048892827042149,0.2926829268292683,0.25,0.2696629213483146,0.8951612903225806,41,620,48
T18,216,0.9166863024135277,0.6303475333801193,0.39012738853503187,0.5023923444976077,0.9398964272636919,0.9610611895592639,0.43919928293994626,0.7211443858806499,0.3941151670031521,0.9087949465500488,0.11899679387281517,0.3783182975099949,0.32727272727272727,0.46153846153846156,0.3829787234042553,0.9046052631578947,55,608,39
T18,217,0.890292205087932,0.6291024335922073,0.5961410512308717,0.47058823529411764,0.9674983936603126,0.9471615033810346,0.5259759319049017,0.7190433144772151,0.48786635941849976,0.9215257531584061,0.12087472071020068,0.3829625222689421,0.4878048780487805,0.38461538461538464,0.43010752688172044,0.9149277688603531,41,623,52
T18,218,0.8003780642171328,0.4973690300904442,0.5175355450236966,0.3798701298701299,0.9734101831859023,0.9543491250533503,0.43814364049752574,0.676640156528016,0.40829837615543213,0.9319565921606737,0.11597273792390206,0.3769389649834093,0.4642857142857143,0.3170731707317073,0.37681159420289856,0.9277310924369748,28,595,41
T18,219,0.8613462990186438,0.5455103498811091,0.5408805031446542,0.4250411861614497,0.9733349567758431,0.9581685245115665,0.47601476014760147,0.6991880714686465,0.44588028300687466,0.9356009070294784,0.10991659196033031,0.3585821518564433,0.5,0.375,0.42857142857142855,0.9341021416803954,30,607,40
T18,220,0.8577344067238801,0.39620244529195814,0.3767441860465116,0.4263157894736842,0.951272727272727,0.9599999999999997,0.4,0.6887942583732056,0.3565820210446391,0.9173469387755101,0.12262219859447085,0.393930358628492,0.38636363636363635,0.4146341463414634,0.4,0.9158415841584159,44,606,41
T18,221,0.8973766571227755,0.5936480689008637,0.49667405764966727,0.5296551724137932,0.9519279978822905,0.9576232069308336,0.5126346905692762,0.7407915851480419,0.4677412927393912,0.9172173631357304,0.1240144915616368,0.39246970423061067,0.49056603773584906,0.5098039215686274,0.5,0.9136212624584718,53,602,51
T18,222,0.8205906474233717,0.4762657690420698,0.40338983050847477,0.4022082018927443,0.9539283096576036,0.953711942772398,0.4027981496107413,0.678068255775174,0.3566188158309843,0.914269517330742,0.1250244784796567,0.400336337392939,0.35714285714285715,0.3488372093023256,0.35294117647058826,0.9102773246329527,42,613,43
T18,223,0.887501884515606,0.7125048698436323,0.5811926605504587,0.6006637168141593,0.9505702735869486,0.9542210144927536,0.5907677960833074,0.7756169952005539,0.5432662483620645,0.9147068351149983,0.12884779741829422,0.40580853161181635,0.43137254901960786,0.4583333333333333,0.4444444444444444,0.909688013136289,51,609,48
T18,224,0.8103112773809131,0.4279541404566351,0.42564102564102557,0.35520684736091296,0.9586155930533317,0.9451123254401941,0.3872472783825816,0.6569112202071223,0.3411022155132784,0.9106575963718821,0.12389474144642616,0.3952304788767734,0.3953488372093023,0.3333333333333333,0.3617021276595745,0.9066874027993779,43,643,51
T18,225,0.8784753576680968,0.5947661792183326,0.5286343612334798,0.4225352112676053,0.9597138554216866,0.9395503133063029,0.4696673189823871,0.6911245333446461,0.42304037027340774,0.9078231292517008,0.11751348315421938,0.3798797919123979,0.4523809523809524,0.34545454545454546,0.3917525773195876,0.9016666666666666,42,600,55
T18,226,0.8805552176487826,0.5646146330896107,0.5444902769593402,0.5245033112582783,0.9589230360464086,0.9556391110169639,0.5343099460292985,0.7417131736523435,0.49170694850603136,0.9217363135730483,0.11125488561676064,0.368279395671622,0.5,0.48,0.4897959183673469,0.9180327868852459,48,610,50
T18,227,0.8518142953073321,0.5858794510949559,0.550314465408805,0.451127819548872,0.9699395638083559,0.9558904771769905,0.49580923149569106,0.710533691678614,0.46167779957140714,0.9308228053126013,0.11745651623778859,0.3816391110912376,0.4722222222222222,0.40476190476190477,0.4358974358974359,0.9286871961102107,36,617,42
T18,228,0.8634311804374599,0.5214415487212234,0.4101562499999998,0.39267015706806263,0.9607649534895806,0.9579274611398964,0.40122277416889546,0.6767175552788216,0.3606850525613679,0.9238581146744412,0.11580148462992101,0.37698543277612045,0.2727272727272727,0.2727272727272727,0.2727272727272727,0.9203980099502488,33,603,33
T18,229,0.8761428404670034,0.6325960308433045,0.6069651741293532,0.5374449339207049,0.9708809436048653,0.9616648411829132,0.5700934579439253,0.7541629387627851,0.5376331012140017,0.9374149659863947,0.10257697230813556,0.3476826005177894,0.5588235294117647,0.4523809523809524,0.5,0.9371900826446281,34,605,42
T18,230,0.8091052376333657,0.4492395115561019,0.4263565891472866,0.2884615384615384,0.9730843840931135,0.9517372228151311,0.34410844629822723,0.6307729612773258,0.314466047232312,0.9286848072562359,0.11531543108111748,0.3773473350754981,0.36363636363636365,0.2222222222222222,0.27586206896551724,0.9292929292929293,22,594,36
T18,231,0.869798215199567,0.57177049543882,0.47633136094674516,0.4606141522029368,0.9530063543196983,0.9500970531145225,0.46834092892465773,0.7068102532613177,0.4199756381263861,0.9111920958859733,0.12693988942361992,0.4014768970372217,0.4166666666666667,0.4166666666666667,0.4166666666666667,0.9065108514190318,48,599,48
T18,232,0.8413321397422199,0.4626061838471634,0.6537982565379828,0.3318584070796464,0.9853668807242867,0.9465540779693585,0.4402515723270445,0.6586126439019664,0.43640227095863415,0.935131195335277,0.11570704958174625,0.37383797889614045,0.6666666666666666,0.32,0.43243243243243246,0.9312602291325696,24,611,50
T18,233,0.8731369062836801,0.6375221500655017,0.5714285714285715,0.5373134328358208,0.9632562167512061,0.9580410975759812,0.5538461538461538,0.7502848247935134,0.5148169059778124,0.9276643990929704,0.12893311930707146,0.4066563071952097,0.5333333333333333,0.48,0.5052631578947369,0.9203389830508475,45,590,50
T18,234,0.7995613925370022,0.5115627934318441,0.4599761051373957,0.40000000000000013,0.9515411417850443,0.9389082830847351,0.42789663795498767,0.6757705708925222,0.37446531651921766,0.8999514091350826,0.138186971063281,0.43423812063602607,0.34782608695652173,0.3076923076923077,0.32653061224489793,0.8947368421052632,46,627,52
T18,235,0.8571672086365911,0.6308742551967812,0.6481481481481477,0.4617834394904454,0.97002502448047,0.9377826864415693,0.5393198724760888,0.7159042319854578,0.5030008883465152,0.9157434402332362,0.12575443014837984,0.3967862981109125,0.5853658536585366,0.3870967741935484,0.46601941747572817,0.908485856905158,41,601,62
T18,236,0.913276659015934,0.6382845582424256,0.5785463071512309,0.5755102040816327,0.9618870924993372,0.9614284200487441,0.5770242619117217,0.768698648290485,0.5386844703713988,0.9296890184645287,0.107105661170978,0.3509436901702443,0.5531914893617021,0.5306122448979592,0.5416666666666666,0.9290322580645162,47,620,49
T18,237,0.8013262122105653,0.42980770428779635,0.35381026438569185,0.30952380952380937,0.9565149136577706,0.9473929719083651,0.33018867924528283,0.63301936159079,0.2830754747445113,0.9103012633624877,0.12293079501211479,0.39580063140568217,0.3333333333333333,0.28888888888888886,0.30952380952380953,0.9064516129032258,39,620,45
T18,238,0.8662412255791183,0.6374819474692397,0.5797280593325093,0.4701754385964913,0.9634113532418617,0.9442569349224763,0.5192360918903959,0.7167933959191765,0.4766476399086197,0.9155976676384839,0.12484586251685455,0.3940202601477522,0.4666666666666667,0.3888888888888889,0.42424242424242425,0.9057851239669421,45,605,54
T18,239,0.8622754295588838,0.5968310129764895,0.5698324022346366,0.4911717495987157,0.9718189581554227,0.9617288422069298,0.5275862068965514,0.7314953538770693,0.4960926493898808,0.9378684807256238,0.11102734758361231,0.3616230018185419,0.5294117647058824,0.42857142857142855,0.47368421052631576,0.9336650082918739,34,603,42
T18,240,0.8915232580160465,0.617580416428191,0.6098829648894674,0.5529573590096291,0.9682265096820885,0.9601757518467948,0.5800267958363398,0.7605919343458585,0.5450737632376378,0.9339974084872044,0.11533228751519393,0.37486056802394474,0.6097560975609756,0.5208333333333334,0.5617977528089888,0.934453781512605,41,595,48
T18,241,0.8839129475498403,0.5461295758652529,0.5801526717557252,0.38319327731092434,0.9799392097264437,0.956449507535303,0.4615384615384615,0.681566243518684,0.44142687267046093,0.9396825396825397,0.10568403565500319,0.3496075304567705,0.5416666666666666,0.325,0.40625,0.9372937293729373,24,606,40
T18,242,0.8466437506732489,0.5202129402931079,0.48635235732009935,0.35593220338983067,0.96719146238377,0.9450725311031953,0.41104508912967513,0.6615618328868003,0.3733679036196086,0.9181243926141887,0.11683180439114946,0.3759250146306473,0.4864864864864865,0.35294117647058826,0.4090909090909091,0.9154471544715447,37,615,51
T18,243,0.8369683234144645,0.5150110915456522,0.5141242937853107,0.3529411764705882,0.9728891924552092,0.9487140075827438,0.4185511690302797,0.6629151844628988,0.38833847927773285,0.926287657920311,0.11305075334891503,0.3680620669780541,0.48484848484848486,0.3404255319148936,0.4,0.9205298013245033,33,604,47
T18,244,0.8594761663674441,0.6165924340387461,0.5746268656716418,0.4675324675324677,0.9632330544157961,0.9445322932040198,0.5155770482656004,0.7153827609741318,0.47290153948501407,0.9156300615484287,0.12465225868978576,0.3964972542223783,0.5,0.3888888888888889,0.4375,0.9086294416243654,42,591,54
T18,245,0.8113078620181657,0.513821576249903,0.45180217937971484,0.3830845771144275,0.9658895321545923,0.9552277299221127,0.41461538461538433,0.6744870546345101,0.376885791778432,0.9260447035957238,0.11776878109594455,0.3798171455214262,0.38235294117647056,0.325,0.35135135135135137,0.919732441471572,34,598,40
T18,246,0.8597969248174349,0.5428788251551299,0.4827586206896553,0.44036697247706424,0.9553183567084522,0.9474396848842934,0.4605894448252228,0.6978426645927582,0.41258109282428385,0.9107709750566895,0.1281079072809183,0.41042353963164574,0.47619047619047616,0.39215686274509803,0.43010752688172044,0.9129720853858785,42,609,51
T18,247,0.8260305019916809,0.5550336433742403,0.5702373316228352,0.4872122762148338,0.9642768279245014,0.9508087552354415,0.5254654713821298,0.7257445520696676,0.48502229945740644,0.9219792678976354,0.12929389997847363,0.41286016760928496,0.5128205128205128,0.40816326530612246,0.45454545454545453,0.9179487179487179,39,585,49
T18,248,0.7889127517724678,0.37457394832628843,0.36094674556213013,0.2358247422680415,0.95972153157633,0.9286659449055693,0.2852689010132504,0.5977731369221857,0.23797622250763215,0.8960317460317458,0.1318798026541608,0.42080574913474084,0.3611111111111111,0.22807017543859648,0.27956989247311825,0.8908794788273615,36,614,57
T18,249,0.8265557140464703,0.5458616939469776,0.49864314789687936,0.3763440860215054,0.960326407902507,0.9362503925468437,0.4289466005252408,0.6683352469620062,0.3826432059576534,0.9049076773566569,0.12121075254066711,0.38585402880851055,0.3333333333333333,0.26,0.29213483146067415,0.8942953020134228,39,596,50
T18,250,0.8468827327602106,0.4403150150027299,0.3888888888888887,0.31924198250728847,0.9576908215954194,0.9434409495138238,0.3506404391582798,0.638466402051354,0.3033694678702236,0.9080336896663428,0.1293549388615847,0.40517918333316927,0.3076923076923077,0.2553191489361702,0.27906976744186046,0.8993506493506493,39,616,47
T18,251,0.9097142231773654,0.6065487992187409,0.49999999999999994,0.548780487804878,0.961799660441426,0.9683760683760683,0.5232558139534883,0.755290074123152,0.48902302852368246,0.9349206349206349,0.11579364754098526,0.37673340346541,0.42857142857142855,0.4411764705882353,0.43478260869565216,0.935,35,600,34
T18,252,0.8981051141432619,0.636118446399157,0.5575221238938056,0.4902723735408564,0.9627282892284755,0.9517317612380252,0.5217391304347829,0.7265003313846659,0.48030443208716744,0.9214285714285716,0.11129467689276029,0.36284257154124555,0.5,0.40816326530612246,0.449438202247191,0.9198036006546645,40,611,49
T18,253,0.8348996695029484,0.5287694481681168,0.538852578068264,0.41568627450980344,0.9662144187283851,0.9456855699630264,0.46932321315622977,0.6909503466190945,0.43016910004496994,0.9184645286686103,0.11093902502192513,0.36610487302626593,0.5238095238095238,0.4074074074074074,0.4583333333333333,0.9155844155844156,42,616,54
T18,254,0.8300680452201753,0.3443408438621905,0.3071808510638298,0.24565756823821336,0.9734720548549701,0.9642256741308586,0.27299586369903484,0.6095648115465917,0.24387129714450373,0.9402170391966311,0.11782706837942286,0.3774381199445472,0.28,0.22580645161290322,0.25,0.9306930693069307,25,606,31
T18,255,0.8505612300066957,0.492912914707863,0.43523316062176176,0.39344262295081983,0.9661122337944971,0.9599938214396044,0.4132841328413286,0.6797774283726583,0.3769692042023587,0.9304664723032071,0.11095212886294835,0.36443568480004307,0.40540540540540543,0.375,0.38961038961038963,0.9240710823909531,37,619,40
T18,256,0.85905987826802,0.5475594936038338,0.44827586206896525,0.4777947932618681,0.9529815109587363,0.9580256031511571,0.46256486286137855,0.7153881521103023,0.4183599450078141,0.9178004535147393,0.11669290849082317,0.3825332691659699,0.42857142857142855,0.4186046511627907,0.4235294117647059,0.916095890410959,42,584,43
T18,257,0.8473892765685505,0.5205868688934187,0.49760765550239244,0.3513513513513514,0.9602874432677759,0.9296960820212374,0.41188118811881197,0.6558193973095636,0.36491700658932275,0.8989795918367347,0.1249824973944135,0.40167614019448217,0.4444444444444444,0.2857142857142857,0.34782608695652173,0.9019607843137255,36,612,56
T18,258,0.8788469058270338,0.639108228675761,0.6023738872403559,0.536374845869297,0.9641474769455789,0.9535679633059889,0.567461796496459,0.750261161407438,0.527504792760651,0.9248137350178165,0.12321378063559611,0.3960493469523423,0.5333333333333333,0.47058823529411764,0.5,0.9205298013245033,45,604,51
T18,259,0.8181608390339649,0.5330571390852109,0.5126903553299491,0.38161209068010066,0.964116620981809,0.9403329687689875,0.4375451263537905,0.6728643558309548,0.39575645312934765,0.9116780045351475,0.12630460409533867,0.40461772489353903,0.45454545454545453,0.28846153846153844,0.35294117647058826,0.9117174959871589,33,623,52
T18,260,0.8984203104924304,0.61235969087141,0.5106100795755966,0.49034175334323926,0.9611776464605726,0.9580362136465324,0.5002707092582566,0.7257596999019059,0.46000314459352915,0.9252510528020732,0.1234417408638292,0.39949422514544475,0.42105263157894735,0.4,0.41025641025641024,0.9225589225589226,38,594,40
T18,261,0.9219434007399006,0.7047834186480609,0.5621079046424088,0.5573294629898401,0.9632095858882231,0.9625162400365181,0.5597084851639769,0.7602695244390317,0.5225776050402813,0.9315030774214447,0.10507157458932477,0.3523884773447447,0.46511627906976744,0.4878048780487805,0.47619047619047616,0.9241379310344827,43,580,41
T18,262,0.8717701463217578,0.6427548143958413,0.6729857819905216,0.5029515938606851,0.9740373761444877,0.9485770123366313,0.575675675675676,0.7384944850025862,0.5444984821463195,0.928798185941043,0.11811940746864295,0.37988044738502513,0.6216216216216216,0.41818181818181815,0.5,0.9243421052631579,37,608,55
T18,263,0.8420175628107782,0.33645610698252393,0.3648648648648649,0.2903225806451613,0.9658678286129264,0.9527220630372492,0.3233532934131737,0.6280952046290439,0.2852415205299923,0.9231292517006803,0.11962118718194377,0.3826842849352292,0.35294117647058826,0.2926829268292683,0.32,0.9144295302013423,34,596,41
T18,264,0.8698264802238272,0.5023370507102526,0.5520934761441091,0.4189655172413793,0.9760748959778086,0.9597845172948737,0.4764038650049013,0.697520206609594,0.4496804354716164,0.9394395853579527,0.11874708341416944,0.3821260025389055,0.5483870967741935,0.4146341463414634,0.4722222222222222,0.9388083735909822,31,621,41
T18,265,0.8470386821351358,0.5335171517295412,0.38461538461538447,0.34883720930232537,0.9527791441219872,0.9453391898487067,0.36585365853658514,0.6508081767121564,0.31546742390543414,0.9056689342403631,0.1223619328232259,0.3888546028211386,0.34210526315789475,0.28888888888888886,0.3132530120481928,0.9076175040518638,38,617,45
T18,266,0.8233950505515588,0.5858367796334443,0.551587301587302,0.4744027303754268,0.9573101624480543,0.9427083333333333,0.5100917431192663,0.7158564464117405,0.46194566613575505,0.9091836734693878,0.12398855295295291,0.40278103882204624,0.5111111111111111,0.4107142857142857,0.45544554455445546,0.9102773246329527,45,613,56
T18,267,0.8736002916069413,0.7008723345011344,0.6970802919708028,0.5232876712328762,0.9677669902912621,0.934733683420855,0.5978090766823158,0.7455273307620695,0.5570055635558511,0.9125850340136055,0.11924698902923925,0.3805613758712694,0.6226415094339622,0.4714285714285714,0.5365853658536586,0.9074675324675324,53,616,70
T18,268,0.8164988636899575,0.5479437830808197,0.49314214463840367,0.46248294679399704,0.9569149781836809,0.9515528386734118,0.4773207281504574,0.7096989624888391,0.43186126620589527,0.9158244250080985,0.12766764297680983,0.410199634353389,0.3953488372093023,0.37777777777777777,0.38636363636363635,0.91,43,600,45
T18,269,0.8497945157524142,0.2823613137951652,0.23266856600189936,0.23809523809523808,0.9586721906807836,0.9598504634608491,0.23535062439961577,0.5983837143880109,0.1946316377617998,0.9226433430515063,0.12648751336201924,0.40189629001067534,0.21212121212121213,0.23333333333333334,0.2222222222222222,0.9179229480737019,33,597,30
T18,270,0.8174779665769625,0.3853068036120561,0.36241610738255037,0.27318718381112966,0.9653579676674365,0.9485250209005136,0.31153846153846143,0.6192725757392832,0.27234812014625653,0.9188208616780045,0.12748017289216543,0.40943422960793174,0.36666666666666664,0.2682926829268293,0.30985915492957744,0.9205834683954619,30,617,41
T18,271,0.8608460242052591,0.6855903116827123,0.6083650190114074,0.5734767025089611,0.961292747087561,0.9555472543892415,0.5904059040590411,0.7673847247982608,0.5491475722127768,0.9244897959183676,0.12246507784164669,0.39467219988700286,0.5306122448979592,0.5098039215686274,0.52,0.9194630872483222,49,596,51
T18,272,0.8591608830436763,0.46639703380763753,0.4504950495049505,0.38613861386138604,0.9652509652509652,0.9551838083436596,0.41584158415841577,0.6756947895561757,0.37755969476918955,0.9254616132167154,0.11526058262267062,0.3720003621462912,0.4,0.36363636363636365,0.38095238095238093,0.9139072847682119,40,604,44
T18,273,0.8522701711897748,0.44584606867069815,0.39765554553651955,0.31552587646076796,0.9651762906841361,0.9508671015013779,0.35186170212765966,0.6403510835724521,0.3127795746570038,0.9210560414642047,0.10473921066973375,0.343755818760805,0.38235294117647056,0.3023255813953488,0.33766233766233766,0.9158415841584159,34,606,43
T18,274,0.8654383194055217,0.5165705004731582,0.42780748663101636,0.47151277013752496,0.9613764889904945,0.9674294708802519,0.4485981308411218,0.7164446295640096,0.4136349038911795,0.9331065759637188,0.11760319248967571,0.3821483963991405,0.38235294117647056,0.3939393939393939,0.3880597014925373,0.9328968903436988,34,611,33
T18,275,0.8611835997489253,0.5130729956523701,0.48648648648648646,0.4563380281690141,0.9578298397040691,0.9526612705420652,0.4709302325581395,0.7070839339365416,0.4264749584791139,0.9174603174603174,0.13097765556398158,0.4229171985750938,0.4634146341463415,0.41304347826086957,0.4367816091954023,0.9192751235584844,41,607,46
T18,276,0.8933266673841532,0.5949183805902976,0.5638389031705229,0.484536082474227,0.9735199250858391,0.9639416885592129,0.5211881188118814,0.729028003780033,0.49168391341939627,0.9412536443148688,0.10365562233158998,0.34849663943864145,0.5757575757575758,0.4634146341463415,0.5135135135135135,0.9391891891891891,33,592,41
T18,277,0.78083844202382,0.2668421889798679,0.2751677852348995,0.2594936708860761,0.96117900790798,0.958079541383017,0.26710097719869724,0.610336339397028,0.22687289918879128,0.9234693877551022,0.12539200219808702,0.4018869048530477,0.3,0.25,0.2727272727272727,0.9176672384219554,30,583,36
T18,278,0.8293308098329353,0.5767666664087491,0.5364321608040201,0.4834874504623513,0.9607731967895676,0.9519521101046271,0.5085856079404466,0.7221303236259595,0.4658002922943828,0.919808875931325,0.12054480094383184,0.389096458041993,0.41025641025641024,0.35555555555555557,0.38095238095238093,0.9141914191419142,39,606,45
T18,279,0.8039252161392054,0.2910499409061019,0.2590361445783133,0.25195312500000006,0.9555849783341356,0.953977409276616,0.25544554455445556,0.6037690516670678,0.21025800567758715,0.9147392290249433,0.13175244956072893,0.4163640493798166,0.2647058823529412,0.23684210526315788,0.25,0.912621359223301,34,618,38
T18,280,0.7972347307193622,0.24441747482788195,0.19310344827586207,0.24935064935064938,0.9524430519095607,0.9652763474081704,0.21765182186234816,0.600896850630105,0.17877372619016682,0.9217525105280209,0.13178894708945763,0.4126696791975089,0.2,0.25,0.2222222222222222,0.9192751235584844,35,607,28
T18,281,0.8510835342320525,0.4833227186488032,0.39896373056994855,0.39622641509433987,0.9577516085953623,0.9572867370464748,0.3975903614457834,0.6769890118448509,0.35511242792303604,0.9206349206349208,0.11820490640178478,0.3784819154720625,0.4,0.38095238095238093,0.3902439024390244,0.916247906197655,40,597,42
T18,282,0.8632645508240309,0.6010562296729959,0.4710743801652895,0.47899159663865604,0.9526276831976314,0.9540400296515937,0.4750000000000004,0.7158096399181435,0.42835449736543096,0.9142857142857143,0.12417437736643579,0.3948949781199599,0.4117647058823529,0.45652173913043476,0.4329896907216495,0.907563025210084,51,595,46
T18,283,0.7893159807374476,0.3540561503672795,0.40136054421768697,0.2565217391304349,0.9675276752767528,0.9387755102040816,0.31299734748010616,0.6120247072035938,0.2760566677549534,0.911904761904762,0.11867191652136762,0.38394272300768717,0.43333333333333335,0.2549019607843137,0.32098765432098764,0.9102773246329527,30,613,51
T18,284,0.8529089687520087,0.5482877363433919,0.5113122171945701,0.4801699716713881,0.960069016514666,0.9550079686159128,0.4952520087655222,0.7201194940930271,0.45309196281984426,0.9216553287981858,0.11423510388730511,0.3733841568992946,0.4883720930232558,0.4375,0.46153846153846156,0.9223454833597464,43,631,48
T18,285,0.8985281532381889,0.5522551982692024,0.532319391634981,0.39473684210526316,0.9810924369747899,0.9674599565459048,0.45331894225580144,0.6879146395400265,0.4333955608055078,0.9507774538386785,0.10570051168972282,0.34511645737575514,0.42857142857142855,0.3103448275862069,0.36,0.9481361426256077,21,617,29
T18,286,0.843198382403187,0.5021764590068966,0.41828396322778366,0.4534883720930233,0.93933098966656,0.9469981742025562,0.4351753453772584,0.6964096808797917,0.3788006020158405,0.8966958211856172,0.14039944404785903,0.44259133517682653,0.4,0.41509433962264153,0.4074074074074074,0.8947368421052632,55,608,53
T18,287,0.8760530887627479,0.6755700224398721,0.4844961240310079,0.5795981452859351,0.9511807169949835,0.9661943823017649,0.5277973258268825,0.7653894311404593,0.48909814372181065,0.9239229024943311,0.12238462404047384,0.38801823269063435,0.3958333333333333,0.5,0.4418604651162791,0.9186440677966101,48,590,38
T18,288,0.8708512279234522,0.5871426259590363,0.5053191489361704,0.4765886287625419,0.9660666504500119,0.9620881782945736,0.4905335628227196,0.7213276396062769,0.45486296941091914,0.9328798185941043,0.12107498650488188,0.386423063685634,0.40625,0.3611111111111111,0.38235294117647056,0.9311475409836065,32,610,36
T18,289,0.8709395916419302,0.6151239981202663,0.5923942153186932,0.4942648592283629,0.9585112762825521,0.939525107322895,0.5388988143576418,0.7263880677554574,0.4907549034999464,0.9080336896663429,0.1264459032168049,0.3982582907025165,0.5471698113207547,0.4461538461538462,0.4915254237288136,0.8983050847457628,53,590,65
T18,290,0.824202764584354,0.4997645699285349,0.4953846153846156,0.380689655172414,0.9652695667519632,0.9456604426002766,0.43052924791086367,0.6729796109621885,0.3906195144818612,0.9172173631357304,0.12536153635549005,0.4008331612091435,0.4444444444444444,0.3333333333333333,0.38095238095238093,0.9154471544715447,36,615,48
T18,291,0.850980203726672,0.4995041845598153,0.4912280701754387,0.4343891402714932,0.9634319340093521,0.9544555486154487,0.4610634648370498,0.6989105371404226,0.4210728393244643,0.9236637512147716,0.114800423220398,0.3772531101311351,0.4878048780487805,0.43478260869565216,0.45977011494252873,0.923202614379085,41,612,46
T18,292,0.88770788489161,0.5796717164552455,0.5829216654904726,0.45038167938931284,0.968473274298517,0.9473986327819235,0.5081513380498306,0.709427476843915,0.4713038128135604,0.9223032069970847,0.1148138893385243,0.37478858154677197,0.5121951219512195,0.39622641509433965,0.44680851063829785,0.914332784184514,41,607,53
T18,293,0.8543291779368977,0.4315998663823206,0.3641928079571538,0.39458413926499036,0.9571067256241291,0.9621058821494666,0.3787798408488064,0.6758454324445597,0.33875694610706464,0.9241334629089731,0.12417345800776351,0.39786738936649463,0.35,0.3888888888888889,0.3684210526315789,0.9209225700164745,40,607,36
T18,294,0.8289807815181899,0.5501356064257752,0.507772020725389,0.39095744680851097,0.9646752602875558,0.9444242203616066,0.4417731029301281,0.6778163535480333,0.40101842022085826,0.9157596371882087,0.11703231489699446,0.37720381781905,0.5,0.37735849056603776,0.43010752688172044,0.9132569558101473,40,611,53
T18,295,0.8740904878400768,0.5317890791196813,0.48825622775800714,0.38431372549019605,0.9617451449853684,0.9426857887874837,0.4300940438871474,0.6730294352377822,0.38617522899092677,0.911661807580175,0.11925380629949471,0.3819805051420514,0.4358974358974359,0.3333333333333333,0.37777777777777777,0.9078947368421053,39,608,51
T18,296,0.9239363356702276,0.685721739784506,0.6754763368162263,0.6305220883534136,0.9719700589265806,0.9660212103624755,0.6522255192878339,0.8012460736399972,0.6216890176563725,0.9430515063168127,0.1156040782132276,0.37696260693835315,0.6956521739130435,0.6037735849056604,0.6464646464646465,0.9420529801324503,46,604,53
T18,297,0.8596797817270896,0.5397762603987741,0.49257232212666163,0.40785498489426003,0.9659055090533394,0.9526104001519782,0.44622830834612226,0.6868802469737996,0.40791140481212457,0.9240200842241658,0.122723837236069,0.39334616014923307,0.4411764705882353,0.35714285714285715,0.39473684210526316,0.9226890756302522,34,595,42
T18,298,0.8052867230540411,0.39039189634460053,0.3882978723404256,0.3465189873417722,0.9578651685393257,0.9499757751937983,0.36622073578595327,0.652192077940549,0.32088181416453737,0.9140589569160998,0.124866967355935,0.4008065615314721,0.39473684210526316,0.3333333333333333,0.3614457831325301,0.9143780290791599,38,619,45
T18,299,0.8295669913084451,0.500597072924158,0.4585561497326205,0.3863337713534824,0.9569248222927338,0.9429015580241736,0.4193581253183904,0.671629296823108,0.37121935317683913,0.9076935536119211,0.12622310009724472,0.40257279346254043,0.42857142857142855,0.34615384615384615,0.3829787234042553,0.9018612521150592,42,591,52
T18,300,0.829198911789627,0.5014973011379499,0.45014450867052,0.4082568807339449,0.9600608796053322,0.9529589497812042,0.42817869415807547,0.6841588801696386,0.3853182619626995,0.9191448007774539,0.13098240405763265,0.4129668913548125,0.40540540540540543,0.3488372093023256,0.375,0.9158249158249159,37,594,43
T18,301,0.8966277949692583,0.6473534647462108,0.5254794520547942,0.49818181818181795,0.9535781291878853,0.9484937350039989,0.5114666666666664,0.7258799736848518,0.46273329471773533,0.9109815354713313,0.12765248421178274,0.4016159786863373,0.41304347826086957,0.3877551020408163,0.4,0.9018932874354562,46,581,49
T18,302,0.8625043436831908,0.6341909132400031,0.6108597285067869,0.5350066050198146,0.9680019843730622,0.9568468799803848,0.5704225352112672,0.7515042946964385,0.5343793599346319,0.9308390022675734,0.10711406871173831,0.35040232279258177,0.55,0.4583333333333333,0.5,0.9264214046822743,40,598,48
T18,303,0.8425768919990335,0.5247241537557367,0.5663430420711975,0.41993281075028005,0.9637766043720375,0.9365029331932403,0.4822708065405108,0.6918547075611587,0.43925702619915796,0.9087139617751864,0.12640865278828722,0.4037150996310293,0.5476190476190477,0.3770491803278688,0.44660194174757284,0.9057851239669421,42,605,61
T18,304,0.8622846148906387,0.6251917133987485,0.5595432300163138,0.5040000000000006,0.9563067517756,0.9459651743948204,0.5303212506442198,0.7301533758878,0.4823784112393043,0.9114350502105603,0.12017407399005249,0.3915821053186747,0.5294117647058824,0.47368421052631576,0.5,0.9092436974789916,51,595,57
T18,305,0.8448500946903024,0.5230973425982446,0.48623853211009155,0.4517045454545452,0.9586002957121736,0.9527308351702181,0.4683357879234165,0.7051524205833596,0.4243951655226553,0.918140589569161,0.12838586918710193,0.40933872481522193,0.4444444444444444,0.4166666666666667,0.43010752688172044,0.9086206896551724,45,580,48
T18,306,0.8330814972154055,0.5425981490015863,0.5040504050405041,0.415944540727903,0.9713523162510183,0.959611005530159,0.45577862181226264,0.6936484284894606,0.423762441724642,0.9350178166504697,0.10928737919548304,0.3557755461559904,0.43333333333333335,0.34210526315789475,0.38235294117647056,0.9330143540669856,30,627,38
T18,307,0.8445286303092401,0.5983576193084884,0.5060728744939271,0.48828125,0.9545454545454546,0.9513553657630893,0.4970178926441352,0.7214133522727273,0.4500682617104214,0.9139455782312923,0.12875558276866506,0.4138003342978202,0.41025641025641024,0.35555555555555557,0.38095238095238093,0.9124579124579124,39,594,45
T18,308,0.7902072313482313,0.36882002255881735,0.33273915626856815,0.31290743155149947,0.9402352273332032,0.9349279427069552,0.3225187176041468,0.6265713294423512,0.2603035941561677,0.8856818918043409,0.13866556588007065,0.44130854740242603,0.3333333333333333,0.30357142857142855,0.3177570093457944,0.880718954248366,51,612,56
T18,309,0.8761706788790039,0.5277643008944249,0.4850000000000001,0.431750741839763,0.962067272280874,0.9534063260340632,0.4568288854003143,0.6969090070603183,0.4155145108135913,0.9215419501133789,0.1171440445681633,0.377295708394886,0.4358974358974359,0.38636363636363635,0.40963855421686746,0.9177852348993288,39,596,44
T18,310,0.8892858788090795,0.5719291145111034,0.4838526912181302,0.5076282940360608,0.9517929903162647,0.9559748427672956,0.49545542448269175,0.7297106421761629,0.44951766434379575,0.9154842889536768,0.1242898236680236,0.3983921924479513,0.49019607843137253,0.49019607843137253,0.49019607843137253,0.9169329073482428,51,626,51
T18,311,0.8691429411150928,0.4600483809611866,0.40259740259740256,0.4400630914826498,0.9494258490105054,0.9563184446905374,0.42049736247174074,0.6947444702465776,0.37389002806491456,0.9128117913832199,0.1206525399188636,0.38744468281486877,0.40425531914893614,0.4318181818181818,0.4175824175824176,0.9125412541254125,47,606,44
T18,312,0.8602338688475302,0.6435492225289136,0.5461847389558238,0.49938800489596114,0.9576408846682491,0.9493372971633838,0.5217391304347829,0.728514444782105,0.47588642124162006,0.9151927437641724,0.11974214292488138,0.38698291535461493,0.5,0.43137254901960786,0.4631578947368421,0.9170731707317074,44,615,51
T18,313,0.8786149317285323,0.6064625583571683,0.5267489711934157,0.5065963060686015,0.9572066484743238,0.9537758002719069,0.5164761264290518,0.7319014772714627,0.47208983121507775,0.9184807256235828,0.11267514285546495,0.3671767906579603,0.45454545454545453,0.4166666666666667,0.43478260869565216,0.9140495867768595,44,605,48
T18,314,0.8723214285714288,0.5673652972723563,0.4208266237251747,0.4421052631578949,0.9426267281105988,0.9471425264020229,0.43120359336327824,0.6923659956342467,0.37625723096548125,0.8994978943958536,0.12267529468482649,0.39693575448087953,0.3111111111111111,0.3111111111111111,0.3111111111111111,0.8991869918699187,45,615,45
T18,315,0.9436907247425319,0.7555584751023031,0.5948533812088571,0.6687598116169546,0.96454321677345,0.9739630158478325,0.6296452702702704,0.8166515141952022,0.6001942575984206,0.9431810819565921,0.1014479791115678,0.33841032015347905,0.5416666666666666,0.6341463414634146,0.5842696629213483,0.9393442622950819,48,610,41
T18,316,0.7313329387735218,0.4054490983578484,0.3566493955094989,0.37499999999999983,0.9617530289547538,0.9645590910651153,0.36559457066981393,0.6683765144773769,0.32888893380588796,0.9303530936183998,0.126484474941826,0.406820544128724,0.3611111111111111,0.38235294117647056,0.37142857142857144,0.9282218597063622,36,613,34
T18,317,0.9013290056262782,0.6918429154418604,0.5341472720335744,0.5633802816901404,0.9325227963525835,0.9395846093880504,0.5483744614179392,0.7479515390213621,0.48469072423964793,0.887949465500486,0.12586608289209353,0.3986968261114861,0.4264705882352941,0.46774193548387094,0.4461538461538462,0.881578947368421,68,608,62
T18,318,0.8849592871393113,0.6612511294002782,0.5134976525821598,0.5458515283842797,0.956315539864046,0.9614325068870525,0.5291805261566377,0.7510835341241627,0.4883587675094658,0.9243440233236151,0.12529619204343337,0.3976595861004948,0.2702702702702703,0.30303030303030304,0.2857142857142857,0.916247906197655,37,597,33
T18,319,0.8961710200952944,0.6456949250536432,0.49218750000000044,0.5478260869565222,0.9520295202952028,0.9612518628912072,0.518518518518519,0.7499278036258623,0.4760821442669533,0.920408163265306,0.12210740151000767,0.38941780491572775,0.45098039215686275,0.5111111111111111,0.4791666666666667,0.916247906197655,51,597,45
T18,320,0.7940291591126196,0.5023365202194674,0.5751748251748253,0.3700787401574806,0.974151685990852,0.9423749742745422,0.45037645448323094,0.6721152130741662,0.4220857590791704,0.9219630709426627,0.12181749242907534,0.3970522953160845,0.5428571428571428,0.36538461538461536,0.4367816091954023,0.9198036006546645,35,611,52
T18,321,0.8646012670181386,0.5461684331503888,0.4364801864801862,0.4783904619970193,0.9491436284907875,0.9567076618603335,0.45647536820721163,0.7137670452439034,0.41000147454749736,0.9133300939423388,0.12790159185416067,0.40924942978548795,0.3877551020408163,0.4222222222222222,0.40425531914893614,0.9095315024232633,49,619,45
T18,322,0.8114643439670665,0.4376872364556269,0.39219015280135866,0.43805309734513315,0.9434677334456255,0.9527454419816083,0.41385488205434506,0.6907604153953791,0.3627673010221588,0.9046161321671525,0.13373257483608447,0.42681176167781937,0.39622641509433965,0.42857142857142855,0.4117647058823529,0.9022801302931596,53,614,49
T18,323,0.8667516424039607,0.5970387473702072,0.553571428571429,0.4940239043824704,0.9628114540721459,0.953240058910162,0.5221052631578951,0.728417679227308,0.48117502798105627,0.9227891156462587,0.1142458036763809,0.37252031710986,0.5111111111111111,0.45098039215686275,0.4791666666666667,0.9155405405405406,45,592,51
T18,324,0.8826531949215446,0.581962424722267,0.5193370165745856,0.4447949526813882,0.9681162961153189,0.9574725141959647,0.4791843670348344,0.7064556243983534,0.44371163923052415,0.9304988662131518,0.10895496404398632,0.3586636679714527,0.47058823529411764,0.3902439024390244,0.4266666666666667,0.9279731993299832,34,597,41
T18,325,0.8348395430396205,0.49833998271363833,0.40948616600790516,0.4344422700587085,0.9614703505665112,0.9650875830528949,0.42159522517634296,0.6979563103126099,0.38509540974682566,0.9309361839974085,0.12674817709923528,0.4043922442115811,0.32432432432432434,0.36363636363636365,0.34285714285714286,0.9234608985024958,37,601,33
T18,326,0.8384047806374633,0.33697688682643767,0.2585410895660204,0.3069053708439899,0.9591715675474128,0.9675676599818774,0.28065486134313405,0.6330384691957013,0.24528009259459593,0.930255911888565,0.11275846622526847,0.36969891219857504,0.24242424242424243,0.2857142857142857,0.26229508196721313,0.925,33,600,28
T18,327,0.902438745561571,0.47435332814192493,0.42530378842029987,0.4207920792079205,0.9580507148074715,0.9573014962723528,0.42303590472804803,0.6894213970076961,0.38071939149197537,0.921137026239067,0.12250150887022691,0.39348189639959014,0.3953488372093023,0.4146341463414634,0.40476190476190477,0.919093851132686,43,618,41
T18,328,0.8814295930666438,0.6273627316214094,0.5294117647058824,0.5639686684073105,0.952321827663273,0.9582708645677163,0.5461441213653602,0.7581452480352918,0.5017827284718693,0.9185941043083902,0.12810611863881205,0.4065382709160261,0.46,0.48936170212765956,0.4742268041237113,0.9159802306425041,50,607,47
T18,329,0.8319126972083455,0.45151780342360115,0.40930232558139557,0.4144427001569861,0.9534400586581941,0.9543730886850155,0.4118564742589706,0.68394137940759,0.3657730371604528,0.9145124716553288,0.12912347739920454,0.41328503044736614,0.39473684210526316,0.36585365853658536,0.379746835443038,0.9143356643356644,38,572,41
T18,330,0.8221292183199206,0.46232423289988933,0.4078834618680377,0.4303797468354431,0.9645167916195955,0.9675475197032917,0.4188297404311483,0.6974482692275192,0.385040770635129,0.9358114674441204,0.1244731908948715,0.40129868364818505,0.3888888888888889,0.4117647058823529,0.4,0.9308072487644151,36,607,34
T18,331,0.9039060511260611,0.6384972729890825,0.4884708737864078,0.5711920529801325,0.9560265683683404,0.9680787379392914,0.5266027038813781,0.7636093106742365,0.49061334762845804,0.9296728215095564,0.11424445806735753,0.37417337827357094,0.45454545454545453,0.5263157894736842,0.4878048780487805,0.9292929292929293,44,594,38
T18,332,0.8035759323929379,0.4362405951812335,0.4294750158127767,0.37989556135770236,0.9520025541878037,0.9416635963296314,0.403166749134092,0.665949057772753,0.3509703776335544,0.9023161645610623,0.13230911864339115,0.41941382606074856,0.3617021276595745,0.3333333333333333,0.3469387755102041,0.8977635782747604,47,626,51
T18,333,0.8062871032243439,0.5175743456022036,0.553191489361702,0.39146800501882095,0.9685903028792222,0.9412548449612402,0.45848640705363725,0.6800291539490214,0.42193543402126044,0.9164399092970521,0.11849904876868435,0.3880880182905685,0.5454545454545454,0.33962264150943394,0.4186046511627907,0.9159663865546218,33,595,53
T18,334,0.877934816078738,0.6231592124324765,0.5841121495327098,0.452352231604342,0.9665874108371918,0.9444852042064072,0.5098572399728071,0.7094698212207671,0.47058515315616095,0.9182539682539683,0.11998416503124382,0.3839817704050286,0.5909090909090909,0.43333333333333335,0.5,0.913477537437604,44,601,60
T18,335,0.8725243546175221,0.540505362592732,0.45430463576158947,0.4310850439882699,0.956605694624864,0.9525257822059081,0.4423903697334481,0.6938453693065669,0.3971452948633661,0.9159701976028508,0.11964120399448717,0.39253528559581913,0.3888888888888889,0.3333333333333333,0.358974358974359,0.9155405405405406,36,592,42
T18,336,0.8426903555356233,0.4390709316517476,0.3331067301155678,0.4849884526558891,0.9498713996150506,0.972770247876219,0.3949489521762494,0.7174299261354699,0.3647103199288303,0.9270489148040167,0.1331907945714559,0.422647357704506,0.2916666666666667,0.4666666666666667,0.358974358974359,0.916247906197655,48,597,30
T18,337,0.8388464787178052,0.48567484939366906,0.46969696969696983,0.40086206896551724,0.9612259970457903,0.9493070751276441,0.43255813953488376,0.6810440330056537,0.38950784875463007,0.9170068027210884,0.12296698959042943,0.39513965420160274,0.4523809523809524,0.38,0.41304347826086957,0.9113300492610837,42,609,50
T18,338,0.8744858787476424,0.5666774000895826,0.5082389289392379,0.527431421446384,0.9489541389017565,0.9525521336337945,0.5176573426573426,0.7381927801740703,0.4685234343629663,0.9106252024619371,0.12084351593719951,0.3902419018346716,0.48148148148148145,0.48148148148148145,0.48148148148148145,0.9072847682119205,54,604,54
T18,339,0.8022340673911021,0.5174761102999945,0.5234899328859062,0.3633540372670809,0.9739481409001959,0.9510330825271709,0.4289642529789185,0.6686510890836384,0.4000720518723292,0.9293650793650793,0.11413187662116137,0.3758742675349608,0.38461538461538464,0.2631578947368421,0.3125,0.9230769230769231,26,572,38
T18,340,0.8431843785494606,0.4776080454983507,0.4009351256575102,0.4016393442622952,0.9456867316659601,0.9458370872860246,0.4012869260017549,0.6736630379641275,0.3470490339456873,0.9005344995140916,0.12809222109139143,0.40956596935804085,0.34,0.3469387755102041,0.3434343434343434,0.8964968152866242,50,628,49
T18,341,0.8209510013671748,0.4913766203991174,0.41202531645569607,0.34487021013597013,0.9503004796975585,0.9349122807017543,0.37546861482264715,0.6475853449167643,0.32000907781210136,0.8947683835438935,0.1273473122512369,0.4034797487401076,0.34782608695652173,0.2962962962962963,0.32,0.8866666666666667,46,600,54
T18,342,0.902771351855806,0.667796039115194,0.5819767441860465,0.5416666666666665,0.961616485159086,0.9550901378579002,0.5610986547085202,0.7516415759128763,0.5199006762222054,0.9239067055393585,0.11399895716774473,0.37728325856908573,0.5531914893617021,0.5,0.5252525252525253,0.9229508196721311,47,610,52
T18,343,0.8505731074218533,0.5093661460042015,0.4351237175618591,0.3584686774941998,0.9495925035005205,0.9318113759270024,0.3930940481599276,0.65403059049736,0.3362119246079574,0.8918205377389051,0.13143220704775266,0.41594539097883504,0.4318181818181818,0.3220338983050847,0.36893203883495146,0.8905723905723906,44,594,59
T18,344,0.8543916709917336,0.6693135131845601,0.5656934306569337,0.6378600823045261,0.9558769002595477,0.9669917479369843,0.5996131528046416,0.7968684912820372,0.5623832239629472,0.9295918367346939,0.12129228555654395,0.3998827305304065,0.5,0.5365853658536586,0.5176470588235295,0.9294320137693631,44,581,41
T18,345,0.8002331656949693,0.46549300365985496,0.41791044776119396,0.3065693430656935,0.9561140285071268,0.9306316173786052,0.3536842105263158,0.63134168578641,0.302582558661064,0.8955782312925171,0.1279665605450686,0.40590624972381406,0.38461538461538464,0.25862068965517243,0.30927835051546393,0.8905228758169934,39,612,58
T18,346,0.8460737821532532,0.47951487805474,0.4210898796886059,0.43814432989690727,0.9574445947351992,0.9601919966609276,0.4294478527607363,0.6977944623160531,0.3883695243538351,0.9231778425655974,0.12483993048462173,0.39996221475073684,0.36585365853658536,0.38461538461538464,0.375,0.9178981937602627,41,609,39
T18,347,0.8230016285402806,0.4396208220159763,0.4999999999999996,0.31970802919707997,0.9730792870313459,0.9444046766881412,0.3900267141585037,0.6463936581142131,0.36071602765455685,0.9223356009070295,0.11003575607942273,0.3639254030863339,0.5,0.30612244897959184,0.379746835443038,0.9210950080515298,30,621,49
T18,348,0.7868750425862361,0.44290663050136897,0.3695485845447591,0.26918075422626797,0.9561367709423853,0.931960082325879,0.31147893379191754,0.6126587625843266,0.2606437926293128,0.8962423064463879,0.12942528194837186,0.41602908715917686,0.3055555555555556,0.20754716981132076,0.24719101123595505,0.8928,36,625,53
T18,349,0.8920165772710591,0.49111438223942344,0.3684210526315789,0.47300215982721344,0.9550761551479512,0.9703364073707427,0.4142123750337745,0.7140391574875825,0.3808079866061906,0.9297700032393912,0.12989544380873524,0.4110123101727791,0.3333333333333333,0.4838709677419355,0.39473684210526316,0.9225589225589226,45,594,31
T18,350,0.9262804161567497,0.713437325136928,0.6786703601108033,0.5506993006993008,0.9819176943328252,0.969243131421928,0.6080242658210396,0.766308497516063,0.5874433903798182,0.9539520570132815,0.09956900958593501,0.3298523245898394,0.6,0.4864864864864865,0.5373134328358209,0.9493464052287581,30,612,37
T18,351,0.8954230283050527,0.6426549634421678,0.5520894643908183,0.5254901960784315,0.9595105081138601,0.9551400879190721,0.5384615384615387,0.7425003520961457,0.49599061488846524,0.9218658892128281,0.1072693431607881,0.3568805140655318,0.5,0.4897959183673469,0.4948453608247423,0.9172297297297297,48,592,49
T18,352,0.8535696157531629,0.6053799157910575,0.5435684647302905,0.45120551090700356,0.9584853440684362,0.9409657897986906,0.4930991217063991,0.7048454274877198,0.4455437722635851,0.9083900226757371,0.12194686682322735,0.3936072589270066,0.45,0.33962264150943394,0.3870967741935484,0.9057851239669421,40,605,53
T18,353,0.8307351703307593,0.4584221767483225,0.4484193011647256,0.35000000000000037,0.9651785714285713,0.9483434822995149,0.39314369073668887,0.6575892857142858,0.35362568810577377,0.9191448007774538,0.12481041135688845,0.40286293528898626,0.48484848484848486,0.3333333333333333,0.3950617283950617,0.9179229480737019,33,597,48
T18,354,0.8201543135640877,0.5258251786162255,0.5166666666666666,0.4139465875370919,0.9679597348391846,0.952294685990338,0.45963756177924214,0.6909531611881383,0.42320125889444227,0.9256235827664397,0.10543145033549539,0.3515809596053638,0.5,0.40425531914893614,0.4470588235294118,0.9216666666666666,38,600,47
T18,355,0.9112231779305678,0.6517484702031636,0.5648854961832065,0.5279429250891798,0.9571374859004887,0.9505850136918097,0.5457897971727108,0.7425402054948341,0.500044644790069,0.9162131519274376,0.11779893857138646,0.38115043898265066,0.5192307692307693,0.4909090909090909,0.5046728971962616,0.9103214890016921,52,591,55
T18,356,0.8490654748822903,0.45217168472134955,0.3876404494382021,0.4074803149606298,0.9606592877767083,0.9636736664252956,0.39731285988483667,0.684069801368669,0.3596284736363456,0.9287981859410429,0.12344530782979589,0.39908554067455626,0.4,0.3888888888888889,0.39436619718309857,0.9280936454849499,35,598,36
T18,357,0.8110491022004789,0.5376022882649859,0.5526315789473686,0.4552941176470593,0.9606918802652804,0.9429782891727363,0.4992628086988577,0.7079929989561696,0.4540559057705832,0.9119857466796242,0.12591843071243752,0.40491740803945925,0.4666666666666667,0.375,0.4158415841584158,0.9067930489731437,45,633,56
T18,358,0.8289162591614428,0.43843848706801236,0.35714285714285693,0.3027522935779815,0.9641087613293049,0.9545345776501553,0.32770605759682203,0.6334305274536433,0.28840001567208673,0.9232426303854876,0.11602214494265999,0.37628127123228583,0.26666666666666666,0.2222222222222222,0.24242424242424243,0.9193548387096774,30,620,36
T18,359,0.8553518868675734,0.401049492678091,0.2845528455284552,0.29577464788732394,0.9688127584170113,0.970417702047095,0.29005524861878446,0.6322937031521676,0.25973447184963866,0.9417233560090703,0.11963119095389463,0.38660804467909715,0.21052631578947367,0.17391304347826086,0.19047619047619047,0.9445350734094616,19,613,23
T18,360,0.8428047294042679,0.4650507451226541,0.4480421686746991,0.34136546184738986,0.9610872219567872,0.9403698317057968,0.38749592966460467,0.6512263419020885,0.34274808815926355,0.9086005830903792,0.12724298763628508,0.40659893423339943,0.3888888888888889,0.28,0.32558139534883723,0.9050736497545008,36,611,50
T18,361,0.7726175924426244,0.39299677025443736,0.3899371069182392,0.3234782608695652,0.964705882352941,0.9533740860601699,0.3536121673003803,0.6440920716112531,0.314542273799847,0.9229024943310659,0.12075356824053604,0.3939650359927227,0.40625,0.30952380952380953,0.35135135135135137,0.92,32,600,42
T18,362,0.9195825264747814,0.6169674444559757,0.5384615384615382,0.48837209302325546,0.9669724770642201,0.959927140255009,0.5121951219512192,0.7276722850437379,0.47638070767680146,0.9319727891156462,0.10647829901400811,0.3545234667609499,0.5384615384615384,0.4772727272727273,0.5060240963855421,0.9315525876460768,39,599,44
T18,363,0.9091154457439194,0.5643656037355104,0.5025951557093425,0.4042207792207792,0.9699623876854495,0.9559136463481601,0.44807197943444727,0.6870915834531144,0.4142055958195856,0.9304502753482347,0.10688977365905443,0.35310114555205013,0.4117647058823529,0.35,0.3783783783783784,0.9238410596026491,34,604,40
T18,364,0.8767826194052619,0.6395887693798857,0.5378787878787877,0.4907834101382487,0.9539738430583501,0.9449427005480816,0.5132530120481927,0.7223786265982994,0.46339870411669076,0.908390022675737,0.1158214692497541,0.37440891837456547,0.5098039215686274,0.45614035087719296,0.48148148148148145,0.9098228663446055,51,621,57
T18,365,0.8447199100612164,0.49231404338191,0.46766169154228887,0.38577291381668993,0.9603164791692421,0.9453571863210416,0.4227886056971518,0.6730446964929657,0.37807598803871445,0.912698412698413,0.11732133968452747,0.37867072597874735,0.42105263157894735,0.32653061224489793,0.367816091954023,0.9131121642969984,38,633,49
T18,366,0.7569742183990699,0.37645907638628895,0.39999999999999986,0.25925925925925913,0.9691629955947135,0.9428571428571426,0.3146067415730336,0.6142111274269864,0.27985032010741107,0.9170068027210886,0.11284832208082313,0.3711388937644427,0.42857142857142855,0.2553191489361702,0.32,0.9155629139072847,28,604,47
T18,367,0.8551539888682743,0.603544517804654,0.595959595959596,0.4597402597402596,0.9701863354037267,0.949428640894724,0.5190615835777126,0.7149632975719933,0.48422815666001945,0.9256235827664401,0.11275129256673976,0.37224815239655,0.6,0.3829787234042553,0.4675324675324675,0.9301533219761499,30,587,47
T18,368,0.8284106095640225,0.48866997086612285,0.5490196078431372,0.36,0.9745073891625615,0.9464178925965793,0.43485763589301124,0.6672536945812808,0.4070964317766935,0.9257369614512471,0.11877293290314643,0.38672397985225093,0.53125,0.3469387755102041,0.41975308641975306,0.9203389830508475,32,590,49
T18,369,0.8659670794928158,0.5555476892709204,0.5295613477431655,0.5265486725663713,0.9610485314243603,0.9605934655653179,0.5280507131537239,0.743798601995366,0.488874336094477,0.9276482021379979,0.11095085370991799,0.36694655726811987,0.5434782608695652,0.5102040816326531,0.5263157894736842,0.925,46,600,49
T18,370,0.8240646843499608,0.5234917109643032,0.4320987654320987,0.3893905191873589,0.9428499405812237,0.9325568556214494,0.4096344669663302,0.6661202298842913,0.34807089966848603,0.8872529964366699,0.1353113725740778,0.42653315153313914,0.34615384615384615,0.3103448275862069,0.32727272727272727,0.8817891373801917,52,626,58
T18,371,0.8797230527578586,0.6457327748221996,0.6268656716417906,0.5316455696202527,0.9722530521642619,0.9594742606790799,0.5753424657534242,0.7519493108922575,0.5435585375961934,0.9367346938775512,0.10493671520063912,0.34905054849329514,0.6216216216216216,0.5,0.5542168674698795,0.9382303839732888,37,599,46
T18,372,0.8706847736896671,0.4297874348951052,0.39557739557739535,0.3861940298507462,0.9618196868317582,0.9603457478864266,0.39082939986513804,0.6740068583412522,0.3519462118139156,0.9268383543893749,0.10826377827747569,0.35827548939232995,0.40540540540540543,0.38461538461538464,0.39473684210526316,0.9235880398671097,37,602,39
T18,373,0.8777942414339472,0.5118919773238372,0.45236122618061314,0.3545454545454547,0.965283613445378,0.9486914778299697,0.39752457226064813,0.6599145339954163,0.3581456582717529,0.9195821185617103,0.11402513410344968,0.36795416167478706,0.37142857142857144,0.29545454545454547,0.3291139240506329,0.9152,35,625,44
T18,374,0.8946985975727305,0.5545498359196804,0.5129099790648988,0.46944858420268243,0.963290850761706,0.9566163541721071,0.4902178746109381,0.7163697174821942,0.4507577621582161,0.9257207644962748,0.12725500029354297,0.4056097563697734,0.5526315789473685,0.4666666666666667,0.5060240963855421,0.9299145299145299,38,585,45
T18,375,0.8617475172583052,0.6463934071986366,0.608040201005025,0.49120433017591314,0.9710431877242917,0.9542745956463579,0.5434131736526945,0.7311237589501025,0.5098319517553415,0.9308390022675734,0.10738163381899879,0.35111930202122166,0.47058823529411764,0.37209302325581395,0.4155844155844156,0.9247491638795987,34,598,43
T18,376,0.832222898294009,0.551858600389899,0.6098829648894671,0.48201438848920924,0.9678007942470753,0.947064383993278,0.538461538461539,0.724907591368142,0.5005230998786976,0.921865889212828,0.13221381224461912,0.42239305189570736,0.5952380952380952,0.43859649122807015,0.5050505050505051,0.9179229480737019,42,597,57
T18,377,0.8447571773270498,0.49566423742671234,0.5136094674556212,0.3991416309012873,0.9553390321645896,0.9308275983765657,0.44919786096256664,0.6772403315329385,0.3969185631678698,0.8965662455458372,0.1271944149099268,0.4071600045860874,0.5306122448979592,0.38235294117647056,0.4444444444444444,0.8958333333333334,49,624,68
T18,378,0.8690349218054134,0.5974237466925528,0.590483056957462,0.4270072992700727,0.96956381952631,0.9427395404574582,0.49561270801815405,0.6982855593981915,0.4598485424836613,0.9189990281827018,0.11237685093540345,0.3694746271720524,0.5581395348837209,0.41379310344827586,0.4752475247524752,0.9116666666666666,43,600,58
T18,379,0.8661796585845221,0.5166396659501775,0.44452554744525524,0.4149443561208264,0.9601827790083193,0.9553010584764878,0.42922588981557586,0.6875635675645729,0.387280013979335,0.9212989957887917,0.11172552010218056,0.3669336588471482,0.40540540540540543,0.35714285714285715,0.379746835443038,0.9187396351575456,37,603,42
T18,380,0.861038443122623,0.528958058705368,0.48124999999999984,0.4192377495462794,0.9698875317450719,0.9616306954436451,0.4481086323957321,0.6945626406456756,0.4151338039632754,0.9354875283446714,0.1096786554363878,0.3639844953232465,0.40625,0.3611111111111111,0.38235294117647056,0.9313725490196079,32,612,36
T18,381,0.8327889339256646,0.3763561840215208,0.3147996729354049,0.3733031674208147,0.957132626266071,0.9666098396790136,0.3415643944994827,0.6652178968434428,0.3049389703724089,0.9278749595076127,0.12875926637096372,0.41118002701439405,0.3076923076923077,0.375,0.3380281690140845,0.9229508196721311,39,610,32
T18,382,0.7614098814375628,0.16058321367259018,0.10510510510510508,0.11658031088082899,0.9545716318303463,0.9593653711931631,0.11054570977364447,0.5355759713555877,0.06772886855792266,0.917897635244574,0.12779793679282245,0.4105598866737902,0.10714285714285714,0.11538461538461539,0.1111111111111111,0.9218241042345277,28,614,26
T18,383,0.886793051750034,0.6302357219017196,0.5909439754412895,0.5053598774885147,0.972030296139516,0.9609033217478513,0.5448113207547172,0.7386950868140152,0.5132703741901378,0.9374797538062843,0.11008643217389148,0.36744395676547303,0.5161290322580645,0.4,0.4507042253521127,0.9345637583892618,31,596,40
T18,384,0.8743151444615962,0.508266486427134,0.4768211920529798,0.3354037267080743,0.9710127201565556,0.9488466594956374,0.3938012762078393,0.653208223432315,0.3611531954946931,0.9246031746031745,0.11592924440367786,0.3702297053552556,0.4838709677419355,0.32608695652173914,0.38961038961038963,0.9244372990353698,31,622,46
T18,385,0.8659104264999951,0.5340059434306121,0.49349760438056123,0.4267955801104972,0.9608272162619989,0.9493523022473281,0.4577293408104962,0.693811398186248,0.41431717220072006,0.916990605766116,0.12470428587847995,0.3957843083481637,0.46153846153846156,0.375,0.41379310344827586,0.9161184210526315,39,608,48
T18,386,0.9007320261091227,0.5475403423463768,0.3928571428571428,0.49530956848030017,0.9507662604078678,0.966985763377516,0.4381742738589211,0.7230379144440839,0.40064600667940287,0.9232426303854876,0.13161538206100346,0.4153877780910906,0.35714285714285715,0.4411764705882353,0.39473684210526316,0.9220338983050848,42,590,34
T18,387,0.8253542595129499,0.519681692160362,0.5076142131979695,0.3826530612244898,0.9637879542060727,0.9411836189087374,0.43636363636363634,0.6732205077152812,0.3943120295883478,0.9121315192743762,0.12730070177653943,0.4058333412711718,0.5,0.37037037037037035,0.425531914893617,0.9107438016528926,40,605,54
T18,388,0.8743753602482007,0.5854769158256029,0.4933051444679348,0.45871559633027487,0.9622651411777055,0.9568916027347215,0.4753820033955854,0.7104903687539903,0.435343724729172,0.9249271137026239,0.11535713274815743,0.3764463007586237,0.43902439024390244,0.4186046511627907,0.42857142857142855,0.9222042139384117,41,617,43
T18,389,0.8933590615241015,0.6868807628239225,0.5552516411378557,0.5649350649350651,0.9567169476486246,0.9583155574516496,0.5600514989884129,0.7608260062918448,0.517593820230866,0.9225137674117265,0.12624866552397354,0.4006375195651178,0.43478260869565216,0.45454545454545453,0.4444444444444444,0.9183006535947712,46,612,44
T18,390,0.9274148651770074,0.7574090555114991,0.7129629629629632,0.5732009925558316,0.9767906164212627,0.9579050416054822,0.6354883081155436,0.774995804488547,0.6074304678264418,0.9399092970521543,0.10510154119809684,0.3493673409068478,0.6904761904761905,0.5370370370370371,0.6041666666666666,0.9378068739770867,42,611,54
T18,391,0.8486361608597341,0.6357472361559431,0.5697674418604646,0.4630650496141119,0.9599212868516545,0.9397490279250618,0.5109045095142927,0.7114931682328834,0.4642397063194302,0.9088273404599935,0.12074081068117261,0.3933819462582713,0.5,0.4,0.4444444444444444,0.9083333333333333,44,600,55
T18,392,0.9014017641940757,0.6456450201278411,0.5982905982905987,0.46460176991150476,0.9643759474482061,0.9403794037940377,0.5230386052303864,0.7144888586798552,0.4807051361327631,0.9131519274376417,0.11028520921850747,0.3602628486534929,0.5348837209302325,0.39655172413793105,0.45544554455445546,0.9105691056910569,43,615,58
T18,393,0.8602091496994905,0.4499869674304945,0.32090464547677267,0.4352030947775631,0.9426541181328606,0.9640343468468467,0.3694148000469099,0.6889286064552118,0.32812536245908686,0.9129089731130547,0.13430173118286182,0.4224309133786755,0.2553191489361702,0.35294117647058826,0.2962962962962963,0.9079159935379645,47,619,34
T18,394,0.84592407349519,0.6122715921026515,0.533980582524272,0.5555555555555559,0.9649890590809628,0.9678127286027798,0.5445544554455448,0.7602723073182591,0.5110829734669451,0.9374149659863946,0.11974126308105915,0.38924091696581675,0.43243243243243246,0.45714285714285713,0.4444444444444444,0.9345335515548282,37,611,35
T18,395,0.8512065699806592,0.6306152189259867,0.5950413223140494,0.4886877828054294,0.9629536290322579,0.9441561650605386,0.5366459627329189,0.7258207059188438,0.49348142260595,0.9154195011337867,0.11868508008417535,0.3808732738343806,0.5510204081632653,0.4426229508196721,0.4909090909090909,0.9093851132686084,49,618,61
T18,396,0.8623594335322237,0.6103175338221775,0.5283870967741938,0.5086956521739133,0.961465471797575,0.9584340514976354,0.5183544303797472,0.7350805619857441,0.47841862238480465,0.9260447035957242,0.11970532998156475,0.3817617245635934,0.43902439024390244,0.4186046511627907,0.42857142857142855,0.9191919191919192,41,594,43
T18,397,0.7761457902756451,0.4506334287714199,0.46470999301188,0.3820375335120646,0.9593403871333025,0.943826483541351,0.4193378875459802,0.6706889603226833,0.3734505762126052,0.9105118237771299,0.12584925634016875,0.4058410302293267,0.43478260869565216,0.37735849056603776,0.40404040404040403,0.9039087947882736,46,614,53
T18,398,0.8396615876254215,0.44772538983983506,0.4635761589403969,0.3537735849056599,0.9564547344276395,0.9329487851774164,0.40129944582457433,0.6551141596666499,0.35073247210288366,0.8985098801425331,0.12989703067065037,0.41359025710392017,0.45652173913043476,0.3559322033898305,0.4,0.9007874015748032,46,635,59
T18,399,0.8552608712342863,0.6653087896407733,0.6588235294117645,0.5121951219512193,0.9666921898928023,0.940409683426443,0.576329331046312,0.7394436559220108,0.5356913126640623,0.915986394557823,0.12983801143537138,0.4053149208064603,0.5681818181818182,0.4098360655737705,0.47619047619047616,0.908485856905158,44,601,61
T18,400,0.9213033966155554,0.6695654223198092,0.6024016010673783,0.5389972144846799,0.968473392813062,0.9595234351798474,0.5689383597605797,0.7537353036488708,0.5340041567255668,0.9335114998380303,0.11703433540739117,0.3800038694566563,0.4594594594594595,0.4146341463414634,0.4358974358974359,0.9258010118043845,37,593,41
T18,401,0.843340778095671,0.47123368897324736,0.4034462269756387,0.4292035398230089,0.9471523318244024,0.9522146372440069,0.415926493108729,0.6881779358237057,0.365862070409404,0.9073372206025268,0.13529050024815878,0.4226672151539336,0.39215686274509803,0.40816326530612246,0.4,0.9030694668820679,51,619,49
T18,402,0.8036844571717157,0.4150141917863713,0.25960890087660154,0.2657004830917875,0.9426062411792379,0.9442844425826046,0.26261937244201916,0.6041533621355126,0.20608822013073547,0.8949465500485906,0.13170586815461385,0.4180576761722343,0.23404255319148937,0.2619047619047619,0.24719101123595505,0.8899835796387521,47,609,42
T18,403,0.8413734786028572,0.5786380714499967,0.5833333333333331,0.42514970059880247,0.961078829075759,0.9287984742530194,0.491835724888669,0.6931142648372808,0.44474702364788443,0.9001943634596697,0.1253565677784335,0.4020272264982691,0.5111111111111111,0.35384615384615387,0.41818181818181815,0.8940397350993378,45,604,65
T18,404,0.8791992296703675,0.5477175007569564,0.5458199356913184,0.4525660964230172,0.9703873233284998,0.9575231002620328,0.49483784768614125,0.7114767098757584,0.46140075678804326,0.9326368642695172,0.10791007848675083,0.35952279643943663,0.4857142857142857,0.40476190476190477,0.44155844155844154,0.9279731993299832,35,597,42
T18,405,0.8171383525175377,0.3506023828972039,0.30253353204172884,0.3112701252236137,0.951441368218998,0.9533042242783379,0.30683965234916244,0.6313557467213058,0.2592518448186069,0.9108681567865241,0.12624377072530674,0.40227712276225636,0.2857142857142857,0.2926829268292683,0.2891566265060241,0.9011725293132329,42,597,41
T18,406,0.8516393548711267,0.5710274210379032,0.5445544554455446,0.43708609271523174,0.9657780533168009,0.9482590698806915,0.4849375459221161,0.7014320730160164,0.44557479735010697,0.9205215419501133,0.12766705428262742,0.40157008618642437,0.4473684210526316,0.3469387755102041,0.39080459770114945,0.9126853377265239,38,607,49
T18,407,0.9246748782872333,0.7351625359655832,0.6166666666666667,0.6278280542986426,0.9565272177419354,0.9584595959595961,0.6221973094170404,0.792177636020289,0.5797224022363217,0.9235827664399092,0.11552375553555568,0.3724444737210513,0.5384615384615384,0.5490196078431373,0.5436893203883495,0.9202037351443124,52,589,51
T18,408,0.8441853318045001,0.56442044279859,0.621001810500905,0.45138178096212883,0.9656836851787763,0.933907590410259,0.5227773073666383,0.7085327330704527,0.48107540776575214,0.9087139617751863,0.12014707715786421,0.3920249229142332,0.6,0.43478260869565216,0.5042016806722689,0.9021558872305141,50,603,69
T18,409,0.8577663982393997,0.5557917410718398,0.5755813953488372,0.413649025069638,0.9729696371266353,0.9493015414258189,0.48136142625607786,0.6933093310981366,0.4504770125383408,0.9274376417233562,0.11332435330273895,0.3662463718729836,0.53125,0.3541666666666667,0.425,0.9264,32,625,48
T18,410,0.8589228299859597,0.5192519027108519,0.4027993779160188,0.4836601307189543,0.9606335537444257,0.9713382398673164,0.4395417904115402,0.72214684223169,0.40770943170511853,0.9358114674441205,0.11106998762977047,0.368793532636176,0.36363636363636365,0.3870967741935484,0.375,0.9327731092436975,33,595,31
T18,411,0.8547591293581092,0.3532571437836558,0.31300813008130063,0.29676258992805743,0.9561782602682891,0.952850990525409,0.30466895278290673,0.6264704250981733,0.2593195557583608,0.9146096533851636,0.10956361197217335,0.35699028805867605,0.3076923076923077,0.3,0.3037974683544304,0.9086378737541528,39,602,40
T18,412,0.8257383501321849,0.5303561924337642,0.5216346153846156,0.47388535031847157,0.9575428927015734,0.9490554733206458,0.4966148564889866,0.7157141215100223,0.45063177648392727,0.9144962747003563,0.1243123839603067,0.4023981451438486,0.5,0.4339622641509434,0.46464646464646464,0.9132569558101473,46,611,53
T18,413,0.8019762543331086,0.5476289006600162,0.47762008733624506,0.43202764976958563,0.9484226789307271,0.9386423440722564,0.45368129968890475,0.6902251643501562,0.39795373959162,0.8976028506640753,0.13334237442472213,0.42510023841043787,0.36363636363636365,0.3076923076923077,0.3333333333333333,0.8922558922558923,44,594,52
T18,414,0.8931252140138364,0.7128486949689686,0.6601036269430048,0.5681581685744013,0.9642266373402648,0.9480786416443251,0.6106894623312291,0.7661924029573333,0.569022845782669,0.9210722384191772,0.11494689633792748,0.37609968905898794,0.5238095238095238,0.43137254901960786,0.4731182795698925,0.9184692179700499,42,601,51
T18,415,0.8548597231186834,0.443879520890213,0.4219178082191782,0.33962264150943405,0.9670649855183059,0.9538961594388846,0.3763236491990226,0.6533438135138698,0.3394959409844707,0.9255911888564949,0.1165627165978006,0.3796986336244072,0.42424242424242425,0.32558139534883723,0.3684210526315789,0.9210526315789473,33,608,43
T18,416,0.872939543165848,0.5622893679467822,0.44334975369458146,0.4462809917355373,0.9587340231284236,0.9592010717330409,0.44481054365733125,0.7025075074319804,0.4037810403474478,0.9235827664399093,0.11436864949066063,0.3735310121639249,0.34285714285714286,0.34285714285714286,0.34285714285714286,0.9226890756302522,35,595,35
T18,417,0.9070517078822424,0.6087403366995758,0.5667673716012083,0.5200517464424318,0.9618136306343091,0.9542580361074415,0.5424055512721664,0.7409326885383707,0.5010629746370125,0.9230968577907354,0.1113165449845598,0.36372994914103624,0.5217391304347826,0.46153846153846156,0.4897959183673469,0.9194847020933977,46,621,52
T18,418,0.8397783420614717,0.49698070140009104,0.4062078272604592,0.43507588532883673,0.9541579121012692,0.9590707578454987,0.4201465627544496,0.6946168987150528,0.3770660032417244,0.9192581794622611,0.12139731238411444,0.39007155528511517,0.36585365853658536,0.375,0.37037037037037035,0.9170731707317074,41,615,40
T18,419,0.9128181097082109,0.6739108246236724,0.5911330049261087,0.48846675712347376,0.9691946059631327,0.9540859822189747,0.5349182763744431,0.7288306815433031,0.4995254396299714,0.9290249433106573,0.1143646293392928,0.3688047113547539,0.5526315789473685,0.44680851063829785,0.49411764705882355,0.924956369982548,38,573,47
T18,420,0.8614466839271944,0.5305173907148254,0.5257731958762886,0.39080459770114934,0.9656588279208659,0.9420975965040058,0.44835164835164826,0.6782317128110076,0.4083856331953473,0.914625850340136,0.11083621781456063,0.3634508719639344,0.5384615384615384,0.3888888888888889,0.45161290322580644,0.9129692832764505,39,586,54
T18,421,0.9004967583894898,0.6716976960078557,0.6252342286071204,0.5342465753424657,0.9679253015912613,0.9540193547253982,0.576170376055257,0.7510859384668636,0.5393374260726567,0.9284418529316488,0.11634908443022875,0.37203385703022096,0.575,0.46,0.5111111111111111,0.9254237288135593,40,590,50
T18,422,0.8830519411005592,0.6606187417444418,0.6728837876614064,0.5114503816793896,0.9756748106262669,0.9532992807255289,0.5811648079306077,0.743562596152828,0.5522948013575097,0.9343051506316814,0.1102321398772449,0.36066231444635755,0.5454545454545454,0.391304347826087,0.45569620253164556,0.9297385620915033,33,612,46
T18,423,0.8112945528361387,0.4591145936469953,0.3990384615384614,0.42783505154639145,0.9544792425345956,0.9593704245973644,0.41293532338308436,0.6911571470404936,0.3701686646589235,0.9197278911564624,0.11740182582904486,0.3844969478517978,0.40476190476190477,0.40476190476190477,0.40476190476190477,0.9196141479099679,42,622,42
T18,424,0.8958704075303752,0.7432393302779401,0.7761806981519508,0.5638051044083526,0.9823896887229381,0.9541119654096273,0.653163098780839,0.7730973965656454,0.6315710967890448,0.9414804016844833,0.0937132503925133,0.323668912906593,0.7317073170731707,0.5263157894736842,0.6122448979591837,0.9372937293729373,41,606,57
T18,425,0.8689380080857848,0.6571361823121015,0.6196279666452852,0.483644859813084,0.968088541292961,0.9457792264689902,0.5432561627144061,0.7258667005530226,0.5053843234166779,0.9210722384191772,0.12065920330195014,0.3835114561203043,0.5238095238095238,0.4,0.4536082474226804,0.9145161290322581,42,620,55
T18,426,0.8531369509597126,0.5883727127807434,0.5696202531645569,0.5024813895781639,0.9618168205640131,0.9505487729683069,0.5339485827290705,0.7321491050710884,0.4914402789809639,0.9198412698412698,0.11685147890554803,0.37465693291487195,0.5208333333333334,0.45454545454545453,0.4854368932038835,0.9152,48,625,55
T18,427,0.887364339355198,0.6143490953925375,0.5196850393700787,0.4578034682080925,0.9539912005028283,0.9417969719533381,0.4867854947756607,0.7058973343554604,0.4359309945036882,0.9053287981859409,0.11537772915734887,0.37041350198464945,0.4090909090909091,0.34615384615384615,0.375,0.9036918138041734,44,623,52
T18,428,0.8780438857009834,0.5028138468372954,0.41988950276243087,0.46435845213849286,0.9621803337735623,0.9682252023680078,0.4410058027079303,0.7132693929560275,0.40687341412404116,0.9344671201814058,0.110938320404374,0.36335566809222697,0.37142857142857144,0.40625,0.3880597014925373,0.9300341296928327,35,586,32
T18,429,0.8469143007845924,0.4191348694570999,0.37594862813776997,0.3937232524964337,0.9435715165484838,0.9474390911821343,0.3846306987855863,0.6686473845224588,0.33026805189114117,0.8998704243602201,0.13098902586942102,0.41709878487333,0.38,0.3877551020408163,0.3838383838383838,0.8991735537190083,50,605,49
T18,430,0.8242120088680646,0.48347921859285664,0.39016393442622943,0.4146341463414633,0.9408208717785553,0.9462399999999999,0.402027027027027,0.6777275090600094,0.34579830336067513,0.8967930029154519,0.1315018995047141,0.41689862396087396,0.38181818181818183,0.39622641509433965,0.3888888888888889,0.8901830282861897,55,601,53
T18,431,0.9231713357710021,0.5676437973071419,0.41783707865168507,0.5236139630390141,0.9573640088460681,0.9717407948771491,0.4647832313500843,0.7404889859425412,0.4328722392360155,0.9334143181081955,0.11529077368119627,0.3767949025870063,0.3953488372093023,0.5,0.44155844155844154,0.9286898839137645,43,603,34
T18,432,0.7290451170261021,0.20671957087290768,0.22382094324540353,0.23715415019762834,0.9499467335647271,0.9534033490265057,0.23029472241261123,0.5935504418811778,0.18209563890503308,0.9090540978296079,0.14342692147623537,0.4518939644059295,0.21621621621621623,0.21621621621621623,0.21621621621621623,0.9067524115755627,37,622,37
T18,433,0.9082559183024355,0.7319530856984302,0.7076392877656512,0.5499999999999993,0.9722464558342422,0.9464939752640801,0.6189399648329558,0.7611232279171212,0.5844816320985341,0.9262876579203109,0.10784191112804507,0.3564340724960565,0.6153846153846154,0.42857142857142855,0.5052631578947369,0.9192439862542955,39,582,56
T18,434,0.8754113823857406,0.6792596962666733,0.5622950819672126,0.5397796817625452,0.9571053712000855,0.9532088888888888,0.5508073869212234,0.7484425264813157,0.5061088992117022,0.9184483317136378,0.11366701378182617,0.3741796028726715,0.44680851063829785,0.4375,0.4421052631578947,0.9118136439267887,47,601,48
T18,435,0.8793964990110801,0.5639185175468777,0.5581253804017042,0.4822085889570554,0.9611314357098243,0.9480030275826864,0.5173970283994734,0.7216700123334397,0.47369502940225966,0.9168772270813086,0.11880241898278938,0.38348469894493126,0.54,0.4576271186440678,0.4954128440366973,0.912,50,625,59
T18,436,0.800776282439063,0.32460744649948275,0.3179326546593579,0.27751196172248804,0.9544384579170374,0.9452416722789204,0.29635036496350364,0.6159752098197627,0.24706961685258544,0.9063168124392614,0.13245795822552398,0.42073606446353706,0.32432432432432434,0.2727272727272727,0.2962962962962963,0.9060955518945635,37,607,44
T18,437,0.8184071805583542,0.42473092887061514,0.28723404255319146,0.3266129032258065,0.951705910619894,0.9595445736434106,0.3056603773584906,0.6391594069228502,0.26207466825758186,0.9165532879818594,0.11793848652448265,0.38208806636300086,0.21052631578947367,0.24242424242424243,0.22535211267605634,0.9089403973509934,38,604,33
T18,438,0.8463393017651857,0.5585235746170475,0.5399719495091168,0.4114713216957608,0.9649360367744003,0.9425011311823466,0.4670440760210273,0.6882036792350804,0.4261530450859577,0.9146096533851635,0.12349552029023968,0.39705932436120367,0.5,0.36363636363636365,0.42105263157894735,0.9102773246329527,40,613,55
T18,439,0.8522543556272064,0.48605426327766926,0.4200000000000003,0.3673469387755106,0.9637650978758853,0.9552115583075337,0.3919129082426131,0.6655560183256978,0.35247278369592094,0.9240038872691935,0.10617636201623436,0.35442622691456516,0.4166666666666667,0.36585365853658536,0.38961038961038963,0.9230769230769231,36,611,41
T18,440,0.8213013779642557,0.5174405123372434,0.5166557805355975,0.4007092198581561,0.9602278834784476,0.9378970024673209,0.45135520684736097,0.6804685516683018,0.40504933626740486,0.9065597667638483,0.13287959892232135,0.42086807868885,0.5,0.3559322033898305,0.4158415841584158,0.9024793388429752,42,605,59
T18,441,0.8547182475593689,0.5606937005190411,0.645817044566067,0.5275707898658717,0.976175867328156,0.9616772878780028,0.5807358800093742,0.7518733285970138,0.5531936724448475,0.9420472951085198,0.11979837188623449,0.3852663399589744,0.6,0.4772727272727273,0.5316455696202531,0.9382303839732888,35,599,44
T18,442,0.8576570231546161,0.5489823816236528,0.5103092783505154,0.46406250000000004,0.9651589242053787,0.9583636805049767,0.48608837970540103,0.7146107121026894,0.44851362842894993,0.9287981859410431,0.11658305836589923,0.37559260860890475,0.5121951219512195,0.4666666666666667,0.4883720930232558,0.9261744966442953,41,596,45
T18,443,0.7524659475485038,0.17723527207392892,0.21192052980132448,0.2077922077922078,0.957286432160804,0.9562567228397275,0.2098360655737705,0.5825393199765059,0.1666207434175545,0.9180272108843536,0.12664885345127344,0.40254556681967946,0.21875,0.2,0.208955223880597,0.9141004862236629,32,617,35
T18,444,0.8328314204304506,0.5246416781979384,0.4745024875621887,0.4969604863221883,0.9556306227465257,0.9592908848127065,0.4854718981972426,0.726295554534357,0.44309256765354443,0.921412374473599,0.12188528496671347,0.3928930180472746,0.4444444444444444,0.43478260869565216,0.43956043956043955,0.9173419773095624,45,617,46
T18,445,0.8054778000570003,0.3903487052351692,0.4074074074074076,0.31862068965517276,0.9584928968499073,0.9401429783109173,0.35758513931888575,0.6385567932525399,0.31034002944774663,0.9058956916099772,0.1287774759061789,0.41205839770779085,0.4444444444444444,0.3076923076923077,0.36363636363636365,0.9061976549413735,36,597,52
T18,446,0.8344700913134585,0.4750608779195812,0.4415243101182653,0.4729064039408866,0.9556344276841168,0.9606989190890962,0.456676860346585,0.7142704158125017,0.415173550630838,0.9223032069970845,0.12065084221801742,0.39006260558123346,0.4444444444444444,0.4444444444444444,0.4444444444444444,0.9197431781701445,45,623,45
T18,447,0.8996705152534042,0.6766526660224994,0.5987261146496815,0.5330812854442344,0.9772041973223978,0.9704156186369625,0.564,0.755142741383316,0.5389107200017579,0.9505668934240362,0.10773776901762133,0.35478772929010555,0.5517241379310345,0.48484848484848486,0.5161290322580645,0.9495798319327731,29,595,33
T18,448,0.8671555801933029,0.598217657173632,0.5283791691047396,0.5600578871201157,0.9575066340966203,0.9624114602653099,0.5437575270975512,0.7587822606083681,0.503999818559064,0.9263686426951732,0.11801616049412478,0.38857803924311607,0.5106382978723404,0.5217391304347826,0.5161290322580645,0.925249169435216,47,602,46
T18,449,0.9139139391612197,0.709359434602024,0.6217391304347828,0.5095011876484562,0.9672850338430685,0.9492004920049201,0.560052219321149,0.7383931107457622,0.521743371096197,0.9235827664399094,0.10680806518138367,0.3521486810086793,0.6041666666666666,0.5087719298245614,0.5523809523809524,0.9230769230769231,48,611,57
T18,450,0.9177620020097894,0.6957975039121901,0.6356877323420078,0.5637362637362643,0.9628318584070794,0.9504555097965803,0.5975538730343628,0.7632840610716716,0.5555576894616139,0.9216553287981858,0.1082166873263067,0.35852986778828777,0.6481481481481481,0.5555555555555556,0.5982905982905983,0.9234527687296417,54,614,63
T18,451,0.8738313758963163,0.6085436751278142,0.5676883780332056,0.501315789473684,0.9640021269053528,0.9534904105746642,0.5324416051108005,0.7326589581895184,0.49245693007202823,0.9241334629089731,0.10739607761587235,0.35332919038920735,0.5348837209302325,0.45098039215686275,0.48936170212765956,0.9210526315789473,43,608,51
T18,452,0.8671946079840669,0.48436340783190107,0.588235294117647,0.28526148969889076,0.9846135059225789,0.9470284237726095,0.3842049092849521,0.6349374978107347,0.3800714321308099,0.9345804988662131,0.10421127085611759,0.3467404834975794,0.5,0.21428571428571427,0.3,0.9315960912052117,18,614,42
T18,453,0.8017332621679134,0.5070772162441388,0.47807332854061824,0.4439252336448598,0.9619536736191175,0.956589712856324,0.4603669089650398,0.7029394536319886,0.42002447579900426,0.9242468415937802,0.1260204060823869,0.4119882412074697,0.38235294117647056,0.34210526315789475,0.3611111111111111,0.9216354344122658,34,587,38
T18,454,0.8060554565579496,0.5052935341111963,0.41990771259063936,0.40384615384615374,0.9536907100757785,0.9506723320918354,0.4117203490250995,0.6787684319609661,0.3640000370986527,0.9115484288953676,0.13155510908391305,0.41247247432321027,0.3404255319148936,0.34782608695652173,0.34408602150537637,0.9022435897435898,47,624,46
T18,455,0.8753144194517499,0.6782333748676195,0.641732283464567,0.5280777537796976,0.965416772232075,0.9457681806899975,0.5793838862559241,0.7467472630058863,0.5384498705447457,0.9195011337868481,0.12131910397502214,0.387441187503532,0.5869565217391305,0.4576271186440678,0.5142857142857142,0.9154228855721394,46,603,59
T18,456,0.8316018071479697,0.4504305154767125,0.3706563706563709,0.501742160278746,0.9406985204947852,0.9644411289319905,0.4263508512213178,0.7212203403867654,0.38504644634560914,0.9121315192743765,0.12971551813582852,0.42133372362697724,0.38461538461538464,0.4878048780487805,0.43010752688172044,0.9110738255033557,52,596,41
T18,457,0.8463673056084021,0.6164234321093439,0.6875000000000003,0.45093167701863335,0.9794135995009358,0.9466956102267244,0.5446361590397599,0.7151726382597847,0.5224204104459527,0.9311791383219956,0.1178473958661562,0.38151826230224506,0.5714285714285714,0.32,0.41025641025641024,0.9228187919463087,28,596,50
T18,458,0.8578096987272154,0.5880727867937593,0.5583456425406205,0.5110410094637226,0.9686921922445988,0.9623773362460557,0.5336470588235296,0.7398666008541606,0.49980806497737285,0.9357952704891481,0.10928000073742618,0.35856099050749707,0.48717948717948717,0.4523809523809524,0.4691358024691358,0.9298531810766721,39,613,42
T18,459,0.8665067666053492,0.5298951984100584,0.4358589647411853,0.4285714285714286,0.9608829088134828,0.9597513032334044,0.43218447805603766,0.6947271686924557,0.3925202348627532,0.9258179462261097,0.11752708974599307,0.3805232041596756,0.3684210526315789,0.3783783783783784,0.37333333333333335,0.9235772357723577,38,615,37
T18,460,0.8089394469372903,0.5547239502898801,0.49655647382920143,0.42561983471074405,0.9612940802711,0.9491321622751983,0.4583598219961859,0.6934569574909218,0.4152627301577536,0.917201166180758,0.12102898349070575,0.39139229233073797,0.34285714285714286,0.2857142857142857,0.3116883116883117,0.9136807817589576,35,614,42
T18,461,0.8716222513182985,0.5442693941520963,0.5376506024096387,0.4553571428571429,0.9677046076162423,0.9556409723665074,0.4930939226519338,0.7115308752366927,0.4568290677250839,0.9286686103012632,0.10902551720768199,0.36023190753568907,0.55,0.44,0.4888888888888889,0.9249592169657422,40,613,50
T18,462,0.8827320087497291,0.36405959669329824,0.2925531914893617,0.3525641025641026,0.9522270114942528,0.9632994186046512,0.31976744186046513,0.6523955570291777,0.2792518613461543,0.9204081632653062,0.1196799182187554,0.3847392161254813,0.2894736842105263,0.34375,0.3142857142857143,0.9232,38,625,32
T18,463,0.7882664558135271,0.49406069541153697,0.5465465465465466,0.3236514522821579,0.9760228656116021,0.9417292273121902,0.4065524944154879,0.6498371589468799,0.3825228221625006,0.9225461613216713,0.11875965155791512,0.38965235194535613,0.5161290322580645,0.32,0.3950617283950617,0.9176470588235294,31,595,50
T18,464,0.8942262811608492,0.6010615010758575,0.4685990338164248,0.5639534883720928,0.9602601156069364,0.9725576289791438,0.5118733509234826,0.7621068019895146,0.4808953359343647,0.9370748299319728,0.11247358934314418,0.3676967073699718,0.3684210526315789,0.4666666666666667,0.4117647058823529,0.9332220367278798,38,599,30
T18,465,0.8214972235112378,0.26284263829648635,0.22448979591836732,0.19260700389105057,0.9588249458222969,0.9504714166368299,0.20732984293193715,0.5757159748566737,0.16277198020987943,0.9141723356009068,0.12545581798354677,0.4019497401061786,0.25925925925925924,0.1891891891891892,0.21875,0.9185667752442996,27,614,37
T18,466,0.7712334170097301,0.29241966343446407,0.25908156271418775,0.2755102040816327,0.9437213660974593,0.9480152711678259,0.26704344754503706,0.6096157850895461,0.21307783571050384,0.8991739552964041,0.13598699155251776,0.42579693669996294,0.24489795918367346,0.2727272727272727,0.25806451612903225,0.8916797488226059,49,637,44
T18,467,0.7893836816736763,0.4233137193749618,0.47752808988764023,0.37335285505124427,0.9657121789357257,0.9483466087376299,0.4190632703368938,0.6695325169934851,0.3799989725822541,0.9198412698412698,0.1279647736604171,0.40883824953079206,0.45454545454545453,0.32608695652173914,0.379746835443038,0.916095890410959,33,584,46
T18,468,0.806057715526364,0.4017332382928038,0.46716899892357394,0.31740614334471007,0.9742357472500781,0.9525045375129341,0.37799390332414007,0.6458209452973941,0.3498490868916846,0.9305960479429867,0.11855706530895474,0.3842732068290939,0.4482758620689655,0.3170731707317073,0.37142857142857144,0.9256756756756757,29,592,41
T18,469,0.8008154623452528,0.3841894612182404,0.3876923076923078,0.40000000000000013,0.95879917184265,0.9607883817427385,0.39375000000000016,0.6793995859213251,0.35360229463685644,0.9245869776482022,0.1313111529433394,0.41135985975089717,0.375,0.375,0.375,0.9166666666666666,40,600,40
T18,470,0.8819963915749356,0.6369603046881799,0.5627530364372468,0.5325670498084291,0.9596864501679733,0.9546973635350912,0.5472440944881889,0.7461267499882012,0.5046947299611653,0.9217687074829932,0.1232589028589858,0.3971233796339591,0.5116279069767442,0.4489795918367347,0.4782608695652174,0.9176672384219554,43,583,49
T18,471,0.8168242873593561,0.40157421976964325,0.3711558854718982,0.28735632183908033,0.9693729986571635,0.9557977287773083,0.3239241092086996,0.628364660248122,0.28972155463477395,0.9290087463556853,0.11143138936405633,0.36986321140813133,0.35714285714285715,0.2777777777777778,0.3125,0.9286871961102107,28,617,36
T18,472,0.8856257162449347,0.6268285770710554,0.6356033452807645,0.5158371040723982,0.9670578917050692,0.9471772629500333,0.5694915254237288,0.7414474978887338,0.53049207284445,0.921833495302883,0.11213382488908073,0.36678308563298306,0.5490196078431373,0.4745762711864407,0.509090909090909,0.9136,51,625,59
T18,473,0.8845328686784355,0.5923382026975337,0.576628352490422,0.5360110803324101,0.9649119712098223,0.9588899407454156,0.55557834290402,0.7504615257711162,0.5179319044086623,0.9298023971493361,0.11289919950678343,0.36625649767094026,0.5454545454545454,0.4897959183673469,0.5161290322580645,0.924496644295302,44,596,49
T18,474,0.8235571786228,0.5163180256887888,0.5000000000000003,0.4162679425837323,0.9681435371658734,0.95589298626175,0.45430809399477834,0.6922057398748028,0.4186293079280835,0.9289115646258503,0.1306161771732115,0.4120103570197346,0.45454545454545453,0.3488372093023256,0.39473684210526316,0.9247135842880524,33,611,43
T18,475,0.8227928408269822,0.38100333336524256,0.30933713471133295,0.28703703703703715,0.9491818753933291,0.9437868279710069,0.29777015437392806,0.618109456215183,0.2445253916771992,0.9005344995140913,0.13278385957439115,0.4214365382264516,0.25,0.23809523809523808,0.24390243902439024,0.8988580750407831,40,613,42
T18,476,0.880519302302202,0.5270446317796545,0.4696880517951736,0.4885714285714286,0.9524454609429976,0.9557579930441537,0.4789436831049314,0.7205084447572131,0.4331615072363372,0.9156300615484291,0.13272477882701794,0.4173192099653838,0.45098039215686275,0.46938775510204084,0.46,0.9107438016528926,51,605,49
T18,477,0.8347384151868111,0.5207588258723291,0.5749167591564931,0.39928057553956875,0.9801376019914259,0.960397716686146,0.471266110689917,0.6897090887654972,0.45067509674950235,0.9435212180110137,0.10344634647272312,0.34749738872031233,0.5769230769230769,0.375,0.45454545454545453,0.9410801963993454,26,611,40
T18,478,0.8017806779764107,0.4308203893980714,0.45267104029990657,0.31081081081081113,0.9693051613581416,0.9451135140675448,0.3685616177031671,0.6400579860844763,0.3338050436413937,0.9195821185617105,0.11904981936810786,0.3871778547619869,0.42424242424242425,0.2916666666666667,0.345679012345679,0.9132569558101473,33,611,48
T18,479,0.8966196925917943,0.6171984060481476,0.572192513368984,0.4391244870041039,0.9703300778835455,0.950357186100012,0.4969040247678019,0.7047272824438247,0.4625584934127252,0.9263038548752835,0.11026231371370063,0.3617236306116291,0.5135135135135135,0.3877551020408163,0.4418604651162791,0.922077922077922,37,616,49
T18,480,0.8732874032147715,0.6725848529468578,0.6332398316970547,0.48557089084065247,0.9720624632752265,0.9500539486965297,0.549660140002029,0.7288166770579395,0.5166572259791283,0.9281017168772272,0.11686808787170218,0.3730092115473869,0.5555555555555556,0.39215686274509803,0.45977011494252873,0.9224422442244224,36,606,51
T18,481,0.8190477233835263,0.5061057197820449,0.3842671194114319,0.3597033374536465,0.9417943185263119,0.9357536455288008,0.371579715432324,0.6507488279899792,0.3106211687802265,0.8884029802397149,0.14946647171855135,0.46524596578749267,0.2916666666666667,0.27450980392156865,0.2828282828282828,0.8814691151919867,48,599,51
T18,482,0.8179284948894163,0.3809698146398351,0.3516483516483517,0.32377740303541325,0.9569709493132368,0.951534928692289,0.3371378402107112,0.640374176174325,0.2917502466413593,0.9143990929705216,0.12244475060272045,0.3902575736244507,0.3333333333333333,0.3170731707317073,0.325,0.9093959731543624,39,596,41
T18,483,0.8378740298563763,0.4763432724802577,0.442622950819672,0.36651583710407243,0.9624862081647664,0.9492201668480232,0.400990099009901,0.6645010226344193,0.3590503963752032,0.9176870748299318,0.1233981092852807,0.3919188751938105,0.4358974358974359,0.3617021276595745,0.3953488372093023,0.9150326797385621,39,612,47
T18,484,0.8486078555297185,0.6002700582331283,0.5272264631043261,0.45213849287169067,0.9492035140159661,0.9325633449726922,0.4868039783851518,0.7006710034438284,0.4295730023175579,0.8938613540654358,0.13184781362264894,0.41750174379932026,0.5,0.4153846153846154,0.453781512605042,0.8937908496732027,54,612,65
T18,485,0.8678069525788601,0.5489237720964044,0.4970059880239521,0.41569282136894814,0.9693467947938206,0.957927635533117,0.45272727272727264,0.6925198080813845,0.41853012770164044,0.9317460317460315,0.11268030130259911,0.36554587077873174,0.4666666666666667,0.35,0.4,0.9298831385642737,30,599,40
T18,486,0.8280001775594936,0.41884974936189856,0.3999999999999997,0.27272727272727254,0.9571643286573146,0.9263030303030303,0.32432432432432406,0.6149458006922937,0.2738874333973852,0.8922902494331068,0.12335196009283704,0.40031656009960376,0.4,0.26666666666666666,0.32,0.8897893030794165,40,617,60
T18,487,0.9028191248876438,0.5077162155925803,0.3546944858420268,0.40963855421686757,0.9554022041404883,0.9643414076307307,0.38019169329073477,0.6825203791786779,0.3412639806608832,0.9245869776482023,0.1122385357443965,0.3687252296393596,0.358974358974359,0.4117647058823529,0.3835616438356164,0.9233390119250426,39,587,34
T18,488,0.8542785908572909,0.5378762904306253,0.5271453590192645,0.431438127090301,0.956185427597771,0.9369269094185612,0.4745139253809774,0.693811777344036,0.42412892181980055,0.9028182701652087,0.13574257169366594,0.42207498494088835,0.5,0.38095238095238093,0.43243243243243246,0.8960396039603961,48,606,63
T18,489,0.8690879960473549,0.6265256443511694,0.5604638321369412,0.5111633372502941,0.9571912589857123,0.9482835171470686,0.5346795434591749,0.734177298118003,0.4881333417828054,0.9141561386459346,0.12379974977189587,0.39668159185042384,0.54,0.48214285714285715,0.5094339622641509,0.9140495867768595,50,605,56
T18,490,0.8558389858294162,0.46316162605981137,0.45312499999999983,0.3443271767810023,0.9609278094765565,0.9397137311984474,0.39130434782608664,0.6526274931287795,0.3462888700108902,0.9079365079365079,0.11271897112747553,0.3741730043784766,0.47368421052631576,0.33962264150943394,0.3956043956043956,0.9108589951377634,38,617,53
T18,491,0.8531656492517878,0.5006881739007214,0.4267053701015965,0.443661971830986,0.9589709853888234,0.9616012220949206,0.4350184956843403,0.7013164786099046,0.3954048956753458,0.9257855523161648,0.11985546807264243,0.3894277781058108,0.40476190476190477,0.4358974358974359,0.41975308641975306,0.9217970049916805,42,601,39
T18,492,0.8919546337388706,0.5772876616875628,0.5246025738077216,0.46624803767660916,0.9671095127529198,0.9588071377883932,0.4937069579672288,0.7166787752147644,0.45769995463309404,0.9309361839974083,0.11978035345908523,0.3872009091094934,0.5405405405405406,0.45454545454545453,0.49382716049382713,0.9308600337268128,37,593,44
T18,493,0.8275859571946111,0.6429545606785654,0.6287688442211053,0.4988372093023254,0.9681801866475233,0.9470367249490904,0.5563171545016671,0.7335086979749245,0.5185665024731986,0.9224165856818917,0.1232459297707668,0.3963891318356345,0.5348837209302325,0.41818181818181815,0.46938775510204084,0.9137645107794361,43,603,55
T18,494,0.8578167715820588,0.6215973847060273,0.61453488372093,0.47734457323498414,0.9639000308546745,0.9386355602686459,0.5373210200796407,0.7206223020448294,0.49404804781749845,0.9115484288953677,0.12434899285549217,0.39684980164129263,0.4523809523809524,0.35185185185185186,0.3958333333333333,0.9031719532554258,42,599,54
T18,495,0.8601828075387674,0.5756822595084301,0.49648300117233324,0.4405339805825246,0.9539591224183519,0.943008018084843,0.4668381407312147,0.697246551500438,0.41638464900591693,0.9059928733398119,0.12310059948904996,0.39361429111758,0.4583333333333333,0.4,0.42718446601941745,0.9040650406504065,48,615,55
T18,496,0.8814094480433148,0.4935445961753953,0.44943820224719117,0.37974683544303817,0.9640937957987298,0.9526912865073617,0.41166380789022317,0.671920315620884,0.3718446681805378,0.9222222222222223,0.11308893288593988,0.36736978027442946,0.4594594594594595,0.3695652173913043,0.40963855421686746,0.9216,37,625,46
T18,497,0.8219674480513437,0.4645660270043897,0.44593461860854966,0.2900763358778626,0.9647391443507948,0.9328415948831691,0.35150313842087866,0.6274077401143286,0.31067353080055654,0.9046161321671526,0.13127202229637003,0.41123520380799833,0.42105263157894735,0.2857142857142857,0.3404255319148936,0.8986928104575164,38,612,56
T18,498,0.8683114465882156,0.6286477504774328,0.5635422656699248,0.495283018867924,0.9591964733710843,0.9469950285724393,0.5272124092172504,0.7272397461195044,0.4816936062024773,0.9145934564301911,0.12693002324396252,0.4004838693936569,0.4791666666666667,0.42592592592592593,0.45098039215686275,0.9093851132686084,48,618,54
T18,499,0.8442394252692818,0.6026642702887626,0.6079182630906768,0.44347826086956516,0.9666907775768533,0.9371691034676202,0.5128389297899083,0.7050845192232092,0.47284031237882695,0.9121153223194038,0.12383673644232836,0.3942916146843573,0.5,0.3728813559322034,0.42718446601941745,0.9042207792207793,44,616,59
T21,0,0.5113700098977234,0.14752566780109994,0.07272727272727271,0.12499999999999999,0.9705542725173207,0.9836161497952017,0.09195402298850573,0.5477771362586603,0.07337475553806963,0.9552154195011339,0.016144735076580066,0.11415192624613793,0.05555555555555555,0.1,0.07142857142857142,0.9580645161290322,18,620,10
T21,1,0.5865250875145862,0.2891311784144755,0.25000000000000006,0.26,0.9772462077012836,0.9783878504672898,0.25490196078431376,0.6186231038506418,0.2327748942828918,0.9569160997732428,0.02239794502565349,0.15678649559054061,0.23529411764705882,0.25,0.24242424242424243,0.9590834697217676,17,611,16
T21,2,0.48536476704879566,0.18754543474583943,0.11111111111111112,0.16666666666666669,0.9722222222222222,0.9824561403508771,0.13333333333333333,0.5694444444444444,0.11399759467613159,0.9557823129251699,0.01851049483150593,0.1335116079346867,0.1111111111111111,0.18181818181818182,0.13793103448275862,0.9585406301824212,18,603,11
T21,3,0.5978381283068799,0.3244266116924668,0.19642857142857142,0.3055555555555555,0.9739583333333333,0.9853629976580796,0.23913043478260868,0.6397569444444444,0.22541798606726382,0.9603174603174605,0.015117600340679348,0.10737367427904146,0.16666666666666666,0.2727272727272727,0.20689655172413793,0.9626016260162602,18,615,11
T21,4,0.5082410644910642,0.23395549836467253,0.16393442622950816,0.20833333333333334,0.9702797202797201,0.9776864357017028,0.18348623853211007,0.5893065268065267,0.1590450709857002,0.9495464852607711,0.02313951993529633,0.16684171148306745,0.15,0.2,0.17142857142857143,0.9532258064516129,20,620,15
T21,5,0.4756288850038852,0.25081822363066236,0.19642857142857142,0.22916666666666669,0.9737762237762239,0.9783372365339578,0.21153846153846154,0.6014714452214452,0.18832811319211282,0.9535147392290249,0.02273164181663845,0.16456192433714342,0.16666666666666666,0.21428571428571427,0.1875,0.9581320450885669,18,621,14
T21,6,0.3926532489936755,0.13618373650043505,0.09090909090909093,0.11999999999999998,0.9827487061529616,0.9872905834777586,0.10344827586206896,0.5513743530764807,0.0896376894215426,0.9705215419501132,0.013472686884020642,0.10435394913954794,0.09090909090909091,0.125,0.10526315789473684,0.9716193656093489,11,599,8
T21,7,0.40319376026272424,0.01538566569099583,0.0,0.0,0.975862068965517,0.9860627177700347,0.0,0.4879310344827585,-0.018341678147730685,0.9625850340136056,0.014691095303235887,0.10314792128893042,0.0,0.0,0.0,0.9647435897435898,14,624,8
T21,8,0.6940312851705259,0.4048769112853884,0.17241379310344832,0.3846153846153846,0.9723820483314154,0.9906213364595544,0.23809523809523814,0.6784987164734,0.24125323362421655,0.9637188208616779,0.010358551136277748,0.06873396761593119,0.15789473684210525,0.375,0.2222222222222222,0.964406779661017,19,590,8
T21,9,0.6751669331327013,0.40815838634398344,0.17741935483870966,0.39285714285714285,0.9706221198156683,0.9900117508813161,0.2444444444444444,0.6817396313364056,0.2466936052183114,0.961451247165533,0.011484770032271501,0.07471207864491285,0.15,0.375,0.21428571428571427,0.9635157545605307,20,603,8
T21,10,0.497865120596318,0.24523628692967755,0.13043478260869562,0.21951219512195125,0.9651770168311085,0.9811209439528022,0.16363636363636364,0.5923446059765298,0.14353793654464317,0.9478458049886621,0.019206676522054458,0.13987005424591284,0.13043478260869565,0.23076923076923078,0.16666666666666666,0.9517684887459807,23,622,13
T21,11,0.34967632136587995,0.17194761307968706,0.23255813953488363,0.14084507042253513,0.9805079740106318,0.9645554909936082,0.17543859649122798,0.5606765222165835,0.15466201590534992,0.9467120181405895,0.035432456650195863,0.2861618071847139,0.21428571428571427,0.13636363636363635,0.16666666666666666,0.9503311258278145,14,604,22
T21,12,0.42336739460587636,0.18992113152074797,0.14285714285714288,0.17073170731707318,0.9756239117817761,0.9801749271137027,0.15555555555555559,0.5731778095494247,0.13418805747754428,0.9569160997732425,0.020321040665490564,0.15573712217341687,0.125,0.16666666666666666,0.14285714285714285,0.9599332220367279,16,599,12
T21,13,0.503666307590323,0.2224592735675044,0.13559322033898302,0.19999999999999996,0.9704176334106728,0.9812316715542522,0.16161616161616157,0.5852088167053364,0.1410993323864485,0.9529478458049887,0.019321202969704403,0.14145980943601305,0.10526315789473684,0.16666666666666666,0.12903225806451613,0.9553719008264463,19,605,12
T21,14,0.4310763463257287,0.22954331103574122,0.14285714285714293,0.2093023255813954,0.968622893666473,0.9800117577895356,0.16981132075471705,0.5889626096239342,0.1478562683361983,0.950113378684807,0.020335128539782015,0.1559483474330696,0.14285714285714285,0.21428571428571427,0.17142857142857143,0.9523809523809523,21,609,14
T21,15,0.33305627661805415,0.020622327118729564,0.0,0.0,0.9842840512223515,0.9735175590097871,0.0,0.49214202561117576,-0.020400899149531457,0.9586167800453514,0.026492016496878778,0.2007846109346593,0.0,0.0,0.0,0.9597989949748744,9,597,15
T21,16,0.5260653442240372,0.19156184338389481,0.14285714285714282,0.15999999999999998,0.9719953325554258,0.9754098360655736,0.15094339622641506,0.5659976662777129,0.12494274373979741,0.9489795918367346,0.024696534136306396,0.17547336088412044,0.1111111111111111,0.13333333333333333,0.12121212121212122,0.9518272425249169,18,602,15
T21,17,0.6325070434206174,0.3766236217592773,0.22580645161290316,0.35000000000000003,0.9721577726218098,0.9847238542890717,0.27450980392156854,0.661078886310905,0.26043036385715396,0.9580498866213151,0.016082107819350093,0.11415483939321362,0.2,0.3333333333333333,0.25,0.9593908629441624,20,591,12
T21,18,0.4432771095714165,0.020601567120364584,0.0,0.0,0.9791787160208212,0.9797453703703703,0.0,0.4895893580104106,-0.020536002420423628,0.9597505668934241,0.02061663349426255,0.14484256466457776,0.0,0.0,0.0,0.9624183006535948,12,612,11
T21,19,0.4355397951142636,0.26610435247970815,0.2297297297297298,0.23611111111111116,0.9663120567375887,0.9674556213017751,0.23287671232876717,0.6012115839243499,0.19978709520175816,0.9365079365079364,0.03248077268088576,0.25047953522793226,0.20833333333333334,0.21739130434782608,0.2127659574468085,0.9393442622950819,24,610,23
T21,20,0.5556194340811723,0.15123150291931345,0.07692307692307693,0.12903225806451615,0.9723023658395844,0.9842289719626167,0.0963855421686747,0.5506673119520503,0.07871988233475286,0.9574829931972789,0.01658992840614682,0.1078102291562514,0.058823529411764705,0.1111111111111111,0.07692307692307693,0.9614147909967846,17,622,9
T21,21,0.4205532666274279,0.2017565515127196,0.1964285714285714,0.16923076923076918,0.9735138316656856,0.9683840749414522,0.18181818181818177,0.5713723004482274,0.15338225265257127,0.9438775510204082,0.03228005571080925,0.24519407568070598,0.16666666666666666,0.15,0.15789473684210525,0.9446366782006921,18,578,20
T21,22,0.5533763765772379,0.3330898101116449,0.20754716981132074,0.3142857142857143,0.9757085020242916,0.9859731151373465,0.25,0.644997108155003,0.23689610248752252,0.9625850340136054,0.014570155384528969,0.10578911828437296,0.17647058823529413,0.2727272727272727,0.21428571428571427,0.9642276422764228,17,615,11
T21,23,0.43286213235294124,0.2030290239858476,0.1864406779661017,0.171875,0.971764705882353,0.9689149560117303,0.17886178861788615,0.5718198529411765,0.1493828556821079,0.9427437641723353,0.03124145599578393,0.23083119304828176,0.15789473684210525,0.15,0.15384615384615385,0.9440677966101695,19,590,20
T21,24,0.46075525438582643,0.28430374198260777,0.17241379310344826,0.2702702702702703,0.9722061378112332,0.9841735052754982,0.21052631578947364,0.6212382040407518,0.19485565340044195,0.957482993197279,0.016502321938191716,0.12630145087648814,0.15789473684210525,0.25,0.1935483870967742,0.9603174603174603,19,630,12
T21,25,0.504489321861149,0.21436174070805486,0.19512195121951215,0.19047619047619044,0.9808362369337978,0.9802669762042947,0.19277108433734935,0.5856562137049941,0.1733386941735932,0.962018140589569,0.01973409213519866,0.1471754540650787,0.15384615384615385,0.15384615384615385,0.15384615384615385,0.9639344262295082,13,610,13
T21,26,0.4556544880596805,0.1217504980385405,0.0869565217391304,0.09756097560975609,0.975623911781776,0.9784633294528521,0.09195402298850573,0.5365924436957661,0.06919352890737636,0.9552154195011338,0.02213446835776953,0.15851377057591773,0.06666666666666667,0.08333333333333333,0.07407407407407407,0.9590163934426229,15,610,12
T21,27,0.3789710097001784,0.10228500620385571,0.12499999999999997,0.08333333333333331,0.9878472222222222,0.9810344827586207,0.09999999999999998,0.5355902777777778,0.08687688640141847,0.9693877551020408,0.01923043150377345,0.1471445836965993,0.125,0.08333333333333333,0.1,0.9702479338842975,8,605,12
T21,28,0.5242968188353699,0.42059976583976383,0.2916666666666667,0.40384615384615385,0.9702102803738316,0.9816784869976358,0.3387096774193548,0.6870282171099927,0.3197600873951946,0.953514739229025,0.018782721918292,0.15090069899940847,0.2608695652173913,0.375,0.3076923076923077,0.9561688311688312,23,616,16
T21,29,0.6924169003629175,0.4255163308802294,0.1382978723404256,0.4062500000000001,0.9532332563510393,0.9886227544910179,0.20634920634920642,0.6797416281755196,0.2136020604570163,0.9433106575963719,0.012400295797517035,0.07922285725350914,0.12903225806451613,0.4,0.1951219512195122,0.946515397082658,31,617,10
T21,30,0.47692784971023494,0.1679707115291696,0.062499999999999986,0.15789473684210525,0.9742120343839541,0.9906759906759907,0.08955223880597013,0.5660533856130296,0.08381472683814395,0.965419501133787,0.010152130432353981,0.07204423110574687,0.0625,0.16666666666666666,0.09090909090909091,0.9672131147540983,16,610,6
T21,31,0.4584106728538282,0.3433673638367126,0.1857142857142856,0.3249999999999999,0.966937354988399,0.9840613931523022,0.23636363636363628,0.6459686774941995,0.22262942893892815,0.9523809523809523,0.016820595530475328,0.13378565535995338,0.17391304347826086,0.3076923076923077,0.2222222222222222,0.9536423841059603,23,604,13
T21,32,0.46698847665160714,0.24788470881538568,0.20754716981132076,0.21568627450980393,0.9754816112084064,0.9766218585622443,0.21153846153846154,0.5955839428591052,0.1876358275195645,0.9535147392290251,0.024067855656546483,0.1823246706012158,0.17647058823529413,0.2,0.1875,0.9565943238731218,17,599,15
T21,33,0.36764560159323895,0.18967583376959407,0.09999999999999999,0.17647058823529418,0.9687861271676301,0.9835680751173709,0.12765957446808512,0.5726283577014621,0.11017633186893405,0.9535147392290251,0.01649853618767114,0.13341369613593856,0.1,0.18181818181818182,0.12903225806451613,0.9565217391304348,20,621,11
T21,34,0.4425284995378448,0.14296713034731653,0.13333333333333336,0.11538461538461538,0.9772196261682243,0.973240255962769,0.12371134020618556,0.5463021207764198,0.09934367824038673,0.9518140589569161,0.02689262355403388,0.20233169198048012,0.13333333333333333,0.125,0.12903225806451613,0.9548494983277592,15,598,16
T21,35,0.48587784255028743,0.14618247426217792,0.05970149253731343,0.1212121212121212,0.9636048526863086,0.9829110194460814,0.08,0.542408486949215,0.060118751788789275,0.9478458049886622,0.01733442612419429,0.12416131158168396,0.045454545454545456,0.1,0.0625,0.949748743718593,22,597,10
T21,36,0.526717474457516,0.2688215773736446,0.22000000000000006,0.23913043478260876,0.9772991850989523,0.9795799299883313,0.2291666666666667,0.6082148099407805,0.20783408859800556,0.9580498866213152,0.021217991517394435,0.15438850810610608,0.1875,0.21428571428571427,0.2,0.9595959595959596,16,594,14
T21,37,0.3161534920503792,0.13052584439312787,0.08695652173913043,0.11428571428571428,0.9757085020242916,0.9819557625145519,0.09876543209876544,0.5449971081550029,0.07875091755365761,0.9586167800453516,0.017985194184637236,0.14712637671849463,0.06666666666666667,0.09090909090909091,0.07692307692307693,0.9604612850082372,15,607,11
T21,38,0.691975916803502,0.31267078658760805,0.15217391304347833,0.2916666666666667,0.9775862068965516,0.990104772991851,0.20000000000000007,0.6346264367816091,0.19572671013893503,0.9682539682539684,0.010675095549751261,0.06941201636062101,0.13333333333333333,0.2857142857142857,0.18181818181818182,0.9712460063897763,15,626,7
T21,39,0.7232049351532519,0.49474412291617165,0.2909090909090909,0.47058823529411753,0.977456647398844,0.9894675248683441,0.3595505617977528,0.7240224413464809,0.3544309635540475,0.9676870748299321,0.011126374720427002,0.0783682673586079,0.23529411764705882,0.4444444444444444,0.3076923076923077,0.9698996655518395,17,598,9
T21,40,0.5218894961107645,0.4123247596608504,0.2641509433962263,0.39999999999999986,0.9774436090225563,0.9877264757451782,0.31818181818181807,0.6887218045112782,0.3083334592807248,0.9659863945578231,0.012708099758699956,0.10476683490969307,0.23529411764705882,0.4,0.2962962962962963,0.9699842022116903,17,633,10
T21,41,0.2555710904588269,0.12108516585812637,0.125,0.11111111111111112,0.9879101899827287,0.986206896551724,0.11764705882352941,0.5495106505469199,0.1049373698315306,0.9744897959183673,0.014140937194704384,0.11936045791563583,0.125,0.1111111111111111,0.11764705882352941,0.9756493506493507,8,616,9
T21,42,0.2763406197997882,0.016875710481741118,0.0,0.0,0.9808806488991888,0.9780473714615828,0.0,0.4904403244495944,-0.02048706940027793,0.959750566893424,0.02160080875339544,0.17273299875545822,0.0,0.0,0.0,0.962171052631579,11,608,12
T21,43,0.3793561850027385,0.1363897400684411,0.04761904761904761,0.12500000000000003,0.9655172413793104,0.9876543209876544,0.06896551724137931,0.5452586206896552,0.056505291968404064,0.9540816326530613,0.013124406861756826,0.096906170108706,0.047619047619047616,0.125,0.06896551724137931,0.9565217391304348,21,621,8
T21,44,0.2790403201449706,0.018980260996826523,0.0,0.0,0.9738372093023256,0.9744037230948225,0.0,0.4869186046511628,-0.025877983602085725,0.949546485260771,0.025442666094327847,0.19882204888490812,0.0,0.0,0.0,0.9515050167224081,15,598,14
T21,45,0.4862047007834656,0.24877358066355448,0.16923076923076924,0.22,0.9684947491248542,0.9770453207769277,0.19130434782608696,0.5942473745624272,0.16604901351397885,0.947278911564626,0.0229961120109758,0.16820392401451278,0.14285714285714285,0.1875,0.16216216216216217,0.9489291598023064,21,607,16
T21,46,0.4609192448095899,0.204509811019226,0.17499999999999996,0.18421052631578946,0.9808806488991888,0.9820185614849187,0.17948717948717946,0.5825455876074891,0.16100428207383158,0.963718820861678,0.018607590305354745,0.1388085377569055,0.15384615384615385,0.16666666666666666,0.16,0.9670846394984326,13,638,12
T21,47,0.66417194396469,0.2669608124014992,0.14285714285714288,0.22222222222222224,0.9792746113989635,0.9878048780487805,0.17391304347826086,0.6007484168105929,0.1622590012513601,0.967687074829932,0.012551159924194463,0.08397552057511061,0.14285714285714285,0.2222222222222222,0.17391304347826086,0.96843853820598,14,602,9
T21,48,0.467737056428155,0.09381285649271352,0.052631578947368404,0.06666666666666665,0.9685863874345548,0.9753954305799648,0.05882352941176469,0.5176265270506107,0.03143306671584207,0.9455782312925172,0.024467445305844594,0.16949707969781538,0.05263157894736842,0.07142857142857142,0.06060606060606061,0.9495114006514658,19,614,14
T21,49,0.47955914680351575,0.22820572906228698,0.12727272727272723,0.2121212121212121,0.9722703639514734,0.9847864248098303,0.15909090909090906,0.5921957880363428,0.14374548224508416,0.9580498866213151,0.01621497374317725,0.11721547437300069,0.1111111111111111,0.2,0.14285714285714285,0.9597989949748744,18,597,10
T21,50,0.39816909016457713,0.12750408652469336,0.09302325581395346,0.10526315789473684,0.9774044032444958,0.9802440441603719,0.09876543209876541,0.5413337805696163,0.07782563202527738,0.9586167800453514,0.020245171426498686,0.15413357900846034,0.07142857142857142,0.08333333333333333,0.07692307692307693,0.96,14,600,12
T21,51,0.5145564512405714,0.3721373105395004,0.22857142857142856,0.35555555555555557,0.968586387434555,0.9828807556080285,0.2782608695652174,0.6620709714950553,0.2618024480967119,0.9529478458049886,0.018167016035650668,0.14011641438804232,0.21739130434782608,0.35714285714285715,0.2702702702702703,0.9547738693467337,23,597,14
T21,52,0.4751887353153181,0.0193919285933332,0.0,0.0,0.9654775604142694,0.9847417840375587,0.0,0.4827387802071347,-0.022951053107632118,0.9512471655328797,0.01609634283399853,0.10873933941810254,0.0,0.0,0.0,0.9549114331723028,20,621,8
T21,53,0.5874814607687806,0.356265456427456,0.26153846153846166,0.3333333333333334,0.9719789842381787,0.9799882283696292,0.2931034482758622,0.6526561587857561,0.27155307667418377,0.9535147392290249,0.020795528219026548,0.14527694248089568,0.23809523809523808,0.3125,0.2702702702702703,0.955810147299509,21,611,16
T21,54,0.48272375608778734,0.10303358302324053,0.10000000000000002,0.07894736842105265,0.9843568945538819,0.9798154555940023,0.08823529411764708,0.5316521314874673,0.07108205533316986,0.9648526077097506,0.02033410520315875,0.14475984221799715,0.1,0.08333333333333333,0.09090909090909091,0.9671592775041051,10,609,12
T21,55,0.48742254228772475,0.2758255300012799,0.25000000000000006,0.2413793103448276,0.9753810082063307,0.9742388758782201,0.2456140350877193,0.6083801592755791,0.2204678891968546,0.9512471655328798,0.02675184961231661,0.20171852493473647,0.2222222222222222,0.23529411764705882,0.22857142857142856,0.9543918918918919,18,592,17
T21,56,0.6626951281603122,0.39750574061157407,0.2941176470588235,0.36363636363636365,0.9719133996489173,0.9793632075471697,0.3252032520325203,0.6677748816426405,0.3029297542766255,0.9529478458049886,0.021065409992678384,0.1474874558002606,0.2727272727272727,0.35294117647058826,0.3076923076923077,0.9565916398713826,22,622,17
T21,57,0.4108682606736981,0.10562136312751151,0.10810810810810811,0.08163265306122448,0.9807580174927113,0.9739432541980312,0.09302325581395349,0.5311953352769679,0.07154886102618498,0.9557823129251698,0.02651404940254273,0.19368033184992908,0.08333333333333333,0.0625,0.07142857142857142,0.9577922077922078,12,616,16
T21,58,0.3959673580414836,0.13446117924917508,0.08695652173913042,0.11764705882352941,0.9757225433526013,0.9825378346915018,0.1,0.5466848010880654,0.08055222165412217,0.9591836734693876,0.01761574369875904,0.13405119578822677,0.06666666666666667,0.1,0.08,0.9612141652613828,15,593,10
T21,59,0.5309290731391281,0.1377774952157192,0.11764705882352942,0.09523809523809526,0.9825783972125436,0.9780346820809249,0.10526315789473686,0.5389082462253194,0.0862879914516282,0.9614512471655329,0.02205633851805884,0.14842167592825542,0.09090909090909091,0.07692307692307693,0.08333333333333333,0.9639934533551555,11,611,13
T21,60,0.4298194791730184,0.09895551197769044,0.06250000000000001,0.07894736842105264,0.973928157589803,0.9796037296037295,0.06976744186046513,0.5264377630054278,0.047183226360816836,0.9546485260770975,0.0206165277624442,0.1509442718801176,0.0625,0.08333333333333333,0.07142857142857142,0.9555555555555556,16,585,12
T21,61,0.5028794756738706,0.3224466204687663,0.4000000000000001,0.29508196721311475,0.9841456253669995,0.9749854566608495,0.339622641509434,0.6396137962900571,0.3235835074844866,0.9603174603174603,0.02565794546447453,0.19682513925254763,0.35714285714285715,0.2631578947368421,0.30303030303030304,0.9621087314662273,14,607,19
T21,62,0.5056024046088338,0.22336985509898022,0.21739130434782614,0.18867924528301888,0.9789596727060198,0.9749708963911524,0.20202020202020204,0.5838194589945194,0.1795755862968933,0.9552154195011338,0.025731534896077258,0.18507740376023546,0.2,0.1875,0.1935483870967742,0.9591503267973857,15,612,16
T21,63,0.46134693985246744,0.24893400753370357,0.25,0.20895522388059695,0.9752504419563937,0.9689695550351287,0.2276422764227642,0.5921028329184953,0.20083683099291127,0.9461451247165533,0.030861746168010823,0.23822436971010738,0.2222222222222222,0.19047619047619047,0.20512820512820512,0.9481605351170569,18,598,21
T21,64,0.35182838912827424,0.11925687382256586,0.11764705882352941,0.1,0.9825986078886311,0.9791907514450867,0.10810810810810811,0.5412993039443156,0.08943527446802253,0.9625850340136055,0.02160524743406026,0.16680855304277098,0.09090909090909091,0.08333333333333333,0.08695652173913043,0.9654036243822076,11,607,12
T21,65,0.43137400925581054,0.08503359705998219,0.09090909090909088,0.054545454545454536,0.9824458747805734,0.9699595609474291,0.06818181818181818,0.518495664663014,0.047451157482782634,0.9535147392290249,0.030637859186054675,0.22353769202192747,0.09090909090909091,0.058823529411764705,0.07142857142857142,0.9563758389261745,11,596,17
T21,66,0.2995475113122154,0.007024617123675662,0.0,0.0,0.9862935465448315,0.9925287356321839,0.0,0.49314677327241574,-0.01011951270114794,0.9790249433106576,0.008412391616079108,0.06367076094306984,0.0,0.0,0.0,0.979557069846678,8,587,4
T21,67,0.5774409263414495,0.41727345010893646,0.3157894736842104,0.3999999999999999,0.9773123909249563,0.9841827768014059,0.35294117647058815,0.6886561954624781,0.3364271794042052,0.9625850340136054,0.016585167303255703,0.125807526679874,0.2777777777777778,0.38461538461538464,0.3225806451612903,0.9657980456026058,18,614,13
T21,68,0.6424684487727317,0.4024983754431226,0.2682926829268293,0.3793103448275862,0.9827089337175793,0.9895531050493326,0.31428571428571433,0.6810096392725827,0.3055243789602438,0.9727891156462585,0.0112594403185478,0.07932540138488853,0.23076923076923078,0.3333333333333333,0.2727272727272727,0.973421926910299,13,602,9
T21,69,0.3367577133840811,0.01422828212595603,0.0,0.0,0.9758203799654577,0.9843205574912892,0.0,0.48791018998272884,-0.019471080150164098,0.9608843537414965,0.01590432797562954,0.12033375862460631,0.0,0.0,0.0,0.964110929853181,14,613,8
T21,70,0.43756592765461,0.1834026347195542,0.19512195121951223,0.16000000000000003,0.9807467911318555,0.9756239117817761,0.17582417582417587,0.5703733955659278,0.15502236069829262,0.957482993197279,0.024934278280091513,0.18963172451639854,0.15384615384615385,0.125,0.13793103448275862,0.9590834697217676,13,611,16
T21,71,0.16533584613163402,0.020342659935199892,0.0,0.0,0.9806904622586307,0.968226458694396,0.0,0.49034523112931533,-0.0247695860889429,0.9501133786848073,0.03155455540513443,0.26695397420961575,0.0,0.0,0.0,0.9519867549668874,11,604,18
T21,72,0.5943037974683552,0.4393068449179098,0.15492957746478872,0.4230769230769231,0.9654775604142694,0.9911399881866508,0.2268041237113402,0.6942772417455962,0.23823514567644463,0.9574829931972788,0.009680184562681066,0.07326500521255884,0.13043478260869565,0.375,0.1935483870967742,0.9581239530988275,23,597,8
T21,73,0.3327217148771935,0.08926732128812095,0.09302325581395351,0.060606060606060615,0.9770318021201414,0.9639744334689135,0.07339449541284405,0.518818931363101,0.04631707249966554,0.9427437641723357,0.03607835702871437,0.27434821438010754,0.07142857142857142,0.047619047619047616,0.05714285714285714,0.946515397082658,14,617,21
T21,74,0.531779646764962,0.24028178782152346,0.2702702702702702,0.2127659574468085,0.9842748980780429,0.9785755645628256,0.23809523809523805,0.5985204277624258,0.22143350286103555,0.963718820861678,0.022087570773336996,0.15683243268628744,0.25,0.21428571428571427,0.23076923076923078,0.966996699669967,12,606,14
T21,75,0.49037620152469363,0.1960642469740446,0.14285714285714288,0.17500000000000002,0.9756380510440834,0.9807580174927112,0.15730337078651688,0.5753190255220417,0.13645932300361177,0.9574829931972789,0.019323546273723475,0.14395405988071208,0.125,0.16666666666666666,0.14285714285714285,0.9601328903654485,16,602,12
T21,76,0.3984382147986604,0.2391421649778926,0.36363636363636365,0.21818181818181814,0.9877121123464014,0.9751588677065282,0.2727272727272727,0.6029469652641098,0.26411338819795843,0.963718820861678,0.025679915971052063,0.20652261040157746,0.3,0.17647058823529413,0.2222222222222222,0.9656301145662848,10,611,17
T21,77,0.47297736031425497,0.17685155908686406,0.15217391304347824,0.14893617021276595,0.9772859638905067,0.9767171129220024,0.15053763440860216,0.5631110670516363,0.12754959962352672,0.9552154195011339,0.0233684397321415,0.16957739839307484,0.13333333333333333,0.13333333333333333,0.13333333333333333,0.956738768718802,15,601,15
T21,78,0.4196461984836063,0.25496939242596994,0.22,0.23404255319148937,0.9772859638905065,0.9789964994165693,0.2268041237113402,0.6056642585409979,0.20506982987805275,0.9574829931972788,0.021287295377101594,0.17051511640175346,0.1875,0.2,0.1935483870967742,0.9587458745874587,16,606,15
T21,79,0.31560540026405115,0.1188656450249791,0.1111111111111111,0.10344827586206895,0.9861671469740634,0.9850316637881403,0.10714285714285712,0.5448077114180662,0.09282174004636726,0.971655328798186,0.015372252825198857,0.12468722344235988,0.1111111111111111,0.1111111111111111,0.1111111111111111,0.9735099337748344,9,604,9
T21,80,0.47968802031301994,0.2633421324780458,0.2682926829268293,0.22916666666666666,0.9825174825174824,0.9785258270458501,0.24719101123595508,0.6058420745920745,0.2285772654628306,0.9620181405895691,0.021827465001687224,0.16625790115472588,0.23076923076923078,0.2,0.21428571428571427,0.964516129032258,13,620,15
T21,81,0.4512364992454583,0.09424953986883604,0.05555555555555555,0.07142857142857142,0.9703832752613238,0.9771929824561402,0.0625,0.5209059233449477,0.037003741036050426,0.9489795918367346,0.02279974224573204,0.16410467788159327,0.05555555555555555,0.07692307692307693,0.06451612903225806,0.9521452145214522,18,606,13
T21,82,0.4190800129575645,0.2780060211768035,0.22000000000000003,0.261904761904762,0.9773519163763066,0.9819136522753793,0.23913043478260873,0.6196283391405343,0.21979351615324194,0.9603174603174603,0.019230116484603883,0.1520396194276215,0.1875,0.25,0.21428571428571427,0.964573268921095,16,621,12
T21,83,0.18055528093590395,0.011519593331954797,0.0,0.0,0.9705882352941175,0.9824868651488616,0.0,0.48529411764705876,-0.022695642786753935,0.9540816326530611,0.01783139116884617,0.1466814380224355,0.0,0.0,0.0,0.955,17,600,10
T21,84,0.5403200252083155,0.3043482266902666,0.28260869565217395,0.2765957446808511,0.980780430984275,0.9802095459837021,0.27956989247311825,0.628688087832563,0.26008297508155853,0.9620181405895691,0.020158215924866177,0.14697232167524815,0.26666666666666666,0.26666666666666666,0.26666666666666666,0.9637561779242174,15,607,15
T21,85,0.5920301534214567,0.3304178285165534,0.19047619047619055,0.3076923076923077,0.9704347826086956,0.9841269841269842,0.23529411764705888,0.6390635451505017,0.22036758588708058,0.9557823129251701,0.016528757306425897,0.11697655456324481,0.15,0.2727272727272727,0.1935483870967742,0.9569707401032702,20,581,11
T21,86,0.4339546529419941,0.12958995085640296,0.058823529411764705,0.11538461538461539,0.9723820483314152,0.9865732632807939,0.07792207792207792,0.5438833318580153,0.06312151010577825,0.959750566893424,0.013467156533329657,0.10058136840393656,0.058823529411764705,0.125,0.08,0.9626623376623377,17,616,8
T21,87,0.33994219653179264,0.016646974533547357,0.0,0.0,0.9843930635838151,0.9804260218767993,0.0,0.49219653179190753,-0.017478267419297602,0.9654195011337867,0.01998044720586334,0.1517780057020318,0.0,0.0,0.0,0.9656357388316151,9,582,11
T21,88,0.41354047115674936,0.24434102634876817,0.15625000000000006,0.22727272727272724,0.9686046511627906,0.9800000000000001,0.1851851851851852,0.597938689217759,0.16336551904193067,0.9501133786848073,0.020258609795078913,0.15935613491471126,0.14285714285714285,0.21428571428571427,0.17142857142857143,0.9502572898799314,21,583,14
T21,89,0.326503156206629,0.15300174203724937,0.14285714285714285,0.1320754716981132,0.9754529514903564,0.9731778425655977,0.1372549019607843,0.5537642115942348,0.11170075656504636,0.9501133786848073,0.02719240642902197,0.22009048893646502,0.125,0.125,0.125,0.9534883720930233,16,602,16
T21,90,0.4695709033016194,0.3166222369207841,0.26086956521739135,0.29032258064516137,0.9700352526439483,0.9740412979351033,0.2748091603053436,0.6301789166445548,0.24730726504989273,0.9461451247165532,0.02637498354736716,0.20777042444380744,0.22727272727272727,0.2631578947368421,0.24390243902439024,0.9474576271186441,22,590,19
T21,91,0.36650977792509165,0.1193553576251445,0.18181818181818182,0.09999999999999998,0.9895591647331786,0.9793340987370837,0.12903225806451613,0.5447795823665893,0.12013602141480068,0.969387755102041,0.020999151308683624,0.16304073624592025,0.14285714285714285,0.07692307692307693,0.1,0.97,7,600,13
T21,92,0.7024306601253223,0.2939553281478908,0.18750000000000003,0.2647058823529411,0.977456647398844,0.9854312354312355,0.21951219512195122,0.6210812648758925,0.20463984324937243,0.9637188208616779,0.015172673296378314,0.09605150408998664,0.1875,0.3,0.23076923076923078,0.9652173913043478,16,575,10
T21,93,0.5256426175073458,0.28747883947213615,0.2682926829268292,0.2682926829268293,0.9825885084155541,0.9825885084155541,0.26829268292682923,0.6254405956711917,0.25088119134238335,0.9659863945578231,0.01788963401533291,0.133792645639221,0.23076923076923078,0.25,0.24,0.9685430463576159,13,604,12
T21,94,0.568199451673818,0.35591023507601927,0.2641509433962263,0.33333333333333326,0.9773519163763066,0.983635300993571,0.2947368421052631,0.65534262485482,0.27745906222874983,0.9620181405895691,0.016891602179609673,0.12591121676569514,0.23529411764705882,0.3076923076923077,0.26666666666666666,0.9630252100840336,17,595,13
T21,95,0.5265776427314903,0.3953213106295919,0.4090909090909092,0.36486486486486497,0.9769230769230769,0.9723203769140165,0.38571428571428584,0.670893970893971,0.3610564753862146,0.9512471655328797,0.028184249451694066,0.22025136537790585,0.35,0.3181818181818182,0.3333333333333333,0.9524617996604414,20,589,22
T21,96,0.2538409961685824,0.01064231753993034,0.0,0.0,0.9862068965517241,0.9862068965517241,0.0,0.49310344827586206,-0.013793103448275947,0.9727891156462584,0.014241405514011044,0.11268437672126558,0.0,0.0,0.0,0.9747474747474747,8,594,7
T21,97,0.49696870293885254,0.1523713870033344,0.12500000000000003,0.13636363636363638,0.9879448909299655,0.9890804597701149,0.13043478260869568,0.562154263646801,0.11908473431553743,0.9773242630385488,0.011237139062627393,0.08141100577686299,0.125,0.14285714285714285,0.13333333333333333,0.9799691833590138,8,649,7
T21,98,0.27419656166153406,0.012048497327079275,0.0,0.0,0.9792507204610951,0.9832175925925926,0.0,0.48962536023054753,-0.01866073049567447,0.963151927437642,0.017670572018855638,0.13674079864465843,0.0,0.0,0.0,0.9655172413793104,12,609,9
T21,99,0.37899388402295403,0.11079325961697087,0.08695652173913042,0.09090909090909091,0.9755813953488374,0.9767171129220024,0.08888888888888888,0.5332452431289642,0.06506681896657185,0.9535147392290247,0.023368138478124623,0.17787956714378236,0.06666666666666667,0.07692307692307693,0.07142857142857142,0.9561551433389545,15,593,13
T21,100,0.4573616596417372,0.3350222010533497,0.2777777777777777,0.3191489361702127,0.9772859638905066,0.9812865497076022,0.29702970297029696,0.6482174500303597,0.2771203854418268,0.9597505668934241,0.019772607335926534,0.1569883298255309,0.23529411764705882,0.2857142857142857,0.25806451612903225,0.9612141652613828,17,593,14
T21,101,0.3617577895355676,0.10630540469068023,0.125,0.08333333333333336,0.9878472222222221,0.9810344827586206,0.10000000000000002,0.5355902777777777,0.0868768864014152,0.9693877551020408,0.018980917316693623,0.14997826213262727,0.125,0.09090909090909091,0.10526315789473684,0.9726688102893891,8,622,11
T21,102,0.3774865735767997,0.2130413915169681,0.1521739130434783,0.20000000000000004,0.9774436090225563,0.9837019790454017,0.17283950617283955,0.5887218045112782,0.1552749454078455,0.962018140589569,0.016525692663423634,0.13505814266970545,0.13333333333333333,0.18181818181818182,0.15384615384615385,0.964110929853181,15,613,11
T21,103,0.3568172710232042,0.11752136200904861,0.21052631578947367,0.0888888888888889,0.9912739965095987,0.9765042979942693,0.12500000000000003,0.5400814426992437,0.12244555385458124,0.9682539682539684,0.024293388733103206,0.1869953568954938,0.16666666666666666,0.07142857142857142,0.1,0.9703947368421053,6,608,14
T21,104,0.5010336620197228,0.13940550347523883,0.12903225806451613,0.11764705882352941,0.9843930635838151,0.9826889786497403,0.12307692307692308,0.5510200612036722,0.10677101043740443,0.9676870748299321,0.017714663198473563,0.12736320774032278,0.1,0.09090909090909091,0.09523809523809523,0.9686985172981878,10,607,11
T21,105,0.23809973965953357,0.013099299180517563,0.0,0.0,0.9826689774696707,0.9809688581314878,0.0,0.4913344887348354,-0.018161198983022465,0.9642857142857142,0.019034625617013842,0.15142691837574668,0.0,0.0,0.0,0.9650582362728786,10,601,11
T21,106,0.4261399338852001,0.20033405360378137,0.08695652173913043,0.19047619047619047,0.9759036144578312,0.990104772991851,0.11940298507462686,0.5831899024670109,0.11323181171960296,0.9665532879818594,0.010342844325617379,0.08187985338534093,0.06666666666666667,0.16666666666666666,0.09523809523809523,0.9700315457413249,15,634,6
T21,107,0.5566678852961353,0.1632804759429905,0.2058823529411764,0.12280701754385963,0.984182776801406,0.9710982658959537,0.1538461538461538,0.5534948971726328,0.1376049418170786,0.9563492063492066,0.029589478764773372,0.19976219653718214,0.18181818181818182,0.1111111111111111,0.13793103448275862,0.9586776859504132,11,605,18
T21,108,0.37162046617678157,0.1707241082612552,0.12068965517241381,0.14893617021276598,0.9702970297029703,0.9765533411488864,0.13333333333333333,0.5596165999578682,0.10767819473218748,0.9484126984126983,0.02331958757077699,0.183731734411901,0.10526315789473684,0.14285714285714285,0.12121212121212122,0.9507640067911715,19,589,14
T21,109,0.3924411962628539,0.09937953647468396,0.06666666666666665,0.08108108108108106,0.9756803705848293,0.9802210587550901,0.07317073170731705,0.5283807258329551,0.051588907337257905,0.9569160997732427,0.019540638416579874,0.15039851557475192,0.06666666666666667,0.08333333333333333,0.07407407407407407,0.9576988155668359,15,591,12
T21,110,0.3772122949320009,0.1244486981050662,0.15999999999999998,0.10526315789473684,0.9878331402085748,0.9804485336400229,0.12698412698412698,0.5465481490516558,0.11434700938776525,0.9688208616780047,0.020497651489310806,0.1542316155169342,0.125,0.08333333333333333,0.1,0.9707317073170731,8,615,12
T21,111,0.31261428010544695,0.09042511234591111,0.1,0.06060606060606062,0.9787985865724381,0.9640371229698376,0.07547169811320756,0.5197023235892494,0.050233059203606066,0.9444444444444446,0.03647773711604382,0.28641925163580456,0.07692307692307693,0.05,0.06060606060606061,0.9492635024549918,13,611,20
T21,112,0.4031769243669301,0.18002499480251455,0.16666666666666663,0.13483146067415724,0.9641791044776119,0.9544917257683214,0.1490683229813664,0.5495052825758846,0.10952607410049885,0.9223356009070297,0.044937690915397246,0.3472308041392632,0.16666666666666666,0.14285714285714285,0.15384615384615385,0.9270315091210614,24,603,28
T21,113,0.5007174810096765,0.27963345155719355,0.26666666666666666,0.2553191489361702,0.9807804309842749,0.9796393251890634,0.2608695652173913,0.6180497899602225,0.241148794749272,0.9614512471655331,0.02104797616821856,0.1594903449413055,0.21428571428571427,0.21428571428571427,0.21428571428571427,0.9622641509433962,14,583,14
T21,114,0.47701462087725316,0.021382571913816012,0.0,0.0,0.9878612716763004,0.9804934021801492,0.0,0.4939306358381502,-0.015387829328884637,0.9688208616780045,0.01993214466115106,0.1400412264925698,0.0,0.0,0.0,0.9716535433070866,7,635,11
T21,115,0.40419938735728256,0.11999571688672286,0.16000000000000003,0.07407407407407407,0.987719298245614,0.9712478435882691,0.10126582278481013,0.5308966861598441,0.09005690903537836,0.9597505668934241,0.029358301440573865,0.22036057178059065,0.125,0.058823529411764705,0.08,0.9618573797678275,8,603,17
T21,116,0.38034520135214744,0.021434599120707165,0.0,0.0,0.9809027777777778,0.9792027729636049,0.0,0.4904513888888889,-0.019929106009050335,0.9608843537414966,0.020655228293315796,0.15553904474910288,0.0,0.0,0.0,0.9631490787269682,11,597,11
T21,117,0.3114342964255708,0.08521988758770797,0.05555555555555554,0.06666666666666665,0.9703315881326351,0.975438596491228,0.060606060606060594,0.5184991273996509,0.03386339520359842,0.9472789115646258,0.02479356269313269,0.1921421923390188,0.05555555555555555,0.07142857142857142,0.0625,0.9518459069020867,18,623,14
T21,118,0.6787793427230052,0.37069622873319186,0.5588235294117646,0.31666666666666665,0.9911971830985915,0.9763005780346822,0.40425531914893614,0.6539319248826291,0.4058883686688491,0.9682539682539681,0.024525644389461213,0.1635088660634579,0.5,0.29411764705882354,0.37037037037037035,0.9702797202797203,10,572,17
T21,119,0.5726680497377022,0.2813383419257408,0.2258064516129033,0.24561403508771937,0.9718804920913885,0.9747356051703878,0.2352941176470589,0.6087472635895539,0.20884635457581444,0.9484126984126983,0.02504654849555829,0.17677764206439706,0.2,0.23529411764705882,0.21621621621621623,0.9507640067911715,20,589,17
T21,120,0.46898861739788317,0.33142399177182513,0.3333333333333333,0.3103448275862068,0.9788980070339975,0.9766081871345028,0.32142857142857134,0.6446214173101023,0.2994133663459476,0.9569160997732425,0.023755739904826427,0.1898150400376469,0.29411764705882354,0.2777777777777778,0.2857142857142857,0.9591503267973857,17,612,18
T21,121,0.4983889955517622,0.18954880529327722,0.16279069767441862,0.16666666666666669,0.9790940766550523,0.9796629866356769,0.1647058823529412,0.5728803716608595,0.14409772695625017,0.9597505668934239,0.020882938762235494,0.1507075301050734,0.14285714285714285,0.15384615384615385,0.14814814814814814,0.9615384615384616,14,598,13
T21,122,0.517217435245124,0.18427084604059266,0.15384615384615385,0.15789473684210528,0.9808806488991889,0.9814492753623189,0.15584415584415587,0.569387692870647,0.13702436052556635,0.9631519274376416,0.018854128416919736,0.13506353251387698,0.15384615384615385,0.16666666666666666,0.16,0.9645868465430016,13,593,12
T21,123,0.5503053694491148,0.29062561128075015,0.1923076923076923,0.26315789473684204,0.9756662804171493,0.983644859813084,0.22222222222222218,0.6194120875769957,0.20499200746976715,0.9603174603174603,0.017490518612790756,0.12415591907471503,0.17647058823529413,0.25,0.20689655172413793,0.9620462046204621,17,606,12
T21,124,0.6068324443744209,0.4060634022259586,0.27272727272727265,0.3829787234042552,0.9720442632498544,0.9829210836277973,0.3185840707964601,0.6775114933270548,0.3012657348693838,0.9563492063492064,0.01756770114125885,0.1271582284031096,0.23809523809523808,0.35714285714285715,0.2857142857142857,0.9580536912751678,21,596,14
T21,125,0.28466273303969736,0.10648877252293901,0.10000000000000002,0.0888888888888889,0.9790575916230366,0.9762180974477959,0.09411764705882354,0.5339732402559627,0.07196354266497336,0.9563492063492063,0.023670402611682677,0.19218506106670058,0.07692307692307693,0.07142857142857142,0.07407407407407407,0.9576271186440678,13,590,14
T21,126,0.5225354570840696,0.11227023678778561,0.07142857142857141,0.08333333333333331,0.9774305555555555,0.9808362369337978,0.0769230769230769,0.5303819444444444,0.056354352166715825,0.9591836734693877,0.019142293733673023,0.13192146776695107,0.07142857142857142,0.09090909090909091,0.08,0.962843295638126,14,619,11
T21,127,0.4209258193138444,0.015411756028152548,0.0,0.0,0.9758203799654576,0.9843205574912892,0.0,0.4879101899827288,-0.019471080150162197,0.9608843537414966,0.01603256099384931,0.11367101199058273,0.0,0.0,0.0,0.9635761589403974,14,604,8
T21,128,0.5229093152440691,0.3363919412887836,0.18181818181818174,0.3225806451612903,0.9740334679746104,0.9877121123464013,0.23255813953488366,0.6483070565679504,0.22424334517059258,0.9625850340136054,0.013118624830202708,0.10149787504156893,0.16666666666666666,0.3333333333333333,0.2222222222222222,0.9641638225255973,18,586,9
T21,129,0.4651985151181132,0.31819093085831035,0.23636363636363633,0.30232558139534876,0.9755955839628122,0.9824458747805735,0.2653061224489795,0.6389605826790805,0.24660047511845545,0.9591836734693876,0.01840673000266788,0.14321982394586003,0.2222222222222222,0.3076923076923077,0.25806451612903225,0.9616666666666667,18,600,13
T21,130,0.41171859286621987,0.16183982672190422,0.16279069767441856,0.1372549019607843,0.9789842381786341,0.9744334689134224,0.14893617021276592,0.5581195700697092,0.12629655233029582,0.9546485260770975,0.026044662957628587,0.19855153643308482,0.14285714285714285,0.13333333333333333,0.13793103448275862,0.9581239530988275,14,597,15
T21,131,0.4813119351514202,0.15827254513077824,0.2105263157894737,0.11764705882352941,0.982311320754717,0.9652375434530707,0.1509433962264151,0.5499791897891232,0.1325483706361715,0.9489795918367347,0.03503794802121977,0.2520699196294465,0.16666666666666666,0.1,0.125,0.9532554257095158,12,599,20
T21,132,0.42397970234227605,0.15496932985144915,0.1346153846153846,0.12962962962962962,0.9736842105263158,0.9725467289719627,0.1320754716981132,0.5516569200779727,0.10522038525845187,0.947845804988662,0.028218947343060984,0.2050338128398036,0.11764705882352941,0.11764705882352941,0.11764705882352941,0.9529042386185244,17,637,17
T21,133,0.3693701542395263,0.20024405821776997,0.09523809523809525,0.1875,0.9670900692840647,0.9847148736037625,0.12631578947368421,0.5772950346420324,0.11117524451391522,0.9529478458049888,0.015261248628961159,0.12307488847007804,0.09523809523809523,0.2,0.12903225806451613,0.9555189456342669,21,607,10
T21,134,0.510708041958042,0.17283213253523563,0.08860759493670889,0.14583333333333337,0.9580419580419581,0.9756676557863503,0.11023622047244097,0.5519376456876457,0.08171052806755183,0.9359410430838999,0.024434531281638912,0.16699172186083008,0.07692307692307693,0.13333333333333333,0.0975609756097561,0.9372881355932203,26,590,15
T21,135,0.4540152598275838,0.30774229732657343,0.28571428571428575,0.2926829268292683,0.9825885084155542,0.9831591173054588,0.28915662650602414,0.6376357176224112,0.27205361153346824,0.9665532879818594,0.01762018205159138,0.13926259611674657,0.23076923076923078,0.25,0.24,0.9689542483660131,13,612,12
T21,136,0.5822816020352162,0.4094993048235845,0.22727272727272727,0.3947368421052633,0.97045191193511,0.9864546525323911,0.2884615384615385,0.6825943770201865,0.2793757962589889,0.9580498866213153,0.014180361860698272,0.10572948435368063,0.22727272727272727,0.4166666666666667,0.29411764705882354,0.9616,22,625,12
T21,137,0.4060687257462252,0.09440906478606373,0.10000000000000002,0.0634920634920635,0.9788359788359787,0.9657772621809744,0.07766990291262138,0.5211640211640212,0.05276573450468953,0.9461451247165532,0.03369069101975575,0.2500476063128809,0.07692307692307693,0.05,0.06060606060606061,0.9498381877022654,13,618,20
T21,138,0.501376596881527,0.22768422242161324,0.16279069767441864,0.2058823529411765,0.9791907514450866,0.9843114468332365,0.18181818181818185,0.5925365521931315,0.16499894104481277,0.9642857142857143,0.015887590827414266,0.11984642256387591,0.14285714285714285,0.2,0.16666666666666666,0.9675324675324676,14,616,10
T21,139,0.5108854781582063,0.22571556069029458,0.17808219178082196,0.18571428571428575,0.9645808736717828,0.9662921348314606,0.18181818181818185,0.5751475796930342,0.14730499797851065,0.9336734693877551,0.03346155616599652,0.23803346578793103,0.16666666666666666,0.18181818181818182,0.17391304347826086,0.9357021996615905,24,591,22
T21,140,0.4633809156378607,0.21390008953343498,0.12727272727272726,0.19444444444444442,0.9722222222222221,0.9830310122878876,0.15384615384615383,0.5833333333333333,0.1355874499850057,0.9563492063492064,0.017592166554345718,0.1295290319299102,0.1111111111111111,0.18181818181818182,0.13793103448275862,0.9590163934426229,18,610,11
T21,141,0.4736219263021433,0.2333404085965744,0.20754716981132076,0.2075471698113208,0.9754529514903565,0.9754529514903565,0.20754716981132076,0.5915000606508386,0.1830001213016774,0.9523809523809523,0.025827257163299443,0.18303306455348475,0.17647058823529413,0.1875,0.18181818181818182,0.9568,17,625,16
T21,142,0.3465226370758473,0.08469917978103217,0.06666666666666667,0.05882352941176471,0.9754816112084063,0.9720767888307155,0.0625,0.5171525703100854,0.036456819512255136,0.9489795918367347,0.027562362872201963,0.21077648631616955,0.06666666666666667,0.058823529411764705,0.0625,0.9500831946755408,15,601,17
T21,143,0.33886575585015966,0.13494003121504744,0.08695652173913046,0.1212121212121212,0.975736568457539,0.9831199068684515,0.10126582278481014,0.5484743448348302,0.08242461968510847,0.9597505668934241,0.017300380209102895,0.13607100390150748,0.06666666666666667,0.1,0.08,0.9622331691297209,15,609,10
T21,144,0.4575697645039599,0.3066564205597484,0.22,0.2894736842105264,0.977404403244496,0.984247374562427,0.25000000000000006,0.6334390437275111,0.2334719441194855,0.9625850340136054,0.0163104045391592,0.13088472436705859,0.1875,0.25,0.21428571428571427,0.9640522875816994,16,612,12
T21,145,0.501679482900278,0.27622662387084057,0.2363636363636364,0.25,0.9754672897196262,0.9771796372147454,0.2429906542056075,0.6127336448598131,0.21942429931886726,0.9540816326530613,0.023131914217360605,0.1738121556051214,0.2222222222222222,0.25,0.23529411764705882,0.9575856443719413,18,613,16
T21,146,0.27662852569131163,0.014319949867207794,0.0,0.0,0.9809578765147144,0.9820912767186597,0.0,0.4904789382573572,-0.018466730089196092,0.963718820861678,0.01836510211767392,0.14464541859103627,0.0,0.0,0.0,0.9655172413793104,11,609,10
T21,147,0.3631906814588604,0.08976582714505599,0.11111111111111112,0.06976744186046513,0.9860546194073214,0.9769717904432931,0.08571428571428572,0.5279110306338932,0.07012110329433964,0.963718820861678,0.02345192915759165,0.17799579127349072,0.1111111111111111,0.07142857142857142,0.08695652173913043,0.9645868465430016,9,593,14
T21,148,0.5477008453582906,0.2523835366246915,0.25,0.21538461538461537,0.9752795762213066,0.9701405152224823,0.23140495867768596,0.595332095802961,0.2048729200616937,0.9472789115646258,0.02982685148498739,0.21077690462423385,0.2222222222222222,0.2,0.21052631578947367,0.9489795918367347,18,588,20
T21,149,0.47444530878389085,0.2543672148527928,0.3333333333333332,0.22058823529411756,0.9823113207547168,0.9691681210005817,0.26548672566371667,0.6014497780244172,0.2477446483548691,0.9529478458049886,0.03097129891329034,0.2382622722088743,0.2857142857142857,0.2,0.23529411764705882,0.956953642384106,14,604,20
T21,150,0.37632692843219184,0.10072557535917333,0.21052631578947373,0.07407407407407408,0.9912280701754386,0.9713467048710601,0.10958904109589042,0.5326510721247564,0.10898026532482848,0.9631519274376417,0.029261690121059857,0.2252911128369324,0.16666666666666666,0.058823529411764705,0.08695652173913043,0.9646464646464646,6,594,17
T21,151,0.23762069533695743,0.11176711534262597,0.0909090909090909,0.09999999999999999,0.9826989619377162,0.9844020797227037,0.09523809523809523,0.5413494809688582,0.07891866467169147,0.9676870748299319,0.016057356764512094,0.13477324817878109,0.09090909090909091,0.1111111111111111,0.1,0.969335604770017,11,587,9
T21,152,0.44906470762623185,0.24574265977335114,0.18181818181818182,0.21739130434782608,0.9738067520372526,0.9789350497366881,0.198019801980198,0.5955990281925394,0.17531601589960735,0.9540816326530615,0.021402352371614912,0.16514885145553526,0.16666666666666666,0.2,0.18181818181818182,0.9560975609756097,18,615,15
T21,153,0.46824956589489536,0.1475670839320821,0.11764705882352944,0.12903225806451615,0.9826889786497403,0.984393063583815,0.1230769230769231,0.5558606183571282,0.10677101043739282,0.9676870748299319,0.01619119132654557,0.11816293486883711,0.09090909090909091,0.1111111111111111,0.1,0.9716535433070866,11,635,9
T21,154,0.5364570173986548,0.11243470550996071,0.07692307692307693,0.07894736842105264,0.9791425260718425,0.9797101449275363,0.07792207792207793,0.5290449472464476,0.05735693403673973,0.9597505668934241,0.02015074346128317,0.13804796125079366,0.07692307692307693,0.08333333333333333,0.08,0.9621087314662273,13,607,12
T21,155,0.393898816159686,0.022107329500337242,0.0,0.0,0.9773913043478261,0.9773913043478261,0.0,0.48869565217391303,-0.022608695652175638,0.9557823129251701,0.022483843134827885,0.16729370868122861,0.0,0.0,0.0,0.9584026622296173,13,601,12
T21,156,0.3836594673241619,0.09850869350294669,0.052631578947368425,0.07894736842105263,0.9687137891077636,0.9794961921499707,0.06315789473684211,0.5238305787644081,0.03913114819833486,0.9495464852607711,0.020443371449081708,0.15401597346838586,0.05263157894736842,0.09090909090909091,0.06666666666666667,0.9540983606557377,19,610,11
T21,157,0.37722462770261794,0.11911654831540627,0.11111111111111112,0.10344827586206896,0.9861671469740634,0.9850316637881404,0.10714285714285716,0.5448077114180662,0.09282174004636652,0.971655328798186,0.015122309399652832,0.11807811450776884,0.1111111111111111,0.1111111111111111,0.1111111111111111,0.9738988580750407,9,613,9
T21,158,0.3165142234292754,0.09006317214974505,0.0666666666666667,0.0731707317073171,0.975623911781776,0.977894124490983,0.06976744186046514,0.5243973217445466,0.046629689234751436,0.9546485260770975,0.022425997888609602,0.1796781696524276,0.06666666666666667,0.07692307692307693,0.07142857142857142,0.9562289562289562,15,594,13
T21,159,0.5870624986535113,0.329371161453663,0.11111111111111109,0.31578947368421045,0.9724928366762178,0.9923976608187135,0.16438356164383558,0.6441411551802141,0.1727418533954659,0.9654195011337869,0.007971938471489125,0.05920083728645124,0.1111111111111111,0.3333333333333333,0.16666666666666666,0.9669421487603306,18,605,6
T21,160,0.4551761026991464,0.017103838531107793,0.0,0.0,0.984447004608295,0.9838802533103053,0.0,0.4922235023041475,-0.015833835479129317,0.9688208616780044,0.016419027844594324,0.11353309557149124,0.0,0.0,0.0,0.9703459637561779,9,607,9
T21,161,0.5626530846956381,0.29222723489146873,0.20588235294117643,0.27999999999999997,0.9844738355376652,0.9895953757225434,0.23728813559322032,0.6322369177688326,0.22737357951593132,0.9744897959183674,0.011433574437413998,0.08025682993800361,0.18181818181818182,0.25,0.21052631578947367,0.9754098360655737,11,610,8
T21,162,0.49807156957027854,0.20022391739422912,0.18181818181818174,0.17391304347826084,0.979045401629802,0.977906976744186,0.17777777777777773,0.5764792225540314,0.1563051883282795,0.9580498866213151,0.022251092320077524,0.16321720431374925,0.14285714285714285,0.15384615384615385,0.14814814814814814,0.9607508532423208,14,586,13
T21,163,0.47603607784894286,0.2846299616084949,0.3181818181818182,0.25925925925925924,0.9824561403508772,0.9767441860465116,0.28571428571428575,0.6208576998050683,0.2669984212827317,0.9603174603174602,0.024131171944885385,0.1836846421794207,0.2857142857142857,0.23529411764705882,0.25806451612903225,0.9615384615384616,14,598,17
T21,164,0.6244716550449029,0.26888861805391906,0.15,0.24324324324324315,0.9704690214244353,0.9835680751173708,0.1855670103092783,0.6068561323338393,0.1689530580387187,0.955215419501134,0.016342506055081387,0.11274862607748946,0.15,0.25,0.1875,0.9583333333333334,20,624,12
T21,165,0.4423588810784618,0.09353539853062395,0.1,0.06122448979591838,0.9842565597667638,0.9734717416378316,0.07594936708860761,0.5227405247813411,0.05780633116611915,0.9586167800453516,0.026297930281516353,0.19069795942169412,0.1,0.06666666666666667,0.08,0.9615384615384616,10,598,15
T21,166,0.3453341635000515,0.23019062486295533,0.23404255319148928,0.2115384615384615,0.9789719626168224,0.9761211415259173,0.22222222222222215,0.595255212077642,0.20009591355810968,0.9563492063492064,0.024326446314626334,0.19921334616454672,0.2,0.1875,0.1935483870967742,0.9573378839590444,15,586,16
T21,167,0.43117143813028624,0.1684620190776345,0.22857142857142854,0.14285714285714285,0.984192037470726,0.9722382880277617,0.1758241758241758,0.5635245901639344,0.15972698549650113,0.9574829931972788,0.027587509676099454,0.21062628586549817,0.18181818181818182,0.11764705882352941,0.14285714285714285,0.959114139693356,11,587,17
T21,168,0.3633768140044403,0.17080211195669104,0.1206896551724138,0.15217391304347827,0.970314318975553,0.9771395076201641,0.1346153846153846,0.5612441160095156,0.10946653000056794,0.9489795918367347,0.023137742851690617,0.1851350519058795,0.10526315789473684,0.14285714285714285,0.12121212121212122,0.9526143790849673,19,612,14
T21,169,0.4389313644532965,0.3060808068376088,0.17241379310344834,0.2941176470588236,0.9722543352601156,0.9859320046893317,0.21739130434782616,0.6331859911594696,0.20537498399254375,0.9591836734693878,0.014255628052363715,0.11565289164935359,0.15789473684210525,0.2727272727272727,0.2,0.9593220338983051,19,590,11
T21,170,0.22850852139205824,0.10358929417955577,0.08695652173913043,0.08695652173913043,0.9755529685681025,0.9755529685681025,0.08695652173913043,0.5312547451536165,0.06250949030723589,0.9523809523809523,0.025379901928485455,0.2074962146073581,0.06666666666666667,0.07142857142857142,0.06896551724137931,0.9555189456342669,15,607,14
T21,171,0.456134259259261,0.31856386948215537,0.1864406779661017,0.30555555555555564,0.9722222222222223,0.9853372434017595,0.23157894736842105,0.638888888888889,0.2184401274236263,0.9586167800453514,0.015389371804154808,0.12092444010449849,0.15789473684210525,0.2727272727272727,0.2,0.9604612850082372,19,607,11
T21,172,0.28510415687012164,0.12078007947120449,0.055555555555555566,0.10714285714285715,0.9706221198156683,0.9853801169590644,0.07317073170731708,0.5388824884792627,0.05642128702786876,0.9569160997732425,0.01507163554818219,0.12286911515776489,0.05555555555555555,0.1111111111111111,0.07407407407407407,0.9590834697217676,18,611,9
T21,173,0.46754913947145577,0.01703448092711406,0.0,0.0,0.9827188940092165,0.9838523644752017,0.0,0.49135944700460826,-0.016704759830798863,0.9671201814058956,0.016032434321611916,0.11269735765391647,0.0,0.0,0.0,0.9675213675213675,10,585,9
T21,174,0.45481857482877586,0.1449538529849206,0.09999999999999999,0.1176470588235294,0.9791907514450867,0.9825986078886312,0.10810810810810809,0.548418905134308,0.08943527446803104,0.9625850340136055,0.018075950302237874,0.1333298187011081,0.07692307692307693,0.09090909090909091,0.08333333333333333,0.9629005059021922,13,593,11
T21,175,0.37276561055766677,0.030074547449478208,0.0,0.0,0.9789719626168224,0.9699074074074074,0.0,0.4894859813084112,-0.02515528099612225,0.9501133786848072,0.02971802280143607,0.220283244148882,0.0,0.0,0.0,0.9538950715421304,12,629,17
T21,176,0.5331978663110516,0.3211848090557437,0.35714285714285704,0.2999999999999999,0.9842473745624271,0.9796747967479674,0.326086956521739,0.6421236872812135,0.3094180567205849,0.9648526077097507,0.021226324878723748,0.15658261011126404,0.3076923076923077,0.26666666666666666,0.2857142857142857,0.9668874172185431,13,604,15
T21,177,0.3923726279470956,0.1344936170787455,0.0769230769230769,0.12000000000000001,0.9792984473835536,0.9872463768115942,0.09374999999999999,0.5496492236917768,0.07982435170612577,0.9671201814058957,0.013523501011909505,0.1006793097791111,0.07692307692307693,0.125,0.09523809523809523,0.9690553745928339,13,614,8
T21,178,0.45733302949950233,0.030843482199400443,0.0,0.0,0.9721577726218096,0.9766899766899766,0.0,0.4860788863109048,-0.025475536681069458,0.9501133786848074,0.02382442976385879,0.16108667559212245,0.0,0.0,0.0,0.9532258064516129,16,620,13
T21,179,0.28848965992061193,0.08090073206288512,0.06666666666666665,0.06122448979591836,0.9755102040816326,0.973240255962769,0.06382978723404253,0.5183673469387755,0.038287969212110376,0.950113378684807,0.027183997581952696,0.2174297740340571,0.06666666666666667,0.06666666666666667,0.06666666666666667,0.9540983606557377,15,610,15
T21,180,0.47951885887558315,0.23444538273414198,0.22,0.20370370370370375,0.9771929824561404,0.9749124854142357,0.21153846153846156,0.5904483430799221,0.18777386054138162,0.9535147392290251,0.025744919687183544,0.19089073725280076,0.1875,0.17647058823529413,0.18181818181818182,0.9548494983277592,16,598,17
T21,181,0.45665018121413586,0.3119509607854462,0.23636363636363641,0.2954545454545455,0.9755813953488374,0.9818607372732592,0.2626262626262627,0.6355179704016914,0.24320083966735356,0.9586167800453514,0.019087417966545225,0.15093847076478775,0.2222222222222222,0.2857142857142857,0.25,0.9599332220367279,18,599,14
T21,182,0.3991102941176469,0.14220994275524484,0.1272727272727273,0.10937499999999999,0.9717647058823529,0.9666471620830894,0.11764705882352941,0.5405698529411764,0.0872962324435272,0.9404761904761904,0.03300428162939496,0.25415945538539975,0.1111111111111111,0.10526315789473684,0.10810810810810811,0.9448160535117057,18,598,19
T21,183,0.5630556882730791,0.23437150705786314,0.2105263157894737,0.2051282051282051,0.9826086956521739,0.9820393974507531,0.20779220779220778,0.5938684503901895,0.19013597818478561,0.9654195011337868,0.018670379498050005,0.13045129273992945,0.16666666666666666,0.16666666666666666,0.16666666666666666,0.9675324675324676,12,616,12
T21,184,0.35522242656195596,0.20823544544353076,0.2682926829268293,0.18644067796610173,0.9824046920821113,0.9721416134648867,0.22000000000000003,0.5844226850241065,0.20148503107313387,0.9557823129251701,0.029063795512815127,0.23250580580082092,0.23076923076923078,0.16666666666666666,0.1935483870967742,0.9594155844155844,13,616,18
T21,185,0.4491453493839933,0.021154439929104922,0.0,0.0,0.9792626728110597,0.9837962962962963,0.0,0.48963133640552986,-0.018330889377670512,0.9637188208616781,0.01629323450419896,0.11624041027852798,0.0,0.0,0.0,0.9651162790697675,12,602,9
T21,186,0.4575636104549652,0.1715403856104739,0.15217391304347816,0.13461538461538458,0.9772196261682242,0.9738067520372525,0.1428571428571428,0.5559175053918044,0.11869730004440113,0.9523809523809523,0.025945261883948755,0.19553390944627763,0.13333333333333333,0.125,0.12903225806451613,0.9539249146757679,15,586,16
T21,187,0.2361331880169924,0.08911068629741889,0.0869565217391304,0.06666666666666665,0.9753521126760563,0.9674039580908033,0.07547169811320753,0.5210093896713615,0.04779289703437804,0.9444444444444443,0.032243590531338365,0.26652845326284585,0.06666666666666667,0.05555555555555555,0.06060606060606061,0.9487603305785124,15,605,18
T21,188,0.5027213182477156,0.3061118248341902,0.30769230769230776,0.27906976744186046,0.9843114468332365,0.9820289855072464,0.29268292682926833,0.6316906071375485,0.2762374811719993,0.9671201814058957,0.01879027670470679,0.14107171103698787,0.25,0.23076923076923078,0.24,0.9682274247491639,12,598,13
T21,189,0.2852171343619858,0.019337975345548843,0.0,0.0,0.9842931937172775,0.9740932642487047,0.0,0.49214659685863876,-0.02017206186445032,0.9591836734693877,0.02624736329998473,0.20299703923206905,0.0,0.0,0.0,0.9607508532423208,9,586,14
T21,190,0.32860276193898746,0.16980230519186598,0.20588235294117654,0.14893617021276598,0.9842748980780432,0.976878612716763,0.17283950617283955,0.5666055341454046,0.15603135414766672,0.9620181405895691,0.023597242507589884,0.19201648199406773,0.18181818181818182,0.13333333333333333,0.15384615384615385,0.9639934533551555,11,611,15
T21,191,0.37849432826253737,0.0850502819702788,0.1,0.058823529411764705,0.9842381786339757,0.9723183391003462,0.07407407407407407,0.5215308540228701,0.055804580499202484,0.957482993197279,0.027667972506694057,0.2090000123302468,0.1,0.0625,0.07692307692307693,0.9578947368421052,10,570,16
T21,192,0.4056670719184161,0.2145954920063928,0.20588235294117646,0.2,0.984384037015616,0.983815028901734,0.2028985507246377,0.592192018507808,0.1870218411723296,0.9688208616780045,0.01704741717198269,0.13391184756329927,0.18181818181818182,0.18181818181818182,0.18181818181818182,0.9707317073170731,11,615,11
T21,193,0.5704904107520388,0.2344842590367133,0.15,0.20454545454545456,0.9703488372093024,0.9794600938967137,0.17307692307692307,0.5874471458773785,0.1504720287381365,0.9512471655328798,0.02087283413647149,0.14798380412984968,0.15,0.23076923076923078,0.18181818181818182,0.9552238805970149,20,603,13
T21,194,0.45033916312520433,0.195684674556217,0.062499999999999986,0.1875,0.9742562929061783,0.9924242424242423,0.09374999999999999,0.5808781464530892,0.0942567867329735,0.9671201814058957,0.008556392141079127,0.06303264561156605,0.0625,0.2,0.09523809523809523,0.9683333333333334,16,600,5
T21,195,0.425526010855644,0.2030430950195549,0.10447761194029848,0.1842105263157895,0.9652375434530708,0.9817324690630524,0.1333333333333333,0.5747240348844301,0.11350740152328409,0.9484126984126984,0.01899403325803298,0.14370580709153752,0.09090909090909091,0.16666666666666666,0.11764705882352941,0.9478260869565217,22,575,12
T21,196,0.5103367562669888,0.2573454068244026,0.1818181818181818,0.22727272727272724,0.9738372093023254,0.9801053247513165,0.20202020202020202,0.6005549682875263,0.18045616125863218,0.9552154195011338,0.020334302644449256,0.14602169132262724,0.16666666666666666,0.21428571428571427,0.1875,0.9566666666666667,18,600,14
T21,197,0.35037116463213414,0.01641750153154113,0.0,0.0,0.9896073903002309,0.9816723940435281,0.0,0.49480369515011546,-0.013801146888458175,0.971655328798186,0.01835886463772349,0.13996947682913433,0.0,0.0,0.0,0.9726495726495726,6,585,10
T21,198,0.3138615399458082,0.1585848540896864,0.16279069767441856,0.13725490196078427,0.9789842381786339,0.9744334689134222,0.14893617021276592,0.558119570069709,0.12629655233029388,0.9546485260770976,0.025982452398742202,0.2114196808945291,0.14285714285714285,0.125,0.13333333333333333,0.9588607594936709,14,632,16
T21,199,0.5333253469711356,0.3071443009949101,0.23404255319148937,0.2894736842105263,0.9791425260718423,0.9842748980780431,0.2588235294117647,0.6343081051411843,0.2421644201746544,0.9642857142857143,0.016678409962209144,0.12139042094576734,0.2,0.2727272727272727,0.23076923076923078,0.9667774086378738,15,602,11
T21,200,0.7144668587896256,0.3347028927894425,0.1578947368421053,0.31034482758620696,0.9723342939481266,0.9882835383714119,0.2093023255813954,0.6413395607671668,0.20327701892924518,0.9614512471655329,0.012063184817524364,0.07773960090755189,0.15789473684210525,0.3333333333333333,0.21428571428571427,0.9653543307086614,19,635,9
T21,201,0.24479224513267123,0.010340853429650607,0.0,0.0,0.9792984473835538,0.9855324074074074,0.0,0.4896492236917769,-0.017306115372576144,0.9654195011337868,0.015647968616448266,0.11958252172291414,0.0,0.0,0.0,0.9681020733652312,12,627,8
T21,202,0.5004511444531369,0.3722504621857992,0.2777777777777777,0.357142857142857,0.9773519163763066,0.9842105263157895,0.31249999999999983,0.6672473867595818,0.296029928288424,0.9625850340136057,0.016723013262742704,0.1266223256639045,0.23529411764705882,0.3076923076923077,0.26666666666666666,0.9644588045234249,17,619,13
T21,203,0.3464421624886739,0.023476082764569726,0.0,0.0,0.9720930232558138,0.9743589743589742,0.0,0.4860465116279069,-0.02675001880861628,0.9478458049886623,0.02584807783685097,0.19111212963809723,0.0,0.0,0.0,0.9503311258278145,16,604,14
T21,204,0.4047983418747605,0.2192899386722345,0.11764705882352935,0.2068965517241379,0.9740634005763688,0.9865732632807939,0.14999999999999994,0.5904799761502534,0.13733063939537285,0.961451247165533,0.01423857245376643,0.11108345941640864,0.11764705882352941,0.2222222222222222,0.15384615384615385,0.9635761589403974,17,604,9
T21,205,0.4710919997876515,0.3714589617458488,0.24999999999999994,0.3589743589743589,0.9756521739130434,0.9853629976580797,0.29473684210526313,0.6673132664437011,0.28063981163817225,0.9620181405895692,0.015595116812633553,0.12566480011689152,0.2222222222222222,0.3333333333333333,0.26666666666666666,0.9641693811074918,18,614,12
T21,206,0.3030384443165124,0.012804632131171691,0.0,0.0,0.9879101899827288,0.9845094664371773,0.0,0.4939550949913644,-0.013684940914769107,0.9727891156462586,0.01596261787188512,0.11984655096407586,0.0,0.0,0.0,0.9739837398373984,7,615,9
T21,207,0.35758824021411834,0.03010455100704081,0.0,0.0,0.9718969555035127,0.9673659673659672,0.0,0.48594847775175637,-0.030283917699234466,0.9410430839002266,0.03266556676993566,0.24276944698658295,0.0,0.0,0.0,0.9437086092715232,16,604,18
T21,208,0.41796003961609185,0.13006985212410893,0.08163265306122451,0.10810810810810813,0.9739432541980313,0.9807580174927115,0.09302325581395351,0.5410256811530697,0.07154886102617934,0.9557823129251701,0.01957048267434057,0.14509059498717533,0.0625,0.08333333333333333,0.07142857142857142,0.9575856443719413,16,613,12
T21,209,0.45530944084950997,0.18945399924321363,0.1627906976744186,0.16666666666666666,0.9790940766550523,0.979662986635677,0.16470588235294117,0.5728803716608595,0.14409772695624753,0.9597505668934239,0.020509283312512425,0.15505371853507283,0.14285714285714285,0.15384615384615385,0.14814814814814814,0.9608843537414966,14,588,13
T21,210,0.40853087349902645,0.17782800584445863,0.1176470588235294,0.16216216216216214,0.9739432541980312,0.981903093987157,0.13636363636363635,0.5680527081800967,0.11640152489129788,0.9569160997732425,0.018462187115099185,0.14265237353342486,0.11764705882352941,0.16666666666666666,0.13793103448275862,0.9583333333333334,17,600,12
T21,211,0.47823221554565026,0.15009441475740334,0.05882352941176473,0.13636363636363638,0.9724454649827784,0.9889083479276123,0.08219178082191783,0.5544045506732074,0.07206707069720276,0.9620181405895692,0.011856033112376409,0.08307132806243826,0.058823529411764705,0.14285714285714285,0.08333333333333333,0.9638752052545156,17,609,7
T21,212,0.40706656219069726,0.32278778739829667,0.14925373134328362,0.31250000000000006,0.9670900692840648,0.9870359457866825,0.20202020202020207,0.6397950346420325,0.19520563585990702,0.9552154195011338,0.013900121048880162,0.11465481265481614,0.13636363636363635,0.3,0.1875,0.9578606158833063,22,617,10
T21,213,0.42984794497845547,0.21700861537133398,0.2105263157894737,0.2,0.982598607888631,0.981460023174971,0.20512820512820512,0.5912993039443155,0.18723364609103413,0.9648526077097506,0.018654770133615682,0.14358616934972246,0.16666666666666666,0.16666666666666666,0.16666666666666666,0.9673202614379085,12,612,12
T21,214,0.5153841953807967,0.2206712978055254,0.18181818181818185,0.1951219512195122,0.9791062100986652,0.9808139534883721,0.18823529411764708,0.5871140806590887,0.16833032378543542,0.9608843537414964,0.019501707037919685,0.1400267446673445,0.14285714285714285,0.15384615384615385,0.14814814814814814,0.9615384615384616,14,598,13
T21,215,0.40480473590014204,0.20002332844028137,0.24999999999999997,0.16666666666666663,0.980565371024735,0.9680232558139534,0.19999999999999998,0.5736160188457008,0.17916475160477688,0.9501133786848072,0.03191496248567555,0.25234392481887735,0.21428571428571427,0.15,0.17647058823529413,0.9523809523809523,14,588,20
T21,216,0.3421620174150719,0.10966187262617791,0.08163265306122451,0.08888888888888889,0.9738219895287957,0.9760932944606414,0.08510638297872342,0.5313554392088423,0.060166808761885925,0.9512471655328798,0.02438529693656956,0.18961418975347805,0.0625,0.07142857142857142,0.06666666666666667,0.954248366013072,16,612,14
T21,217,0.31454356689821744,0.08626274998801502,0.04999999999999998,0.06818181818181816,0.9668604651162789,0.97593896713615,0.05769230769230767,0.5175211416490485,0.030148974026407854,0.9444444444444445,0.024712122660130204,0.18845403471835429,0.05,0.07142857142857142,0.058823529411764705,0.9478827361563518,20,614,14
T21,218,0.6580562397372738,0.508024227822287,0.19047619047619047,0.5,0.9706896551724136,0.9929453262786595,0.2758620689655172,0.7353448275862068,0.2938275182356837,0.9642857142857142,0.008797966556905566,0.059668407047607855,0.19047619047619047,0.5,0.27586206896551724,0.9671875,21,640,8
T21,219,0.5578569548076102,0.24969444780154434,0.1774193548387097,0.21568627450980396,0.9702276707530649,0.9764982373678026,0.19469026548672566,0.5929569726314344,0.16916094943122817,0.9484126984126983,0.023502177789020355,0.1649925723660574,0.15,0.2,0.17142857142857143,0.9514237855946399,20,597,15
T21,220,0.45347087265748687,0.2628444397315883,0.17241379310344826,0.24390243902439018,0.9721416134648867,0.9818288393903868,0.20202020202020202,0.6080220262446385,0.1825464417362977,0.9552154195011339,0.018440304895548362,0.13849778625157322,0.15789473684210525,0.23076923076923078,0.1875,0.9570957095709571,19,606,13
T21,221,0.38402723611335865,0.19701124857069946,0.1875,0.17647058823529413,0.9772329246935201,0.9755244755244755,0.18181818181818185,0.5768517564644071,0.15829540290699937,0.9540816326530613,0.02484155702671262,0.19633055240730915,0.1875,0.17647058823529413,0.18181818181818182,0.9561688311688312,16,616,17
T21,222,0.47283152937288264,0.24526928030971884,0.18181818181818182,0.22857142857142854,0.9791787160208212,0.9843023255813954,0.20253164556962025,0.6038750722961248,0.1857728705489586,0.9642857142857143,0.01693128905726675,0.12677909138037305,0.14285714285714285,0.2,0.16666666666666666,0.9667774086378738,14,602,10
T21,223,0.3478178537880046,0.011158500409868348,0.0,0.0,0.9793340987370838,0.9872685185185185,0.0,0.4896670493685419,-0.016220589977770417,0.9671201814058958,0.012752495456756881,0.0968607313886957,0.0,0.0,0.0,0.9699842022116903,12,633,7
T21,224,0.41646911627577765,0.1330580764006212,0.14285714285714285,0.11428571428571428,0.986119144013881,0.9821428571428573,0.126984126984127,0.5502024291497977,0.11202949293578518,0.9688208616780045,0.018871671632196687,0.13995907324227952,0.1111111111111111,0.09090909090909091,0.1,0.9698492462311558,9,597,11
T21,225,0.5725635422656694,0.3344871085611009,0.25,0.32,0.9861989649223691,0.9901847575057735,0.2807017543859649,0.6530994824611845,0.27119056793774965,0.9767573696145125,0.010701378568115994,0.0792937014247111,0.2,0.2857142857142857,0.23529411764705882,0.9785478547854786,10,606,7
T21,226,0.36875108515868416,0.16239693643498898,0.08695652173913045,0.14814814814814817,0.9758203799654578,0.9866123399301512,0.10958904109589043,0.561984264056803,0.09549986123620859,0.9631519274376418,0.013592577235873083,0.10893518041574135,0.06666666666666667,0.125,0.08695652173913043,0.9648829431438127,15,598,8
T21,227,0.3680704248912672,0.13213352207434498,0.11764705882352941,0.10714285714285714,0.9736533957845434,0.9708114419147694,0.11214953271028037,0.5403981264637002,0.08454061390379279,0.9461451247165531,0.02920806097176614,0.22899737805058887,0.11764705882352941,0.1111111111111111,0.11428571428571428,0.9471890971039182,17,587,18
T21,228,0.5953867949933842,0.39124123439821407,0.3478260869565217,0.3809523809523809,0.9913941480206541,0.9925330269959792,0.3636363636363636,0.6861732644865175,0.35599372843428956,0.984126984126984,0.008072790246908292,0.06098676705371769,0.2857142857142857,0.3333333333333333,0.3076923076923077,0.9851485148514851,7,606,6
T21,229,0.45511827487772505,0.17551241977663617,0.1111111111111111,0.16666666666666666,0.9862542955326461,0.9913644214162349,0.13333333333333333,0.5764604810996564,0.12518249492629024,0.9778911564625852,0.009125306647152675,0.06737162238753497,0.1111111111111111,0.16666666666666666,0.13333333333333333,0.9784768211920529,9,604,6
T21,230,0.41262084822294265,0.1774813748065478,0.13461538461538464,0.15555555555555559,0.9738219895287958,0.977803738317757,0.14432989690721654,0.5646887725421758,0.12060062249269503,0.9529478458049886,0.022599661746410406,0.17380328173271187,0.11764705882352941,0.14285714285714285,0.12903225806451613,0.9558823529411765,17,612,14
T21,231,0.566875251842897,0.28562272345019707,0.23404255319148937,0.26190476190476186,0.9790940766550522,0.9819452533488642,0.24719101123595505,0.620499419279907,0.22815085035850238,0.9620181405895694,0.018929166060641392,0.13287134885800153,0.2,0.23076923076923078,0.21428571428571427,0.9642857142857143,15,616,13
T21,232,0.5801939667995486,0.2905931248330833,0.21311475409836067,0.26530612244897955,0.9720116618075801,0.9788608338226658,0.23636363636363633,0.6186588921282798,0.2134460614693265,0.9523809523809524,0.022243462713564133,0.15388811116358989,0.2,0.26666666666666666,0.22857142857142856,0.9550748752079867,20,601,15
T21,233,0.5220751434214246,0.23044799232973714,0.13333333333333333,0.21428571428571427,0.9775345622119815,0.9872018615474113,0.1643835616438356,0.5959101382488479,0.15205622121349668,0.9654195011337867,0.013975260533292478,0.0982020669061725,0.13333333333333333,0.2222222222222222,0.16666666666666666,0.9667221297836939,15,601,9
T21,234,0.4057258364806646,0.15295536410145272,0.18918918918918923,0.12727272727272732,0.9824458747805734,0.9722061378112333,0.1521739130434783,0.5548593010266504,0.13307167112658935,0.9557823129251701,0.028178791246011005,0.2155015408084657,0.16666666666666666,0.11764705882352941,0.13793103448275862,0.9576271186440678,12,590,17
T21,235,0.49220347747398346,0.24552941328034217,0.20408163265306117,0.22222222222222215,0.9773123909249564,0.9795918367346939,0.21276595744680848,0.5997673065735892,0.19143984606054587,0.9580498866213151,0.02094811644697692,0.15593371006470017,0.1875,0.21428571428571427,0.2,0.9584775086505191,16,578,14
T21,236,0.5331399124131675,0.2328828252818979,0.15789473684210525,0.20454545454545459,0.9720930232558139,0.9794961921499706,0.1782178217821782,0.5883192389006342,0.15578358244969837,0.9529478458049888,0.020914767846575262,0.15074542447555217,0.15789473684210525,0.21428571428571427,0.18181818181818182,0.9538461538461539,19,585,14
T21,237,0.38569787711309195,0.2280795394645467,0.15,0.20930232558139533,0.9703660662405579,0.9800469483568076,0.17475728155339804,0.5898341959109766,0.15285720811469997,0.951814058956916,0.019825191426920026,0.16077964905384767,0.15,0.21428571428571427,0.17647058823529413,0.9530988274706867,20,597,14
T21,238,0.4487197547232336,0.1934778152777036,0.1521739130434783,0.17500000000000004,0.9773781902552203,0.9807916181606519,0.16279069767441864,0.5761890951276102,0.14234130465613212,0.9591836734693877,0.01991486079607807,0.14857111888350313,0.13333333333333333,0.16666666666666666,0.14814814814814814,0.962171052631579,15,608,12
T21,239,0.29135911011803695,0.13069911853574523,0.09999999999999996,0.1176470588235294,0.9791907514450867,0.9825986078886311,0.10810810810810807,0.548418905134308,0.08943527446802695,0.9625850340136055,0.01752133585045167,0.14266010072119453,0.07692307692307693,0.09090909090909091,0.08333333333333333,0.9644588045234249,13,619,11
T21,240,0.174049881375339,0.013399850038765263,0.0,0.0,0.9774436090225563,0.9797101449275362,0.0,0.48872180451127817,-0.021393127492030747,0.9580498866213152,0.0204172812013126,0.16834747862668223,0.0,0.0,0.0,0.961352657004831,13,621,11
T21,241,0.6119273088023087,0.27455550620799307,0.2682926829268293,0.22916666666666666,0.9825174825174824,0.9785258270458502,0.24719101123595505,0.6058420745920745,0.22857726546283094,0.9620181405895691,0.021691315886405965,0.15042044494397505,0.23076923076923078,0.21428571428571427,0.2222222222222222,0.9652317880794702,13,604,14
T21,242,0.4888743201243199,0.21210426508964977,0.13043478260869562,0.18749999999999994,0.9650349650349652,0.9769911504424779,0.15384615384615383,0.5762674825174826,0.12800863620009897,0.9438775510204082,0.02288452338455588,0.1657299434302977,0.13043478260869565,0.2,0.15789473684210525,0.9446366782006921,23,578,15
T21,243,0.43558845221656745,0.24159525678053104,0.23728813559322035,0.20895522388059706,0.9734826163818503,0.96891495601173,0.22222222222222227,0.5912189201312237,0.19395681655421762,0.9444444444444444,0.031241393006426442,0.23985842156052184,0.21052631578947367,0.19047619047619047,0.2,0.9475409836065574,19,610,21
T21,244,0.270994980486804,0.02155778539299173,0.0,0.0,0.9859813084112149,0.9701149425287358,0.0,0.49299065420560745,-0.02046825356015306,0.9569160997732428,0.029848687619359965,0.23674923766929884,0.0,0.0,0.0,0.9590834697217676,8,611,17
T21,245,0.4614625880448675,0.2839179545160172,0.175,0.2692307692307692,0.9810126582278482,0.9889791183294663,0.2121212121212121,0.6251217137293087,0.20257022634732774,0.9705215419501135,0.011403932204717214,0.08949444762421772,0.15384615384615385,0.25,0.19047619047619047,0.9720853858784894,13,609,8
T21,246,0.6641463201972744,0.22603733349141703,0.17500000000000002,0.1891891891891892,0.9808917197452228,0.9825986078886311,0.18181818181818182,0.585040454467206,0.16372084313396718,0.9642857142857141,0.018202171270311616,0.11479644171647166,0.15384615384615385,0.18181818181818182,0.16666666666666666,0.9676375404530745,13,618,11
T21,247,0.6377142177154067,0.43052906970923777,0.2597402597402598,0.40816326530612246,0.9667638483965015,0.982809721398933,0.31746031746031755,0.687463556851312,0.30156021680112755,0.9512471655328798,0.017747121182416455,0.12902065944583652,0.24,0.4,0.3,0.9519725557461407,25,583,15
T21,248,0.6529095508043132,0.32232835536630833,0.17499999999999996,0.30434782608695654,0.981045376220563,0.9907192575406032,0.22222222222222218,0.6426966011537598,0.21747448032709318,0.9722222222222221,0.010225719215934308,0.0681758280009908,0.15384615384615385,0.2857142857142857,0.2,0.9727427597955707,13,587,7
T21,249,0.4665225627823387,0.36404419412738337,0.17391304347826095,0.35294117647058826,0.9670520231213874,0.9870206489675517,0.23300970873786414,0.6599965997959878,0.22693101852300102,0.9552154195011339,0.013397384946076181,0.11019580971941688,0.17391304347826086,0.36363636363636365,0.23529411764705882,0.9574468085106383,23,611,11
T21,250,0.3343635177836588,0.01688416478680092,0.0,0.0,0.9809027777777778,0.979202772963605,0.0,0.4904513888888889,-0.019929106009050335,0.9608843537414965,0.020632243789048123,0.15636420364161746,0.0,0.0,0.0,0.9631490787269682,11,597,11
T21,251,0.35326076185892435,0.119532917365937,0.11764705882352937,0.09756097560975606,0.9825885084155542,0.9786127167630057,0.10666666666666663,0.5400747420126552,0.08783604809902014,0.962018140589569,0.02215881103505698,0.17235386215694376,0.09090909090909091,0.07692307692307693,0.08333333333333333,0.962457337883959,11,586,13
T21,252,0.36106426385583057,0.18905914439524182,0.11764705882352944,0.17647058823529416,0.9739884393063584,0.9836544074722708,0.14117647058823532,0.5752295137708262,0.12345736149541198,0.9586167800453516,0.017425778104927278,0.13554289917818893,0.11764705882352941,0.18181818181818182,0.14285714285714285,0.9605263157894737,17,608,11
T21,253,0.43276791439931095,0.2587953493592074,0.32653061224489793,0.2318840579710145,0.9805309734513273,0.9690962099125364,0.2711864406779661,0.6062075157111709,0.2505904641399151,0.9512471655328798,0.031009459639472683,0.24316835765793368,0.26666666666666666,0.19047619047619047,0.2222222222222222,0.9537953795379538,15,606,21
T21,254,0.38115472523104477,0.11680808556613076,0.0588235294117647,0.10344827586206896,0.9723342939481268,0.9848219497956799,0.075,0.5378912849050979,0.057511447338224116,0.9580498866213153,0.014912243077143221,0.11541728534475615,0.058823529411764705,0.1111111111111111,0.07692307692307693,0.9617834394904459,17,628,9
T21,255,0.40055062337187164,0.27641419148336976,0.1923076923076923,0.2631578947368421,0.9756662804171493,0.983644859813084,0.22222222222222218,0.6194120875769957,0.20499200746976345,0.9603174603174602,0.01704161736734561,0.13768025999469824,0.17647058823529413,0.25,0.20689655172413793,0.9616666666666667,17,600,12
T21,256,0.5761848869608028,0.36259459724351506,0.15999999999999998,0.3478260869565218,0.9758759333716254,0.9912485414235707,0.2191780821917808,0.6618510101640735,0.22126784319121406,0.967687074829932,0.00921036590162861,0.06955376822454949,0.125,0.2857142857142857,0.17391304347826086,0.96843853820598,16,602,7
T21,257,0.5685873400380312,0.3192732874427238,0.2258064516129032,0.3043478260869565,0.9862148190695001,0.9907674552798615,0.2592592592592592,0.6452813225782283,0.25085511208390926,0.9773242630385489,0.00988448496223512,0.07303985382966677,0.2,0.2857142857142857,0.23529411764705882,0.978688524590164,10,610,7
T21,258,0.3238915441176473,0.13573380336891622,0.18918918918918923,0.109375,0.9823529411764705,0.9669947886508394,0.1386138613861386,0.5458639705882353,0.11969308556477984,0.9506802721088436,0.03336097727736709,0.26456857299628156,0.16666666666666666,0.1,0.125,0.954248366013072,12,612,20
T21,259,0.37816041074273365,0.13743547933459802,0.06896551724137934,0.12121212121212123,0.9688041594454073,0.9830011723329427,0.08791208791208795,0.5450081403287643,0.06839479595382267,0.9529478458049885,0.017572406507407858,0.13452195939125494,0.05263157894736842,0.1,0.06896551724137931,0.9556650246305419,19,609,10
T21,260,0.5855238833947388,0.2972001432599425,0.26666666666666666,0.26666666666666666,0.9808027923211169,0.9808027923211169,0.26666666666666666,0.6237347294938917,0.24746945898778208,0.9625850340136053,0.01970214627937853,0.14156874552528437,0.21428571428571427,0.23076923076923078,0.2222222222222222,0.9645868465430016,14,593,13
T21,261,0.6790680350935272,0.5891628887946847,0.360655737704918,0.5789473684210524,0.977404403244496,0.9906048150322959,0.44444444444444436,0.7781758858327743,0.4420683553836097,0.9688208616780046,0.010713399732161732,0.08258306463399101,0.3157894736842105,0.5454545454545454,0.4,0.9693877551020408,19,588,11
T21,262,0.5586644769513589,0.036153907328224266,0.0,0.0,0.9860950173812284,0.97816091954023,0.0,0.4930475086906142,-0.017426188171918187,0.9648526077097507,0.022063587294203924,0.14624144981006565,0.0,0.0,0.0,0.966832504145937,8,603,12
T21,263,0.40564045894855605,0.1262035710084053,0.04999999999999998,0.10714285714285714,0.9671658986175113,0.9853286384976524,0.06818181818181816,0.5371543778801843,0.051236970728842236,0.9535147392290249,0.015242396845180322,0.11247332916115668,0.05,0.1111111111111111,0.06896551724137931,0.9564516129032258,20,620,9
T21,264,0.43545888495913565,0.08570616443321244,0.125,0.05357142857142856,0.9877049180327869,0.9695402298850574,0.07499999999999998,0.5206381733021077,0.062468194281395766,0.9580498866213151,0.030279566120440398,0.22595795482201664,0.125,0.058823529411764705,0.08,0.9617940199335548,8,602,17
T21,265,0.4354924654046956,0.2786119437120952,0.18918918918918912,0.2545454545454546,0.9648917495611469,0.9757396449704143,0.21705426356589144,0.6097186020533008,0.1902406955531488,0.9427437641723357,0.02511993712988819,0.19577338819164147,0.16666666666666666,0.23529411764705882,0.1951219512195122,0.945273631840796,24,603,17
T21,266,0.21647396082178733,0.015248436990257998,0.0,0.0,0.9756521739130433,0.9773519163763065,0.0,0.48782608695652163,-0.023482580805195833,0.9540816326530611,0.022567728897937872,0.18507715984373788,0.0,0.0,0.0,0.956953642384106,14,604,12
T21,267,0.2847525891829693,0.12632115773021213,0.07142857142857145,0.11538461538461539,0.9775604142692751,0.9866434378629501,0.08823529411764706,0.5464725148269453,0.07346771144973806,0.9648526077097505,0.013511529523298607,0.11077865279758932,0.07142857142857142,0.125,0.09090909090909091,0.9683042789223455,14,631,8
T21,268,0.5114521887186246,0.3773827643042749,0.22,0.3666666666666666,0.9775086505190311,0.9889148191365228,0.27499999999999997,0.6720876585928489,0.2681479519614252,0.9671201814058958,0.011776261509558076,0.09289911751119581,0.1875,0.3333333333333333,0.24,0.9683860232945092,16,601,9
T21,269,0.5504052909116199,0.1734057305282411,0.1290322580645161,0.15384615384615383,0.9844649021864211,0.9873052510098096,0.14035087719298245,0.5691555280162874,0.12684937420527234,0.9722222222222221,0.01303871947942612,0.09001863358888613,0.1,0.125,0.1111111111111111,0.9741935483870968,10,620,8
T21,270,0.4110494800569006,0.1377984374695458,0.10526315789473686,0.11320754716981132,0.9701928696668615,0.9724663151728179,0.1090909090909091,0.5417002084183364,0.08051503247424403,0.9444444444444445,0.02734289791231193,0.2070629755704359,0.10526315789473684,0.11764705882352941,0.1111111111111111,0.9439579684763573,19,571,17
T21,271,0.4464288460482245,0.24581461577249897,0.14285714285714282,0.23333333333333334,0.9757785467128026,0.9865889212827988,0.1772151898734177,0.604555940023068,0.16452571178048436,0.9631519274376418,0.013869472574885728,0.10847647933941128,0.125,0.2222222222222222,0.16,0.9652892561983472,16,605,9
T21,272,0.5275418506726932,0.16559203206166712,0.16279069767441856,0.1346153846153846,0.9789719626168226,0.9738524113887276,0.14736842105263154,0.5567936736161037,0.12458301760691395,0.9540816326530613,0.026718358817576372,0.18502191041293894,0.14285714285714285,0.125,0.13333333333333333,0.9564489112227805,14,597,16
T21,273,0.6165692974720761,0.1533899338868386,0.10000000000000002,0.11111111111111115,0.9791666666666667,0.9814385150812065,0.10526315789473686,0.545138888888889,0.08574431857011476,0.9614512471655329,0.01849755096265606,0.11919116742802548,0.07692307692307693,0.09090909090909091,0.08333333333333333,0.9632721202003339,13,599,11
T21,274,0.47473450724296407,0.2365107505784181,0.25000000000000006,0.21276595744680857,0.9825276645311589,0.9785382830626449,0.22988505747126445,0.5976468109889838,0.21126303287591555,0.9620181405895692,0.02202522120532262,0.164237825708215,0.23076923076923078,0.2,0.21428571428571427,0.9638157894736842,13,608,15
T21,275,0.41877320185614936,0.1689840358289571,0.1333333333333334,0.15000000000000005,0.9773781902552204,0.9802210587550902,0.14117647058823535,0.5636890951276102,0.12026783842638541,0.9586167800453513,0.020194694125248592,0.15018142671472956,0.13333333333333333,0.15384615384615385,0.14285714285714285,0.9601990049751243,15,603,13
T21,276,0.45307825630252097,0.24625650281582412,0.20588235294117646,0.21875,0.9682352941176472,0.9705188679245282,0.21212121212121213,0.5934926470588235,0.1816161726451881,0.9410430839002268,0.029677644151294296,0.2283736800726899,0.18181818181818182,0.21052631578947367,0.1951219512195122,0.9430051813471503,22,579,19
T21,277,0.4052065273264285,0.17531681121584583,0.11111111111111116,0.1578947368421053,0.9721900347624566,0.9812865497076024,0.1304347826086957,0.5650423858022809,0.10963361074231763,0.9546485260770975,0.018887747361916236,0.14317807150026343,0.1111111111111111,0.16666666666666666,0.13333333333333333,0.9573070607553367,18,609,12
T21,278,0.4807807952754795,0.2924875182488015,0.25,0.2758620689655173,0.9861671469740634,0.9878752886836027,0.26229508196721313,0.6310146079697903,0.2496603200053352,0.9744897959183673,0.012600288380612822,0.09862332622749409,0.2,0.2222222222222222,0.21052631578947367,0.9753694581280788,10,609,9
T21,279,0.6340330642060747,0.2550715080719104,0.1272727272727273,0.2333333333333333,0.9723183391003459,0.9865418373317729,0.16470588235294117,0.6028258362168396,0.15299070415625007,0.9597505668934242,0.014319920439042875,0.09271498845929955,0.1111111111111111,0.2222222222222222,0.14814814814814814,0.961730449251248,18,601,9
T21,280,0.4210158111327716,0.2616206779660422,0.2363636363636364,0.24074074074074078,0.975438596491228,0.9760093622001171,0.23853211009174313,0.6080896686159843,0.21426771589643906,0.9529478458049887,0.024550151319516395,0.19127539209781516,0.2222222222222222,0.23529411764705882,0.22857142857142856,0.9550748752079867,18,601,17
T21,281,0.3326717106738592,0.016495910037294257,0.0,0.0,0.9861191440138809,0.9798850574712644,0.0,0.49305957200694045,-0.016709656501873317,0.9665532879818592,0.020242516197392597,0.15265892148258386,0.0,0.0,0.0,0.9684908789386402,8,603,11
T21,282,0.37151942760608175,0.15180752952682378,0.08695652173913045,0.13793103448275865,0.975792507204611,0.9854481955762514,0.10666666666666669,0.5568617708436848,0.0907420568864179,0.9620181405895691,0.014865441490973104,0.11799549482133205,0.06666666666666667,0.125,0.08695652173913043,0.9671361502347418,15,639,8
T21,283,0.6228400383141753,0.30666462222303065,0.13461538461538455,0.29166666666666663,0.9741379310344828,0.990070093457944,0.1842105263157894,0.6329022988505747,0.18204937060714457,0.9648526077097508,0.010280189707100096,0.07124069845023216,0.11764705882352941,0.2857142857142857,0.16666666666666666,0.9664429530201343,17,596,7
T21,284,0.5763750824483538,0.2044128370005291,0.11764705882352941,0.19047619047619044,0.9827882960413079,0.9901734104046243,0.14545454545454542,0.5866322432587492,0.13668013109772933,0.9733560090702948,0.010184501468150415,0.06956252212851181,0.09090909090909091,0.16666666666666666,0.11764705882352941,0.9765625,11,640,6
T21,285,0.5279813845258878,0.28993156105805523,0.25,0.26666666666666666,0.9790575916230367,0.9807692307692307,0.25806451612903225,0.6228621291448517,0.23812937254117447,0.9608843537414966,0.019956717130304606,0.1467770139496305,0.2,0.23076923076923078,0.21428571428571427,0.9629005059021922,15,593,13
T21,286,0.43777171782294805,0.2044648057450771,0.16279069767441862,0.18421052631578952,0.9791425260718424,0.9819872167344567,0.17283950617283952,0.5816765261938159,0.15378528615249415,0.9620181405895691,0.018201974382633202,0.14004228068048707,0.14285714285714285,0.16666666666666666,0.15384615384615385,0.9638752052545156,14,609,12
T21,287,0.5015504930295829,0.22358583761041864,0.12068965517241377,0.20588235294117646,0.9705202312138728,0.9841735052754983,0.15217391304347824,0.5882012920775246,0.13600783979490386,0.9557823129251698,0.016319702295858073,0.12044401883163969,0.10526315789473684,0.2,0.13793103448275862,0.9586776859504132,19,605,10
T21,288,0.5006109253065774,0.2080912225382705,0.15217391304347827,0.17948717948717954,0.9773913043478261,0.9813736903376019,0.1647058823529412,0.5784392419175027,0.14474372365744836,0.9597505668934241,0.0192755077937018,0.13830782066016453,0.13333333333333333,0.16666666666666666,0.14814814814814814,0.9606164383561644,15,584,12
T21,289,0.38611033757232693,0.13736473303322225,0.11111111111111109,0.11111111111111113,0.9719298245614036,0.9719298245614036,0.11111111111111112,0.5415204678362574,0.08304093567251396,0.9455782312925171,0.028060665578388568,0.21553960935743455,0.1111111111111111,0.11764705882352941,0.11428571428571428,0.9477234401349073,18,593,17
T21,290,0.5345607464820998,0.21851219654691792,0.18181818181818182,0.1904761904761905,0.9790940766550522,0.9802325581395348,0.186046511627907,0.5847851335656213,0.1657678716260942,0.9603174603174603,0.019748662964160515,0.13959063664846497,0.14285714285714285,0.15384615384615385,0.14814814814814814,0.9615384615384616,14,598,13
T21,291,0.42365039255165254,0.20798588645524738,0.2105263157894737,0.186046511627907,0.9825682742591516,0.9797219003476245,0.19753086419753088,0.5843073929435293,0.1791051708615688,0.9631519274376417,0.020592614885012864,0.1622178771579353,0.16666666666666666,0.16666666666666666,0.16666666666666666,0.9671052631578947,12,608,12
T21,292,0.5748960585398313,0.3473974908530657,0.27777777777777773,0.3260869565217391,0.9772991850989522,0.9818713450292399,0.3,0.6516930708103457,0.2806669655367727,0.9603174603174603,0.01875087405288202,0.1363172458228996,0.23529411764705882,0.2857142857142857,0.25806451612903225,0.961082910321489,17,591,14
T21,293,0.31565567015458573,0.14062847371847206,0.05555555555555555,0.13043478260869562,0.9707064905226881,0.9883040935672515,0.07792207792207792,0.5505706365656918,0.06660345900459706,0.9597505668934242,0.012156819127216924,0.09695305533765272,0.05555555555555555,0.14285714285714285,0.08,0.9626016260162602,18,615,7
T21,294,0.44153113483816375,0.18527359948552732,0.15217391304347822,0.1627906976744186,0.9773387565368972,0.979045401629802,0.15730337078651682,0.5700647271056579,0.13560122030110708,0.9574829931972787,0.02097816139091273,0.1608856200912857,0.13333333333333333,0.15384615384615385,0.14285714285714285,0.9603305785123967,15,605,13
T21,295,0.5080759614873143,0.3514340644082708,0.2500000000000001,0.3272727272727274,0.9684025746050321,0.9781323877068557,0.28346456692913397,0.6478376509388797,0.2597173706229864,0.9484126984126983,0.022952409541777286,0.17321191353958834,0.21739130434782608,0.29411764705882354,0.25,0.9499165275459098,23,599,17
T21,296,0.4230684283241008,0.1579609569002698,0.16279069767441864,0.13207547169811323,0.9789596727060198,0.9732713538640325,0.14583333333333337,0.5555175722020665,0.12291326023051614,0.9535147392290252,0.02674313818950638,0.1989528422406419,0.14285714285714285,0.11764705882352941,0.12903225806451613,0.9562398703403565,14,617,17
T21,297,0.5589270384160661,0.2636932327760811,0.21052631578947376,0.23529411764705888,0.9737302977232924,0.977152899824253,0.2222222222222223,0.6045122076851757,0.19806448020991582,0.9523809523809523,0.023008324481754088,0.16259235339507178,0.21052631578947367,0.25,0.22857142857142856,0.9555921052631579,19,608,16
T21,298,0.31127007321036965,0.010507996989532592,0.0,0.0,0.9776119402985074,0.9872463768115941,0.0,0.4888059701492537,-0.016897599751214163,0.9654195011337868,0.01363064801744886,0.10076464866403767,0.0,0.0,0.0,0.9683544303797469,13,632,7
T21,299,0.5757485404054541,0.2244347569900989,0.07692307692307693,0.21052631578947367,0.9724928366762176,0.9912383177570092,0.11267605633802817,0.5915095762328456,0.11169082632530473,0.9642857142857142,0.009622054710431404,0.06607772423616483,0.058823529411764705,0.16666666666666666,0.08695652173913043,0.9662379421221865,17,622,6
T21,300,0.4763986001344909,0.17864310574783962,0.13461538461538464,0.15217391304347824,0.9738067520372526,0.9772196261682243,0.14285714285714288,0.5629903325403655,0.11869730004439835,0.9523809523809522,0.023607711891787498,0.16812572060174263,0.11764705882352941,0.14285714285714285,0.12903225806451613,0.9548494983277592,17,598,14
T21,301,0.5341462829071912,0.24898544037198142,0.15624999999999992,0.2222222222222222,0.9685863874345552,0.9794117647058824,0.18348623853211002,0.5954043048283887,0.1608895046518409,0.9495464852607709,0.02110330859527924,0.15238494604832564,0.14285714285714285,0.21428571428571427,0.17142857142857143,0.9510961214165261,21,593,14
T21,302,0.3475744072309544,0.023359667339752546,0.0,0.0,0.9790940766550524,0.9756944444444446,0.0,0.4895470383275262,-0.022541740866685304,0.9557823129251702,0.02439008427089009,0.18396711245580394,0.0,0.0,0.0,0.9597989949748744,12,597,12
T21,303,0.4925430799497501,0.2593153818377199,0.25000000000000006,0.23809523809523814,0.9825783972125437,0.9814385150812065,0.2439024390243903,0.6103368176538909,0.22599198763054615,0.9648526077097502,0.019057041235937593,0.14268933629851374,0.23076923076923078,0.23076923076923078,0.23076923076923078,0.966832504145937,13,603,13
T21,304,0.5271175249117989,0.1696340016501133,0.10526315789473685,0.12765957446808507,0.9702970297029703,0.9759812536613942,0.11538461538461538,0.5489783020855277,0.08921001437010775,0.9478458049886622,0.023989271507325154,0.16681621254098808,0.10526315789473684,0.13333333333333333,0.11764705882352941,0.9515347334410339,19,619,15
T21,305,0.41817483073512857,0.08205119788227319,0.07142857142857145,0.04285714285714288,0.9769775678866589,0.9610917537746806,0.053571428571428596,0.5099173553719009,0.025397465300715398,0.9399092970521542,0.038586776666727315,0.2825149191989012,0.07142857142857142,0.047619047619047616,0.05714285714285714,0.9458128078817734,14,609,21
T21,306,0.47618583495776545,0.24777475966535928,0.3636363636363636,0.2222222222222222,0.987719298245614,0.975736568457539,0.27586206896551724,0.604970760233918,0.26692408915162014,0.9642857142857145,0.02467499975326729,0.18383267414901894,0.3,0.1875,0.23076923076923078,0.9667221297836939,10,601,16
T21,307,0.4153586637907198,0.11693056902557092,0.12903225806451613,0.09523809523809522,0.9843205574912892,0.978072706289671,0.10958904109589039,0.5397793263646922,0.09230994889310405,0.9631519274376418,0.021946918979886737,0.1636722725787058,0.1,0.07692307692307693,0.08695652173913043,0.965,10,600,13
T21,308,0.48570820636356,0.22859466199980955,0.2682926829268293,0.20000000000000004,0.9824458747805733,0.9744631456761461,0.2291666666666667,0.5912229373902866,0.21045141840233295,0.9580498866213152,0.026580196984586253,0.19226645387936442,0.23076923076923078,0.1875,0.20689655172413793,0.9626623376623377,13,616,16
T21,309,0.39140494181846064,0.16357808247547947,0.1272727272727273,0.14285714285714285,0.9720116618075801,0.9754242246928029,0.1346153846153846,0.5574344023323615,0.10861250441358282,0.9489795918367344,0.024690003778447253,0.1886971873403175,0.1111111111111111,0.13333333333333333,0.12121212121212122,0.9531502423263328,18,619,15
T21,310,0.3075145602205335,0.019039217236378757,0.0,0.0,0.9773387565368973,0.975072463768116,0.0,0.48866937826844864,-0.02376739294676769,0.9535147392290249,0.02534542047769719,0.19357297710845786,0.0,0.0,0.0,0.9556650246305419,13,609,14
T21,311,0.4886484843418735,0.19251323690277578,0.1875,0.16363636363636364,0.9771796372147454,0.9731934731934733,0.1747572815533981,0.5704080004255545,0.15042676709275957,0.9518140589569161,0.02743640627655393,0.1926934747112873,0.1875,0.17647058823529413,0.18181818181818182,0.954468802698145,16,593,17
T21,312,0.3465039364502299,0.023710429253390057,0.0,0.0,0.9757085020242914,0.9796747967479674,0.0,0.4878542510121457,-0.022220027759946134,0.9563492063492064,0.02068035231815089,0.154861439378764,0.0,0.0,0.0,0.9588815789473685,14,608,11
T21,313,0.6156795048338317,0.29497835443883147,0.14285714285714285,0.27586206896551724,0.9723342939481266,0.9877049180327869,0.18823529411764708,0.6240981814568219,0.18001396792301536,0.9608843537414965,0.012841479609422212,0.08742604877346807,0.1111111111111111,0.2222222222222222,0.14814814814814814,0.9620462046204621,18,606,9
T21,314,0.4830642303993514,0.21973941987811488,0.1428571428571428,0.19565217391304346,0.9685681024447033,0.9782480893592005,0.16513761467889904,0.5821101381788734,0.1410245890011266,0.9484126984126984,0.02183372604772468,0.16019729032263116,0.14285714285714285,0.21428571428571427,0.17142857142857143,0.949740034662045,21,577,14
T21,315,0.4349486923403642,0.23955125973645935,0.3333333333333333,0.20547945205479454,0.9822590183323476,0.9662594531704479,0.2542372881355932,0.593869235193571,0.23716047621229508,0.950113378684807,0.03438395000145644,0.2626000539929779,0.2857142857142857,0.18181818181818182,0.2222222222222222,0.9540229885057471,14,609,22
T21,316,0.36496323529411756,0.1973827474947213,0.19642857142857145,0.17187500000000003,0.9735294117647058,0.9689695550351287,0.18333333333333335,0.5727022058823529,0.1550793902665275,0.9444444444444445,0.031365055343975934,0.24746198900104532,0.16666666666666666,0.15,0.15789473684210525,0.9466666666666667,18,600,20
T21,317,0.48229710354478494,0.21731894480408095,0.15999999999999998,0.19512195121951217,0.9756239117817758,0.9807467911318553,0.17582417582417578,0.585372931500644,0.15502236069828756,0.9574829931972791,0.019694715665488433,0.14730612481859132,0.125,0.15384615384615385,0.13793103448275862,0.9599358974358975,16,624,13
T21,318,0.4384508616744323,0.1111117133029601,0.07692307692307694,0.09090909090909091,0.9792027729636049,0.982608695652174,0.08333333333333334,0.5350559319363479,0.06460559987258213,0.9625850340136055,0.017749859979966375,0.13172766679871803,0.07692307692307693,0.1,0.08695652173913043,0.9667194928684627,13,631,10
T21,319,0.42648855452674944,0.20970529995192472,0.17500000000000004,0.19444444444444448,0.9809027777777779,0.9831786542923433,0.18421052631578952,0.5876736111111112,0.1665418495304125,0.9648526077097506,0.017705191454356922,0.13717795568693414,0.15384615384615385,0.18181818181818182,0.16666666666666666,0.967373572593801,13,613,11
T21,320,0.4728823734945108,0.31856354723509095,0.18571428571428572,0.3023255813953487,0.9668797210923881,0.9822904368358912,0.2300884955752212,0.6346026512438685,0.21266819732505662,0.9506802721088435,0.017848850960626994,0.14078464026126683,0.17391304347826086,0.3076923076923077,0.2222222222222222,0.9540983606557377,23,610,13
T21,321,0.5142725874047575,0.19937729434601426,0.1428571428571429,0.16279069767441864,0.9755955839628123,0.979008746355685,0.1521739130434783,0.5691931408186155,0.12986364874967116,0.9557823129251701,0.02142849679249174,0.14886342105419378,0.125,0.14285714285714285,0.13333333333333333,0.9575163398692811,16,612,14
T21,322,0.6459712308719321,0.3135152161167361,0.2058823529411765,0.2692307692307692,0.9684579439252337,0.9775943396226416,0.2333333333333333,0.6188443565780014,0.2088308860049546,0.9478458049886621,0.023025421201675566,0.15428082613118352,0.18181818181818182,0.25,0.21052631578947367,0.949238578680203,22,591,16
T21,323,0.4186641302650453,0.016657790560364615,0.0,0.0,0.9809798270893373,0.9832466782206818,0.0,0.49048991354466864,-0.017850800460222655,0.9648526077097505,0.017748949119241568,0.12215156916003066,0.0,0.0,0.0,0.9681020733652312,11,627,9
T21,324,0.5426800445930886,0.30879220292259607,0.19642857142857142,0.2820512820512821,0.9739130434782609,0.983606557377049,0.23157894736842108,0.6279821627647715,0.21466851263367398,0.9586167800453514,0.016720687786561873,0.12295374854491865,0.16666666666666666,0.25,0.2,0.961352657004831,18,621,12
T21,325,0.3620363849765259,0.2083933624357993,0.26829268292682923,0.1833333333333333,0.9823943661971831,0.9715612304120721,0.21782178217821777,0.5828638497652582,0.19937511700573093,0.955215419501134,0.02893611551282549,0.23321282401335464,0.23076923076923078,0.16666666666666666,0.1935483870967742,0.9567474048442907,13,578,18
T21,326,0.39245582905466525,0.1773805227411026,0.13461538461538458,0.1590909090909091,0.9738372093023254,0.9783878504672896,0.14583333333333331,0.5664640591966172,0.12256144341467302,0.9535147392290247,0.022357790513067854,0.17155187216154155,0.11764705882352941,0.14285714285714285,0.12903225806451613,0.9579439252336449,17,642,14
T21,327,0.417573253477881,0.03391473974014397,0.0,0.0,0.982373678025852,0.9642445213379469,0.0,0.491186839012926,-0.02510453304160359,0.947845804988662,0.0354751205357121,0.25613420555378047,0.0,0.0,0.0,0.9504273504273504,10,585,19
T21,328,0.5011288062309038,0.33434751458449063,0.217391304347826,0.32258064516129026,0.9792267743796882,0.9877764842840513,0.25974025974025966,0.6509037097704893,0.2488396287971752,0.967687074829932,0.012949045518360278,0.09922252066346092,0.2,0.3,0.24,0.9685430463576159,15,604,10
T21,329,0.40166150709755305,0.11371385218094009,0.09302325581395346,0.0909090909090909,0.9773255813953488,0.9767576990122021,0.09195402298850573,0.5341173361522198,0.0690034824168601,0.9552154195011338,0.02321182865879913,0.17458562773966332,0.07142857142857142,0.07692307692307693,0.07407407407407407,0.9592833876221498,14,614,13
T21,330,0.41695454597484083,0.23830095096545179,0.18644067796610164,0.21568627450980388,0.9719789842381786,0.9765395894428154,0.19999999999999996,0.5938326293739913,0.17488777559940816,0.9501133786848073,0.023592283731507617,0.18627926051899588,0.15789473684210525,0.2,0.17647058823529413,0.952054794520548,19,584,15
T21,331,0.5424846800642994,0.10925684747795607,0.0625,0.08108108108108107,0.9739432541980313,0.9801864801864801,0.07058823529411765,0.5275121676395562,0.04846437039378476,0.9552154195011339,0.019683526940798442,0.1331939174874681,0.0625,0.09090909090909091,0.07407407407407407,0.959349593495935,16,615,11
T21,332,0.4654771090534975,0.24164080094640103,0.1951219512195122,0.22222222222222218,0.9809027777777777,0.9837492745211839,0.20779220779220778,0.6015625,0.19061274282844057,0.9654195011337868,0.016877183176758008,0.12792250476005218,0.15384615384615385,0.18181818181818182,0.16666666666666666,0.9675324675324676,13,616,11
T21,333,0.36674579099534943,0.21073503964740847,0.22222222222222224,0.18461538461538463,0.9752795762213067,0.9690058479532163,0.20168067226890754,0.5799474804183457,0.17486110142503725,0.9461451247165532,0.03144681347849746,0.2495276320109898,0.17647058823529413,0.15,0.16216216216216217,0.9478114478114478,17,594,20
T21,334,0.6261536100848664,0.22857626282740395,0.09999999999999998,0.2,0.9635627530364372,0.9834710743801652,0.1333333333333333,0.5817813765182186,0.11684502011010026,0.9484126984126984,0.016878304341482665,0.11123749705892731,0.08695652173913043,0.18181818181818182,0.11764705882352941,0.9489795918367347,23,588,11
T21,335,0.720237635949442,0.41871976732861305,0.16867469879518082,0.38888888888888884,0.9600694444444443,0.9869125520523498,0.23529411764705893,0.6744791666666665,0.23300958723552734,0.9484126984126987,0.014045363088274055,0.08918506207095642,0.14814814814814814,0.36363636363636365,0.21052631578947367,0.9515347334410339,27,619,11
T21,336,0.2597167649812642,0.1611515541004076,0.13333333333333336,0.14634146341463417,0.9773650609402205,0.9796393251890634,0.13953488372093026,0.5618532621774273,0.11821782832099781,0.9580498866213153,0.020400687400662747,0.17518746098234927,0.13333333333333333,0.15384615384615385,0.14285714285714285,0.9601328903654485,15,602,13
T21,337,0.5193028838139687,0.24671142906564467,0.22000000000000003,0.21999999999999997,0.9772462077012836,0.9772462077012836,0.22000000000000003,0.5986231038506418,0.1972462077012833,0.95578231292517,0.023021343852213588,0.1702246672251112,0.1875,0.21428571428571427,0.2,0.9591836734693877,16,588,14
T21,338,0.43424652683514275,0.18725517392275806,0.1538461538461539,0.17142857142857149,0.9809138230190861,0.9831884057971014,0.16216216216216223,0.5761711972238288,0.1444858918307725,0.9648526077097505,0.017225660083792872,0.1302058855995783,0.15384615384615385,0.18181818181818182,0.16666666666666666,0.9675850891410048,13,617,11
T21,339,0.456104684114019,0.2988298919939681,0.2799999999999999,0.2799999999999999,0.9789964994165694,0.9789964994165694,0.2799999999999999,0.6294982497082846,0.25899649941656777,0.9591836734693877,0.0216949069082463,0.1697916935728469,0.25,0.26666666666666666,0.25806451612903225,0.9607508532423208,16,586,15
T21,340,0.5431798972489217,0.27707560410328436,0.18181818181818188,0.25000000000000006,0.9738979118329466,0.9824458747805733,0.21052631578947373,0.6119489559164734,0.19177689970815365,0.9574829931972788,0.0181209070260206,0.13109022674475426,0.16666666666666666,0.23076923076923078,0.1935483870967742,0.9588815789473685,18,608,13
T21,341,0.5518300041080411,0.29388036454366323,0.25000000000000006,0.2692307692307692,0.9754672897196262,0.9777517564402811,0.2592592592592593,0.6223490294751977,0.23607289705402387,0.9546485260770974,0.022747045765469664,0.16276177777310158,0.2222222222222222,0.25,0.23529411764705882,0.9575856443719413,18,613,16
T21,342,0.366914702116805,0.16220815532502242,0.18181818181818185,0.13114754098360656,0.9788608338226659,0.969186046511628,0.1523809523809524,0.5550041874031362,0.128886499477007,0.9495464852607711,0.030956299760566755,0.2469562774463647,0.14285714285714285,0.1111111111111111,0.125,0.9525423728813559,14,590,18
T21,343,0.4523494858546879,0.2418264932529293,0.12727272727272726,0.2258064516129032,0.9723023658395843,0.9859566998244587,0.1627906976744186,0.5990544087262437,0.14977232021654363,0.9591836734693877,0.014989704510489737,0.11128202706276727,0.1111111111111111,0.2,0.14285714285714285,0.9615384615384616,18,624,10
T21,344,0.367743721766165,0.01697610067620342,0.0,0.0,0.9843930635838151,0.9804260218767992,0.0,0.49219653179190753,-0.01747826741929953,0.965419501133787,0.019543803639717645,0.14511974941547942,0.0,0.0,0.0,0.9669421487603306,9,605,11
T21,345,0.5257120441941012,0.3248277975144351,0.27999999999999997,0.30434782608695643,0.979045401629802,0.9813302217036173,0.29166666666666663,0.6416966138583793,0.27213822779706265,0.9614512471655329,0.0189984339481555,0.1451820449897392,0.25,0.2857142857142857,0.26666666666666666,0.9639344262295082,16,610,14
T21,346,0.27927609568417705,0.09455147548962117,0.16,0.07142857142857141,0.9877049180327869,0.9700977573317999,0.09876543209876541,0.5295667447306792,0.0877105145471577,0.9586167800453513,0.030238779996645503,0.24508545116973623,0.125,0.058823529411764705,0.08,0.9624796084828712,8,613,17
T21,347,0.3238463378590764,0.017731592105306084,0.0,0.0,0.9704690214244353,0.9784004670169293,0.0,0.4852345107122176,-0.025255798260309794,0.9501133786848074,0.022243889599190388,0.1694691309278285,0.0,0.0,0.0,0.9530201342281879,17,596,11
T21,348,0.4910401369563351,0.16090969787153275,0.17500000000000002,0.12280701754385966,0.9806678383128297,0.9709976798143853,0.14432989690721648,0.5517374279283447,0.12291089810999044,0.9529478458049888,0.028897714839911996,0.2033339052468046,0.15384615384615385,0.1111111111111111,0.12903225806451613,0.9555189456342669,13,607,18
T21,349,0.5635277359098804,0.2087971169971265,0.16279069767441856,0.18421052631578944,0.9791425260718425,0.9819872167344568,0.17283950617283944,0.5816765261938159,0.1537852861524958,0.9620181405895692,0.018100235626841592,0.12881108917345202,0.14285714285714285,0.16666666666666666,0.15384615384615385,0.9630252100840336,14,595,12
T21,350,0.5868712823497689,0.3963208120633452,0.23404255319148928,0.37931034482758613,0.9792507204610952,0.9895165987186955,0.2894736842105262,0.6792805326443406,0.28312472103995057,0.9693877551020407,0.011346594750536768,0.08385103476203903,0.2,0.3333333333333333,0.25,0.9697478991596639,15,595,9
T21,351,0.7568835801879288,0.5606599373990174,0.26923076923076905,0.5384615384615384,0.9669565217391305,0.9893238434163701,0.3589743589743588,0.7527090301003345,0.3614943578813538,0.9574829931972789,0.011766864819607805,0.07911357382373634,0.24,0.5,0.32432432432432434,0.9578414839797639,25,593,12
T21,352,0.31919056901513143,0.0974540581330482,0.0930232558139535,0.0740740740740741,0.9771929824561404,0.9709471237652528,0.08247422680412374,0.5256335282651072,0.057267556837589315,0.949546485260771,0.02931522617998923,0.22838153173459247,0.07142857142857142,0.0625,0.06666666666666667,0.9541734860883797,14,611,16
T21,353,0.39604777830864785,0.020810774069301333,0.0,0.0,0.9808695652173912,0.9774696707105718,0.0,0.4904347826086956,-0.020760900633211243,0.9591836734693878,0.022263785910321583,0.16084242407329066,0.0,0.0,0.0,0.9612903225806452,11,620,13
T21,354,0.44438577743236096,0.22463973958305347,0.1521739130434783,0.2058823529411765,0.9774566473988439,0.9842840512223516,0.17500000000000004,0.5916695001700102,0.15817100479206142,0.9625850340136052,0.01658234626660223,0.1259413382295663,0.13333333333333333,0.2,0.16,0.965742251223491,15,613,10
T21,355,0.26224254407645514,0.012518038806020142,0.0,0.0,0.986159169550173,0.9827586206896552,0.0,0.4930795847750865,-0.015447815630559162,0.9693877551020408,0.0177503110323739,0.1408649059808484,0.0,0.0,0.0,0.9717138103161398,8,601,9
T21,356,0.44590607067351273,0.3331057864303351,0.19718309859154917,0.3181818181818181,0.9668604651162791,0.9822799763733019,0.2434782608695651,0.6425211416490486,0.2261737488208528,0.9506802721088435,0.018179307960472218,0.14575355542840007,0.17391304347826086,0.2857142857142857,0.21621621621621623,0.9510961214165261,23,593,14
T21,357,0.3353523587652881,0.14678192911285803,0.08333333333333329,0.12765957446808512,0.9615608619685497,0.9757683215130023,0.10084033613445376,0.5446102182183175,0.07261594480220906,0.9393424036281179,0.02457729107293849,0.18936792751525183,0.08333333333333333,0.13333333333333333,0.10256410256410256,0.9418604651162791,24,602,15
T21,358,0.39468183803307266,0.12988889182159383,0.11764705882352942,0.11428571428571428,0.982648930017351,0.9820809248554911,0.11594202898550725,0.5484673221515326,0.0983213945435469,0.9654195011337869,0.018457271918163147,0.13980017281000068,0.09090909090909091,0.09090909090909091,0.09090909090909091,0.9675324675324676,11,616,11
T21,359,0.3990003543048024,0.11252672914581896,0.08695652173913045,0.08695652173913045,0.9755529685681024,0.9755529685681024,0.08695652173913045,0.5312547451536164,0.06250949030723651,0.9523809523809523,0.025285162866269764,0.18632715741407077,0.06666666666666667,0.07142857142857142,0.06896551724137931,0.9555921052631579,15,608,14
T21,360,0.3783177286683615,0.205288307666159,0.23404255319148937,0.17741935483870966,0.9788484136310224,0.9702970297029703,0.2018348623853211,0.578133884234866,0.17869440570133246,0.9506802721088435,0.030236507011424406,0.23888767462171595,0.2,0.15789473684210525,0.17647058823529413,0.9544715447154472,15,615,19
T21,361,0.2823852732350416,0.08915341201409786,0.05555555555555553,0.07317073170731707,0.9704004643064422,0.9777777777777777,0.0631578947368421,0.5217855980068796,0.038110014437926255,0.9495464852607709,0.02265107873073554,0.1841383139927535,0.05555555555555555,0.07692307692307693,0.06451612903225806,0.9512605042016806,18,595,13
T21,362,0.4295357806065795,0.20616336192926712,0.1774193548387097,0.17460317460317457,0.9700176366843035,0.9694477085781433,0.176,0.572310405643739,0.14573960979347617,0.9416099773242632,0.03111498706972099,0.2377369064964393,0.15,0.15,0.15,0.9436152570480929,20,603,20
T21,363,0.4472472685991947,0.21879432971388682,0.1363636363636364,0.19565217391304346,0.9668218859138534,0.9782096584216725,0.16071428571428573,0.5812370299134484,0.13643748880536044,0.9467120181405898,0.022103725838464632,0.16801429792981665,0.13636363636363635,0.21428571428571427,0.16666666666666666,0.9493243243243243,22,592,14
T21,364,0.2984383671883677,0.14393692763481195,0.12499999999999997,0.12499999999999997,0.9755244755244755,0.9755244755244755,0.12499999999999997,0.5502622377622377,0.10052447552447707,0.9523809523809522,0.024906559295548504,0.19777097798401513,0.125,0.13333333333333333,0.12903225806451613,0.9536082474226805,16,582,15
T21,365,0.40752264605667754,0.11233934005336321,0.08695652173913042,0.0888888888888889,0.975567190226876,0.9761350407450525,0.0879120879120879,0.5322280395578824,0.06377017126382507,0.9529478458049885,0.024796607079188886,0.18419988730194709,0.06666666666666667,0.07692307692307693,0.07142857142857142,0.9549393414211439,15,577,13
T21,366,0.6657858146150293,0.34979958970074754,0.23404255319148937,0.3142857142857143,0.9791787160208212,0.9860221316249271,0.2682926829268293,0.6467322151532677,0.2541282301520958,0.9659863945578232,0.01429994418113209,0.09501002915635846,0.2,0.2727272727272727,0.23076923076923078,0.9680511182108626,15,626,11
T21,367,0.49228660614144926,0.18877334740616478,0.17499999999999996,0.16279069767441856,0.9808251016850669,0.9791183294663572,0.16867469879518068,0.5718078996797428,0.14877441675993777,0.9608843537414967,0.020785321280200268,0.15045617469860104,0.15384615384615385,0.14285714285714285,0.14814814814814814,0.9601386481802426,13,577,14
T21,368,0.42297520305060865,0.21886576558241896,0.12903225806451613,0.21052631578947367,0.9845272206303725,0.9913444893248701,0.16,0.597526768209923,0.1532315577190865,0.976190476190476,0.01062800445086406,0.07716064624943295,0.1,0.16666666666666666,0.125,0.9764705882352941,10,595,6
T21,369,0.4132945510955986,0.09718512662950655,0.05882352941176471,0.06666666666666667,0.9720767888307157,0.9754816112084064,0.0625,0.5193717277486912,0.03645681951225579,0.9489795918367347,0.024126237825640592,0.18432161215078952,0.058823529411764705,0.07142857142857142,0.06451612903225806,0.9525368248772504,17,611,14
T21,370,0.40154842575224675,0.024289360011666816,0.0,0.0,0.9756803705848291,0.978513356562137,0.0,0.4878401852924146,-0.022859291454126022,0.9552154195011338,0.021690601250590698,0.15952569869802094,0.0,0.0,0.0,0.95578231292517,14,588,12
T21,371,0.5315086992729987,0.37544975862203234,0.23529411764705888,0.3636363636363637,0.977469670710572,0.9877408056042032,0.2857142857142858,0.6705530171734678,0.2758234184965264,0.9659863945578231,0.013000457369713805,0.0966546847181927,0.1875,0.3,0.23076923076923078,0.966499162479062,16,597,10
T21,372,0.22614087301587277,0.015129810579446418,0.0,0.0,0.984375,0.9792746113989635,0.0,0.4921875,-0.017995393768714295,0.9642857142857145,0.02050982351207558,0.16838323557328572,0.0,0.0,0.0,0.9652317880794702,9,604,12
T21,373,0.47864826902420926,0.2176269360059441,0.18918918918918923,0.19999999999999998,0.9826489300173511,0.9837869137232194,0.19444444444444445,0.5913244650086755,0.1777467302526911,0.9671201814058958,0.01689390913873042,0.12161531894551637,0.16666666666666666,0.18181818181818182,0.17391304347826086,0.9677966101694915,12,590,11
T21,374,0.4894564075630256,0.29668820545562663,0.38636363636363624,0.26562500000000006,0.9841176470588234,0.9726744186046512,0.3148148148148148,0.6248713235294117,0.29944467643060546,0.9580498866213151,0.02774266814331411,0.21140756561718657,0.35714285714285715,0.2631578947368421,0.30303030303030304,0.9622950819672131,14,610,19
T21,375,0.3352916948469903,0.027390569757730618,0.0,0.0,0.989467524868344,0.968499427262314,0.0,0.494733762434172,-0.018214801645710262,0.9586167800453517,0.031573237849632105,0.24418495256648715,0.0,0.0,0.0,0.9602076124567474,6,578,17
T21,376,0.3887740811397938,0.2304533738093986,0.28947368421052627,0.20754716981132074,0.9842197545295149,0.9756662804171495,0.24175824175824173,0.5958834621704178,0.22548852639655034,0.9608843537414968,0.024938775706739316,0.19855243651493287,0.25,0.1875,0.21428571428571427,0.9616055846422339,12,573,16
T21,377,0.3935405351253885,0.14497632625284473,0.22580645161290328,0.11290322580645162,0.9858989424206817,0.9682631275245239,0.15053763440860216,0.5494010841135667,0.13847200152270744,0.9552154195011336,0.03181096861881988,0.2433923477728614,0.2,0.10526315789473684,0.13793103448275862,0.9585406301824212,10,603,19
T21,378,0.5651019227818372,0.30705140847604695,0.19230769230769237,0.28571428571428575,0.9757085020242915,0.9853971962616822,0.22988505747126442,0.6307113938692885,0.21553678888899813,0.9620181405895691,0.015514491270432858,0.1122546395404863,0.17647058823529413,0.2727272727272727,0.21428571428571427,0.9627118644067797,17,590,11
T21,379,0.46377154458071096,0.17131357665406372,0.12500000000000006,0.15000000000000005,0.9756380510440835,0.9801864801864802,0.1363636363636364,0.5628190255220418,0.11495835927333205,0.9569160997732425,0.020326962398542866,0.14809138018394408,0.125,0.15384615384615385,0.13793103448275862,0.9589490968801314,16,609,13
T21,380,0.5300396732788808,0.2674059194324604,0.28571428571428564,0.23999999999999994,0.9824970828471411,0.9779326364692218,0.26086956521739124,0.6112485414235705,0.24219965129507848,0.9614512471655329,0.02281746014693505,0.16508170501203626,0.23076923076923078,0.2,0.21428571428571427,0.9636363636363636,13,605,15
T21,381,0.5140920153358903,0.32126871412323615,0.35714285714285715,0.30000000000000004,0.9842473745624271,0.9796747967479675,0.3260869565217392,0.6421236872812135,0.30941805672058625,0.9648526077097506,0.020851367304734792,0.15845446627141296,0.3076923076923077,0.26666666666666666,0.2857142857142857,0.9666110183639399,13,599,15
T21,382,0.594597282068279,0.36857521263962423,0.17500000000000007,0.3500000000000001,0.9617169373549884,0.9845605700712589,0.23333333333333342,0.6558584686774942,0.22301957812091233,0.9478458049886622,0.016107387808989983,0.11560383823900813,0.15384615384615385,0.3333333333333333,0.21052631578947367,0.9506578947368421,26,608,12
T21,383,0.3754048581042095,0.16411539357941365,0.16666666666666663,0.1395348837209302,0.9825682742591517,0.978587962962963,0.15189873417721517,0.561051578990041,0.13317675844157345,0.962018140589569,0.022250969374599944,0.17318643582668306,0.16666666666666666,0.14285714285714285,0.15384615384615385,0.9627749576988156,12,591,14
T21,384,0.18183004640371223,0.01596340680870775,0.0,0.0,0.980858468677494,0.976891969959561,0.0,0.490429234338747,-0.02103147833178815,0.9586167800453514,0.023116397249350103,0.19184890445587688,0.0,0.0,0.0,0.9602649006622517,11,604,13
T21,385,0.42663123187366947,0.28369614883214894,0.23728813559322032,0.26415094339622647,0.9736995908825247,0.9771260997067449,0.25,0.6189252671393756,0.22582856423195607,0.9523809523809526,0.023410564809990313,0.18521704869153846,0.21052631578947367,0.23529411764705882,0.2222222222222222,0.954983922829582,19,622,17
T21,386,0.4184657203261863,0.24660130670878885,0.18181818181818188,0.22727272727272735,0.9738372093023255,0.9801053247513166,0.2020202020202021,0.6005549682875264,0.18045616125863212,0.9552154195011336,0.02068866580296636,0.16141757567889226,0.16666666666666666,0.21428571428571427,0.1875,0.9573070607553367,18,609,14
T21,387,0.5767279449522444,0.37709570674286513,0.2857142857142857,0.3461538461538461,0.973714953271028,0.9800117577895355,0.31304347826086953,0.659934399712437,0.29154325667298653,0.9552154195011339,0.020829130903023668,0.1510127748645888,0.25,0.3125,0.2777777777777778,0.9585987261146497,20,628,16
T21,388,0.4932622354497366,0.29723452486920227,0.17241379310344832,0.2777777777777778,0.9722222222222222,0.984759671746776,0.21276595744680854,0.625,0.19822554379432372,0.9580498866213151,0.015621466964939233,0.12013765351697339,0.15789473684210525,0.2727272727272727,0.2,0.9599332220367279,19,599,11
T21,389,0.448035508795003,0.13016400967525998,0.07142857142857141,0.11538461538461538,0.977560414269275,0.9866434378629501,0.08823529411764704,0.5464725148269451,0.07346771144973469,0.9648526077097507,0.013799163841939667,0.10107352724745211,0.07142857142857142,0.125,0.09090909090909091,0.9672131147540983,14,610,8
T21,390,0.2906194365727638,0.021235803015980007,0.0,0.0,0.9807467911318551,0.9711149624494512,0.0,0.4903733955659276,-0.023582401513095434,0.9529478458049888,0.02892037473192683,0.22521558767356817,0.0,0.0,0.0,0.9563812600969306,11,619,16
T21,391,0.5590555514371911,0.35095744910778354,0.3684210526315788,0.3134328358208956,0.9787860931054801,0.9730521382542472,0.3387096774193548,0.6461094644631877,0.315887527607101,0.9535147392290249,0.027534028571490708,0.2029232112825571,0.3333333333333333,0.2857142857142857,0.3076923076923077,0.955,18,600,21
T21,392,0.4861418347430059,0.270184830731965,0.35135135135135137,0.24528301886792445,0.9859731151373465,0.9768384481760277,0.28888888888888886,0.6156280670026355,0.2754921128792349,0.963718820861678,0.024184400358874574,0.18220709358469384,0.3333333333333333,0.23529411764705882,0.27586206896551724,0.9661290322580646,12,620,17
T21,393,0.2948700636323903,0.13325646609234568,0.1290322580645161,0.11764705882352937,0.9843930635838151,0.9826889786497403,0.12307692307692304,0.5510200612036722,0.1067710104373982,0.9676870748299321,0.01791222538987497,0.14551188179330746,0.1,0.09090909090909091,0.09523809523809523,0.968595041322314,10,605,11
T21,394,0.5234591797091787,0.2361438504284096,0.20408163265306123,0.20833333333333334,0.9772727272727272,0.9778425655976676,0.20618556701030927,0.5928030303030303,0.1837559081124577,0.9563492063492064,0.023317740039462125,0.16739461105939712,0.1875,0.2,0.1935483870967742,0.9605678233438486,16,634,15
T21,395,0.4543261316027268,0.13252300045733628,0.1,0.12000000000000001,0.9844738355376653,0.9873125720876585,0.10909090909090911,0.5522369177688327,0.09550852996804098,0.9722222222222222,0.013031916043824756,0.09558354217196323,0.1,0.125,0.1111111111111111,0.9732441471571907,10,598,8
T21,396,0.586072809798638,0.3124654741537957,0.26415094339622647,0.2857142857142858,0.9772594752186589,0.9795441262419636,0.2745098039215687,0.6314868804664723,0.25315096085847794,0.9580498866213152,0.021242167101885038,0.14675592346977717,0.23529411764705882,0.26666666666666666,0.25,0.9614147909967846,17,622,15
T21,397,0.5977251447408509,0.403118951920169,0.23943661971830998,0.3777777777777779,0.9685863874345549,0.9834613112817484,0.2931034482758622,0.6731820826061664,0.27785581836339585,0.9535147392290251,0.01774608917479979,0.12874660400703236,0.21739130434782608,0.35714285714285715,0.2702702702702703,0.9555921052631579,23,608,14
T21,398,0.4976584381801785,0.22375942748549765,0.19512195121951215,0.2051282051282051,0.9808695652173912,0.9820081253627394,0.19999999999999996,0.5929988851727982,0.1815097774375912,0.963718820861678,0.01865906560716383,0.13638223656644635,0.15384615384615385,0.16666666666666666,0.16,0.9660743134087237,13,619,12
T21,399,0.25935904373404445,0.08096119107307267,0.08333333333333336,0.06250000000000001,0.9807692307692308,0.9739583333333335,0.07142857142857144,0.5216346153846154,0.04978921917598258,0.9557823129251701,0.02625504711556244,0.21586090260951757,0.08333333333333333,0.06666666666666667,0.07407407407407407,0.9585406301824212,12,603,15
T21,400,0.42546795977866425,0.2262206713247784,0.1428571428571428,0.20408163265306117,0.9650145772594751,0.9769775678866587,0.16806722689075623,0.5845481049562682,0.14235025606841073,0.9438775510204082,0.022868382766809178,0.17751087062944884,0.13043478260869565,0.2,0.15789473684210525,0.9470198675496688,23,604,15
T21,401,0.5368840672133576,0.31754383187555957,0.2040816326530612,0.303030303030303,0.9774696707105719,0.9865889212827988,0.2439024390243902,0.6402499868704374,0.23126410307734285,0.9648526077097508,0.014447323984237306,0.10666303863812315,0.1875,0.3,0.23076923076923078,0.9667221297836939,16,601,10
T21,402,0.39291323125245364,0.13779228805405447,0.14285714285714285,0.10606060606060604,0.9752650176678443,0.9655976676384839,0.12173913043478259,0.5406628118642252,0.09391568085206883,0.9427437641723356,0.03390892546666762,0.2583580454602071,0.125,0.09523809523809523,0.10810810810810811,0.9451827242524917,16,602,21
T21,403,0.5766532777003781,0.4025212358460352,0.2857142857142858,0.3829787234042554,0.9737914967967385,0.9829512051734274,0.3272727272727274,0.678385110100497,0.3095994934498749,0.9580498866213153,0.018283893966571475,0.1348797295003053,0.25,0.35714285714285715,0.29411764705882354,0.961038961038961,20,616,14
T21,404,0.39336190108759506,0.022041463313326376,0.0,0.0,0.9774305555555556,0.9791304347826087,0.0,0.4887152777777778,-0.021702868307060776,0.9574829931972789,0.020522360091599016,0.14914765811012676,0.0,0.0,0.0,0.9574829931972789,13,588,12
T21,405,0.4769015706515706,0.1750395128809691,0.15217391304347824,0.14583333333333331,0.9772727272727273,0.9761350407450524,0.14893617021276595,0.5615530303030303,0.12568058657323175,0.9546485260770974,0.02446134998990075,0.17451721616254318,0.13333333333333333,0.14285714285714285,0.13793103448275862,0.9574829931972789,15,588,14
T21,406,0.5005236990387804,0.3189951513632943,0.23529411764705876,0.3,0.9773781902552202,0.9836544074722708,0.2637362637362637,0.6386890951276101,0.24643771151479266,0.9620181405895691,0.01704647842987056,0.12832686416460945,0.1875,0.25,0.21428571428571427,0.9635761589403974,16,604,12
T21,407,0.53171704882877,0.16603691396813985,0.10810810810810813,0.12500000000000003,0.9809468822170901,0.9837869137232196,0.11594202898550726,0.5529734411085451,0.09867112573748024,0.9654195011337868,0.01687940495901992,0.11652082100771417,0.08333333333333333,0.1,0.09090909090909091,0.967373572593801,12,613,10
T21,408,0.35245071758495466,0.015210812868154455,0.0,0.0,0.9896073903002309,0.981672394043528,0.0,0.49480369515011546,-0.013801146888461577,0.971655328798186,0.01913828113800155,0.13997998492339983,0.0,0.0,0.0,0.9723661485319517,6,579,10
T21,409,0.4867834460574071,0.20735330370914623,0.1666666666666667,0.18750000000000003,0.9826789838337182,0.9849537037037037,0.17647058823529416,0.5850894919168591,0.16063187902194778,0.9682539682539685,0.015454746428821612,0.11545326652370906,0.16666666666666666,0.2,0.18181818181818182,0.9706362153344209,12,613,10
T21,410,0.4233254087684457,0.31629769983757683,0.19512195121951217,0.3076923076923077,0.9810126582278479,0.9895531050493325,0.23880597014925373,0.6443524829600777,0.23090388872082102,0.9710884353741498,0.011874760356617513,0.09234600706572507,0.15384615384615385,0.25,0.19047619047619047,0.9731012658227848,13,632,8
T21,411,0.6731120867298551,0.39177564904960166,0.31250000000000006,0.36585365853658536,0.9808473592571098,0.9848484848484849,0.33707865168539325,0.6733505088968476,0.3210779069577753,0.9665532879818596,0.015953291664878688,0.10885134809431106,0.26666666666666666,0.3333333333333333,0.2962962962962963,0.9684908789386402,15,603,12
T21,412,0.5583765358462058,0.2619718086404659,0.17021276595744678,0.24242424242424238,0.977469670710572,0.9854397204426325,0.19999999999999993,0.6099469565674072,0.1850054980903997,0.9637188208616779,0.015092812878468323,0.10751987652572972,0.13333333333333333,0.2,0.16,0.9642248722316865,15,587,10
T21,413,0.7003798349877844,0.368971785249885,0.25000000000000006,0.3428571428571428,0.9791787160208213,0.9865967365967367,0.28915662650602414,0.6610179294389821,0.2760301311046564,0.9665532879818594,0.014719592479856467,0.09379456331308603,0.2,0.3,0.24,0.9690048939641109,15,613,10
T21,414,0.4426241790075667,0.1848660254589931,0.07272727272727272,0.17391304347826086,0.970706490522688,0.9888823873610298,0.10256410256410256,0.5723097670004744,0.09439258621272918,0.9603174603174602,0.011932904522077275,0.08789917207945912,0.05555555555555555,0.14285714285714285,0.08,0.9617940199335548,18,602,7
T21,415,0.5435303041077045,0.2846642373896401,0.28947368421052627,0.2619047619047618,0.9843205574912892,0.9820393974507532,0.27499999999999997,0.6231126596980255,0.2585602352494598,0.9671201814058957,0.018348563712988264,0.13476110086844367,0.25,0.25,0.25,0.9690189328743546,12,581,12
T21,416,0.42710750119445634,0.025239508586780895,0.0,0.0,0.9826086956521739,0.9775086505190311,0.0,0.49130434782608695,-0.01977761118074953,0.9608843537414966,0.022472159687719928,0.16115534430524492,0.0,0.0,0.0,0.9632107023411371,10,598,12
T21,417,0.49744083734057,0.29748662160576134,0.33333333333333337,0.2790697674418605,0.9860546194073212,0.9820601851851851,0.30379746835443044,0.6325621934245909,0.28916865876755676,0.9688208616780045,0.019039525751117524,0.14211344290084113,0.2727272727272727,0.23076923076923078,0.25,0.9703947368421053,11,608,13
T21,418,0.4916183869928592,0.23384628086690482,0.21739130434782614,0.19607843137254904,0.9789842381786339,0.9761350407450524,0.20618556701030932,0.5875313347755915,0.1840631375382975,0.9563492063492062,0.024684406416688592,0.18034478806547163,0.2,0.1875,0.1935483870967742,0.9585406301824212,15,603,16
T21,419,0.4099149107336257,0.1689658211212153,0.25,0.1296296296296296,0.987719298245614,0.972926267281106,0.17073170731707316,0.5586744639376218,0.16174102281321995,0.9614512471655329,0.026916265436225516,0.21171035695303606,0.2222222222222222,0.11764705882352941,0.15384615384615385,0.9636363636363636,9,605,17
T21,420,0.5095332005634632,0.2516253085386592,0.18181818181818185,0.23529411764705885,0.9791907514450866,0.9848837209302325,0.20512820512820515,0.6072424345460727,0.18909002033001177,0.9648526077097505,0.016218090544035533,0.11379384021832946,0.14285714285714285,0.2,0.16666666666666666,0.966832504145937,14,603,10
T21,421,0.5139242541152267,0.323025462393204,0.16176470588235284,0.3055555555555556,0.9670138888888888,0.9852594339622642,0.21153846153846145,0.6362847222222222,0.20018563414333443,0.953514739229025,0.015659985699590755,0.11552151057460583,0.13636363636363635,0.2727272727272727,0.18181818181818182,0.954468802698145,22,593,11
T21,422,0.42314560439560434,0.3068669722587885,0.2777777777777778,0.28846153846153855,0.9772196261682243,0.9783625730994151,0.28301886792452835,0.6328405823148815,0.26086714382943815,0.9569160997732429,0.02231396287142565,0.18125890768539857,0.23529411764705882,0.25,0.24242424242424243,0.9579124579124579,17,594,16
T21,423,0.5233360796873266,0.2972800743218961,0.2153846153846154,0.2641509433962264,0.9701928696668615,0.9770453207769277,0.23728813559322035,0.617171906531544,0.21235528010290436,0.9489795918367345,0.023560221651757876,0.17620134037164598,0.19047619047619047,0.25,0.21621621621621623,0.9522240527182867,21,607,16
T21,424,0.5675835864798444,0.2791890827175884,0.27999999999999997,0.22950819672131145,0.9788608338226659,0.9725787631271877,0.25225225225225223,0.6041845152719887,0.22941140339749827,0.9529478458049887,0.027466705527232644,0.1975742405793418,0.25,0.21052631578947367,0.22857142857142856,0.9561688311688312,16,616,19
T21,425,0.5369702304055893,0.02087531904641414,0.0,0.0,0.9792507204610952,0.9832175925925926,0.0,0.4896253602305476,-0.01866073049567152,0.9631519274376416,0.017259255678757787,0.11335834685661672,0.0,0.0,0.0,0.9658536585365853,12,615,9
T21,426,0.5218006038948438,0.10252470385292678,0.07692307692307693,0.06666666666666667,0.9790575916230366,0.9756521739130435,0.07142857142857142,0.5228621291448516,0.04903023912726376,0.9557823129251702,0.024455575706053504,0.1678839614210068,0.07692307692307693,0.07142857142857142,0.07407407407407407,0.9581939799331104,13,598,14
T21,427,0.5595943211340719,0.3679728347657876,0.34375000000000006,0.3548387096774194,0.9878822850548183,0.9884526558891455,0.34920634920634924,0.6713604973661189,0.33742084209339934,0.9767573696145124,0.01340516391180406,0.09669774446661482,0.3,0.3333333333333333,0.3157894736842105,0.9792,10,625,9
T21,428,0.3521919898191609,0.149994232700177,0.14285714285714285,0.13043478260869565,0.9790454016298021,0.9767711962833915,0.13636363636363638,0.5547400921192489,0.1144418306793926,0.9569160997732428,0.02355121106399242,0.18425495413003895,0.14285714285714285,0.14285714285714285,0.14285714285714285,0.9607201309328969,14,611,14
T21,429,0.3397203546141492,0.14781863827324876,0.11764705882352942,0.12244897959183675,0.9737609329446064,0.9748978400467017,0.12000000000000001,0.5481049562682215,0.09435961332052488,0.9501133786848073,0.02513314439575698,0.20100900120866405,0.11764705882352941,0.13333333333333333,0.125,0.954248366013072,17,612,15
T21,430,0.23431402978572943,0.007156717050334304,0.0,0.0,0.9759862778730702,0.9912891986062717,0.0,0.4879931389365351,-0.014463013661470054,0.9676870748299321,0.009277002903739198,0.07497426664910531,0.0,0.0,0.0,0.9693053311793215,14,619,5
T21,431,0.36198843988678364,0.007876953198295521,0.0,0.0,0.9845802398629353,0.9925158318940701,0.0,0.49229011993146765,-0.010742628962173413,0.9773242630385488,0.007841472630686314,0.059664534508353115,0.0,0.0,0.0,0.9791332263242376,9,623,4
T21,432,0.5739304084002931,0.260952777479961,0.20408163265306123,0.2380952380952381,0.9773519163763066,0.9813411078717201,0.21978021978021978,0.6077235772357723,0.19987196356763004,0.959750566893424,0.019907837989950095,0.1352178977165663,0.1875,0.23076923076923078,0.20689655172413793,0.9626623376623377,16,616,13
T21,433,0.5238014475420658,0.39188710068993515,0.2666666666666666,0.375,0.98094688221709,0.9883653286794647,0.3116883116883117,0.677973441108545,0.30129361694044726,0.969954648526077,0.012468708929334204,0.10000833922843719,0.21428571428571427,0.3333333333333333,0.2608695652173913,0.9721311475409836,14,610,9
T21,434,0.4247304097771406,0.18301042062566783,0.3076923076923077,0.15384615384615385,0.9894859813084113,0.9746835443037976,0.20512820512820512,0.5716660675772826,0.20118035138325815,0.9648526077097503,0.025622052937473192,0.19759269846376548,0.25,0.125,0.16666666666666666,0.966499162479062,8,597,16
T21,435,0.3924528773748898,0.10723493431812402,0.1111111111111111,0.09090909090909091,0.9861351819757367,0.9827288428324699,0.1,0.5385221364424138,0.08502841301076572,0.9693877551020407,0.017560339410936963,0.13357506196516983,0.1111111111111111,0.1,0.10526315789473684,0.9714285714285714,9,595,10
T21,436,0.2681486042692933,0.01105897854643772,0.0,0.0,0.9862068965517241,0.9862068965517241,0.0,0.49310344827586206,-0.013793103448270568,0.9727891156462585,0.01382952555138425,0.11216854554595189,0.0,0.0,0.0,0.9735973597359736,8,606,8
T21,437,0.3921749623188905,0.12528078305905904,0.1176470588235294,0.10526315789473684,0.9826187717265353,0.9803468208092485,0.1111111111111111,0.543940964810636,0.09280027604055764,0.9637188208616779,0.020154471338003487,0.15191769634333663,0.09090909090909091,0.09090909090909091,0.09090909090909091,0.9659863945578231,11,588,11
T21,438,0.5053822828676635,0.145488553455876,0.11111111111111112,0.11111111111111113,0.9719298245614035,0.9719298245614035,0.11111111111111113,0.5415204678362573,0.08304093567251293,0.9455782312925171,0.027594525153697192,0.19415155344062818,0.1111111111111111,0.11764705882352941,0.11428571428571428,0.9504,18,625,17
T21,439,0.5539505424855735,0.21189502239274083,0.14285714285714282,0.1891891891891892,0.9756803705848291,0.9825072886297375,0.1627906976744186,0.5824347798870092,0.1437664029965351,0.9591836734693878,0.018199789173243868,0.12225529804593978,0.125,0.18181818181818182,0.14814814814814814,0.9625407166123778,16,614,11
T21,440,0.6249093489957421,0.32415556478495966,0.3414634146341464,0.28571428571428575,0.9842565597667638,0.9796865931514801,0.31111111111111117,0.6349854227405248,0.2944505716213381,0.9648526077097505,0.02090542181417807,0.1458899174306702,0.3076923076923077,0.26666666666666666,0.2857142857142857,0.966832504145937,13,603,15
T21,441,0.476512184086355,0.3295688225058075,0.27999999999999997,0.31111111111111106,0.9790575916230366,0.9819136522753792,0.29473684210526313,0.6450843513670739,0.2756794238043721,0.9620181405895692,0.019095756501152424,0.14956822718865742,0.25,0.3076923076923077,0.27586206896551724,0.9648829431438127,16,598,13
T21,442,0.46274015488548315,0.25052030298512523,0.1627906976744186,0.2333333333333333,0.9792387543252594,0.9866356769320163,0.19178082191780818,0.6062860438292964,0.17822423067962878,0.9665532879818594,0.013766533268514172,0.10680757067991696,0.14285714285714285,0.2222222222222222,0.17391304347826086,0.969551282051282,14,624,9
T21,443,0.43449721293199606,0.1259651361495115,0.07272727272727271,0.10256410256410257,0.9704347826086959,0.9795201872440025,0.0851063829787234,0.5364994425863993,0.06175764188352404,0.9512471655328799,0.02108802018927384,0.15579275661721972,0.05555555555555555,0.08333333333333333,0.06666666666666667,0.9535655058043118,18,603,12
T21,444,0.28166706997003244,0.10949167916056977,0.0588235294117647,0.09677419354838707,0.9723023658395844,0.9836544074722707,0.07317073170731705,0.5345382796939857,0.054168530807548215,0.9569160997732427,0.0163369311389402,0.1342986185441191,0.058823529411764705,0.1,0.07407407407407407,0.9596122778675282,17,619,10
T21,445,0.3859350799143211,0.11342736212837388,0.049999999999999975,0.09999999999999998,0.967128027681661,0.9841549295774648,0.06666666666666664,0.5335640138408304,0.04788270103222371,0.9523809523809523,0.016510755721624387,0.12455428049836834,0.05,0.1,0.06666666666666667,0.9529411764705882,20,595,10
T21,446,0.500249853027632,0.23930018156026683,0.16,0.22222222222222224,0.9756944444444445,0.9836639439906653,0.18604651162790697,0.5989583333333334,0.16862232626440504,0.9603174603174603,0.01696772097244155,0.12268768683141848,0.125,0.18181818181818182,0.14814814814814814,0.9621087314662273,16,607,11
T21,447,0.4324406901509706,0.1621327568835801,0.15217391304347822,0.1346153846153846,0.9772196261682242,0.9738067520372525,0.14285714285714282,0.5559175053918044,0.1186973000444,0.9523809523809524,0.026476023669688674,0.19953937462590096,0.13333333333333333,0.13333333333333333,0.13333333333333333,0.9573770491803278,15,610,15
T21,448,0.2881199538638997,0.01441648119791717,0.0,0.0,0.9775086505190312,0.982608695652174,0.0,0.4887543252595156,-0.019777611180748174,0.9608843537414967,0.017663402330040365,0.1377038383380022,0.0,0.0,0.0,0.9633173843700159,13,627,10
T21,449,0.4810341319895456,0.2621335653506069,0.1428571428571428,0.24324324324324317,0.9687319050376374,0.9835390946502057,0.1799999999999999,0.6059875741404404,0.16368525036717693,0.9535147392290247,0.01678844853975836,0.12571328685769803,0.14285714285714285,0.25,0.18181818181818182,0.9552980132450332,21,604,12
T21,450,0.4209724063639384,0.09995662651009203,0.06666666666666665,0.07499999999999998,0.9756380510440834,0.9784758580570098,0.07058823529411762,0.5253190255220417,0.04781139478425595,0.9552154195011339,0.02155855408616109,0.15872070336575222,0.06666666666666667,0.07692307692307693,0.07142857142857142,0.9582664526484751,15,623,13
T21,451,0.48959850606909394,0.3125208826088359,0.16666666666666663,0.30000000000000004,0.9740484429065743,0.9877192982456139,0.21428571428571427,0.6370242214532872,0.20569208368539602,0.9625850340136054,0.012678212831222457,0.10055039133796972,0.16666666666666666,0.3333333333333333,0.2222222222222222,0.9657980456026058,18,614,9
T21,452,0.2758555980891969,0.13961739041795068,0.06250000000000001,0.13043478260869565,0.9741527857553128,0.9883449883449883,0.08450704225352114,0.5522937841820043,0.07292292982662076,0.9631519274376417,0.011984889104552103,0.10086739246486494,0.0625,0.14285714285714285,0.08695652173913043,0.9662379421221865,16,622,7
T21,453,0.43540435619405543,0.10411244923005963,0.07692307692307693,0.06976744186046513,0.979081929110982,0.9768115942028985,0.07317073170731708,0.5244246854857235,0.051233825582924886,0.9569160997732427,0.022920281662740738,0.17203026600475177,0.07692307692307693,0.07142857142857142,0.07407407407407407,0.9588138385502472,13,607,14
T21,454,0.451153275763329,0.2265862039674517,0.15217391304347822,0.2121212121212121,0.977469670710572,0.9848661233993015,0.17721518987341767,0.594795441415892,0.16118790740153952,0.9631519274376416,0.015548512548555602,0.11923128765882672,0.13333333333333333,0.2,0.16,0.9652892561983472,15,605,10
T21,455,0.5021396804308758,0.19424019550720995,0.2894736842105263,0.15068493150684928,0.984033116499113,0.9640787949015064,0.19819819819819817,0.5673590240029811,0.18481908736125338,0.9495464852607709,0.036298448248709286,0.26221457676183774,0.25,0.13636363636363635,0.17647058823529413,0.9534883720930233,12,602,22
T21,456,0.3241192253384447,0.10961580607527256,0.06666666666666664,0.0967741935483871,0.9757645701096366,0.9837114601512508,0.07894736842105261,0.5362693818290118,0.06045136090097212,0.9603174603174601,0.01666931856145406,0.13304819352632952,0.06666666666666667,0.1,0.08,0.9613445378151261,15,595,10
T21,457,0.3284173965569324,0.08745168945748467,0.0625,0.06818181818181818,0.9738372093023255,0.9761072261072261,0.06521739130434782,0.5210095137420718,0.04027701695615326,0.9512471655328799,0.024265095574714634,0.18681660281033236,0.0625,0.07142857142857142,0.06666666666666667,0.9534109816971714,16,601,14
T21,458,0.4190082480373642,0.2521633866954227,0.15217391304347824,0.2413793103448276,0.9775216138328529,0.9871944121071012,0.18666666666666665,0.6094504620888402,0.17466497982296977,0.9654195011337868,0.013070792144642067,0.10549711020169737,0.13333333333333333,0.2222222222222222,0.16666666666666666,0.966996699669967,15,606,9
T21,459,0.24189921501319955,0.015826608730853085,0.0,0.0,0.9791425260718423,0.9780092592592592,0.0,0.48957126303592113,-0.021416612749475598,0.9580498866213152,0.021833923750711883,0.17454409815877478,0.0,0.0,0.0,0.9602649006622517,12,604,12
T21,460,0.7955746848089975,0.5754787824799441,0.27777777777777785,0.5555555555555555,0.9775474956822107,0.9929824561403509,0.37037037037037046,0.7665515256188831,0.37992513322444144,0.9710884353741495,0.007919302571570683,0.051070586904991465,0.23529411764705882,0.5,0.32,0.9716193656093489,17,599,8
T21,461,0.2286465997770335,0.01640207398564544,0.0,0.0,0.9791304347826086,0.9774305555555555,0.0,0.4895652173913043,-0.021702868307059305,0.957482993197279,0.022945034401597397,0.18595890408689092,0.0,0.0,0.0,0.9605263157894737,12,608,12
T21,462,0.4087310580974964,0.1418144727343668,0.10526315789473684,0.11764705882352941,0.9702276707530648,0.9736379613356767,0.1111111111111111,0.5439373647882971,0.08326712746134331,0.9455782312925168,0.026281974197361314,0.19585423361290716,0.10526315789473684,0.125,0.11428571428571428,0.948073701842546,19,597,16
T21,463,0.42732637099485604,0.1711258960681098,0.21052631578947367,0.14035087719298245,0.9824253075571175,0.9716106604866741,0.16842105263157894,0.56138809237505,0.1495395701782772,0.9552154195011339,0.02907890388147138,0.21649078020535978,0.16666666666666666,0.1111111111111111,0.13333333333333333,0.9570957095709571,12,606,18
T21,464,0.44475679464960527,0.2763970734182151,0.26666666666666666,0.2553191489361702,0.9807804309842749,0.9796393251890633,0.2608695652173913,0.6180497899602226,0.2411487947492728,0.9614512471655331,0.020578502844690816,0.1608521735019406,0.21428571428571427,0.21428571428571427,0.21428571428571427,0.9632107023411371,14,598,14
T21,465,0.5437612133064066,0.24750559370938055,0.1176470588235294,0.2222222222222222,0.9740932642487045,0.9877408056042032,0.15384615384615383,0.5981577432354633,0.14383765109755756,0.9625850340136056,0.012890511871224943,0.09228546426861411,0.11764705882352941,0.2222222222222222,0.15384615384615385,0.9633333333333334,17,600,9
T21,466,0.4628298333670949,0.2264799312405377,0.14285714285714288,0.2121212121212121,0.9757365684575388,0.9848396501457726,0.17073170731707318,0.5939288902893755,0.1548832983912492,0.9614512471655329,0.015743765703213414,0.11684015304943944,0.125,0.2,0.15384615384615385,0.9646302250803859,16,622,10
T21,467,0.345696108402876,0.10548800515751068,0.06666666666666667,0.08571428571428573,0.9757085020242915,0.9813845258871438,0.075,0.5307113938692886,0.05432714055440839,0.9580498866213153,0.018751284774380747,0.14654910443380417,0.06666666666666667,0.09090909090909091,0.07692307692307693,0.9607201309328969,15,611,11
T21,468,0.4648944099378874,0.026784594834566147,0.0,0.0,0.9860869565217392,0.9775862068965517,0.0,0.4930434782608696,-0.01765910750748757,0.9642857142857144,0.022859760332804204,0.15794303265985166,0.0,0.0,0.0,0.9664429530201343,8,596,12
T21,469,0.28661309805157464,0.015452997641902248,0.0,0.0,0.9740034662045062,0.9808027923211169,0.0,0.4870017331022531,-0.022339670055829732,0.95578231292517,0.01913365147454794,0.1484302538282792,0.0,0.0,0.0,0.9586776859504132,15,605,10
T21,470,0.6348285799463385,0.29783265633092154,0.25,0.27586206896551724,0.9861671469740634,0.9878752886836027,0.26229508196721313,0.6310146079697903,0.24966032000533217,0.9744897959183674,0.012640730844979048,0.08830701143701192,0.2,0.25,0.2222222222222222,0.9763513513513513,10,592,8
T21,471,0.43241696358953186,0.04101459996289562,0.0,0.0,0.9876688197298884,0.9650028686173263,0.0,0.4938344098649442,-0.020773924425022645,0.9535147392290249,0.03488341080180591,0.25342426097354803,0.0,0.0,0.0,0.9563758389261745,7,596,19
T21,472,0.5602479609942292,0.37342592267249414,0.3076923076923077,0.3636363636363636,0.9896670493685419,0.9919447640966627,0.33333333333333326,0.6766517065024528,0.32536564066575735,0.981859410430839,0.009176287198137456,0.06935039538583111,0.25,0.3333333333333333,0.2857142857142857,0.9834983498349835,8,606,6
T21,473,0.4031482159086885,0.18659987044326165,0.1176470588235294,0.17142857142857146,0.9739733950260265,0.9830706363105662,0.13953488372093023,0.572700983227299,0.12101467237187295,0.9580498866213153,0.01748161330595725,0.13715939674927585,0.11764705882352941,0.18181818181818182,0.14285714285714285,0.9601328903654485,17,602,11
T21,474,0.5127271481117645,0.2764171279933784,0.2741935483870969,0.2297297297297298,0.9733727810650888,0.9665099882491187,0.25000000000000006,0.6015512553974093,0.22110516196599433,0.9421768707482994,0.03379452860558174,0.2494794079687786,0.25,0.21739130434782608,0.23255813953488372,0.9449081803005008,20,599,23
T21,475,0.453390864182472,0.2086819897673078,0.12727272727272726,0.18421052631578946,0.9721900347624562,0.9818607372732591,0.15053763440860216,0.5782002805391229,0.13064660381121615,0.9552154195011338,0.01820147877730774,0.13875306807554186,0.1111111111111111,0.16666666666666666,0.13333333333333333,0.9580645161290322,18,620,12
T21,476,0.5742364532019721,0.14368121756582294,0.10000000000000003,0.12500000000000003,0.9844827586206896,0.9878892733564013,0.11111111111111113,0.5547413793103448,0.09809362925402713,0.9727891156462585,0.01223376568060747,0.08432895829757894,0.1,0.125,0.1111111111111111,0.9728353140916808,10,589,8
T21,477,0.6136895094464695,0.3011364961029991,0.34375,0.275,0.9878190255220416,0.9832563510392609,0.3055555555555556,0.6314095127610209,0.293161202275571,0.971655328798186,0.017448527254412476,0.11999859197155467,0.3,0.25,0.2727272727272727,0.9741935483870968,10,620,12
T21,478,0.40363940329218273,0.1288049596900672,0.08695652173913042,0.11111111111111112,0.9756944444444444,0.9813736903376019,0.09756097560975609,0.5434027777777778,0.07701585564382277,0.9580498866213153,0.01878392498868597,0.13897670181661487,0.06666666666666667,0.09090909090909091,0.07692307692307693,0.9609756097560975,15,615,11
T21,479,0.40790158838101703,0.10622896949355949,0.08333333333333331,0.08823529411764705,0.9809248554913294,0.9820601851851851,0.08571428571428569,0.5345800748044882,0.06725046857976702,0.9637188208616778,0.01809566777223311,0.1370756382618371,0.08333333333333333,0.09090909090909091,0.08695652173913043,0.9662921348314607,12,623,11
T21,480,0.4039814910081397,0.15857314417264193,0.2105263157894737,0.12903225806451615,0.982373678025852,0.9687137891077637,0.16000000000000003,0.555702968045184,0.1413096304963408,0.9523809523809522,0.03162305342178307,0.24426708855784518,0.16666666666666666,0.10526315789473684,0.12903225806451613,0.9559543230016313,12,613,19
T21,481,0.44703563259443935,0.22646847004778337,0.23404255319148928,0.19999999999999996,0.9789350497366882,0.9743739079790333,0.21568627450980388,0.5894675248683441,0.19311398148630476,0.9546485260770974,0.02561362834043361,0.19919619291591015,0.2,0.1875,0.1935483870967742,0.9576988155668359,15,591,16
T21,482,0.4524219630974379,0.1516404517399994,0.11111111111111106,0.1276595744680851,0.9720442632498545,0.9760233918128656,0.11881188118811876,0.5498519188589698,0.09320753370391444,0.9495464852607709,0.023764351710518366,0.17632327251705576,0.1111111111111111,0.13333333333333333,0.12121212121212122,0.9512605042016806,18,595,15
T21,483,0.399151374002329,0.08902489507085172,0.06250000000000001,0.06122448979591837,0.9737609329446064,0.9731934731934732,0.0618556701030928,0.5174927113702624,0.0353376746370116,0.9484126984126985,0.02643710345970027,0.19887187662821637,0.0625,0.06666666666666667,0.06451612903225806,0.9526143790849673,16,612,15
T21,484,0.4789751282037408,0.2604392145898245,0.25000000000000006,0.2258064516129033,0.9753231492361927,0.9718969555035128,0.2372881355932204,0.600564800424548,0.21125824502265275,0.9489795918367347,0.028423979548186262,0.21399588826870158,0.2222222222222222,0.21052631578947367,0.21621621621621623,0.9517470881863561,18,601,19
T21,485,0.49170861810301675,0.32199531720345,0.26315789473684204,0.29999999999999993,0.9754959159859976,0.9794961921499706,0.2803738317757009,0.6377479579929988,0.25855407545546344,0.9563492063492063,0.021009216117619058,0.16142484631683068,0.2222222222222222,0.26666666666666666,0.24242424242424243,0.9592833876221498,18,614,15
T21,486,0.34243334430546446,0.0144865904054193,0.0,0.0,0.9861751152073732,0.9839080459770116,0.0,0.4930875576036866,-0.014915408491086085,0.9705215419501134,0.017009083083675984,0.1271424282015041,0.0,0.0,0.0,0.9738134206219312,8,611,8
T21,487,0.5007107288846413,0.23033065606332367,0.1702127659574468,0.2051282051282051,0.9773913043478258,0.9819452533488642,0.18604651162790695,0.5912597547380155,0.16664875351058614,0.9603174603174605,0.01844883543596943,0.13507090646424463,0.13333333333333333,0.16666666666666666,0.14814814814814814,0.9631410256410257,15,624,12
T21,488,0.30076077996837935,0.10982468118466904,0.07692307692307693,0.09302325581395349,0.9721092388146425,0.9772196261682242,0.08421052631578947,0.532566247314298,0.05938391464253338,0.9506802721088436,0.02317377391585485,0.18322466430546686,0.058823529411764705,0.07692307692307693,0.06666666666666667,0.9534883720930233,17,602,13
T21,489,0.4491035611952521,0.3751941722283717,0.1272727272727273,0.3684210526315789,0.9724928366762178,0.9929783499122294,0.18918918918918917,0.6704569446538984,0.20247286834678654,0.9659863945578233,0.007796034950284934,0.06491794137938896,0.1111111111111111,0.3333333333333333,0.16666666666666666,0.9667221297836939,18,601,6
T21,490,0.23787916036992324,0.017939600080358397,0.0,0.0,0.9860302677532015,0.9735632183908046,0.0,0.49301513387660073,-0.01921756385569326,0.9603174603174602,0.02708899772395895,0.21216657590500468,0.0,0.0,0.0,0.9634551495016611,8,602,14
T21,491,0.36059170614144337,0.022254319631754664,0.0,0.0,0.9825479930191972,0.9740484429065742,0.0,0.4912739965095986,-0.02128160603801268,0.9574829931972789,0.025660207790882923,0.19581101123625053,0.0,0.0,0.0,0.9615384615384616,10,624,14
T21,492,0.4756473214285707,0.15988376968044352,0.2105263157894737,0.12499999999999996,0.9823529411764704,0.9675550405561991,0.15686274509803919,0.5536764705882352,0.13826625536407625,0.9512471655328799,0.0328189530079961,0.24026385745193507,0.16666666666666666,0.10526315789473684,0.12903225806451613,0.9578125,12,640,19
T21,493,0.39316391398241946,0.17894569276969524,0.3793103448275862,0.14102564102564097,0.9893238434163701,0.9613832853025936,0.20560747663551396,0.5651747422210056,0.21073499718875696,0.9518140589569161,0.03881035326173553,0.3013385548551316,0.3333333333333333,0.125,0.18181818181818182,0.954468802698145,9,593,24
T21,494,0.29402503393153323,0.008583741827198586,0.0,0.0,0.9810888252148996,0.9890236857307915,0.0,0.4905444126074498,-0.014407463261832948,0.9705215419501135,0.011622417783013404,0.0894017814793115,0.0,0.0,0.0,0.9725806451612903,11,620,6
T21,495,0.26963633381543856,0.010258364558961921,0.0,0.0,0.9793340987370837,0.9872685185185184,0.0,0.48966704936854183,-0.016220589977769435,0.9671201814058956,0.01260468044509748,0.1033081874744926,0.0,0.0,0.0,0.9697452229299363,12,628,7
T21,496,0.29277813923227064,0.07777920873545444,0.06666666666666665,0.05660377358490565,0.9754529514903565,0.9709133216986618,0.061224489795918345,0.5160283625376311,0.034708663981182684,0.9478458049886621,0.02865950706956487,0.22959433192399242,0.06666666666666667,0.058823529411764705,0.0625,0.9508196721311475,15,610,17
T21,497,0.41028965336134543,0.1407075081949959,0.175,0.10937500000000003,0.9805882352941176,0.9669373549883991,0.13461538461538464,0.5449816176470589,0.11300063567894787,0.9489795918367347,0.03346769189459994,0.24975605207034482,0.15384615384615385,0.1,0.12121212121212122,0.9517470881863561,13,601,20
T21,498,0.5755200495706827,0.2869834957111891,0.12727272727272726,0.2692307692307692,0.9723820483314154,0.9888823873610298,0.1728395061728395,0.6208064087810923,0.16752481762688545,0.962018140589569,0.011530548951090793,0.08403373382354003,0.1111111111111111,0.25,0.15384615384615385,0.9639344262295082,18,610,8
T21,499,0.5235049174862463,0.12304105187153266,0.14285714285714285,0.08,0.9859976662777129,0.9735023041474654,0.10256410256410256,0.5329988331388564,0.08763248228636385,0.9603174603174603,0.026741239055948603,0.1820874108764542,0.1111111111111111,0.0625,0.08,0.9626623376623377,9,616,16
