iteration,mode,success,intercept,beta_bmi_std,sigma,bmi_mean,bmi_sd,n_left,n_interval,n_right,n_uninformative,rho80_cuts,rho80_times,rho80_cost,rho90_cuts,rho90_times,rho90_cost
0,measurement,True,1.994310993924562,0.07186810586767237,0.583379667892808,31.86585530710386,2.4125998252964345,218,41,8,0,"[30.98707349, 33.4900573033305, 35.475127404999995]","[11.506772316953844, 12.454688483323963, 13.180691159481606, 14.110147030311841]",19.365496031762117,"[30.70173971, 32.93975158, 35.475127404999995]","[14.885342489720038, 15.903010360172797, 17.063834350352995, 18.92908339305825]",13.947223430437912
1,measurement,True,2.062175614510745,0.10795897847872454,0.4997200726892686,31.86391962561406,3.027942779202709,213,47,7,0,"[30.80642350513085, 32.66291330362475, 35.1705589940727]","[11.382974306226593, 12.190038091806542, 12.944346060280662, 15.52254675088663]",33.75449911446342,"[30.80642350513085, 34.111694459999995, 36.32668681]","[14.201826016547592, 16.020657242112446, 17.468369542296042, 23.815405850497875]",26.217799181146002
2,measurement,True,2.201393829332911,0.027665832753387486,0.43758108568087817,32.14572549158126,3.077528007312671,214,46,7,0,"[31.016566405, 33.61575142335015, 36.086685880000005]","[12.861295312540966, 13.186281263892814, 13.435448766582484, 13.911636868523031]",6.534923594039313,"[30.8086540818733, 33.61575142335015, 36.086685880000005]","[15.599403563785774, 16.00546479373644, 16.328994553030487, 16.886421026863413]",4.501509533242876
3,measurement,True,2.1639813031173953,0.02518580857652052,0.44256296367990566,31.820113011680096,2.7118014017028953,214,48,5,0,"[29.85108298827395, 31.83326575245955, 34.7839153964828]","[12.363770170319148, 12.568036131327952, 12.890296375353465, 13.431993084846233]",6.642900284024464,"[30.21434031247735, 32.2399911193925, 34.7839153964828]","[15.099265373054983, 15.378623034241812, 15.687718970998722, 16.40092387795633]",4.611003811981669
4,measurement,True,2.0830697000463494,0.16737973593186029,0.5322378088368543,31.808445567578584,2.9407341455784795,212,46,9,0,"[30.97970272281495, 33.80869648270895, 36.09730783]","[11.546053410407113, 13.71233957668548, 15.618723067773548, 18.8650612204877]",54.899765947417805,"[30.8131747718733, 33.59095144055455, 35.55795257478585]","[14.727663853975429, 17.374027899756307, 19.396639347495928, 24.11047234653062]",50.79501976374355
5,measurement,True,2.1553903593915167,0.05503269152769329,0.4383414838330177,31.65635823020103,3.220359424047043,214,47,6,0,"[30.5924608559611, 33.12300602801975, 36.32668681]","[12.158668567012581, 12.657251921553506, 13.359083898873482, 14.185966561083003]",17.79180781336388,"[30.3483792711496, 32.885736178624754, 36.32668681]","[14.744682989242593, 15.359684134487335, 16.2710500496538, 19.008405651692616]",12.78464846916221
6,measurement,True,2.1412333990976222,0.12886330688873507,0.45307635603093976,32.02705770047925,2.890807637720673,215,44,8,0,"[30.534848816629747, 32.9759465231214, 35.78833718]","[11.405783915243314, 12.67248835701937, 14.261400054477877, 17.233438768522156]",44.556896097322145,"[30.3186894146128, 32.8449168645578, 35.78833718]","[13.921614319907516, 15.512815041856761, 17.79324102282492, 22.823270122503732]",36.49248305992814
7,measurement,True,2.093316221083595,0.20744411862855808,0.4476053225563425,31.97966409676447,3.0128272316566918,216,45,6,0,"[30.97970272281495, 33.75437025555455, 36.32668681]","[10.51489185023752, 12.861908326128141, 15.468921300572081, 20.734305374810223]",72.21309487128663,"[30.3292723037254, 32.2234017078153, 34.09516117264635]","[12.688447701087082, 14.433122716246883, 16.40164826129993, 23.60189473095183]",73.52853021932154
8,measurement,True,2.1069682934972307,0.012584452449718592,0.4336736498618839,31.670233925733474,2.7871108388185024,212,45,10,0,"[30.6010946869128, 33.2382855636214, 35.642604625000004]","[11.76295138498118, 11.901675892132637, 12.025222966050572, 12.241265846568846]",3.769182408702008,"[30.7309928534174, 33.08240229366275, 35.642604625000004]","[14.258004375426697, 14.40969198806976, 14.573846204758402, 14.961334563559639]",2.5983992939588116
9,measurement,True,2.075145678799373,0.15274995283175505,0.494707449306519,31.96398664116842,3.460664435991655,225,33,9,0,"[31.021087095, 33.75308582329245, 36.43617476]","[11.307925577564534, 12.763597968316015, 14.240618135777066, 16.59529527249705]",47.402183593193996,"[30.79587317513085, 33.6181502639047, 35.913889964999996]","[14.066363670885984, 15.958008539153335, 17.70301786432166, 22.507323738283297]",41.721132092080964
10,measurement,True,2.079190141549247,0.14358617827785194,0.5111522314294051,31.834674853019457,3.1819733972705593,211,48,8,0,"[31.03269094054825, 33.5666893024067, 36.624364005000004]","[11.549306748487497, 13.02720595323238, 14.553865251663067, 17.8873134546994]",47.85732068432862,"[30.7309928534174, 32.98221378316275, 35.4267878412052]","[14.487280338045224, 16.057742528138462, 17.760534780901917, 23.425740997273163]",42.21888727750009
11,measurement,True,2.1935038534991533,0.09110233407805551,0.41713890315420793,31.830744688256868,2.975024099589238,210,49,8,0,"[30.90413263054825, 33.15713729, 35.78833718]","[12.20196323951843, 13.07766547395819, 14.007396007539148, 15.839198810254619]",29.20906887998723,"[30.8086540818733, 33.59095144055455, 36.270103745]","[14.686514746065264, 16.04505693374998, 17.224995549900544, 20.34714021326231]",22.75492203130858
12,measurement,True,2.0366072898705143,0.10169204688502075,0.5824206033810212,31.816889598885066,2.862204369559315,216,44,7,0,"[31.0253201733632, 33.6163850333305, 36.067052364999995]","[11.927974190121112, 13.073649614124, 14.297179052480018, 16.12072734722886]",30.882224414814672,"[30.90865332054825, 33.46579516518265, 36.067052364999995]","[15.517241769455541, 16.988731211891658, 18.512597858783753, 20.974629761630233]",25.645290393512816
13,measurement,True,2.0330325790230086,0.20001205920820983,0.5134998064765275,31.91593454250462,3.1994587108463897,218,41,8,0,"[31.0253201733632, 33.6163850333305, 36.32668681]","[10.748165928763788, 12.705345839092793, 14.524693912448667, 20.934363375929497]",74.90845475780579,"[30.7025185345311, 32.1814953133865, 33.91226361784895]","[13.484487888309667, 14.868563795293964, 16.301452860227556, 23.4026928008634]",86.71206685889112
14,measurement,True,2.0235237560970174,0.08084690275580357,0.5708520216517615,31.699435961194187,2.8823190380494585,215,45,7,0,"[30.85879222242155, 33.6163850333305, 36.067052364999995]","[11.752492628655288, 12.721397510230437, 13.525150854926874, 15.077805242506258]",19.354316369312023,"[30.85879222242155, 33.6163850333305, 36.067052364999995]","[15.189132929812011, 16.463922876695396, 17.51476508009999, 19.382273871910037]",14.014682299900079
15,measurement,True,2.0458251045453557,0.039185542590926783,0.5412349114737678,31.967681708894563,3.1067854361086997,221,36,10,0,"[30.231774983824252, 32.626213435, 36.379591695]","[11.863963561699405, 12.186536696050466, 12.76230282898056, 13.523059956333825]",10.009033824665414,"[30.231774983824252, 32.3667917883865, 36.09730783]","[15.107224340921782, 15.493726806024391, 16.203994521040876, 17.375207574081852]",7.405871909178626
16,measurement,True,2.1632924364402606,0.18338531224413268,0.47460716427461525,32.27421655101133,2.877328465552512,214,46,7,0,"[30.9825528, 33.5885526, 36.696902405]","[11.530698906267176, 13.59183682963529, 16.129165589678383, 21.41202835913334]",52.97029359357114,"[30.59267890122185, 32.1885791644288, 33.71727917055455]","[14.223103655064431, 15.752357544772964, 17.182028662136425, 24.76244289110269]",56.90793359945427
17,measurement,True,2.11708719494069,0.1530702111639828,0.45734609685775346,31.835888268692184,2.783673374100793,215,46,6,0,"[31.03269094054825, 33.6163850333305, 35.74174605]","[11.323948514503607, 13.117814873887182, 14.529270547367606, 18.24382971126035]",46.4013439041134,"[31.03269094054825, 33.6163850333305, 35.74174605]","[14.025978568041575, 16.164713581640523, 18.307546888812343, 22.330056589759185]",37.4086418825634
18,measurement,True,2.0594621441567353,0.11278498187709657,0.5465636464598344,31.74768763369965,2.707456136885027,209,50,8,0,"[30.69418602440025, 32.6005843383577, 35.444663407132495]","[11.731950601700582, 12.624003045759173, 13.92193132007101, 16.76606614274365]",32.016933943639806,"[30.8086540818733, 33.6521916860684, 35.78833718]","[14.98791371242346, 16.883289083599248, 18.570919462890245, 21.513510442643188]",22.818518186336526
19,measurement,True,2.109955794495512,0.14780974030497254,0.5182374528322916,31.846615136154167,2.9796956657298423,220,42,5,0,"[30.90413263054825, 33.61878387388505, 36.43617476]","[11.85984708875894, 13.522097511086686, 15.43346893677299, 18.466350949375688]",47.04408706094703,"[30.798090995000003, 33.61878387388505, 36.43617476]","[14.976459680453715, 17.25071230850092, 19.63599707281355, 24.177527911914403]",37.94292704071419
20,measurement,True,1.9834188789975027,0.19275157362030437,0.6319045709600829,32.05149709207712,3.346217988323728,218,40,9,0,"[30.77856383828655, 33.61575142335015, 36.999319045]","[11.08377046573067, 13.069920147581852, 15.249754934478092, 20.870830393978103]",66.6512690258791,"[29.94361332905565, 31.50660346546065, 33.4243392690151]","[14.307494283378105, 15.631310434884945, 17.46323001487912, 24.598806407217545]",83.61974613361133
21,measurement,True,2.0372899157459052,0.0,0.5016657959738421,31.544952035324016,2.688101446572919,212,47,8,0,"[28.376274255, 29.152824510000002, 29.564169336407048]","[11.698989865503279, 11.698989865503279, 11.698989865503279, 11.698989865503279]",0.0,"[28.376274255, 29.152824510000002, 29.564169336407048]","[14.58801792880783, 14.58801792880783, 14.58801792880783, 14.58801792880783]",0.0
22,measurement,True,1.8669045329747052,0.05397765161280775,0.6733706466798931,31.850594007563217,2.9030019170076993,223,36,8,0,"[31.08587628054825, 33.6521916860684, 35.689195755]","[11.11098128733574, 11.670772238336413, 12.21143407077418, 13.094327578005332]",15.752713943981256,"[31.08587628054825, 33.6521916860684, 35.689195755]","[15.022726977605517, 15.771779150681985, 16.43768487982963, 18.218815171566245]",12.893132011467685
23,measurement,True,2.0947054407371932,0.16318740548246213,0.5191028729987818,31.6184782153804,2.4454511628804245,211,48,8,0,"[30.97970272281495, 32.84223616, 35.16221829]","[11.644930390311396, 13.309621749300833, 14.952922096232124, 19.780277388438584]",49.09844974877339,"[29.9271333272407, 31.62856574, 33.99974703784895]","[13.944919692619537, 15.513347074186404, 18.312788066746425, 24.854888388322443]",39.016423788487735
24,measurement,True,2.011179954827922,0.06370963671371933,0.5229780856827808,32.13759636954514,3.326509912951688,226,35,6,0,"[30.90865332054825, 33.6181502639047, 36.39922521]","[11.206965745503533, 11.829759084400772, 12.391745293781302, 13.310389652024059]",16.764793508813636,"[30.787540665, 34.178481535470354, 36.696902405]","[14.146134883184295, 15.121590301160381, 15.814473098174874, 17.351528158994597]",13.623934087673053
25,measurement,True,2.134506637199513,0.008879242385083619,0.46095635065053203,31.88864870976068,2.8884014801604194,216,43,8,0,"[30.3264149304613, 32.25075634766915, 35.07972461]","[12.383228673316685, 12.455159559092253, 12.54275667523824, 12.740803124380209]",2.4121190428264807,"[30.3264149304613, 32.25075634766915, 35.07972461]","[15.177002161545706, 15.26502416433865, 15.38320844569636, 15.652123224811216]",1.854541932023669
26,measurement,True,2.0644512822735384,0.045461750744411,0.5142149088658435,31.76751265602514,2.9611830952923297,220,43,4,0,"[30.79587317513085, 33.329890218046955, 35.971755044999995]","[11.874928109740473, 12.350319345965547, 12.797518341803386, 13.608800687613014]",12.3939598005264,"[30.68221255328655, 33.329890218046955, 35.971755044999995]","[14.922452173834778, 15.550461542593238, 16.147945039097927, 17.32168021496709]",9.452969037116485
27,measurement,True,2.0877852696679655,0.08226106725104934,0.547172414599758,31.999164684782198,3.0878871983861607,217,42,8,0,"[30.3292723037254, 32.93975158, 36.09730783]","[12.045233330424598, 12.911747841382537, 13.86990284909236, 15.881040704034083]",26.38163510904915,"[30.19918794558565, 32.793997146935396, 36.09730783]","[15.403170287811587, 16.470752657534383, 17.877638971717037, 20.745608366867142]",21.923662952300013
28,measurement,True,1.94829515236066,0.10007400665618293,0.635180535355457,32.09489112516188,3.1057756780433783,215,48,4,0,"[30.84344416, 32.817956918624745, 35.43452652765335]","[11.34912133243786, 12.102506999567474, 12.858021132715093, 15.037134766402982]",30.351316803096438,"[30.7981037518733, 33.6163850333305, 36.12363543]","[15.035074658125462, 16.48114051422078, 17.729828659318674, 20.521830099121193]",26.83918818603341
29,measurement,True,2.1680414733108244,0.13226091609958007,0.4663856346448233,31.782242135660457,3.2304012645628357,211,48,8,0,"[30.89358230054825, 33.6181502639047, 36.32668681]","[12.21886801077732, 13.63267543130469, 15.132798866004729, 18.980229185040205]",49.039008242082545,"[30.68095852620465, 32.64566470031445, 34.492691086543104]","[15.058776470927256, 16.345306103324706, 17.64457474088452, 23.30283565892056]",46.23438510706251
30,measurement,True,2.0940124586359397,0.041327959737577205,0.5538643484994389,31.49978300862203,2.9869350819355622,216,43,8,0,"[30.8086540818733, 32.9729787859744, 35.65718455]","[12.73981669880979, 13.122211250913345, 13.527496242409297, 14.412723249519305]",12.053622273564281,"[30.8086540818733, 33.5885526, 35.65718455]","[16.277769280884705, 16.931700420849975, 17.395265845858557, 18.60339890058519]",8.916940662561197
31,measurement,True,2.0383119447625178,0.07794630045470571,0.5809426271544864,31.870931378452706,2.915708033921055,221,39,7,0,"[30.613978178040647, 33.1577184559062, 36.153890895]","[11.945281001115141, 12.752368529933577, 13.728629911953218, 15.21226139120657]",21.52060403273111,"[30.72266034328655, 33.2727718999674, 36.153890895]","[15.569829534247459, 16.635120510836334, 17.89983798412631, 20.705925150820388]",16.83089501891655
32,measurement,True,2.2507406802297525,0.0717536771002019,0.35411574013861796,31.662483470535292,2.9355541968001098,219,42,6,0,"[29.82601217103325, 31.820637599999998, 34.85917637]","[12.09869490098611, 12.66306746548519, 13.50188907908169, 15.143190856639569]",21.470749991907258,"[30.7981037518733, 33.65155807608805, 36.116941345]","[14.524219610331446, 15.591052957970195, 16.492226137611933, 18.388676690973327]",15.908059181457062
33,measurement,True,2.0709926105093355,0.0954103719091279,0.5003309059725872,31.836536057243062,3.067782962491545,216,45,6,0,"[31.0253201733632, 33.6163850333305, 36.086685880000005]","[11.583046763944898, 12.575611202851299, 13.45494485045554, 15.245231836100672]",29.314136957027735,"[30.89358230054825, 33.6163850333305, 36.086685880000005]","[14.487841043686442, 15.780010713485138, 16.981638180894866, 22.670127348024547]",21.996697586249834
34,measurement,True,1.9420728765587691,0.03897657312545939,0.5589251042066137,31.481150687718802,2.5233340736695764,223,39,5,0,"[30.4098578922209, 32.224071465460554, 34.6456217064828]","[10.916395463042482, 11.208621453945028, 11.6000950066374, 12.209482281521163]",10.248768476115771,"[30.3292723037254, 32.224071465460554, 34.96257461]","[13.9740228820038, 14.386031162778915, 14.958111254542153, 16.07029956311399]",7.655600439451717
35,measurement,True,2.0506897545415734,0.09442749508037535,0.548596567036737,32.08081341952245,3.0787095787181635,218,44,5,0,"[30.85879222242155, 33.61878387388505, 36.09730783]","[11.63627338381508, 12.766478084871684, 13.554619104526957, 15.325561280917467]",28.850247599165613,"[30.85879222242155, 33.61878387388505, 36.09730783]","[14.950570173113467, 16.316236921865347, 17.490844941216398, 20.72580546978664]",23.487808703052274
36,measurement,True,2.0488684600189853,0.09513969588926396,0.516112520797709,31.773434573044025,2.675190079422391,216,42,9,0,"[31.0253201733632, 33.48942369335015, 35.444663407132495]","[11.419958137332024, 12.564246081175538, 13.402166459911257, 15.579062242550012]",28.807506226206492,"[30.90413263054825, 33.4243392690151, 35.444663407132495]","[14.434273430230494, 15.822951049369154, 16.895045146283216, 20.24246864164829]",21.794794305354557
37,measurement,True,2.0502335811214336,0.20826093719065417,0.509771502736895,31.821165893386517,3.12432652223704,218,42,7,0,"[31.0253201733632, 33.6163850333305, 36.086685880000005]","[10.885791860566775, 13.091879656085343, 14.903225857241837, 19.18729892995852]",64.29130843896716,"[30.68221255328655, 32.748913116382, 35.444663407132495]","[13.658244094532433, 15.646982426705382, 18.5252494989629, 24.011010416507425]",53.05681216605446
38,measurement,True,2.1276532664722825,0.015289201981701495,0.4311877870806343,31.579437524247638,2.5690342470559937,212,49,6,0,"[30.733223430159853, 32.5362559933577, 35.07972461]","[11.985441335229515, 12.101478173873257, 12.280726798164707, 12.578179032897939]",4.434210662400612,"[30.6746588676868, 32.643977997384354, 35.07972461]","[14.492518757075718, 14.666251127902827, 14.863944753113103, 15.261849830051316]",3.232700556538222
39,measurement,True,1.9465564625268696,0.23487467414685687,0.5737557517024624,31.639353088326637,2.694597331602714,217,42,8,0,"[30.70173971, 32.96671152593305, 35.614437525]","[10.0, 12.248287106279498, 14.65707089104956, 21.86670790885521]",85.48148887741695,"[29.55072956140705, 31.39737659841255, 33.0606690944397]","[12.033401272465575, 14.12457330802597, 16.269551331137514, 23.730367800221508]",102.47069350795547
40,measurement,True,1.9636540762959702,0.13993459108221487,0.5656022736396773,31.84688549053915,2.7533457683426095,213,46,8,0,"[29.858344816033252, 31.82297635245955, 34.96257461]","[10.172326418009566, 11.13276458705211, 12.780082411445573, 16.008999833706852]",41.35386001633577,"[30.90865332054825, 33.6163850333305, 35.78833718]","[13.827001711384979, 15.870898985038298, 17.827168834350857, 22.41894883614112]",33.69625878682924
41,measurement,True,2.1007648670962262,0.10836499030183457,0.5305819040636585,31.57989319590217,2.617232377545543,219,41,7,0,"[30.90413263054825, 32.88265373593305, 35.4267878412052]","[12.198434494943632, 13.217058629476185, 14.424286541195817, 16.94614336281317]",36.579741895993024,"[30.68221255328655, 32.642336522060546, 35.2208681140727]","[15.406662507191177, 16.70310625961858, 18.3711920226396, 22.062823653793743]",29.353269909048873
42,measurement,True,1.8473830362098196,0.2461008051531622,0.6921626298046604,31.93847021604574,2.859873298111354,214,44,9,0,"[30.97970272281495, 33.5885526, 35.971755044999995]","[10.008631822219868, 12.672688154503444, 15.195802148284063, 21.404166551093653]",81.98934342636124,"[29.862609685, 30.97970272281495, 32.566909555448945]","[12.76919183329148, 13.919619773643621, 16.05505240447982, 24.410168367866877]",131.64771454859007
43,measurement,True,2.0284164090329453,0.12931309824410508,0.5097326689923741,31.761555779601466,2.916310432490852,214,47,6,0,"[30.63776876310955, 33.17799903161085, 36.39922521]","[10.854751947604742, 12.101767301179276, 13.821219167566294, 16.309970020148626]",35.82662322160923,"[30.68221255328655, 32.94601884004135, 36.09730783]","[13.795471341577404, 15.223763399179532, 17.34238531026544, 21.18102924164098]",28.386481464558777
44,measurement,True,2.1414714320401336,0.07314756693776012,0.5113355994211236,32.066342680623286,3.111992063365816,215,44,8,0,"[30.733223430159853, 33.080608131774056, 35.913889964999996]","[12.552212497007467, 13.241799675158168, 14.04246222909969, 15.464630365637655]",26.217373369915336,"[30.8131747718733, 33.6163850333305, 36.32668681]","[15.78756894466592, 16.887185231746095, 17.95596487458006, 22.206257697397263]",18.653222608963326
45,measurement,True,2.0348011057883215,0.12472972650537116,0.5809201460125734,31.789546360484596,2.9424864649186855,213,47,7,0,"[31.03269094054825, 33.61878387388505, 35.784493075]","[11.749274214534912, 13.249782383868386, 14.327240723566346, 17.7718836646204]",42.768853396992064,"[30.7981037518733, 33.61878387388505, 35.784493075]","[15.231532504708628, 17.203031725606607, 18.93091644163177, 23.934814126187746]",34.76654227160987
46,measurement,True,1.9752411439519724,0.01632784309764287,0.5600583881139255,31.80644297371118,3.2534286125744187,215,45,7,0,"[30.90413263054825, 33.6163850333305, 36.116941345]","[11.466372867903097, 11.630228848988935, 11.770966379951197, 12.102402994587676]",4.488108659508201,"[30.8086540818733, 33.6163850333305, 36.116941345]","[14.677927649572482, 14.89254416464616, 15.06675024940375, 15.78581829468792]",3.2777227243497054
47,measurement,True,2.1813958699495233,0.021349483252666918,0.4225790891788998,31.632206766394717,3.011217421814971,214,46,7,0,"[30.84344416, 32.93975158, 35.784493075]","[12.536218024490886, 12.713267578625146, 12.941670009766685, 13.34880555945218]",6.245468458512724,"[30.79587317513085, 33.61878387388505, 35.784493075]","[15.102055138784026, 15.409954910237325, 15.656060719198212, 16.171680509101368]",4.6235683599418955
48,measurement,True,2.138577068008958,0.18577557943756876,0.46022819818811794,31.987697733125486,2.9688745298618264,219,41,7,0,"[30.97970272281495, 33.5885526, 35.818592644999995]","[11.339220184710769, 13.412863794930882, 15.67306561797755, 19.75901947082538]",67.72451790270655,"[30.68221255328655, 32.642336522060546, 34.618823985000006]","[13.932685433643263, 15.733366819841077, 17.598213205599464, 24.193364786175866]",64.81367068849607
49,measurement,True,2.003907242974987,0.2296474664851157,0.5804467010615619,32.08121914448617,3.0969616147397097,218,42,7,0,"[31.021087095, 33.99974703784895, 36.696902405]","[10.580962888060379, 13.319244218221652, 16.609510986058304, 20.65321130971246]",81.30463765837281,"[29.334636189999998, 30.53473819662975, 31.67270952655745]","[12.576826340255357, 13.82341355815339, 15.019845188203337, 24.951872259212948]",149.65585971532425
50,measurement,True,2.0263484682764608,0.10680681170633805,0.5458360859839374,31.851763724702856,2.8156127980676695,214,49,4,0,"[30.62994764933135, 32.4464685187638, 35.24057451265335]","[11.31350569611723, 12.098837554601651, 13.053892004956767, 16.445952326158753]",36.12814150238642,"[30.62994764933135, 32.30530665, 34.535671918803445]","[14.489186789682675, 15.382634274376068, 16.606085145013218, 21.713425147899226]",32.227438163792115
51,measurement,True,2.1100331537193497,0.025196262469049747,0.5007407773209881,31.839032244125544,3.0510858337062836,218,44,5,0,"[30.798090995000003, 33.2770827458784, 36.307053295]","[12.415306939315268, 12.663318654136523, 12.962944174866252, 13.355435185094482]",7.272643234092452,"[30.69418602440025, 32.9729787859744, 36.09730783]","[15.495680319032152, 15.784060090118254, 16.168363622863296, 16.920188983706762]",5.65325180947757
52,measurement,True,2.0746048930654464,0.159070249411327,0.5270183724333696,31.875055648227605,3.089526801856668,214,46,7,0,"[31.0253201733632, 33.61575142335015, 36.226429295]","[11.524391640961985, 13.214158965591093, 14.786984164407304, 18.984244594189995]",53.4804101658445,"[30.233931533346897, 32.36864645229325, 35.3033617940727]","[14.234843090729925, 15.781132066283227, 18.112421590286296, 23.937847189089847]",48.19554233273382
53,measurement,True,2.0601115391855114,0.19114428109967868,0.5521944680012871,31.764800815851643,2.853827624652585,209,49,9,0,"[30.8086540818733, 33.27154536798945, 35.61658367265335]","[11.30445336286999, 13.396897496694187, 15.223544597475517, 20.204159607169395]",68.96080631509173,"[29.30367464677795, 30.6963333255826, 32.9759465231214]","[13.352798989122975, 14.61356048439063, 17.080718354003363, 24.847254021969604]",86.58696076626002
54,measurement,True,2.0190371451840745,0.006784600158315098,0.5384888403227329,31.676378571201838,2.748845095088545,219,41,7,0,"[30.79587317513085, 32.89893226593305, 35.35203284765335]","[11.810995686190145, 11.870899082123938, 11.938340626443654, 12.051349658960492]",1.7749422411077795,"[30.66624308199585, 32.7956838498655, 35.35203284765335]","[14.971705334841875, 15.049559762950866, 15.139925989090848, 15.295644301328377]",1.3308124526714002
55,measurement,True,2.152536601710974,0.08876944664380693,0.40997605205064414,31.857505622996474,3.2134970932985203,214,44,9,0,"[30.97970272281495, 33.61878387388505, 36.270103745]","[11.682247927624665, 12.58130190730255, 13.487524725542897, 15.702213045824582]",28.341552632020964,"[30.97970272281495, 33.61878387388505, 36.270103745]","[14.052872922036789, 15.160755698051332, 16.267342822044537, 20.915940861992137]",18.092317519857225
56,measurement,True,2.0543434690125597,0.0849291068467321,0.5834004255299521,32.0301418132535,3.0744950165044678,214,44,9,0,"[30.90413263054825, 33.15713729, 36.624364005000004]","[12.209497652172283, 12.939853813329693, 14.068730230442668, 15.94788865057204]",25.477940740750668,"[30.68221255328655, 32.8784311031214, 36.09730783]","[15.788276841667058, 16.72605251396352, 18.199892145284256, 21.18834299002257]",21.073534706976094
57,measurement,True,1.940151601969632,0.11020544882723952,0.6247835105559424,31.85158859511253,3.487878881148973,216,47,4,0,"[31.03269094054825, 33.59095144055455, 36.8111298]","[11.27163665838157, 12.253120465398581, 13.267758804419554, 15.787818812084632]",31.438949310862235,"[30.787540665, 33.59095144055455, 36.8111298]","[14.844256085490667, 16.24300128818171, 17.811316504636185, 23.470483041867872]",25.220441510387488
58,measurement,True,1.9957073782360835,0.14740263505999923,0.5769869567285664,31.606049159063407,2.91133972304135,211,49,7,0,"[30.97518203281495, 33.081189297680254, 35.818592644999995]","[11.273654663862724, 12.549819961428156, 14.200984825322298, 17.52738224000145]",45.47042564391526,"[30.72266034328655, 32.8449168645578, 35.41665096172605]","[14.560386105528037, 16.20262107092896, 18.30447159614862, 22.75537900454395]",37.40328786440446
59,measurement,True,2.017566657208157,0.03171921882772203,0.5630236710243837,31.993475156577105,2.971792341505704,217,42,8,0,"[31.03269094054825, 33.6163850333305, 36.270103745]","[11.878164302194165, 12.223358520026359, 12.552399040092762, 13.03853320960172]",8.916954583523893,"[30.79587317513085, 33.6163850333305, 36.09730783]","[15.225783288320091, 15.696086397825106, 16.08543544813476, 16.878572221592158]",7.191495001084609
60,measurement,True,2.139401044164199,0.03693616507215885,0.4894003340195591,32.04138557207307,3.0928631639388127,214,45,8,0,"[30.2010349365045, 32.73998174556015, 35.41665096172605]","[12.477796950042078, 12.865110805007054, 13.180421400115595, 13.958732612059148]",10.123359730731746,"[30.79587317513085, 33.6163850333305, 36.153890895]","[15.611778236737553, 16.151642494438082, 16.5885063451149, 17.728369198571713]",7.571388229840413
61,measurement,True,2.1558806238163917,0.1332879979948538,0.4110933195880296,31.771700480686203,2.7174526943140855,213,49,5,0,"[30.97970272281495, 33.46579516518265, 35.442671914072704]","[11.402699862831724, 12.975933645185261, 14.297516630724362, 17.52164938761616]",41.6506546012027,"[30.761083097004153, 33.307927785000004, 35.442671914072704]","[13.729081974115184, 15.617879547469403, 17.180775350252016, 21.15922810195434]",32.16160174122799
62,measurement,True,2.2125926299853798,0.10231307075396882,0.38866990922804184,32.12529995922713,3.140850632498657,214,45,8,0,"[31.066704545548248, 33.794472045, 36.43617476]","[12.010738738200937, 13.163539545914231, 14.194989358584229, 16.014423981045542]",31.553074721893836,"[30.90865332054825, 33.6163850333305, 37.233143139999996]","[14.324376748805177, 15.670425143533869, 17.224788220633656, 22.8630567543253]",24.155084427831678
63,measurement,True,2.1037756100669793,0.16322483827951761,0.49075254959501774,31.932017487702936,2.9190486906919495,216,43,8,0,"[31.0253201733632, 33.61575142335015, 35.913889964999996]","[11.415609249875981, 13.16608092406713, 15.209169235553336, 18.559145524626267]",55.19921835262191,"[30.8131747718733, 32.7642609869354, 34.618823985000006]","[14.259918043451274, 15.934436855708517, 17.732908887318967, 23.03142573887512]",53.28976865572848
64,measurement,True,2.148362201798904,0.1113725363737937,0.5091844836070633,31.97071628505635,2.920080366173126,211,48,8,0,"[30.90865332054825, 32.82264379579855, 35.78833718]","[12.43067070177639, 13.355706336787248, 14.766243922686208, 17.400932450797328]",41.925651393735336,"[30.70173971, 32.65507661899595, 35.10594088]","[15.551740494736796, 16.745267332063815, 18.42859010943493, 22.475504444218267]",38.159345824812036
65,measurement,True,2.11897444163976,0.06539313181759958,0.46170389053061955,31.821722716821863,2.846690430607584,214,45,8,0,"[30.5580051787093, 32.7642609869354, 35.442671914072704]","[11.804126200184955, 12.429044179226645, 13.049114371390377, 14.457729926641244]",17.81969665925872,"[30.63776876310955, 32.63123790044895, 35.07686003]","[14.570800310701006, 15.248151219558018, 15.999881533349663, 17.800746772947914]",13.594279184161826
66,measurement,True,1.9670986192186146,0.0,0.6764238779633157,31.70569995079391,2.5025258065089506,214,48,5,0,"[28.62684680525625, 29.35954207201715, 29.752531295]","[12.633996529842012, 12.633996529842012, 12.633996529842012, 12.633996529842012]",0.0,"[28.62684680525625, 29.35954207201715, 29.752531295]","[17.01287991066293, 17.01287991066293, 17.01287991066293, 17.01287991066293]",0.0
67,measurement,True,2.0697284304966286,0.09888559869060973,0.5274298536251852,31.982954910443464,3.4866450505583537,216,45,6,0,"[30.757643205, 33.75308582329245, 36.624364005000004]","[11.734292778171124, 12.787751696479543, 13.716907280140818, 17.85553485465741]",30.936211783805426,"[30.757643205, 33.61878387388505, 36.624364005000004]","[14.926335739257865, 16.202387071253337, 17.39677978580003, 22.518696656208444]",22.014115150695172
68,measurement,True,2.085656354960892,0.14994455740947588,0.6296474801365091,32.20503577054619,3.015095747529168,215,43,9,0,"[30.97970272281495, 33.6181502639047, 36.270103745]","[12.451980268879357, 14.306314935726709, 16.213756041122227, 19.326022358520202]",51.736410613913904,"[29.92762346, 31.48284534932605, 33.1117307459062]","[15.97508347207712, 17.212337642910096, 18.71545616879936, 24.754200405070993]",70.98117128465097
69,measurement,True,2.0262646856604083,0.12550329239913063,0.5248397050495138,31.68791560300146,2.881198590059206,213,47,7,0,"[30.5580051787093, 32.788220758624746, 35.02106002]","[11.01536381753184, 12.18387474678789, 13.139905847779668, 15.921194663314514]",40.542792724432644,"[30.5580051787093, 32.642336522060546, 34.411814519222446]","[14.04294710884271, 15.378758252209714, 16.48346294350428, 20.580551925555646]",38.350348995626256
70,measurement,True,2.1954627903036683,0.13969993991544802,0.40375236569575046,32.130742712916756,3.159138868447139,214,47,6,0,"[30.93498181513085, 33.6163850333305, 36.696902405]","[11.712691208336063, 13.173234243536225, 14.731177777879392, 18.790452848328567]",45.52545516225825,"[30.623805126629748, 32.3035709155951, 35.442671914072704]","[14.005859879149062, 15.016526246907992, 16.902977723100708, 22.44284434370046]",37.21627670560588
71,measurement,True,1.923145175445807,0.11217283716212757,0.6629868771443701,31.862693096040744,2.8838553318645954,221,39,7,0,"[30.937212391873302, 33.6163850333305, 35.689195755]","[11.258883222687912, 12.59857792175462, 13.588691497719978, 16.494518525105963]",32.565871743287516,"[30.937212391873302, 33.6163850333305, 35.689195755]","[15.158737145125503, 16.94546577786304, 18.484364756742696, 22.951317114120002]",27.350358197721434
72,measurement,True,2.045022185391836,0.1472635964194741,0.6019047179793922,32.10107746539017,3.130854553074339,211,47,9,0,"[31.0253201733632, 33.61575142335015, 36.32668681]","[11.856366606577854, 13.473002816551604, 15.09967396226797, 19.617396469147266]",51.727321698298454,"[30.54263037933135, 32.18924892207405, 34.2304863568548]","[15.450805409953562, 16.637177773766297, 18.170305779053, 24.396504522594824]",57.52737080285608
73,measurement,True,2.0415257336383266,0.057989776492050005,0.5895933169513004,31.872742100500204,2.8885853720110917,219,42,6,0,"[30.84344416, 32.855693790000004, 35.50713861]","[12.293295792286557, 12.79128528884328, 13.340707277369592, 14.64402117728831]",16.689859121947816,"[30.68221255328655, 32.7642609869354, 35.50713861]","[15.941633368463771, 16.59549943023087, 17.479312735737526, 19.357061707442856]",13.94318431334613
74,measurement,True,1.8521171696687664,0.10084184464761722,0.605321084852391,31.93051684451813,2.6544062489136477,215,43,9,0,"[31.066704545548248, 33.6163850333305, 35.65718455]","[10.025068726288668, 11.187585308947074, 11.990504038340479, 13.64958822635185]",24.654737263781563,"[30.76801350828655, 33.6163850333305, 35.65718455]","[13.103530198551752, 14.631531845159833, 15.89588134314471, 18.219857280772107]",17.735631831835256
75,measurement,True,2.0990693900680935,0.19874176484758793,0.38795069117928344,32.21409953458674,2.888683954281919,213,46,8,0,"[31.0253201733632, 33.6181502639047, 36.43617476]","[10.029158446261349, 11.8914431592108, 14.303777267558987, 18.416241154298614]",57.86442636254674,"[30.84344416, 33.48942369335015, 36.43617476]","[11.967218409887176, 14.36677637539004, 17.26553993239319, 24.775533433671253]",42.046668860258606
76,measurement,True,2.0615964468359014,0.06692017879794428,0.6194764715312777,32.08660970572911,3.1054123680970247,212,46,9,0,"[30.899751381101503, 33.6163850333305, 36.307053295]","[12.757196002756777, 13.531757798457143, 14.303613513019634, 15.463024949384744]",21.83870760039334,"[30.899751381101503, 33.463547313330494, 36.307053295]","[16.787312143696884, 17.806220619010606, 18.889676819330006, 21.124403000584632]",17.20508253715797
77,measurement,True,2.112561705178281,0.14785700306387375,0.4706870341928795,32.1937577292298,3.072138351025605,215,46,6,0,"[30.97970272281495, 33.2727718999674, 36.70164185]","[11.287323312194449, 12.660424700750951, 14.172193261419197, 18.895504169946456]",45.19503324763277,"[30.70173971, 33.028798761774055, 35.3033617940727]","[13.921620195457187, 15.573184081893094, 17.30482289665629, 23.242756204007968]",38.50502124363754
78,measurement,True,2.0245400496861636,0.14160194805247428,0.5405183271247571,31.76058552798048,2.9455091855934525,214,46,7,0,"[30.89358230054825, 33.05934021, 35.913889964999996]","[11.216077631208655, 12.403433144587718, 13.948007333272184, 17.01967827384128]",48.51462292903501,"[30.72266034328655, 32.96671152593305, 35.02941549]","[14.23696776570923, 15.850065936305977, 17.632932877680364, 23.755192356121817]",44.03931773802397
79,measurement,True,2.0001551583067716,0.07759453116337629,0.4819874014419558,31.453002550445323,3.1005405983588266,220,39,8,0,"[30.613978178040647, 33.1306627597635, 36.270103745]","[10.723423573826446, 11.388113030052844, 12.29005855818407, 13.445955941926805]",21.146601736484193,"[30.3264149304613, 32.7642609869354, 36.067052364999995]","[13.255230142407303, 14.059874438909851, 15.205034643067231, 17.463186672363918]",15.946561681207115
80,measurement,True,2.080110213960611,0.1872735568423259,0.5410377478503245,32.11355306749435,3.0825394752782325,209,50,8,0,"[31.0253201733632, 33.8470987770759, 36.09730783]","[11.363940342853097, 13.63706721601099, 15.569790965322248, 20.55271799318322]",70.92156101832825,"[30.2646582128532, 31.8103482, 33.80998091497105]","[14.184269534955641, 15.552262889266348, 17.440510133820563, 24.784156385039026]",83.4354779954181
81,measurement,True,2.115807114740071,0.08087948964569505,0.4499541223129485,32.04463487500637,3.11973697424979,221,39,7,0,"[30.96463170281495, 33.751971415, 36.39922521]","[11.623132230032544, 12.466167469045072, 13.404537312721557, 14.944299680462237]",22.85851065729016,"[30.7981037518733, 33.61575142335015, 36.39922521]","[14.18316650423302, 15.286284543695544, 16.46905593407468, 18.691304738921893]",17.4378830987752
82,measurement,True,2.089085643600511,0.08074651522737657,0.5046359615585368,31.912433288612732,3.2384154738248534,211,51,5,0,"[30.70173971, 33.61878387388505, 36.307053295]","[11.809223581609697, 12.6976334751215, 13.551092037416646, 14.792106156369103]",25.235996148600837,"[30.75052001013085, 33.4900573033305, 36.624364005000004]","[14.876844024236618, 15.929735370134825, 17.053052008457566, 21.36376162709367]",20.141314449099347
83,measurement,True,2.081942662641942,0.16523835486681931,0.5902056555577689,31.75883459578515,3.1975611445656766,210,49,8,0,"[31.0253201733632, 33.6163850333305, 36.09730783]","[12.313769175724556, 14.20093717659944, 15.814335383314985, 20.32188189003962]",62.21189656927034,"[29.32178088201715, 30.89358230054825, 32.4967555087638]","[14.92144468894706, 16.212539927151663, 17.519125326213917, 24.77339497735507]",88.48039404847906
84,measurement,True,2.076411022485391,0.13277715372340096,0.4928220193256893,31.742053523690867,2.6867548920713884,212,49,6,0,"[30.534848816629747, 32.490844467121505, 35.16221829]","[11.178907268743211, 12.258364416251395, 13.608062882365347, 17.24002351363868]",36.16608321285527,"[30.5924608559611, 32.2768860333865, 34.827777775]","[14.055430005534854, 15.226173199067597, 16.9493918128484, 21.62292910530259]",26.26619458596791
85,measurement,True,1.8913000794565686,0.17108437502655124,0.7439479456652238,31.785010312991826,2.93760107910677,215,45,7,0,"[30.90413263054825, 32.741668448490245, 35.46054748]","[11.465165457431166, 12.865034646521181, 14.155834908526087, 20.16442810063947]",64.48099929703187,"[29.5060182137715, 30.536487856629748, 31.601903731978553]","[14.976632174745639, 15.929178994391329, 16.817599960710307, 23.697168622294996]",131.58818761309976
86,measurement,True,2.120781082772747,0.027304702427993453,0.4999764466907118,31.53355728235463,2.946407074716863,215,44,8,0,"[30.8131747718733, 33.15713729, 35.642604625000004]","[12.564099655265933, 12.839545707214631, 13.106103042849611, 13.629622793330428]",7.56179969862213,"[30.8131747718733, 33.61878387388505, 35.642604625000004]","[15.668861562471593, 16.10210793302218, 16.38928158856105, 17.13749668851721]",5.322833725988764
87,measurement,True,2.052315457851187,0.184176526051812,0.5215097718953731,31.811850450412898,3.0890956450090643,219,39,9,0,"[30.90413263054825, 33.0599213759062, 35.78658144]","[11.130245961412347, 12.628388663030485, 14.541396995240964, 18.478841295084603]",61.67300199547807,"[30.70173971, 32.7794053198655, 34.6462914764828]","[14.033375893288328, 15.881309676633835, 17.84865600193395, 23.741813530642236]",57.62787738559058
88,measurement,True,2.0631828636947134,0.0638857230405138,0.5758979494305692,31.854648482531395,3.0159711170383936,212,46,9,0,"[30.90865332054825, 33.3086785, 35.784493075]","[12.399223798967206, 13.049249215946523, 13.705632602939874, 14.732640112378371]",19.305336660071276,"[30.787540665, 33.37126911, 36.09730783]","[15.993369422046886, 16.908924870926512, 17.83523948404666, 19.622881147825847]",14.816932224308513
89,measurement,True,2.1283050491345485,0.16027406260215563,0.5223402196996387,31.85394604001818,2.86717506559632,215,46,6,0,"[31.0253201733632, 33.796870885554554, 36.39922521]","[12.050343868238603, 14.123760177976857, 16.10198913831507, 19.615395080401363]",46.17776930461463,"[30.89358230054825, 33.61878387388505, 36.09730783]","[15.295180347694519, 17.874544482291082, 20.261775274303623, 24.879913603229692]",33.38482925403354
90,measurement,True,1.9962861054007424,0.1686024396616585,0.5506215710604287,31.70676346429656,3.0315029973385657,217,46,4,0,"[30.56478192440025, 32.69221701044895, 35.81474854]","[10.74925334806439, 11.893711125637973, 13.996927980581974, 17.852253601973164]",59.65340709020978,"[30.56478192440025, 32.224071465460554, 35.02655091]","[13.88446683310532, 15.153702842451471, 17.62946502724434, 23.82837243748445]",59.06518245973778
91,measurement,True,2.1451008703427514,0.0,0.45083054235766,31.908152501868695,3.1167489652685822,216,43,8,0,"[28.511167135, 29.152824510000002, 30.060693649999997]","[12.485018774987267, 12.485018774987267, 12.485018774987267, 12.485018774987267]",0.0,"[28.511167135, 29.152824510000002, 30.060693649999997]","[15.223852749657782, 15.223852749657782, 15.223852749657782, 15.223852749657782]",0.0
92,measurement,True,2.0558644758208304,0.09678790347124964,0.5098153858218888,31.892689154073334,3.243644711733369,221,40,6,0,"[30.97970272281495, 33.268229165, 36.116941345]","[11.501145774626794, 12.334280141734098, 13.29304828892898, 17.734855067522204]",29.559972812437238,"[30.787540665, 33.4651615552023, 36.116941345]","[14.393587232615848, 15.616399242496056, 16.816984541562405, 22.193848768972156]",20.92428075501683
93,measurement,True,2.168378571634008,0.13376714337715423,0.46131221464674016,31.939143516719618,3.596839951401419,214,45,8,0,"[31.066704545548248, 33.61878387388505, 36.999319045]","[12.206206108425862, 13.466644485171175, 14.743995466448283, 22.468088042515234]",44.08841016141885,"[29.23587997, 30.89358230054825, 33.1117307459062]","[14.192472246371866, 15.042245511296025, 16.350623617035208, 22.23101116105032]",66.42420962423871
94,measurement,True,2.0621628686367766,0.09089079455179588,0.5353573742031874,31.939920380727703,3.308112994198866,214,47,6,0,"[29.96721196103325, 31.8879833079447, 35.43452652765335]","[11.575325071254687, 12.130514639868826, 13.074699857795542, 15.455816801945076]",27.927777572546677,"[30.97970272281495, 34.187725467824, 36.999319045]","[15.050302744343577, 16.467549822935737, 17.887821413779186, 22.34500550881386]",22.656981678255548
95,measurement,True,1.907697794627306,0.09204862698373537,0.5501071614289658,31.685881466467357,2.572420303480961,219,41,7,0,"[30.79587317513085, 32.96671152593305, 35.444663407132495]","[10.217796199820071, 11.029951805613056, 11.933250970515754, 13.880663684295127]",24.640333648328006,"[30.7309928534174, 33.24811706996741, 35.444663407132495]","[13.061272733793652, 14.317792220162056, 15.51012042852576, 18.45147489726581]",18.033378006304076
96,measurement,True,1.9600391015163963,0.1400891352510361,0.6069176264560633,31.585609203518715,2.6043803955032097,215,45,7,0,"[30.90413263054825, 32.9759465231214, 35.784493075]","[11.142406281795367, 12.40949872539039, 14.162578681841875, 17.22545264317409]",38.0212711114457,"[30.70173971, 32.817956918624745, 35.43452652765335]","[14.553841488777733, 16.283289119724454, 18.566496524140526, 22.960908230826828]",27.45130376040541
97,measurement,True,1.911417316184633,0.13341782975263808,0.7094018946606184,32.17643084293288,3.035952644017555,215,44,8,0,"[31.0253201733632, 33.61878387388505, 36.09730783]","[11.385317893749907, 12.857682792658139, 14.260802376710467, 16.699148439623585]",43.53348034429249,"[30.7981037518733, 33.61878387388505, 35.5839735271325]","[15.57371591820791, 17.720600878497997, 19.24368248378551, 24.882111832750137]",43.08342268292033
98,measurement,True,1.8983705410975438,0.11377071842510159,0.6651492925335066,32.08181962376454,3.275322309310281,224,36,7,0,"[30.228917610560153, 32.4917858363951, 35.43452652765335]","[10.775215281576005, 11.65724125461915, 12.707669691214438, 14.931337219798555]",33.03455306213744,"[30.80642350513085, 33.61878387388505, 36.624364005000004]","[14.811213011741735, 16.322639915762117, 18.118957360819962, 20.710590018044133]",29.440395206642634
99,measurement,True,2.194673025304006,0.028561528771943644,0.43192697254360946,31.846661137987535,3.2288422893152733,215,47,5,0,"[31.03269094054825, 33.6181502639047, 36.270103745]","[12.756019534479718, 13.068318627810045, 13.34219302082263, 13.895133233453356]",8.933093657069483,"[30.80642350513085, 33.6181502639047, 36.270103745]","[15.427451801963503, 15.82114222559777, 16.155068093580002, 17.538663870432945]",6.238110980280819
100,measurement,True,2.1762832650070965,0.09103085117162965,0.41326821214774256,31.67820573589606,2.9055607053573045,210,49,8,0,"[31.0253201733632, 33.4243392690151, 35.689195755]","[12.021033104987948, 13.015472741871905, 13.847305998710771, 15.846594070231825]",26.94277478624342,"[30.8086540818733, 33.2727718999674, 35.689195755]","[14.450794214516488, 15.65517822951852, 16.691080555740445, 20.12815193901348]",19.336054730429485
101,measurement,True,2.031475370886608,0.057281137282477114,0.6054466250323761,31.70493665277423,2.5260319555917325,211,46,10,0,"[30.54263037933135, 32.82264379579855, 35.15935371]","[12.242178651368134, 12.878301507078625, 13.462468161556888, 14.829963716355362]",16.306272802993753,"[30.3529487489287, 32.64566470031445, 35.15935371]","[15.980352847981703, 16.838096575583624, 17.65728416036023, 19.681173249752902]",12.39813779432707
102,measurement,True,1.8917496776030753,0.18656601247391197,0.5909450442870486,31.955912537948237,2.9466726833392047,217,43,7,0,"[31.145124715, 33.6163850333305, 36.43617476]","[10.0, 11.731111334516985, 13.807718692715914, 17.360886824066636]",58.29587783709535,"[30.6010946869128, 32.65507661899595, 34.50887419732065]","[12.80219005762145, 14.646442604835952, 16.23941974136832, 22.515285672577395]",56.67668611018913
103,measurement,True,2.03222980321696,0.0749752906282817,0.610470518993779,31.83202913973024,3.4005763745083013,216,44,7,0,"[30.54099133933135, 32.854151861746146, 35.913889964999996]","[12.283477420409131, 12.923140853546027, 13.550033130454025, 17.04672896124539]",22.265524081624513,"[30.7527505868733, 33.61575142335015, 35.913889964999996]","[16.19270739585652, 17.228975084084603, 18.118820998550746, 23.248577409206852]",16.2424283167149
104,measurement,True,1.8673876767870903,0.24906239352112955,0.6570918627470974,31.713478129512335,3.0541744760656124,217,43,7,0,"[31.0253201733632, 33.6163850333305, 35.46054748]","[10.130151928209273, 12.712063736493334, 14.775297708284485, 24.252987080582425]",90.11203075877714,"[29.55072956140705, 30.90865332054825, 32.7032818769354]","[12.45079186088662, 13.877624454303083, 16.092494420592143, 23.62043108620082]",141.47797023895626
105,measurement,True,2.0274150773849593,0.04482907979950904,0.490851922013156,31.651171352245193,3.024424212467889,213,47,7,0,"[30.60783565533905, 33.028798761774055, 35.967910939999996]","[11.221393069463042, 11.62828928900745, 12.050329802135986, 12.857552889171776]",11.847525627623577,"[30.69418602440025, 33.028798761774055, 35.967910939999996]","[14.00135936661021, 14.47322974938798, 15.104548798252146, 16.395507225460168]",9.520641606854475
106,measurement,True,2.1114757773810995,0.11574891656227586,0.5440976530702732,31.761319102771598,2.9415464818704447,213,45,9,0,"[30.96463170281495, 33.6534761183305, 36.12363543]","[12.398276838374386, 13.820244609823478, 14.83466786281146, 17.568854675491668]",37.64081356747137,"[30.787540665, 33.6534761183305, 35.725861977132496]","[15.775821017166368, 17.677498930529314, 19.057101793875937, 23.066947910525062]",31.902803155333437
107,measurement,True,1.8752816170095141,0.19665645295719597,0.5821448255366041,31.66831713800929,2.5490346477028716,221,38,8,0,"[31.198310055, 32.987979447707104, 34.965401695]","[10.0, 11.40286422509792, 13.246925631544764, 17.907380325984438]",65.58596444298972,"[30.70173971, 32.788220758624746, 34.6456217064828]","[12.538254911294896, 14.735631120204292, 17.113517769524325, 24.115667236316824]",57.01897149250481
108,measurement,True,1.6396583041859023,0.24734281595977675,0.8550392494730333,31.955301090008565,3.116884135879091,219,38,10,0,"[31.67270952655745, 33.751971415, 35.55795257478585]","[10.0, 11.804882153385055, 13.784530408154751, 18.959203925439787]",97.20882242685366,"[29.26078585201715, 30.623805126629748, 32.031642343137]","[12.313972069152534, 13.700999010063718, 15.364801267639312, 23.378607208497638]",177.85838091824493
109,measurement,True,2.146433515037716,0.07948455151379752,0.4579780594558162,32.05611075870734,2.943510536386632,213,49,5,0,"[30.6746588676868, 32.99721444489545, 35.5839735271325]","[11.95747545612857, 12.732413909389749, 13.591158207825723, 15.295270333579639]",26.66867918208122,"[30.76801350828655, 33.61878387388505, 35.5839735271325]","[14.738925784395777, 15.947142936655233, 16.80245936648621, 21.811051437340545]",19.817238094860386
110,measurement,True,2.1428616838580807,0.09616592388777122,0.5216810658039923,32.24171332902334,3.147862496463251,210,48,9,0,"[31.03269094054825, 33.6163850333305, 36.09730783]","[12.530884976363698, 13.619992749932164, 14.51097957352341, 16.829955732940665]",34.5156382718099,"[30.90413263054825, 33.6163850333305, 35.1705589940727]","[15.834101151443138, 17.237534845726938, 18.055999978998116, 24.548599834062532]",29.45234909131637
111,measurement,True,2.207369158598135,0.07131186633743931,0.42416148314889557,31.933607416806463,2.6764674034288647,215,42,10,0,"[30.59267890122185, 32.89893226593305, 35.661028654999996]","[12.379163933841562, 13.143680668510427, 14.099491772574051, 15.743843044302707]",20.19239747224736,"[30.70173971, 33.028798761774055, 35.661028654999996]","[15.041561802684274, 15.988832760142571, 17.249638802257962, 19.054067537468345]",13.608475048914912
112,measurement,True,2.125997745582945,0.022744326029290156,0.4397814872024591,31.72863776411937,2.8313616401511106,217,45,5,0,"[31.066704545548248, 33.6163850333305, 35.913889964999996]","[12.01320553335181, 12.26995461475668, 12.513482173347171, 12.881884892813995]",6.628403617236204,"[30.90865332054825, 33.43796273185215, 35.913889964999996]","[14.600071275745357, 14.90222145851772, 15.194479122226594, 15.881328768692695]",4.849701669589029
113,measurement,True,2.225230796202782,0.11670001873378272,0.41261450041680947,31.838217433911478,2.8057104124532004,213,46,8,0,"[31.0253201733632, 33.7506869827379, 35.913889964999996]","[12.360408452796088, 13.938028229914991, 15.117919453462013, 17.604755807581245]",39.37035146384224,"[30.7981037518733, 33.61575142335015, 35.913889964999996]","[14.845024460408755, 16.766130593785157, 18.387868840956, 21.4230816896257]",32.02434907781295
114,measurement,True,2.16415723914692,0.08172985444582134,0.4222187935211733,31.888523691718596,2.8554609170533727,214,48,5,0,"[31.04624509, 33.6163850333305, 36.32668681]","[11.899206104943287, 12.877238775433725, 13.826223872247562, 15.35896708891135]",21.737798590943463,"[30.76801350828655, 33.6163850333305, 36.32668681]","[14.368346114205341, 15.589633397961235, 16.77016892269011, 18.942026049632847]",14.865784267651375
115,measurement,True,2.07407433647556,0.1546854067702704,0.5304024729905655,31.87925769446795,3.040180185736465,212,50,5,0,"[30.8565616456791, 33.61575142335015, 35.913889964999996]","[11.464293458201878, 13.23879322483069, 14.81442579161822, 18.140548572760444]",59.76018520143702,"[30.68221255328655, 32.788220758624746, 35.1705589940727]","[14.625673299265587, 16.25734442464583, 18.14624156011682, 23.903881731949994]",55.51464985073152
116,measurement,True,2.022452222719897,0.13350094621336495,0.5187330422561486,31.802361700950005,3.1883720787876593,221,40,6,0,"[30.7981037518733, 33.82618036210485, 36.116941345]","[10.897805404937102, 12.467591230777364, 13.70875464008777, 17.28270140043967]",43.92967582414309,"[30.6857702387093, 33.6163850333305, 35.4267878412052]","[13.844518689730895, 15.71343074624458, 16.83489250301584, 21.713028708388308]",40.770342125279754
117,measurement,True,1.9620958623588847,0.07804327991007892,0.59111389041445,32.01501155469331,3.1706218907830857,217,43,7,0,"[31.0253201733632, 33.6163850333305, 36.624364005000004]","[11.267067077147782, 12.019985898860813, 12.769341572478385, 14.289760503661677]",21.020228138189722,"[31.0253201733632, 33.6163850333305, 36.270103745]","[14.69265282313824, 15.675337673268876, 16.60962570165218, 18.992970302452044]",17.008676940449224
118,measurement,True,1.9907315990130237,0.14969925438420825,0.5945718412162981,32.18245089023494,3.3599397252330494,218,42,7,0,"[31.0253201733632, 33.61575142335015, 37.157963695]","[11.187346927512037, 12.534127012255498, 14.114528360026668, 21.358291870583166]",45.81735589969463,"[30.757643205, 32.817956918624745, 34.827108005]","[14.541481882400658, 15.959578187222707, 17.445772633511933, 23.370669960423157]",56.940023938225636
119,measurement,True,2.1913476047797884,0.16180328560006746,0.5090492034524927,31.906266729421365,3.209392735008481,207,51,9,0,"[30.7309928534174, 33.43571488, 35.967910939999996]","[12.54959581594805, 14.516632402018825, 16.053192899892718, 19.938246042921968]",58.03995467529642,"[30.3186894146128, 32.741668448490245, 34.535671918803445]","[15.639441484090039, 17.756892771909715, 19.246562813886104, 24.942819470199403]",55.0299664111007
120,measurement,True,1.9957735677025112,0.08849272256727878,0.6187957385194871,31.72553468928342,2.8674000084233406,213,47,7,0,"[30.16560389281525, 32.2768860333865, 35.1443427240727]","[11.654130721824838, 12.396682254631697, 13.344702265765799, 15.297958547637965]",26.377666903186146,"[30.79587317513085, 33.6163850333305, 35.78833718]","[15.642721893272208, 17.093147103186496, 18.3267226612412, 21.08216569868766]",21.194906553112602
121,measurement,True,1.9987511382238425,0.11669305323479033,0.5873832105892814,31.806752678874627,3.0671115103265554,213,47,7,0,"[30.97970272281495, 33.6163850333305, 36.153890895]","[11.498296758486875, 12.758943655434175, 13.949447651301398, 16.004423503036172]",38.249270925798555,"[30.802611685000002, 33.6163850333305, 36.153890895]","[14.897049926894319, 16.60317860410205, 18.162751642270642, 22.339078406440056]",32.106294575153456
122,measurement,True,2.107213437893294,0.07252952555876302,0.5487063805982438,31.542277940382945,2.8943080735088125,214,43,10,0,"[31.0253201733632, 33.67439453330155, 35.55795257478585]","[12.693285829957748, 13.607704684782497, 14.235585802052903, 15.714271937294509]",23.62938887946695,"[30.798090995000003, 33.67439453330155, 35.55795257478585]","[16.18158116538716, 17.41258054588602, 18.267203370779402, 20.00459346014961]",18.800993309205303
123,measurement,True,2.1586087084965913,0.13529425205322593,0.553591533435586,31.64607590821337,2.82878805425573,211,46,10,0,"[29.82601217103325, 32.2234017078153, 35.18843456]","[12.38355692942167, 13.855436245280186, 15.560686064902038, 19.212442895853282]",41.27983926571494,"[29.716817785, 32.2234017078153, 33.99974703784895]","[15.824355973123408, 17.903427201874237, 19.5721827741187, 24.959183500802048]",35.42998462559366
124,measurement,True,2.212387726776,0.04277512124909042,0.43886915078416855,31.82305114356427,3.156555916332148,215,43,9,0,"[30.5711615791423, 32.80167838862475, 35.43452652765335]","[12.918531500672778, 13.318332698448911, 13.708807576074513, 14.602192127794751]",14.115512729305362,"[30.7981037518733, 33.6163850333305, 35.689195755]","[15.744148431338202, 16.37674267593654, 16.8705742895405, 19.166236137784846]",10.164581247995251
125,measurement,True,2.104307776538316,0.1305483096368836,0.4726570161409067,31.97576230592787,2.817092055734828,215,43,9,0,"[30.98707349, 33.6163850333305, 36.086685880000005]","[11.384681529889514, 12.927550564777022, 14.046903306515777, 17.01786036380513]",39.51959055342439,"[30.7981037518733, 33.6163850333305, 35.442671914072704]","[14.017225696923086, 16.062221346934212, 17.293628247642978, 20.967283723110636]",33.92024851614326
126,measurement,True,2.1042569475939192,0.03506746243580932,0.5110309488809659,31.601528838105736,2.9494710663122174,213,47,7,0,"[30.3529487489287, 32.18924892207405, 35.2208681140727]","[12.376810240760165, 12.620778990768375, 13.01950806257248, 13.69215789585902]",10.47542931935831,"[30.6746588676868, 32.65507661899595, 35.4892630440727]","[15.578243993017205, 15.94215711578401, 16.43716925024883, 17.473193316724103]",8.03002679162207
127,measurement,True,2.1193121163967144,0.049819940831906454,0.5230921070673914,31.60788277639872,3.0143695832614186,213,47,7,0,"[30.8131747718733, 32.855693790000004, 35.4267878412052]","[12.669475304917006, 13.105222083854857, 13.566914154259907, 14.683490698402908]",15.972644997138058,"[30.71007222013085, 32.80167838862475, 35.5985534521325]","[15.972278534830531, 16.523722938025973, 17.23020996472499, 19.050716937688556]",12.500390802808973
128,measurement,True,2.1763699606407942,0.06860125168453111,0.48287681739302674,32.00521084497019,3.564459787631895,211,50,6,0,"[31.0253201733632, 33.83156313, 37.188725885]","[12.841977956751569, 13.576362939826454, 14.207144151889274, 16.988435310220016]",21.68391760821006,"[30.90865332054825, 33.61878387388505, 37.188725885]","[15.928820354477757, 16.80682021185837, 17.77265583254281, 21.00929576530987]",15.00185138563578
129,measurement,True,2.0334327678885913,0.18179470944290244,0.5596050912475631,32.09063759423996,3.2743315066669423,214,48,5,0,"[31.0253201733632, 34.08306740067295, 36.696902405]","[11.156833479217998, 13.109286242954829, 15.44904536557838, 19.129467054601584]",60.716422902929025,"[30.80642350513085, 33.15713729, 35.43452652765335]","[14.373567721755258, 16.394892617319368, 18.45278832243021, 24.46924878332575]",62.36651306337838
130,measurement,True,1.9035445418776629,0.19296797744046595,0.6423307067786606,32.14408483173405,3.1764914594705855,213,46,8,0,"[31.087787360548248, 33.91226361784895, 36.43617476]","[10.31280524872049, 12.52245824785378, 14.167012481776139, 19.88961892682238]",70.76426542632022,"[30.72266034328655, 32.855693790000004, 34.187725467824]","[13.805368500848168, 15.826312105342518, 17.081797126956143, 23.404381035958867]",84.12555182343664
131,measurement,True,2.0291076460177093,0.09209403720997254,0.521693679189295,32.189265983830914,3.604233641518568,212,46,9,0,"[30.798090995000003, 33.624359252737904, 37.9010063870641]","[11.210587494625738, 12.082181338048857, 12.969147322022105, 16.36376049734403]",26.681690307625033,"[30.798090995000003, 34.42010653732065, 37.9010063870641]","[14.207475626821084, 15.567805175510628, 16.835813605654714, 20.585316646324923]",19.40233602455102
132,measurement,True,2.0857960404039444,0.0,0.5349722379603378,31.820602975124725,3.304423995650381,215,46,6,0,"[28.293168405, 29.20491842677795, 29.77856110879965]","[12.629559206559003, 12.629559206559003, 12.629559206559003, 12.629559206559003]",0.0,"[28.293168405, 29.20491842677795, 29.77856110879965]","[15.980840716280117, 15.980840716280117, 15.980840716280117, 15.980840716280117]",0.0
133,measurement,True,2.085692389532956,0.07138298599545062,0.5465422735693223,32.03549411985457,3.463439036872704,218,40,9,0,"[31.08587628054825, 33.56429046185215, 36.696902405]","[12.336055133089452, 13.009867030235021, 13.714892680712254, 15.38162574140349]",23.84315782796461,"[30.7981037518733, 33.56429046185215, 37.188725885]","[15.70721520560351, 16.640628969176717, 17.70410083998622, 21.177981274822994]",18.25819046416256
134,measurement,True,2.0882501897810486,0.09752333868539903,0.49992822367167544,32.008391645270166,3.3413274086404057,219,43,5,0,"[31.0253201733632, 33.6163850333305, 36.624364005000004]","[11.752463406018608, 12.707177359784199, 13.638508714630532, 15.584724443243248]",32.29659023684609,"[30.90865332054825, 33.6163850333305, 36.624364005000004]","[14.699103282946595, 15.940185005410157, 17.18104689575539, 22.367637409652627]",24.64995110252235
135,measurement,True,2.092714705262601,0.0933221890060813,0.48431933836756325,31.689000101396626,3.0565141838126855,214,48,5,0,"[30.97518203281495, 33.1981677909062, 35.65718455]","[11.740814492237037, 12.564902904304358, 13.484191894429507, 15.209577877404602]",32.322588953804974,"[30.69418602440025, 33.1981677909062, 35.65718455]","[14.529659541625664, 15.66078761391577, 16.83068396889312, 22.63010638508078]",23.959349414117455
136,measurement,True,1.9979486300667868,0.08158991490170492,0.5435737720613922,31.878235712572334,3.059417573331025,221,39,7,0,"[31.0253201733632, 33.462913703350154, 35.78658144]","[11.226007723998647, 12.021332388544073, 12.664081799936508, 14.148675635840325]",23.189072422430616,"[30.90865332054825, 33.462913703350154, 36.09730783]","[14.320750332510645, 15.331341361352024, 16.320605447047758, 18.941809802001043]",19.317131385234152
137,measurement,True,2.0221049126787123,0.08977881467898681,0.5997044743388906,31.882542219435294,3.104176173081946,212,47,8,0,"[31.03269094054825, 33.5666893024067, 35.78833718]","[12.01239832749745, 12.97901893314001, 13.695734095123798, 16.352237641565544]",29.524326240859434,"[30.7981037518733, 33.5666893024067, 35.78833718]","[15.645613758326482, 16.989862154744166, 18.140901026759252, 23.796515023364936]",23.18172418113599
138,measurement,True,2.1346716335965263,0.0493667199550804,0.5303815525908051,31.488011702371896,2.843795750974843,210,49,8,0,"[30.798090995000003, 32.82264379579855, 35.3033617940727]","[12.96997238392552, 13.438412623766911, 13.881368993734759, 15.092995480292485]",16.12549062633002,"[30.70173971, 32.82264379579855, 35.3033617940727]","[16.39029061356852, 16.999760131791255, 17.730834692642237, 19.723510395764226]",12.53192491937672
139,measurement,True,2.0966367940751063,0.026726199650070597,0.5107599592048665,31.97025227772628,2.856245051386413,213,48,6,0,"[30.97970272281495, 33.61878387388505, 35.913889964999996]","[12.324442339580509, 12.642780046388665, 12.941844713499181, 13.353568744360375]",7.428899325475855,"[30.72266034328655, 33.24811706996741, 35.913889964999996]","[15.442945500527065, 15.814194917584322, 16.2154519801681, 16.74871606936098]",5.6749767426001245
140,measurement,True,2.075806491329141,0.14892909465366808,0.5718141183381368,31.953054906452426,2.9725522125627957,212,48,7,0,"[31.0253201733632, 33.61575142335015, 35.81474854]","[11.982228051362313, 13.731434382905979, 15.268748038161467, 20.429425942812234]",53.87670305331724,"[30.8131747718733, 32.47401665390675, 33.9632508881169]","[15.522590587449058, 16.932904319248443, 18.25285813038862, 23.9702621906944]",60.66485763817792
141,measurement,True,2.2183215231817437,0.0,0.37857537172297123,31.587883917037686,2.5231072543591306,218,43,6,0,"[28.436481376772548, 29.15560064, 29.7859335322407]","[12.640912714425593, 12.640912714425593, 12.640912714425593, 12.640912714425593]",0.0,"[28.436481376772548, 29.15560064, 29.7859335322407]","[14.931683779986777, 14.931683779986777, 14.931683779986777, 14.931683779986777]",0.0
142,measurement,True,2.111054171913565,0.10291947633219124,0.5021248503726443,31.551494010259066,2.8124668440942124,211,49,7,0,"[30.78308452828655, 32.788220758624746, 35.50713861]","[12.098960741069297, 12.981853096451434, 14.026941917974055, 16.731269635027882]",31.08205839101073,"[30.78308452828655, 32.987979447707104, 35.50713861]","[15.151872260690347, 16.398138512825675, 17.784159863541106, 21.515697798494134]",24.82534987798944
143,measurement,True,2.1426807830631773,0.08064613726761725,0.48532576269275446,31.535458029296898,2.8007628188943934,207,52,8,0,"[30.90865332054825, 33.15713729, 35.630564657132496]","[12.424977939114545, 13.266365911480085, 14.139620927425113, 15.699425359411537]",27.73289295983088,"[30.71007222013085, 32.9759465231214, 35.55795257478585]","[15.394135465036845, 16.42396382709266, 17.540318024720822, 20.335479351306866]",22.07569199367346
144,measurement,True,2.0896908710596116,0.1920570790720634,0.49311354608190466,31.9561608022022,3.346061349126356,219,40,8,0,"[30.98707349, 33.67439453330155, 36.153890895]","[11.239485240867472, 13.209315696559832, 14.817400110077783, 20.726783319609694]",74.38585426889229,"[29.55072956140705, 30.98707349, 33.48942369335015]","[13.11882168042367, 14.195404153046134, 16.45596778896015, 22.991347650057264]",88.07516141151714
145,measurement,True,2.160572202499611,0.0932842222585483,0.48058187295603044,31.90875249159417,3.1735000452965814,215,44,8,0,"[30.8086540818733, 33.1562658323878, 36.067052364999995]","[12.40829326718606, 13.303412848384975, 14.261189441882424, 16.157204094096908]",30.835804098816894,"[30.75052001013085, 33.307927785000004, 36.270103745]","[15.403028927884101, 16.610105794955007, 17.87551655596743, 23.58870432465923]",23.50348519958289
146,measurement,True,2.0557765822360556,0.02962517964425378,0.505715051106189,31.880485294197378,2.9089687751370543,217,43,7,0,"[30.7981037518733, 32.7659476898655, 35.444663407132495]","[11.782279994726284, 12.010589525589296, 12.281382216871574, 12.878132199560687]",7.71155468843052,"[30.68221255328655, 32.65676332192605, 35.5985534521325]","[14.724301148335142, 15.0206786970759, 15.40923423995855, 16.413480296944844]",5.808730580526694
147,measurement,True,2.079517214065511,0.05479940893861567,0.5551232820316601,31.95385559009952,2.6471535775187216,216,45,6,0,"[30.97970272281495, 33.6163850333305, 35.661028654999996]","[12.37869935584889, 13.075003250675858, 13.640104969360069, 14.818757349682505]",16.15810480683466,"[30.7981037518733, 33.6163850333305, 35.661028654999996]","[15.808748299885341, 16.77134423193606, 17.554947522272546, 19.305052742147165]",11.775127028853937
148,measurement,True,1.9904838918414673,0.0784921055645855,0.5404243031051166,32.00399430821705,2.9918594765147803,219,41,7,0,"[31.087787360548248, 33.59095144055455, 36.153890895]","[11.054550913800162, 11.902826865010091, 12.675293966565244, 14.278067793149514]",19.741678122620666,"[30.747092875, 33.59095144055455, 36.153890895]","[14.043146482294352, 15.149098291192105, 16.11332775667537, 18.588852996994273]",15.863411238938745
149,measurement,True,2.0687874585336066,0.007951215396628018,0.5461513314092743,31.92727876030725,2.8403950829213533,213,46,8,0,"[31.066704545548248, 33.48942369335015, 35.689195755]","[12.482929429573117, 12.575545138125431, 12.642327955499455, 12.790291185586687]",2.279618904630632,"[30.89358230054825, 33.6163850333305, 35.689195755]","[15.878321572401054, 16.000893574998045, 16.102738138765705, 16.3086272825731]",1.7526977317661436
150,measurement,True,2.0191007942443284,0.0,0.5103346316613917,31.801389776769245,2.7223960525882096,216,44,7,0,"[28.376274255, 29.0780592777865, 29.44429980024325]","[11.572241502803434, 11.572241502803434, 11.572241502803434, 11.572241502803434]",0.0,"[28.376274255, 29.0780592777865, 29.44429980024325]","[14.485105873863546, 14.485105873863546, 14.485105873863546, 14.485105873863546]",0.0
151,measurement,True,2.036512490138388,0.01910890515429149,0.5189933904516029,31.95317170469993,3.014433739462133,217,45,5,0,"[31.0253201733632, 33.61878387388505, 35.784493075]","[11.750662555837216, 11.955984780259739, 12.11485447554074, 12.49333965652681]",5.069093715768234,"[30.90865332054825, 33.61878387388505, 35.784493075]","[14.782438385730831, 15.034962380275434, 15.25536078134752, 15.79700354109203]",3.8074797731213987
152,measurement,True,2.0751648876071167,0.038303344445173276,0.5651140101157514,31.860386480680855,3.060737201796988,216,42,9,0,"[29.652620804999998, 32.031642343137, 34.827108005]","[12.393465393881295, 12.770894859827466, 13.142379862156016, 13.911560991078721]",12.810873541857607,"[30.68221255328655, 32.73998174556015, 36.09730783]","[16.1537979412613, 16.551235540324075, 17.221953501429397, 19.36768071363507]",10.360915294679527
153,measurement,True,2.1681180674031673,0.1392606477924271,0.44550497208990536,31.928305944009125,3.0030698733374153,208,51,8,0,"[30.7981037518733, 32.98221378316275, 35.818592644999995]","[11.840168662895035, 13.01528823096042, 14.616539575350945, 17.903715735740178]",47.53556549498845,"[30.6746588676868, 32.62426456248835, 34.965401695]","[14.459794714248572, 15.833308192467257, 17.781256296223297, 23.7099327511395]",41.96808381173467
154,measurement,True,2.1475189848929634,0.09596422147841262,0.4711423801276283,31.924961300570008,3.0087986141898084,219,41,7,0,"[30.5563661387093, 32.98221378316275, 35.30172372765335]","[12.008526132096126, 12.990683997735172, 13.82815580600979, 16.026922125372423]",30.9979488383677,"[30.70173971, 33.0606690944397, 35.971755044999995]","[14.952328838889596, 16.11289479774055, 17.5817508838505, 21.00987021892768]",24.837105012277938
155,measurement,True,2.164718367621144,0.08853956465556378,0.519088647663514,31.7179866170235,3.1361550990680302,218,41,8,0,"[30.7981037518733, 33.173932113621404, 35.913889964999996]","[12.947611209910177, 13.870590582787186, 14.79338896368388, 17.10410952253955]",33.073421320800485,"[30.6453224487093, 32.63123790044895, 34.965401695]","[16.34603979408614, 17.276968550429245, 18.24625535667283, 22.10393179492736]",29.418734091605753
156,measurement,True,2.0087117590547106,0.10851337100692628,0.5091909112670496,32.050326061379884,3.491368724485413,215,44,8,0,"[30.802611685000002, 33.6163850333305, 37.246534515]","[10.795770613883207, 11.821519516579498, 12.889314812020478, 17.102109751478732]",30.080070989877377,"[30.802611685000002, 33.6163850333305, 37.246534515]","[13.633973526083889, 14.896048384611294, 16.330410576160542, 21.396136317332775]",21.652066416995602
157,measurement,True,2.2061593338655916,0.16326584510859385,0.4246571757381561,32.16430520046705,3.2098001464927077,211,48,8,0,"[30.97970272281495, 33.61575142335015, 37.0437363]","[11.894173590480655, 13.494710604506398, 15.685594979424213, 20.485988555372117]",58.42638676252095,"[30.7527505868733, 33.2993320689825, 35.913889964999996]","[14.36605579993266, 16.420662543887563, 18.717833426166504, 24.694010877937277]",50.482297361787715
158,measurement,True,2.1531128595605753,0.0,0.47527736592275277,31.685750384747088,2.8495649559263656,213,45,9,0,"[28.813373329999997, 29.172108809999997, 29.66606058]","[12.847077872433081, 12.847077872433081, 12.847077872433081, 12.847077872433081]",0.0,"[28.813373329999997, 29.172108809999997, 29.66606058]","[15.834724979097865, 15.834724979097865, 15.834724979097865, 15.834724979097865]",0.0
159,measurement,True,1.9882538667235679,0.06328418674596836,0.5882234058654914,31.85222811839969,2.7379563192482865,218,41,8,0,"[30.97970272281495, 33.6163850333305, 35.689195755]","[11.581425058763262, 12.344243428738034, 13.064996125000375, 14.232231923317554]",18.644782809381155,"[30.8086540818733, 33.6163850333305, 35.689195755]","[15.036014287344129, 16.05991238680477, 16.935091874879294, 19.232484480828212]",13.9076023478207
160,measurement,True,2.186961580002001,0.18784905043875574,0.4561159795035631,31.904141983114126,3.025279658391458,211,47,9,0,"[30.90413263054825, 32.98221378316275, 35.503294505]","[11.943219532424905, 13.618617239694721, 15.431213549236887, 20.249698415886986]",68.32287116223254,"[29.2605365, 31.5045234250675, 33.75308582329245]","[13.458821975932402, 15.34184806940525, 17.52343422566973, 24.749348233788766]",69.259607455294
161,measurement,True,2.080876618641624,0.07291585724212928,0.48176158651897044,31.67581764630809,2.965874872461005,217,43,7,0,"[30.97200247, 33.6163850333305, 35.78833718]","[11.653891472782593, 12.448808923635767, 13.22393797467996, 14.235926868196872]",22.909676955578462,"[30.7981037518733, 33.4900573033305, 35.78833718]","[14.425001383175236, 15.425948518765882, 16.392978271025573, 20.6028171083315]",16.89459442151935
162,measurement,True,2.0391349735035402,0.09095014536687185,0.599133990654454,31.611266852977444,2.5719308549374325,209,51,7,0,"[30.787540665, 32.6389535319354, 35.18843456]","[12.182682029933128, 13.041652810680118, 13.949970010836951, 16.253851725467587]",27.53872397260614,"[30.68221255328655, 32.6389535319354, 35.18843456]","[15.903730719407232, 17.00888010141916, 18.485146677032134, 21.463633180416924]",20.59906337927937
163,measurement,True,2.1110836106060593,0.0,0.5034079837924359,31.779548999033743,3.0155340852788153,211,48,8,0,"[28.376274255, 29.10705821745655, 29.429065745000003]","[12.613434283293529, 12.613434283293529, 12.613434283293529, 12.613434283293529]",0.0,"[28.376274255, 29.10705821745655, 29.429065745000003]","[15.740340890437816, 15.740340890437816, 15.740340890437816, 15.740340890437816]",0.0
164,measurement,True,2.1903767879561564,0.13247184569298023,0.41863048965311905,32.26519213269629,3.2597564103355947,213,49,5,0,"[31.04624509, 33.61575142335015, 36.696902405]","[11.79896286038623, 13.12608245765637, 14.60984323870459, 17.50806022921036]",43.60678619052249,"[30.80642350513085, 33.370518395, 36.09730783]","[14.219243662854518, 15.820381633324777, 17.50329922242763, 21.916521886262135]",34.9131925117242
165,measurement,True,1.892289941730137,0.18764990700051923,0.6256041500581997,31.84520408690194,3.0263071283094423,220,40,7,0,"[30.97970272281495, 33.27154536798945, 35.60243593]","[10.260185200467484, 11.946746340723989, 13.603062370934042, 18.78468737585489]",69.9255148665469,"[30.76801350828655, 32.93975158, 34.42010653732065]","[13.593321084881296, 15.705520834931832, 17.05435621464243, 24.73611392631703]",78.88716005205816
166,measurement,True,2.230604266427522,0.034965706548456175,0.41784415546323234,32.00755249633507,3.1679199036764194,209,51,7,0,"[30.89358230054825, 33.61878387388505, 36.43617476]","[12.977699752934464, 13.394208383868529, 13.77512246056598, 14.336145403118813]",10.253568634387781,"[30.79587317513085, 33.61878387388505, 36.43617476]","[15.631180902796125, 16.132267804387965, 16.602328926940352, 17.388983639169094]",7.774687027097103
167,measurement,True,2.080180602123019,0.0856725352956112,0.5582340891443264,31.70396149982356,2.4697225711336963,212,49,6,0,"[30.76801350828655, 32.84223616, 35.1443427240727]","[12.234369647866572, 13.152506089302106, 13.973061558467725, 16.160501925575325]",25.891564685055396,"[30.68221255328655, 32.7659476898655, 34.827777775]","[15.685519418737325, 16.872677327345386, 17.939438404585356, 21.04861206151256]",19.1336054977385
168,measurement,True,2.1158762532283326,0.14905684573500194,0.5034794227429568,31.831415854518085,2.9701901258074943,215,43,9,0,"[31.03269094054825, 33.6163850333305, 36.270103745]","[11.837007168654456, 13.53830954553359, 15.31345345277601, 18.440082952965806]",53.86059077980018,"[30.90865332054825, 33.4900573033305, 35.43452652765335]","[14.891438322508762, 17.01353441716272, 18.68956777737684, 23.998504367666225]",47.96257308944084
169,measurement,True,2.0983306964487856,0.11182503418496323,0.47858528425746316,31.89388946132689,2.749606678078688,214,47,6,0,"[31.03269094054825, 33.6163850333305, 35.5839735271325]","[11.516082556427067, 12.86787177458426, 13.836903617841866, 16.389169098428308]",34.30429842203749,"[30.89358230054825, 33.6163850333305, 35.5839735271325]","[14.257047752217956, 15.989450613064715, 17.120024235907678, 21.051305810671316]",27.63446586762366
170,measurement,True,2.236289531404924,0.013253345411163681,0.4757746054344935,32.11677080015498,3.1521767149581175,210,47,10,0,"[30.97200247, 33.61575142335015, 36.32668681]","[13.865869194322022, 14.022113087073771, 14.171354397509456, 14.395596351751038]",4.426174570764359,"[30.7981037518733, 33.61575142335015, 36.32668681]","[17.101250983150607, 17.307292653372805, 17.498434868327827, 18.176219011399496]",3.2212827618848445
171,measurement,True,1.744352625673346,0.17263013753030565,0.7857399423035767,31.719812382460418,2.800131860023952,212,46,9,0,"[31.0253201733632, 33.61878387388505, 36.09730783]","[10.24698359635572, 12.078475465195101, 14.053859938788504, 17.308502119230546]",43.6426955346904,"[30.787540665, 33.61878387388505, 36.09730783]","[14.51348551732311, 17.346817111902368, 20.00129894952138, 24.779138877194356]",34.882849533141496
172,measurement,True,2.1158944659607677,0.0,0.5433551361660198,31.904331347658385,2.5877019754525405,212,50,5,0,"[28.7075496663795, 29.398260685, 29.760862715000002]","[13.107619284880437, 13.107619284880437, 13.107619284880437, 13.107619284880437]",0.0,"[28.7075496663795, 29.398260685, 29.760862715000002]","[16.64703448178511, 16.64703448178511, 16.64703448178511, 16.64703448178511]",0.0
173,measurement,True,2.137035552871942,0.14720423578908481,0.5340474042742064,32.09036936664408,3.1902914653749206,207,51,9,0,"[31.0253201733632, 33.830278697737896, 36.696902405]","[12.301980573458453, 14.066328599531847, 15.685443763628218, 19.256492339929007]",55.65945987494669,"[30.608648372512548, 32.63123790044895, 34.619493755]","[15.571958637583483, 17.062995250701967, 18.60546117252993, 24.35633354283384]",53.285666979530376
174,measurement,True,2.079582673866282,0.11508791075142932,0.4958051333667128,31.651111300002437,2.9850402903205757,212,49,6,0,"[30.90865332054825, 32.94601884004135, 35.362169727132496]","[11.592015611613931, 12.553522885458003, 13.591086222880193, 16.221883554580675]",38.43648740025097,"[30.69418602440025, 32.80167838862475, 35.614437525]","[14.432245964482874, 15.650216343488076, 17.13820606287859, 21.770340143606806]",30.979194814970317
175,measurement,True,2.078333232611064,0.07509037760192677,0.4871159722128363,31.725021864226772,2.472094706718125,216,45,6,0,"[30.92984162468825, 32.93512720905445, 35.1414781440727]","[11.560538168849657, 12.336007049160584, 13.127747536527991, 14.220381750871182]",21.182206850901874,"[30.6746588676868, 32.788220758624746, 35.43452652765335]","[14.349014792333968, 15.300705900962738, 16.445478566141666, 18.57767974279161]",15.803155644076863
176,measurement,True,1.9576027585467075,0.17248469944133157,0.5698454508725997,31.62947246388601,2.6801435922036347,221,37,9,0,"[30.79587317513085, 33.6181502639047, 35.78833718]","[10.425431251732123, 12.512028998781718, 14.741585575583942, 18.322234777973964]",47.024913553749656,"[30.79587317513085, 33.41899081804695, 35.78833718]","[13.644043414707749, 16.206402421531358, 18.980444950944985, 23.842193909303607]",34.15783241722254
177,measurement,True,2.0876967026402324,0.15252927940126743,0.5258680522236564,31.714087074304896,2.5210888491145678,216,42,9,0,"[30.80642350513085, 33.12300602801975, 35.65718455]","[11.58041007846938, 13.24370417874114, 15.321761640580817, 19.009117647160092]",45.60348959240827,"[29.92762346, 31.8103482, 34.35003519704645]","[14.05416525588454, 15.690125875950725, 18.146447863566433, 23.957083617028736]",36.14825841692601
178,measurement,True,2.000749103924321,0.0,0.5437783301612072,31.50687352478728,2.757056687245232,215,45,7,0,"[28.492957295, 29.130029079670052, 29.5060182137715]","[11.68615132080341, 11.68615132080341, 11.68615132080341, 11.68615132080341]",0.0,"[28.492957295, 29.130029079670052, 29.5060182137715]","[14.844494774400722, 14.844494774400722, 14.844494774400722, 14.844494774400722]",0.0
179,measurement,True,2.0316729540216913,0.1033272519356343,0.4931470081530333,31.878456793941222,3.021056454834656,220,41,6,0,"[30.90865332054825, 33.61575142335015, 36.067052364999995]","[10.951136207050475, 12.047738263215557, 12.92061633751944, 14.816723832113437]",28.242244293159807,"[30.802611685000002, 33.61575142335015, 35.78833718]","[13.674209903358518, 15.085309108064815, 16.141885619512117, 18.49633829224344]",23.749213769851636
180,measurement,True,1.8722597334227473,0.16930520736773919,0.6508150196078601,31.81221004006733,2.604429450751472,216,44,7,0,"[31.03269094054825, 33.35454504804695, 35.689195755]","[10.305375476813202, 12.022436746023054, 14.094511797245223, 18.299849474242208]",46.638150623025254,"[30.72266034328655, 33.080608131774056, 34.994482545]","[13.734761009896083, 16.041904431900686, 18.342237828279572, 24.36642358364706]",39.33388663275725
181,measurement,True,1.901566077064275,0.14304927714073903,0.5989849593744117,31.961057296564306,2.8729499455929255,214,47,6,0,"[30.91927853781495, 33.6181502639047, 36.270103745]","[10.279375940026165, 11.759038298313838, 13.267070606796336, 16.65731331845542]",41.127897274514254,"[30.91927853781495, 33.6181502639047, 36.270103745]","[13.45345745720597, 15.448690599607762, 17.368103916794905, 22.779799593330587]",32.27691204048624
182,measurement,True,2.1556344752892183,0.08118502187218525,0.4810173573752822,31.838620276465804,3.3201175387783706,215,46,6,0,"[31.066704545548248, 33.6181502639047, 36.270103745]","[12.519964363227283, 13.380981210855374, 14.198742580958521, 15.533043396632753]",26.953567678799487,"[30.90413263054825, 33.6181502639047, 36.270103745]","[15.532351506602275, 16.587218436716938, 17.654550123196124, 22.053867955055605]",19.920403989750408
183,measurement,True,2.0055708234376226,0.13506848533409568,0.5969206135743939,31.663693419791926,2.7557641989853976,216,42,9,0,"[30.90413263054825, 32.80167838862475, 34.85984614]","[11.581210862599209, 12.744664321479304, 13.877832090610282, 16.15832681635118]",42.13568949581921,"[30.68221255328655, 32.741668448490245, 34.85984614]","[15.069977843230037, 16.682953808319052, 18.204915710642698, 23.038275315500748]",36.513993485467026
184,measurement,True,1.9090737586135935,0.13895352115146822,0.6370074861675035,31.97495703101483,3.1268391933645163,219,40,8,0,"[30.96463170281495, 33.05440183439835, 35.58841657265335]","[10.766203882294043, 11.842820618485119, 13.153133091134038, 16.576203983464968]",46.512789539567905,"[30.787540665, 32.72724164862475, 34.492691086543104]","[14.357435446131799, 15.66633558098867, 16.73665791073868, 21.937710284793432]",50.629596425259145
185,measurement,True,2.1786834522940803,0.11089167694050553,0.41617194212848796,31.605038205907395,3.0166106531892294,210,49,8,0,"[30.71007222013085, 32.98221378316275, 35.41665096172605]","[11.931927417232789, 12.989179000359327, 14.062084642288452, 17.79979527925629]",39.07205199749966,"[30.71007222013085, 33.035066021815396, 35.41665096172605]","[14.443708170715084, 15.743317347513806, 17.0599950817392, 24.625852548142056]",28.18205502811849
186,measurement,True,2.1541623157779846,0.14080463376484367,0.48203633219718167,31.861391702452217,3.2343760399270454,212,47,8,0,"[31.0253201733632, 33.4900573033305, 36.32668681]","[12.173084947029922, 13.62085195242967, 15.013024524772778, 19.365136766492913]",52.41882518883928,"[30.75052001013085, 32.3383934589816, 34.258432214678805]","[15.133983462569255, 16.181852201693744, 17.58687587851727, 23.939666734030357]",53.23925331427963
187,measurement,True,1.803507385598746,0.23228525743275763,0.700572209156161,31.73743450820438,3.064586807131184,225,35,7,0,"[31.0253201733632, 33.5666893024067, 35.78658144]","[10.0, 12.13990716797097, 14.186040525307156, 20.694936865613077]",80.75958684266351,"[29.26591345677795, 30.81094419513085, 32.717708676800896]","[12.233411868960536, 13.66731574607527, 15.751463297001864, 24.948025398543287]",119.52245395909905
188,measurement,True,1.8278100672536186,0.20007417024613058,0.6376322306769223,31.841696202486716,2.8484930453972224,217,42,8,0,"[31.331634968659948, 33.2727718999674, 35.65718455]","[10.0, 11.410492010290056, 13.283390829510097, 17.787061656493247]",67.38999205599686,"[30.7527505868733, 33.178474848588806, 35.02941549]","[12.801301307205412, 15.217078302598088, 17.49860076517892, 23.546685764359555]",62.48497239877612
189,measurement,True,1.9560525078777025,0.12228917797074641,0.5805360862068962,31.855129870987298,2.9551888694197044,216,43,8,0,"[30.97970272281495, 33.67439453330155, 36.067052364999995]","[10.846136723732503, 12.187680210907464, 13.30414437685492, 15.686631489672465]",33.46083415670618,"[30.787540665, 33.67439453330155, 36.067052364999995]","[14.059169159254054, 15.86870424594518, 17.436025607729235, 21.844754317866297]",26.230594810941742
190,measurement,True,1.9924071633077802,0.17760550731662234,0.5701446121487959,31.796364293072607,2.8151416028171488,213,46,8,0,"[31.0253201733632, 33.6163850333305, 36.09730783]","[10.898295408219445, 12.901209915224376, 14.766771331713588, 18.855605108771606]",56.69330310221309,"[30.65373823440025, 32.331969244999996, 34.85984614]","[14.016588049468401, 15.468960724303182, 17.876815941575725, 24.449500152575897]",48.48656552187407
191,measurement,True,2.1793038797802966,0.06697395127231047,0.3705797763405734,31.56082527378376,2.7001172614593982,215,45,7,0,"[30.71007222013085, 32.7659476898655, 35.35203284765335]","[11.690031590814064, 12.337473410652594, 12.897619099476891, 14.503563795574017]",19.224850460843953,"[30.71007222013085, 32.70496857986549, 34.85917637]","[13.834051308609888, 14.557017404032289, 15.213653820389188, 17.16217269564954]",13.60393987020735
192,measurement,True,1.9940748968036248,0.17173513736596402,0.5608395917213344,32.056618122827985,3.145950264027073,214,43,10,0,"[30.97970272281495, 33.83156313, 36.696902405]","[10.74926994461784, 12.626330561689405, 14.289318104749729, 18.306724566522426]",53.30161483055123,"[30.7981037518733, 33.6163850333305, 36.696902405]","[13.831183445191249, 16.23065761011974, 18.634916321266218, 24.736567266591628]",45.98723969169291
193,measurement,True,2.2097476057608487,0.10165545880204437,0.473043109107412,31.73639492926835,3.521258585903679,216,46,5,0,"[30.72266034328655, 33.5666893024067, 36.153890895]","[12.951215528508415, 14.119525381925287, 15.049756264557036, 19.891235395103966]",35.05848923537445,"[29.97147683, 32.18924892207405, 34.258432214678805]","[15.783182365359435, 16.837133521917075, 17.77315642169016, 24.492947386409263]",33.845832765815246
194,measurement,True,2.064077411556921,0.1446777159666965,0.49932465600834636,31.81614187269603,2.9650212759143426,213,48,6,0,"[30.534848816629747, 32.63123790044895, 35.913889964999996]","[11.054371606298746, 12.111158628709038, 14.01084360937389, 18.895523184962002]",48.91805617584503,"[30.613978178040647, 32.2399911193925, 35.2208681140727]","[13.971596173406168, 15.107793567364823, 17.21514310247979, 23.53745747209312]",43.76472851335763
195,measurement,True,2.2465516373135803,0.041796217975450876,0.36992673791026515,31.885651162516087,3.179910621029034,213,46,8,0,"[30.97518203281495, 33.462913703350154, 36.32668681]","[12.656434347225794, 13.076985806798705, 13.554366528053109, 14.23025834373627]",12.558272861806179,"[30.7309928534174, 33.375579955911, 36.32668681]","[14.909644917865586, 15.434569355575825, 16.022211898474065, 17.153032546775446]",9.276778102663538
196,measurement,True,2.1494416129357026,0.11856825207049562,0.44937949804912564,31.865313098007263,2.8696563861684083,217,43,7,0,"[31.0253201733632, 33.6163850333305, 36.09730783]","[11.809645151133187, 13.240239344183802, 14.28866110325169, 17.02907288690605]",41.16849496702119,"[30.7981037518733, 33.6163850333305, 36.09730783]","[14.40595295113793, 16.244477630085726, 17.78464872602853, 22.382031520507358]",33.63637923295897
197,measurement,True,1.9231364135423814,0.14640411382224833,0.6457755143441641,32.071314716527525,2.989296525754397,220,38,9,0,"[31.087787360548248, 33.3978292790151, 35.818592644999995]","[10.880012345064303, 12.335570776920656, 13.551922458893257, 16.789792612509864]",39.181701506291134,"[30.798090995000003, 33.43796273185215, 36.09730783]","[14.482619868077323, 16.552895859164266, 18.559773569758296, 23.23886036716131]",31.563946779060686
198,measurement,True,2.041760977607724,0.12586295937931333,0.5748328075484852,31.826467144520173,2.747318873184794,215,43,9,0,"[30.97518203281495, 33.4651615552023, 35.41665096172605]","[11.751858938690912, 13.218392852371014, 14.40576314954715, 17.47482913576184]",46.79264800293916,"[30.97518203281495, 32.7642609869354, 34.721552450000004]","[15.257309086429096, 16.645344622019067, 18.057409547848042, 22.519980400538927]",45.62053794655791
199,measurement,True,2.0492380950821922,0.08362676289034701,0.6022025389756278,31.736677090382674,3.0981651955331073,215,43,9,0,"[30.6508682826179, 32.788220758624746, 36.116941345]","[12.38719353057001, 13.098288398217939, 13.90922546824767, 16.604742133526393]",26.495256978667317,"[30.6508682826179, 32.6389535319354, 35.1443427240727]","[16.21756583287969, 17.106984052818152, 18.102188066257245, 21.64155887554564]",21.51181268484926
200,measurement,True,2.2032502523771123,0.052627559403320305,0.4290500369887143,31.514724353580785,3.3390454858966634,217,42,8,0,"[30.97200247, 33.61878387388505, 35.971755044999995]","[12.77138456551344, 13.321161680794837, 13.787740487014089, 15.118830930511104]",16.102523380255327,"[30.79587317513085, 33.61878387388505, 35.971755044999995]","[15.438142235982761, 16.134928321262095, 16.757305867141433, 18.259640252136684]",11.730025389977683
201,measurement,True,2.1379819703021568,0.07852947631891655,0.5002052937902078,31.70530268226237,2.8642419000681425,214,45,8,0,"[30.98707349, 33.59095144055455, 35.58841657265335]","[12.491676739853318, 13.430251593697932, 14.143106877540385, 15.852828773256709]",25.611397671391348,"[30.7981037518733, 33.59095144055455, 35.58841657265335]","[15.572601736974754, 16.837620780858575, 17.70126560847827, 20.292126259466393]",19.938627578843064
202,measurement,True,2.082817542513938,0.15578543432068628,0.5767676910498708,31.72361025782517,3.0481319704659824,215,43,9,0,"[30.98707349, 33.20719191798945, 35.913889964999996]","[12.18034907674944, 13.723786332789608, 15.464268101136534, 19.05729264207295]",59.01169544151433,"[30.70173971, 32.7659476898655, 34.411814519222446]","[15.777561044436215, 17.545860341466156, 19.093358802264348, 24.56167855381027]",61.42683270022705
203,measurement,True,1.9116766403196621,0.1645141963108373,0.6648758062840973,31.78354270070854,3.009286066039594,219,40,8,0,"[30.97518203281495, 33.59095144055455, 36.32668681]","[10.991260197008256, 12.728314149812357, 14.657877942581038, 19.734414228510303]",51.43334772354028,"[29.92762346, 31.4540423931676, 33.332582615]","[14.192175484916817, 15.399279458038256, 17.054115451152544, 23.736242869445313]",62.49421355789264
204,measurement,True,2.082373413136707,0.08449979307364643,0.5534413924335007,32.09473255603091,2.9751439743287404,224,36,7,0,"[30.97970272281495, 33.91226361784895, 36.43617476]","[12.21164048568911, 13.240726674572857, 14.385091506482752, 15.62424904300184]",26.998364889086574,"[30.7981037518733, 33.6181502639047, 36.43617476]","[15.578185560828206, 16.891587767735302, 18.350705373353904, 20.493195602254577]",22.9516442852874
205,measurement,True,2.11028570246887,0.018125554991438635,0.5274625626301493,31.974700870058363,3.081334668198375,211,50,6,0,"[30.90865332054825, 33.26747845, 35.913889964999996]","[12.745831764763745, 12.917333881876067, 13.116814617026707, 13.493813948238225]",5.860338856784246,"[30.72266034328655, 33.0606690944397, 35.913889964999996]","[16.07849020428519, 16.29565946729606, 16.56978230942452, 17.510033361616973]",4.112888828454842
206,measurement,True,2.096840025210115,0.11094646775443523,0.4817253315681098,31.877813381936722,2.847861388157624,218,40,9,0,"[31.066704545548248, 33.6163850333305, 35.689195755]","[11.520339761219887, 12.861243628502269, 13.943672122622988, 16.305537499336687]",33.965593059658794,"[30.8131747718733, 33.6163850333305, 35.689195755]","[14.286311516559241, 16.00608900812919, 17.41220092259187, 20.1545558385195]",26.583451515377632
207,measurement,True,2.2009951661229787,0.08852749324608944,0.47105741268588097,31.852158301665696,3.1034306465143175,214,46,7,0,"[30.97970272281495, 33.61575142335015, 36.43617476]","[12.90059989891069, 13.916552203592538, 15.066107997153967, 16.60928937727994]",28.792973793135555,"[30.79587317513085, 33.61575142335015, 36.307053295]","[15.88328648836412, 17.234808124621683, 18.535358192069403, 20.92721594144502]",23.176876806666442
208,measurement,True,2.076056827182376,0.02764738768965213,0.5117606311112418,31.518501275491573,2.7239062619266234,220,42,5,0,"[29.55072956140705, 31.601947130107853, 34.3128454068688]","[11.972190378926182, 12.214581826127986, 12.51648005116841, 13.001708107922278]",7.567329948053488,"[30.70173971, 32.7794053198655, 35.43452652765335]","[15.201560335721997, 15.525668880153665, 15.902992422597539, 16.59823023072852]",5.650219741876312
209,measurement,True,2.0850110708610687,0.17514899928425,0.5089625779302756,31.91189818323936,3.183667403894865,213,46,8,0,"[30.97970272281495, 33.75308582329245, 36.116941345]","[11.311673588445032, 13.350646777794697, 14.864298133249282, 18.540106856763433]",67.04851266275978,"[29.85108298827395, 31.458443473059752, 34.10245052764635]","[13.667276630178147, 14.892513352428573, 17.12509242710651, 23.19285830428732]",68.26598820406826
210,measurement,True,1.906983181819372,0.20444069729219225,0.5998583073290876,31.874486037217125,3.0575374742869226,217,42,8,0,"[30.97970272281495, 33.5885526, 36.32668681]","[10.163534125639924, 12.115983761597127, 14.279252296554102, 18.3289380834136]",63.389156055565806,"[30.7981037518733, 32.643977997384354, 34.277450647824]","[13.362834946496298, 15.166032894404752, 16.685527325487396, 23.86414184765613]",68.19237952044807
211,measurement,True,2.1344394644500286,0.12320314625203767,0.43350896027858443,32.01508878419361,3.1265930596000997,218,45,4,0,"[30.3740398739287, 32.98221378316275, 36.09730783]","[11.158523567333807, 12.370556685328717, 13.777915905694767, 16.22307110022836]",34.01950759226891,"[30.2866225535415, 33.61878387388505, 36.624364005000004]","[13.583391202282463, 15.549711312438445, 17.407452410294137, 21.100288547734934]",26.390658945129307
212,measurement,True,2.1073251817263836,0.1865095999905154,0.4939013761617723,32.0430224576289,3.1663238860236005,214,47,6,0,"[31.0253201733632, 33.4651615552023, 35.614437525]","[11.345311118336882, 13.20446385935389, 14.886551792376276, 20.08262162547034]",79.09102430271167,"[30.534848816629747, 31.95259136745955, 33.96154718]","[14.08494501955478, 15.193775008902819, 17.094634142235687, 24.956568191359285]",90.56031066045247
213,measurement,True,2.0399513794645894,0.14365302581570186,0.5819902056702734,31.75506198606673,3.1308055317236327,218,40,9,0,"[30.3740398739287, 32.18924892207405, 35.362169727132496]","[11.60252730013214, 12.526771481450895, 13.943626519678112, 17.615328493238156]",48.16718044088248,"[30.79587317513085, 33.56429046185215, 36.09730783]","[15.293717854867005, 17.3338500782597, 19.366666236565734, 24.93040098031707]",43.31742204605118
214,measurement,True,1.9399059348144658,0.1914946515250369,0.6514182615682176,31.982793515692205,3.079749670411853,215,44,8,0,"[30.8086540818733, 33.65284250835015, 36.19617383]","[10.765872191630184, 12.914013288573951, 15.075297961276302, 18.977587159018704]",60.504329005950595,"[29.525661425178548, 30.7527505868733, 33.2727718999674]","[13.665425387949485, 14.606793547356041, 17.102560381135703, 24.72328017064063]",82.47634736135298
215,measurement,True,2.0674648827587196,0.016366874402062647,0.4990540728473093,31.933668480870004,2.8880570133167707,219,41,7,0,"[30.1522985168424, 32.3567186049637, 34.71433113232065]","[11.878869168289304, 12.03490199639447, 12.163197198721516, 12.48055361150716]",4.92574163044375,"[30.787540665, 33.61575142335015, 35.78833718]","[14.862027857018283, 15.10475047638359, 15.306683013231211, 15.697875692214033]",3.907262597969523
216,measurement,True,2.066113509396773,0.04340868107433987,0.49838183077756626,31.661229640579492,2.614862584929132,216,43,8,0,"[30.060693649999997, 31.7487391475236, 34.411814519222446]","[11.631746277103446, 11.925231514289534, 12.439611572838366, 13.095678232915525]",12.416996192623788,"[30.96463170281495, 33.4243392690151, 35.65718455]","[14.701727658476972, 15.341279051873663, 15.948037323309498, 16.933571647516267]",10.232786000102998
217,measurement,True,2.24484584666906,0.044463612337897876,0.38688959001806916,31.642401145933725,3.1460259147449596,211,48,8,0,"[30.97970272281495, 33.5506669990151, 36.116941345]","[12.8522738401075, 13.328854968163085, 13.813641141865148, 14.566393359630442]",14.085739733278398,"[30.761083097004153, 33.5506669990151, 36.116941345]","[15.245447269621602, 15.84474477061847, 16.40858855441303, 17.721795888412693]",10.281613881330376
218,measurement,True,2.1106701157266414,0.06473157074720119,0.4837483662330942,31.56824069052354,2.4979637741214202,213,47,7,0,"[30.90865332054825, 32.92974031004135, 34.968266275000005]","[12.08025378158543, 12.678705647862778, 13.374789672709927, 15.097509412251497]",18.157756520267142,"[30.90865332054825, 32.7777186169354, 34.968266275000005]","[15.002253533485842, 15.721659349516724, 16.648420052667735, 18.746968935238158]",12.72246887807816
219,measurement,True,2.188683161992258,0.1511584997177615,0.47404238821962513,31.85038165480281,3.14082029762691,214,46,7,0,"[30.97200247, 33.6163850333305, 35.971755044999995]","[12.42803144125977, 14.19858543174307, 15.68914141093632, 19.0349602520926]",55.87156021048303,"[30.79587317513085, 33.3947286798991, 35.10594088]","[15.33906894361205, 17.491026314448604, 18.997250537770963, 24.411917171293748]",51.6705705458281
220,measurement,True,2.126571218662358,0.044155136639483554,0.5276913895591127,31.983136788839932,3.097803527699466,216,44,7,0,"[30.90413263054825, 32.788220758624746, 35.12445826]","[12.798234892977671, 13.156831587973036, 13.514029352038738, 14.483094319973597]",13.902081224965514,"[30.7981037518733, 33.61878387388505, 36.09730783]","[16.143291701336615, 16.811426927958795, 17.384954957326414, 18.788624415824273]",11.37655720046159
221,measurement,True,2.100058545509873,0.06512362685411865,0.5809736599668854,31.67917894366576,3.2998065286635874,215,43,9,0,"[30.59267890122185, 32.9759465231214, 35.614437525]","[12.912195633224146, 13.54966895527274, 14.140946084484476, 15.736237777224884]",21.075022547977387,"[30.3823605089287, 32.7659476898655, 35.614437525]","[16.672492368273794, 17.495611022818174, 18.358536672231764, 22.357437908450056]",16.752838666288977
222,measurement,True,2.007343583253781,0.11837555821277165,0.549776219170392,32.077987397367465,2.736362003346141,214,47,6,0,"[31.0253201733632, 33.6163850333305, 35.913889964999996]","[11.028773540467705, 12.41707409014073, 13.749870750847023, 16.049800859452098]",34.64159502389243,"[30.787540665, 33.6163850333305, 35.913889964999996]","[14.054281716389166, 15.90430210947898, 17.558328852291073, 20.4559263753997]",28.263819378209533
223,measurement,True,2.001243261143929,0.09144030772191465,0.5352644345858278,31.916840322323036,3.110043488433414,212,48,7,0,"[30.90865332054825, 33.0761350336214, 36.09730783]","[11.116434043646358, 11.82935239767219, 12.76844710539906, 14.782744202412516]",24.00698935023287,"[30.90865332054825, 33.43796273185215, 36.09730783]","[14.144955027673856, 15.260537266444995, 16.370794087850125, 19.262818210056473]",19.693360383992385
224,measurement,True,2.0920043965207022,0.06940911331472807,0.48026085498280946,31.831379917023803,2.8684519179330534,219,40,8,0,"[30.90865332054825, 33.31298934591101, 35.78833718]","[11.730878552228935, 12.435981149473514, 13.194268935733001, 15.199654960109681]",21.45482694768425,"[30.71007222013085, 33.451538092365254, 35.78833718]","[14.50525981296809, 15.49745982508907, 16.434395870218424, 18.77552284066011]",15.953530034862746
225,measurement,True,2.0945092173479316,0.13740413685122826,0.5708371583005147,31.862360550537026,2.9806569544970394,216,42,9,0,"[30.233931533346897, 32.2768860333865, 35.1705589940727]","[11.953722613220297, 13.064785715347599, 14.597433295324294, 18.201814734572913]",51.618786474791676,"[30.622393963731597, 32.3282979883502, 35.1705589940727]","[15.828671771839415, 17.022546761198804, 19.12318571058245, 24.71921195229056]",46.01184943753688
226,measurement,True,2.0145514412025283,0.12760975572990493,0.5151951611470272,31.854612045275577,3.004789816892515,212,46,9,0,"[31.03269094054825, 33.80998091497105, 35.78833718]","[10.90580001133776, 12.321137322076108, 13.54283304688167, 16.443879540794693]",40.01655857733031,"[30.68221255328655, 32.6005843383577, 35.10594088]","[13.68116367120219, 14.827439537850186, 16.283220140155386, 21.51680923212934]",36.69641154177785
227,measurement,True,1.8527016487443653,0.06662630075298913,0.7201213879052392,31.952738176296013,3.0145807765814996,219,41,7,0,"[31.0253201733632, 33.80998091497105, 36.43617476]","[11.313231382019236, 12.054941578775264, 12.697902357140231, 13.709072554621413]",16.912330145486038,"[30.89358230054825, 33.6163850333305, 36.43617476]","[15.570445831661583, 16.56057665932414, 17.527828608373305, 19.657645841528335]",12.721929374019066
228,measurement,True,2.177073967998364,0.10376099388991734,0.44603855301014345,31.709883251722427,2.9096407046420527,212,50,5,0,"[30.9825528, 33.6163850333305, 35.772001515]","[12.24629258576235, 13.540973073307983, 14.517730873731987, 16.735890569473675]",31.833445923699085,"[30.7981037518733, 33.6163850333305, 35.772001515]","[14.945872794159444, 16.55336480603058, 17.91360131237252, 21.099848601655463]",24.37291481206178
229,measurement,True,2.0704408007810375,0.059632620075184405,0.4784675405185965,32.02378223564762,2.9551407187628214,215,45,7,0,"[30.937212391873302, 33.6163850333305, 36.09730783]","[11.487357971112042, 12.12288502345978, 12.675481307131541, 13.696356348188802]",17.527018762931384,"[30.937212391873302, 33.6163850333305, 36.270103745]","[14.223030817132955, 15.029988342951068, 15.742635790951502, 19.013005991790237]",12.598400680998452
230,measurement,True,2.1352126317508247,0.12048976268276189,0.5335646334419213,31.752911566995152,2.935711536388381,210,47,10,0,"[30.70173971, 33.48942369335015, 35.913889964999996]","[12.392572531018493, 13.953983450662653, 15.321524063737948, 17.95011660895199]",43.26811234192368,"[30.70173971, 33.2720211849674, 35.913889964999996]","[15.883411314520803, 17.67660608228753, 19.6267333375014, 22.71451835121841]",37.60627977458073
231,measurement,True,1.8795973475488192,0.12721231176974507,0.5976599880155773,31.67675420201643,2.7657785942924793,217,43,7,0,"[30.7981037518733, 33.0756697561724, 35.444663407132495]","[10.178088031719717, 11.283171672939192, 12.583512482771738, 15.134666473075969]",39.93248989992913,"[30.90413263054825, 33.61878387388505, 35.444663407132495]","[13.401608201692794, 15.236216581545262, 16.63507627834947, 21.768456110969254]",35.063904547705484
232,measurement,True,2.0651430332392944,0.010904626111072924,0.5268924962277416,31.6528669961025,2.705210769342583,216,43,8,0,"[30.56642096440025, 32.89893226593305, 35.43452652765335]","[12.211835355730873, 12.328147546411804, 12.428606227295077, 12.664222807238495]",2.9230578769171496,"[30.68221255328655, 32.7794053198655, 35.10594088]","[15.41914309228379, 15.55181178906558, 15.676194209746276, 16.032018958054955]",2.13082169070872
233,measurement,True,2.0812260141627363,0.10790872404754545,0.49761700545274457,31.798777645768034,2.72500975852659,218,40,9,0,"[31.021087095, 33.3086785, 35.661028654999996]","[11.546430175658719, 12.711777253418658, 13.792949350923262, 16.305863447101917]",38.27156457826214,"[30.7309928534174, 33.0756697561724, 35.661028654999996]","[14.39455677720871, 15.822701631721662, 17.216031368400262, 21.945672172672847]",31.164218371410197
234,measurement,True,2.0662646135991913,0.21462512464700892,0.5365628906611026,32.04568063376443,3.187133172537722,215,42,10,0,"[31.0253201733632, 33.6163850333305, 36.696902405]","[11.133710978597, 13.242925648315563, 16.059482034201686, 22.869062018429574]",88.49808411638216,"[29.910796523022398, 31.426179554571, 33.243574335000005]","[13.504344591979088, 14.884428498851532, 16.802607957365716, 24.993796200415996]",112.80931587649023
235,measurement,True,2.0846455843289764,0.03299877494544785,0.5575813779611034,31.7872793074212,2.74662431886037,214,45,8,0,"[31.066704545548248, 33.6163850333305, 35.913889964999996]","[12.65530761821938, 13.063515772142553, 13.46001420705984, 13.948576358865642]",9.277776419205193,"[30.761083097004153, 33.43796273185215, 35.913889964999996]","[16.17697293229156, 16.715275346206628, 17.219586600809095, 17.950053230774834]",6.407138099821363
236,measurement,True,2.128135313273629,0.1654163313979069,0.5099520058441918,32.349831489665604,3.5110418001459336,216,45,6,0,"[30.97970272281495, 33.48942369335015, 35.991388560000004]","[11.793215345465454, 13.333931856158223, 14.655278748897437, 17.901164532633054]",53.52350026279042,"[30.787540665, 33.61575142335015, 35.991388560000004]","[14.786582626555994, 16.918491504408376, 18.843310514687932, 24.421386338092137]",48.12186207487637
237,measurement,True,1.9889493309313322,0.19182672119589916,0.7049659939361248,31.85314052258697,2.9634071234260464,212,46,9,0,"[30.98707349, 33.0599213759062, 35.661028654999996]","[12.073790677390106, 13.848016404411, 16.1397334229008, 22.61433732406643]",83.1309642312989,"[29.26078585201715, 30.6508682826179, 31.872845715]","[15.12780806973727, 16.506140683152214, 17.8744490580744, 24.15212059305282]",147.97084902087832
238,measurement,True,2.0159960884437047,0.18317791452655377,0.6213792396540283,31.92189693684201,2.7334512184362327,219,38,10,0,"[31.066704545548248, 33.4651615552023, 35.689195755]","[11.459248734007831, 13.564837208114684, 15.90706703529164, 20.77053725235001]",64.69493166851754,"[30.21434031247735, 31.5045234250675, 32.751520889999995]","[14.754269586928501, 16.017044346124457, 17.378145668206, 23.8576920114558]",93.36431262720026
239,measurement,True,2.169483177068802,0.13421257314431576,0.455932941025769,31.663733663392893,2.810470130250536,211,48,8,0,"[30.98707349, 33.5885526, 35.4267878412052]","[12.13556240277802, 13.767718779299708, 15.107395491772362, 18.192433886346898]",52.05416776086853,"[30.98707349, 33.43571488, 34.965401695]","[14.95719134267083, 17.00392050137801, 18.350426381680737, 23.534996659983122]",48.463948005341216
240,measurement,True,2.091502815443593,0.09134480573245017,0.5243037726329044,31.854895297526443,2.794020380621143,215,45,7,0,"[31.03269094054825, 33.6163850333305, 35.642604625000004]","[12.014236762146417, 13.159073842396678, 14.023003262890992, 15.662385546281218]",27.488935547964722,"[30.8086540818733, 33.6163850333305, 35.642604625000004]","[15.158875680745831, 16.66226537260688, 17.756473077742996, 19.74459632156723]",22.194995869476728
241,measurement,True,2.005546509141724,0.1513116630958425,0.6174276907063543,31.941156573240843,2.934104368514416,220,40,7,0,"[30.97970272281495, 33.6181502639047, 36.39922521]","[11.588453786026252, 13.338917557635753, 15.087488920931559, 18.127936427269674]",45.94071851072021,"[30.97970272281495, 33.6181502639047, 36.086685880000005]","[15.286085505862939, 17.620289691177614, 19.883692955218127, 23.960728001999005]",41.79534652304804
242,measurement,True,2.1316858900429305,0.07817973574476239,0.5274003409488321,31.792974003912633,2.8411248862704594,214,44,9,0,"[30.97518203281495, 33.61575142335015, 36.116941345]","[12.668496353275259, 13.636553958978048, 14.589643161156879, 16.530381757540308]",23.866682684257377,"[30.97518203281495, 33.61575142335015, 36.116941345]","[16.047563916707908, 17.263701186671355, 18.446883205480912, 21.425517316052513]",16.404125840012732
243,measurement,True,2.2833105322498106,0.14557914968646093,0.3932323947354399,31.868894786497023,3.0601694053180384,209,49,9,0,"[30.89358230054825, 33.222241455, 36.43617476]","[12.761976432885756, 14.12164073835722, 16.284964939683753, 21.220521145968856]",52.455134458478355,"[30.70173971, 32.63123790044895, 34.01253445026795]","[15.1901939215381, 16.73976061735125, 17.861517295172963, 23.124045484247368]",52.46913527009873
244,measurement,True,2.0794590006488614,0.1314227046625197,0.5614989919724264,32.04098294067251,3.2539505668851536,213,44,10,0,"[31.0253201733632, 33.64656209997105, 36.270103745]","[12.002874618469198, 13.4542407093077, 14.797874896332049, 18.527114211202996]",44.87178572160599,"[30.68221255328655, 32.643977997384354, 34.71715821732065]","[15.418198467794006, 16.716884080786933, 17.99935229701769, 23.71850938576223]",46.201060118721806
245,measurement,True,1.9494539287395374,0.010708894106213174,0.6529524768081695,31.858050015085002,2.9859523262011316,217,40,10,0,"[31.021087095, 33.61575142335015, 35.913889964999996]","[12.108656819735751, 12.226518154990588, 12.315040800673207, 12.499519054570777]",2.854995469869717,"[30.79587317513085, 33.61575142335015, 35.913889964999996]","[16.140248256771343, 16.308547209678114, 16.439153695556573, 16.708926234364334]",2.223378184451197
246,measurement,True,2.2148467715523545,0.10559499290336459,0.4194307455623607,31.686419447894767,3.006898470728499,213,46,8,0,"[29.858344816033252, 31.939963215, 34.827108005]","[12.03986501096988, 12.929918966487982, 14.002721591444374, 16.824161575508462]",40.90495142221513,"[29.97147683, 31.835775192944702, 33.82618036210485]","[14.64998183374069, 15.654535918645713, 16.72133922586122, 20.487472090171888]",38.62216073539019
247,measurement,True,2.1590532148417605,0.00543648111529686,0.4586054606263652,31.84111878308196,3.0108928397102797,214,47,6,0,"[30.90865332054825, 33.1562658323878, 35.818592644999995]","[12.711058042365265, 12.763110657842816, 12.823051799835135, 12.935906962681813]",1.6319011860648565,"[30.70173971, 32.9759465231214, 35.818592644999995]","[15.554161456449725, 15.616272548987029, 15.697621361125039, 15.85614120770884]",1.1943260046625688
248,measurement,True,2.2368748762483937,0.0,0.3707518327439399,31.287564019384995,2.8342763662217414,216,45,6,0,"[28.229752970471452, 28.938497648086297, 29.398260685]","[12.793119547777337, 12.793119547777337, 12.793119547777337, 12.793119547777337]",0.0,"[28.229752970471452, 28.938497648086297, 29.398260685]","[15.059551904772519, 15.059551904772519, 15.059551904772519, 15.059551904772519]",0.0
249,measurement,True,2.0781502060363173,0.1613209786151379,0.5494066370764307,32.18318683734726,3.2374729460224696,218,43,6,0,"[30.90865332054825, 33.6163850333305, 36.746059105]","[11.562246335941538, 13.287717875215968, 15.041195092026362, 19.816124819410998]",53.47474420156146,"[30.67039543933135, 32.6679377690737, 34.111694459999995]","[14.83239991399314, 16.351532711528083, 17.729267623307884, 24.014220602221357]",63.82754200162242
250,measurement,True,2.101683632197389,0.10162046567531698,0.4982144934757315,31.73212259930569,2.6469994241002,215,46,6,0,"[30.7025185345311, 32.39706706890675, 34.85984614]","[11.78482689214741, 12.577801964742832, 13.50719350848812, 16.075487467654394]",29.431052758631836,"[30.8086540818733, 33.6163850333305, 35.78833718]","[14.764577843382767, 16.470737810025746, 17.969155341334837, 20.58771915021957]",20.80126930369055
251,measurement,True,2.2283920494699663,0.1523754053413756,0.3854446940860604,32.094496542089466,3.0682132535826927,212,47,8,0,"[31.016566405, 33.751971415, 36.43617476]","[11.85520784981958, 13.575939244739766, 15.307209672359551, 18.370375027075116]",44.312854104070745,"[31.016566405, 33.61575142335015, 36.09730783]","[14.148328387571679, 16.181735038930217, 18.1866980796109, 22.688104631098586]",34.45110047745522
252,measurement,True,2.026677699151533,0.16247744391164584,0.5668623299808688,31.66987794233329,2.9949663987987187,214,46,7,0,"[30.97518203281495, 32.9759465231214, 35.5839735271325]","[11.441513263205318, 12.771619056908788, 14.596825746618594, 19.359442902000158]",56.139999186812176,"[30.68221255328655, 32.65507661899595, 34.187725467824]","[14.713438313974377, 16.388918102936795, 17.78313618597451, 24.842607881240344]",58.91653461954721
253,measurement,True,2.0427889689269447,0.05564707496650957,0.5865445636395747,31.964615553678545,3.1281135763083374,214,46,7,0,"[30.98707349, 33.61878387388505, 36.379591695]","[12.284487507431747, 12.917904424219497, 13.466162972718756, 14.61200869162658]",15.533452472189865,"[30.8086540818733, 33.61878387388505, 36.09730783]","[15.928690579502842, 16.757143721238535, 17.446597226768354, 19.25117778410443]",11.591652369851651
254,measurement,True,1.9994803973264477,0.1866237370578432,0.5758745800095147,31.974208861290656,2.966616225752214,216,45,6,0,"[31.0253201733632, 33.6163850333305, 35.81474854]","[10.90742058365259, 12.961312336082532, 14.648300880112433, 18.824240265206463]",72.24149703801393,"[30.71007222013085, 32.7659476898655, 34.492691086543104]","[14.053893631691572, 16.03001451473328, 17.78755702615248, 24.251782268019223]",75.04323934999928
255,measurement,True,2.028382783442674,0.2165440720994648,0.5278489006827836,31.895991761819104,3.1217890500352494,214,43,10,0,"[31.066704545548248, 33.61878387388505, 36.696902405]","[10.717763580583588, 12.896055709549392, 15.270788691017335, 20.996798021727567]",79.41296597532443,"[29.858344816033252, 31.820637599999998, 33.43796273185215]","[12.764685587892714, 14.680471940161787, 16.51792177997959, 24.99252268688211]",95.12187055614405
256,measurement,True,2.1026982237562515,0.16994531926722423,0.5072407216278533,31.968654672010985,2.7460983555733267,215,45,7,0,"[30.97518203281495, 33.6163850333305, 35.661028654999996]","[11.40678135417361, 13.552372237807404, 15.40771806892087, 19.75569621841247]",62.29127274663928,"[30.70173971, 32.7659476898655, 35.10594088]","[14.308238116905978, 16.27232939295541, 18.426001790398356, 24.694793821022984]",56.06348383473299
257,measurement,True,2.122338100243682,0.09032247635293293,0.4693968687496225,31.706769849170236,2.716482270069113,216,43,8,0,"[30.89358230054825, 33.400077130867246, 35.442671914072704]","[11.863238482839398, 12.944131341525372, 13.797494857089495, 15.490347991513017]",27.283948168719157,"[30.72266034328655, 33.20719191798945, 35.442671914072704]","[14.624972124297514, 15.91312797661768, 16.96541676115517, 19.52523150369459]",20.16811454034332
258,measurement,True,2.1407463161226454,0.05502607417405712,0.4745262915403107,31.914970879118282,3.345559374982005,214,46,7,0,"[31.0253201733632, 33.80998091497105, 36.738591400000004]","[12.3830797805604, 12.980474016465044, 13.494166664334385, 14.517759199870953]",17.34209973332989,"[30.90865332054825, 33.6163850333305, 36.738591400000004]","[15.30237231956951, 16.005021197582057, 16.67900606382044, 19.371591404399737]",12.616123327757467
259,measurement,True,2.082822696999143,0.0937640075196026,0.5406005754429948,31.702029782722754,3.0295969604658257,217,43,7,0,"[30.798090995000003, 33.197586625, 36.43617476]","[12.122436756981829, 12.991495310124272, 14.311805815429421, 16.006919577248578]",26.903112614689036,"[30.70173971, 32.8449168645578, 36.307053295]","[15.448560865594382, 16.479571568395578, 18.15437119271016, 21.488258137878354]",21.27907761746102
260,measurement,True,2.1067198115911916,0.0,0.456584202990158,31.84691407069043,2.877605486142263,218,42,7,0,"[28.62300417, 29.130029079670052, 29.756464415]","[12.073232013796002, 12.073232013796002, 12.073232013796002, 12.073232013796002]",0.0,"[28.62300417, 29.130029079670052, 29.756464415]","[14.759043473237575, 14.759043473237575, 14.759043473237575, 14.759043473237575]",0.0
261,measurement,True,2.1049821764163523,0.16336901247439056,0.5020283381983142,31.92649536248283,2.9981219668381476,209,51,7,0,"[30.98707349, 33.734176606179446, 36.696902405]","[11.567080991254157, 13.4835741211985, 15.368526017198482, 19.58904947318377]",57.14158058555016,"[30.7981037518733, 32.6790363906853, 34.150535677646346]","[14.517147413435561, 16.13242399391354, 17.531780763363624, 24.430398651275272]",56.03160221687484
262,measurement,True,1.9785855784115545,0.1460539287880574,0.5808866504434005,31.70594823061143,2.665672293874244,215,44,8,0,"[30.7025185345311, 32.98221378316275, 35.362169727132496]","[10.907925774162555, 12.266861631525764, 14.073627537054481, 16.01400524936835]",50.299067662008575,"[30.7025185345311, 32.86919610593305, 35.362169727132496]","[14.228327535319172, 15.957343250223872, 18.293633927909287, 22.175105975997795]",45.92450231408206
263,measurement,True,2.0514562848656968,0.026639060584671744,0.5572373532071383,32.130461740146025,3.551658223063495,214,45,8,0,"[30.90413263054825, 33.6163850333305, 36.43617476]","[12.27233361639839, 12.525852150942933, 12.7588207137696, 13.69234241829717]",7.941234107497686,"[30.712302796873303, 33.6163850333305, 36.43617476]","[15.691530205365858, 16.0321408873143, 16.349364999513096, 17.746272001686226]",5.602662450076831
264,measurement,True,2.13102558384856,0.07721223936357367,0.48887629144425615,31.953276192240608,2.6630082350730895,220,39,8,0,"[31.0253201733632, 33.6163850333305, 35.818592644999995]","[12.16090837152714, 13.183270802635874, 14.000451423231954, 15.65744085442856]",22.026991838861154,"[30.84344416, 33.6163850333305, 35.818592644999995]","[15.135345362633018, 16.404564910486243, 17.49241152549056, 19.50402017846251]",15.038623141290902
265,measurement,True,1.9574956809757318,0.16298825066707906,0.5040411835789722,31.614036959096047,2.919497314766634,216,46,5,0,"[30.70960608162975, 32.98221378316275, 35.4267878412052]","[10.048068570040536, 11.417924516392873, 12.704453463547553, 16.62509818551058]",51.27779648819991,"[30.70960608162975, 32.7794053198655, 34.411814519222446]","[12.655871071689027, 14.270103272720547, 15.573533597948106, 21.744151650746776]",49.239854606444844
266,measurement,True,1.9994945014377354,0.1601859599533434,0.5874012615741823,32.02344924728335,3.003186719211184,218,42,7,0,"[31.0253201733632, 33.96154718, 36.696902405]","[11.129615143606552, 13.039953907958097, 14.924267248444721, 17.851686872601487]",50.61485053463289,"[30.85879222242155, 33.6163850333305, 35.614437525]","[14.444433082842927, 16.860613491111863, 18.657947491255555, 24.170202241106775]",46.63154687563146
267,measurement,True,1.9934132595053418,0.08250421203556751,0.556258129123649,31.968954448268022,2.79314765917633,217,41,9,0,"[30.90865332054825, 33.2720211849674, 35.689195755]","[11.206824665398083, 12.040131047985822, 12.79388026333317, 14.5585622207568]",21.892345813927214,"[30.67039543933135, 33.05440183439835, 35.5985534521325]","[14.325281428156002, 15.378341872163766, 16.341073346870246, 19.628242738355812]",16.7177515732892
268,measurement,True,2.077959948519491,0.1273342725779308,0.4887876449616028,32.15620556081601,3.369121931998073,220,40,7,0,"[31.03269094054825, 33.61575142335015, 37.277296705]","[11.314691551547226, 12.491549208134117, 13.743791456405297, 19.572096229179348]",38.24906012407483,"[30.89358230054825, 33.48942369335015, 36.886309245]","[14.106841507754824, 15.552816213115527, 17.24513037397238, 24.267485303557745]",27.470938027490774
269,measurement,True,2.002683916568857,0.09582804331463957,0.5330546344324436,32.03582181427029,3.1199257041251096,221,40,6,0,"[31.08587628054825, 33.80998091497105, 36.09730783]","[11.063198887198912, 12.075358449474296, 12.979987771870459, 15.344033484515073]",30.14917527988672,"[30.90865332054825, 33.6163850333305, 36.09730783]","[14.063776388845893, 15.291626174899024, 16.41428206845546, 21.834303313268634]",22.19689427840955
270,measurement,True,2.120503690824158,0.13421592096996604,0.49313046366157676,32.01104473875473,3.003596903233728,214,45,8,0,"[31.08587628054825, 33.6163850333305, 36.738591400000004]","[11.760641146329878, 13.2598802590949, 14.818836287718284, 17.48484614494091]",38.09176628743104,"[30.90413263054825, 33.6163850333305, 36.09730783]","[14.753597378242926, 16.6358891627781, 18.409045411533185, 22.548027108142115]",29.641522780031284
271,measurement,True,2.010904406165565,0.14469780663272377,0.6038729487303889,31.896181848072118,2.9983608357916496,213,47,7,0,"[30.90865332054825, 32.9759465231214, 35.444663407132495]","[11.577321460982311, 12.823287517009494, 14.091945045630474, 17.617243763454592]",45.167481772854075,"[30.70173971, 32.7642609869354, 35.23874368]","[15.129074147100939, 16.7253391194021, 18.563188884176576, 24.108394295130818]",39.42906416696482
272,measurement,True,2.1692350200229007,0.10124029998623361,0.4801931527199164,31.86573538041027,3.154713520608782,216,44,7,0,"[30.90865332054825, 33.0599213759062, 35.78658144]","[12.535242259694543, 13.404511849339622, 14.463654689295785, 16.5677248232318]",32.543586337016116,"[30.72266034328655, 33.0599213759062, 35.78658144]","[15.490980806793354, 16.707778757427633, 17.93935111789105, 21.80248806041755]",25.097385697951687
273,measurement,True,2.0793458893673433,0.11872804126471528,0.5236349419732035,31.992920169084094,3.106503297195926,215,46,6,0,"[30.21434031247735, 32.18924892207405, 35.07972461]","[11.4090231580399, 12.28380847479013, 13.407863253277721, 16.213112685188406]",33.2242724435618,"[30.97970272281495, 34.104405105, 36.696902405]","[14.812824528884526, 16.81559709560906, 18.597013839143912, 20.692316857484368]",25.57189237864174
274,measurement,True,1.9229057840596464,0.08477357789491749,0.6390836666825684,31.831838849736076,2.8642847463487904,214,45,8,0,"[30.59267890122185, 33.081189297680254, 35.756325974999996]","[11.133907569726551, 11.973269156820079, 12.837865456236017, 14.543870836678355]",21.9383882061448,"[30.3483792711496, 32.788220758624746, 35.43452652765335]","[14.749970387599937, 15.853909211687558, 17.00859283996902, 19.27501551403428]",16.88835648273728
275,measurement,True,2.0450330209164314,0.06395917643583836,0.496649635072377,31.607173870194,2.5427481242400405,220,39,8,0,"[31.0253201733632, 33.56429046185215, 35.362169727132496]","[11.396921760455957, 12.203211408444623, 12.764765278909891, 13.986614029843517]",17.18295758973889,"[30.8086540818733, 33.400077130867246, 35.362169727132496]","[14.200081445307056, 15.208638538752048, 15.90983191559756, 17.568951482005613]",11.598341294934746
276,measurement,True,1.865298233151422,0.11079099746928689,0.6351363557674622,31.708869363164787,2.7824549289200817,222,38,7,0,"[30.85879222242155, 33.6521916860684, 35.78833718]","[10.400436014993831, 11.654872720725798, 12.726401779953658, 14.828088233709693]",30.01881628911495,"[30.85879222242155, 33.6521916860684, 35.78833718]","[13.880181204892663, 15.547205067261558, 17.0363545499671, 19.608026223060932]",24.7390944501451
277,measurement,True,2.13152152481675,0.12521790743104652,0.435139476468286,31.853280856693246,2.88690944960617,210,50,7,0,"[30.97970272281495, 33.080608131774056, 35.78833718]","[11.446579826936361, 12.48515106601383, 14.128084302597747, 16.790824583801605]",37.363984371044054,"[30.68221255328655, 32.88265373593305, 35.78833718]","[13.87039304162991, 15.15302155380606, 17.293016020761836, 20.333375226493526]",30.804455808882135
278,measurement,True,1.8039023668371144,0.20617812826700024,0.6904869761087543,31.669955567195903,2.7734015474963942,219,43,5,0,"[31.145124715, 33.61878387388505, 35.58841657265335]","[10.0, 12.117711263188665, 14.072272071083994, 18.652898310364034]",64.09316451269356,"[29.883279957240703, 31.5110045453528, 33.35885589395795]","[12.758768232814207, 14.30237654586692, 16.648880722208812, 24.571041413837712]",72.21129359581825
279,measurement,True,2.132920439044051,0.12357630184989805,0.4444410255302771,31.920189113122948,2.6701322194203763,209,51,7,0,"[30.7981037518733, 32.89893226593305, 34.85984614]","[11.39248534584079, 12.635235284255725, 13.607510156044803, 15.72927034993697]",39.405058889446934,"[30.7981037518733, 33.61878387388505, 35.784493075]","[13.947782359956618, 15.931451427180189, 17.660365428322656, 20.838244690567393]",29.54154540610706
280,measurement,True,2.169433178600873,0.10438067366909072,0.43311279339718495,32.14582091334466,2.7766317940507177,212,47,8,0,"[30.90413263054825, 33.161785373895654, 35.78658144]","[11.82207166327982, 12.876261402750279, 13.99555537632774, 16.395477703917607]",27.680932517558535,"[30.80642350513085, 33.6163850333305, 35.78658144]","[14.363989047782376, 15.949943550815364, 17.15891025387968, 19.95565973858785]",18.93527630239328
281,measurement,True,2.1108642292617557,0.10110020057531538,0.4462807089443048,31.859541876467343,2.892244075249284,210,49,8,0,"[29.5907377837715, 31.820637599999998, 35.27550745765335]","[10.927379256673145, 11.781094755009827, 12.974663545953709, 15.58989962521465]",32.70938420764623,"[30.6746588676868, 32.84223616, 35.6267205521325]","[13.938901682779706, 14.99471916499039, 16.284964734604912, 20.22559628338422]",25.986220959800345
282,measurement,True,2.128350159699117,0.10439031065562818,0.40252654763665063,31.760914336669586,3.009025597629148,219,41,7,0,"[30.69418602440025, 33.028798761774055, 35.913889964999996]","[11.18741845891658, 12.104103307675855, 13.19196172230399, 15.238294467526213]",27.494559206065155,"[30.69418602440025, 32.82264379579855, 35.43452652765335]","[13.455398605479957, 14.47386926306961, 15.747652733922113, 18.28042675709575]",20.355968583841168
283,measurement,True,2.170090403654185,0.014284678282261347,0.4832960061954368,31.767512091875144,2.821734174763159,212,46,9,0,"[30.927611047945803, 33.0756697561724, 35.43452652765335]","[13.06767540934033, 13.218856036230813, 13.338844820492142, 13.64245884974255]",4.344272487400909,"[30.927611047945803, 33.61575142335015, 35.661028654999996]","[16.166777977884625, 16.401590822016402, 16.567607758350377, 16.97659749772808]",3.343807299219744
284,measurement,True,2.1598872278925856,0.07558494808596186,0.46544402739272916,31.97345000386012,3.134228186451932,214,47,6,0,"[30.97518203281495, 33.5885526, 36.696902405]","[12.363230148950526, 13.18499660395873, 14.029060207945552, 15.998607727816823]",22.002292231145198,"[30.97518203281495, 33.5885526, 36.696902405]","[15.240609583507858, 16.26755532398167, 17.469721758428978, 19.634037101559123]",17.008790664652373
285,measurement,True,2.0329295691624933,0.013272202244207436,0.5975462311162808,32.18838648579602,3.1170593784176446,218,42,7,0,"[30.6508682826179, 33.06560747004135, 36.067052364999995]","[12.516247321354872, 12.646884467890583, 12.779245687057324, 13.061745336564249]",3.7946652727324,"[30.6508682826179, 33.173932113621404, 36.813770845]","[16.301998813787254, 16.471416308653442, 16.665918447991427, 17.34307148410212]",2.976001364849166
286,measurement,True,1.9285681303725082,0.05124341163677186,0.6579372437904262,31.696654405559013,2.685371976492505,218,41,8,0,"[30.90865332054825, 33.1577184559062, 35.661028654999996]","[11.686044247554559, 12.19794954140053, 12.7856003054355, 13.637912599264443]",13.937698518362698,"[30.70173971, 33.1577184559062, 35.661028654999996]","[15.621668496368082, 16.36599120123309, 17.131424561469817, 18.43340273852719]",10.813864237297114
287,measurement,True,2.0569953860066983,0.058148631996460726,0.6030114327890234,31.623856026753515,2.6706627268585015,212,46,9,0,"[30.7981037518733, 32.8784311031214, 35.43452652765335]","[12.648380760765844, 13.247520080573093, 13.838993756608355, 15.105325521237477]",17.533110530609218,"[30.66624308199585, 32.788220758624746, 35.1705589940727]","[16.512092555495663, 17.291402994393167, 18.12417528418929, 19.9627394638963]",12.975011637960211
288,measurement,True,2.1195049333488876,0.14083413443228013,0.5852078029909888,32.1675719962077,3.45728967811118,208,50,9,0,"[30.63776876310955, 33.0606690944397, 35.971755044999995]","[12.535869716351975, 13.865507977169903, 15.24821368599464, 18.22249290720969]",52.40005071131692,"[30.4015372572209, 32.741668448490245, 34.35003519704645]","[16.21676929733818, 17.920597773151123, 19.103645966814433, 23.573126794652726]",55.92022323416047
289,measurement,True,2.092456621136824,0.08213185407922047,0.43935386586850367,31.8963560189085,2.981325927265395,215,44,8,0,"[30.97970272281495, 33.61575142335015, 35.689195755]","[11.278490066515214, 12.126827370785637, 12.891619159056503, 14.385857592972625]",23.889358141749227,"[30.97970272281495, 33.61575142335015, 35.689195755]","[13.756160530619889, 14.806972863753582, 15.773660260042057, 17.860108237451485]",17.92284321637016
290,measurement,True,2.1378674129642095,0.15696293185189036,0.4839379848944329,32.02546971928569,3.4132816839208986,219,39,9,0,"[31.0253201733632, 33.91226361784895, 37.188725885]","[11.864760367277952, 13.5343943660614, 15.47847692726624, 23.12721657855204]",51.6642756504604,"[29.241501552017148, 31.0253201733632, 33.48942369335015]","[13.778174990125098, 14.876939441491109, 16.74556043776326, 23.971569422987447]",67.9771465613752
291,measurement,True,1.926069533889974,0.13759487221863873,0.6303021272645353,31.658391057962202,2.6678396822110213,218,39,10,0,"[30.077126405, 31.95259136745955, 34.392796086077254]","[10.572176963755659, 11.511464534159183, 13.076534593707756, 14.811570629570047]",43.36158329990984,"[30.90865332054825, 33.4651615552023, 35.5839735271325]","[14.573069183489144, 16.66822925134952, 18.81083069250747, 22.82969503723624]",36.89643662547179
292,measurement,True,1.9173705119642528,0.08038630137878937,0.685524382727933,32.12307817345087,3.0875606102954567,219,42,6,0,"[31.0253201733632, 33.6163850333305, 36.067052364999995]","[11.590308008617876, 12.458984244377378, 13.056784573328141, 14.603078999678226]",25.86004417297715,"[30.7981037518733, 33.6163850333305, 36.067052364999995]","[15.69300255166724, 16.901713408375237, 17.904825213433558, 22.890283120153043]",19.125226561767526
293,measurement,True,2.055895127894156,0.04379616599546389,0.6560931152620589,31.653847653554816,2.7519438555488813,221,36,10,0,"[30.56642096440025, 32.84223616, 35.41665096172605]","[13.245486992153925, 13.73984348205427, 14.217765142769675, 15.243327528277025]",13.154925150776874,"[30.56642096440025, 32.7659476898655, 35.41665096172605]","[17.752374745149808, 18.351621776496167, 19.08502670294948, 20.459177889276965]",10.017706893719478
294,measurement,True,2.064310347261577,0.04974258089897499,0.5403321736759816,31.85897907317064,2.8609273305438125,221,38,8,0,"[30.60783565533905, 32.84223616, 35.2208681140727]","[12.052622222581178, 12.53559444078378, 13.004246655311155, 14.09760013695543]",15.78565999292763,"[30.68221255328655, 32.73998174556015, 35.2208681140727]","[15.376689053043837, 15.928405240642384, 16.61369405184689, 19.78559889843919]",11.83518087825686
295,measurement,True,1.9855099884998564,0.07239703373580304,0.48416461840731495,32.10534546514315,2.788996354732192,218,42,7,0,"[30.79587317513085, 32.7642609869354, 35.444663407132495]","[10.468143837070714, 11.021252953672045, 11.58826831980143, 13.1459607216594]",17.003698749284144,"[30.90865332054825, 33.6163850333305, 35.784493075]","[13.046332155254829, 14.002656229290212, 14.818525965076724, 16.685080309314785]",12.030205847530073
296,measurement,True,1.9839996084540052,0.11448700377624602,0.6454426446651363,31.882145052454835,2.7502253272962096,217,43,7,0,"[30.96463170281495, 33.451538092365254, 35.78833718]","[11.803318413324215, 13.142304127382484, 14.214085377948532, 16.936811581638057]",34.83057192377587,"[30.72266034328655, 32.9081672631214, 35.3118606071325]","[15.688536592689253, 17.216710585316267, 18.716304020563403, 22.498288735626677]",29.75952664848422
297,measurement,True,2.206516483049891,0.06338170108870998,0.3900551441252721,31.650692586824366,2.978469493373991,215,46,6,0,"[30.77856383828655, 32.63123790044895, 35.784493075]","[12.289672310394446, 12.720443397443749, 13.546610517747109, 14.73250540705394]",19.752628939543037,"[30.6746588676868, 32.4888459890051, 35.784493075]","[14.607745295666593, 15.130314626730117, 16.179427276841803, 17.62316334932203]",15.293903974039967
298,measurement,True,2.1271007413087517,0.03567973408987042,0.45650951636644976,31.7767986998435,2.665323710671091,214,46,7,0,"[30.90865332054825, 33.243574335000005, 35.614437525]","[12.107177566670508, 12.493061448126292, 12.87389229708799, 13.600995909278753]",11.026443563040562,"[31.03269094054825, 33.624359252737904, 35.614437525]","[14.854327798693658, 15.380391423407795, 15.845631994527515, 16.845357511073225]",8.15131774425225
299,measurement,True,1.9018722127619905,0.21522195351427706,0.6062399983893537,31.771485177786953,2.4925787204606937,211,49,7,0,"[30.97970272281495, 32.93975158, 35.362169727132496]","[10.0, 11.892618720666551, 14.102378673332623, 20.73143346597117]",63.88544788685272,"[30.622393963731597, 32.18924892207405, 33.38110521706205]","[13.01776854522267, 14.923827848828838, 16.683202987834466, 23.46139129450962]",73.74508763366525
300,measurement,True,2.0354280262562203,0.08233818800306329,0.6025693408188109,31.788137898966298,2.9896597936987837,218,43,6,0,"[31.0253201733632, 33.83156313, 35.78833718]","[12.259176030730458, 13.26487267296357, 14.119286635140295, 15.999186622897605]",28.600877687696055,"[30.90865332054825, 33.65284250835015, 35.78833718]","[16.03687488723802, 17.295482995506458, 18.448532537230815, 23.832327840443384]",20.209920292599197
301,measurement,True,2.0567408749373626,0.11686434667381095,0.5764039698188732,31.881607019020727,3.2109079726629157,207,52,8,0,"[30.7981037518733, 33.2770827458784, 36.696902405]","[12.001726027625253, 13.036951631334514, 14.559527766286987, 17.156371055482605]",39.58720698708909,"[30.71007222013085, 32.93975158, 35.784493075]","[15.549210709939196, 16.79977256229484, 18.720246906446782, 22.92297225980923]",35.50695257953394
302,measurement,True,2.054267071611668,0.16937629395182638,0.46984547679591937,32.026471922889556,3.0906494554732857,219,42,6,0,"[31.0253201733632, 33.6163850333305, 36.43617476]","[10.636925157574831, 12.294381773255086, 14.113455620338641, 18.07005158682322]",56.52149355483823,"[30.7981037518733, 33.6163850333305, 36.43617476]","[13.089788947670549, 15.301267694623512, 17.99397940621897, 23.463625867394338]",44.7674777459393
303,measurement,True,1.9158099539334976,0.15262308959268375,0.698791764425599,31.92078565809334,3.0888413650440145,217,43,7,0,"[31.0253201733632, 33.61878387388505, 35.913889964999996]","[11.369682340591833, 13.036311785705065, 14.279489051475545, 17.475562987702098]",46.45027062211022,"[30.90413263054825, 33.61878387388505, 35.71572509765335]","[15.604143805846222, 17.842249166922354, 19.640646768180844, 23.95236783551075]",43.101782942278746
304,measurement,True,2.18439023186243,0.11841921094545879,0.43458307120483725,31.872200679414387,2.7328622404365066,217,42,8,0,"[30.69418602440025, 32.94601884004135, 35.444663407132495]","[11.90601783724542, 13.168249385936965, 14.364181447332808, 17.552834228641128]",38.574854951610526,"[30.69418602440025, 32.788220758624746, 35.5985534521325]","[14.592637577893417, 15.95077036408355, 17.760944704182332, 22.187267752279787]",30.058034538063886
305,measurement,True,2.1097435744544524,0.11810091954061086,0.4345657231161127,31.81701165073423,2.957840655919589,214,49,4,0,"[30.90865332054825, 33.080608131774056, 35.46054748]","[11.245754821398474, 12.309381577892896, 13.24048674505111, 15.937399849794241]",34.594750455101206,"[30.78308452828655, 32.99721444489545, 35.46054748]","[13.645537819193668, 14.975415694238327, 16.34431829811922, 19.404940481748067]",28.403170546753863
306,measurement,True,2.235579944131346,0.08721865022150163,0.4074541845392648,31.666435045292154,2.7961601030873666,214,45,8,0,"[30.9825528, 33.0606690944397, 35.43452652765335]","[12.694879852398739, 13.548984497755196, 14.588415069754836, 16.647143475884803]",30.74335770007398,"[30.84344416, 32.788220758624746, 35.43452652765335]","[15.27060193596869, 16.208941823404537, 17.455513289466424, 21.17945331361707]",23.950783518532702
307,measurement,True,2.1345576187681714,0.07975230933921391,0.5240153026274093,32.33861663449348,3.386686480741727,209,52,6,0,"[31.03269094054825, 33.796870885554554, 36.999319045]","[12.565567559534461, 13.449864403474026, 14.216333151584676, 17.69589411676176]",23.82983334850988,"[30.8086540818733, 33.6181502639047, 36.999319045]","[15.838151611187461, 16.937576366406695, 18.190409850155792, 22.283864864674452]",16.751567966049905
308,measurement,True,2.0564584937797403,0.09035799719129739,0.48741224898523294,31.726798953107973,2.9747421980489825,218,43,6,0,"[29.78295940379965, 31.83326575245955, 34.96257461]","[10.983077388311912, 11.617606105665729, 12.573247005571073, 14.760484116008314]",24.68155010888178,"[30.7981037518733, 33.6163850333305, 35.614437525]","[14.054503980427587, 15.356127034185644, 16.26796429546759, 18.851747822076376]",18.128544149275193
309,measurement,True,1.9798012960017901,0.17265743491192825,0.5523880050551022,31.575386476049438,2.5216096111299398,214,47,6,0,"[30.90865332054825, 33.173932113621404, 35.02941549]","[10.655593967545409, 12.569235949394875, 14.083749975996534, 19.095116466514263]",47.38374033721975,"[30.733223430159853, 33.0756697561724, 35.02941549]","[13.625490902499912, 16.062601696037536, 18.230402318847766, 24.67776929593215]",34.48175638505678
310,measurement,True,2.0343660492886717,0.19173826132851837,0.5206842417271521,31.862469305696102,2.636271106389737,216,44,7,0,"[30.98707349, 33.6163850333305, 35.65718455]","[10.645406527464512, 13.144137381540919, 14.951721001626435, 20.128376433280227]",64.44122370978644,"[30.267515586117298, 31.7336015545789, 33.24811706996741]","[13.126630701948365, 14.583469747385939, 16.309520196033333, 23.992324555397353]",82.02189308404931
311,measurement,True,2.0523012500438553,0.09430515601272922,0.513952608899453,32.100501868715455,3.0801016590636356,215,44,8,0,"[30.97970272281495, 33.161785373895654, 35.35203284765335]","[11.414613721990827, 12.263830428348976, 12.920752459924392, 14.894535424764763]",26.738729078713497,"[30.97970272281495, 33.61575142335015, 36.086685880000005]","[14.367569858110425, 15.622376777436594, 16.728720706004342, 19.836133763170928]",21.9938954837109
312,measurement,True,2.1384715358186566,0.1229568548256225,0.4350421587371407,32.28719453465266,3.1196580222519184,212,47,8,0,"[30.98707349, 33.61878387388505, 36.738591400000004]","[11.392336198881527, 12.591264480876308, 13.992839744918653, 17.344051989022734]",36.53881069816447,"[30.98707349, 33.61878387388505, 36.738591400000004]","[13.882916338117267, 15.44327111090412, 17.118058855100085, 24.443776102712707]",26.453636884015662
313,measurement,True,2.088626973469793,0.058321882273052746,0.5372604356568735,31.813708730737897,3.084096042148094,215,44,8,0,"[31.0253201733632, 33.61575142335015, 35.913889964999996]","[12.371097254470572, 12.98259486689736, 13.61824851110754, 14.58095234783598]",17.33801926328971,"[30.90865332054825, 33.61575142335015, 35.913889964999996]","[15.726719053333241, 16.54180525265083, 17.294157623645685, 18.813569361219194]",13.396091585609033
314,measurement,True,2.1218850841210775,0.14195682873115217,0.47002134534177714,31.372835278525525,2.8192844253937372,213,46,8,0,"[29.78295940379965, 31.820637599999998, 35.392633724999996]","[11.209244323568162, 12.320690666076231, 14.030501817685051, 19.27540331226204]",44.92254066000274,"[30.798090995000003, 33.61575142335015, 35.689195755]","[14.566423250473013, 16.82653030282416, 18.44409873373817, 24.920152350321953]",33.3139170738946
315,measurement,True,2.03825886526837,0.08006825897418456,0.5361504946170818,31.715736476270934,2.8363100293603014,221,40,6,0,"[30.97970272281495, 33.463547313330494, 35.689195755]","[11.610717786144825, 12.539537310928607, 13.247102368686905, 14.867451580298297]",22.711699604207226,"[30.97970272281495, 33.6163850333305, 35.689195755]","[14.78816218256792, 15.975042956609933, 17.015322224762354, 18.831075910448646]",17.344725140361614
316,measurement,True,2.0725156855886357,0.05075112250234495,0.48533366808188444,31.535218202190382,2.7220026072996055,217,43,7,0,"[31.04025883, 32.891888733121405, 34.7518470314828]","[11.717679243487998, 12.183128748319566, 12.526573517042545, 13.263149473142823]",14.2749185478664,"[30.68221255328655, 32.7659476898655, 34.7518470314828]","[14.506716506007791, 15.084048270038844, 15.534843349357283, 16.8712498621173]",11.282283071305422
317,measurement,True,2.188319059296667,0.12366016255831465,0.39088931275801053,31.807882149075052,2.9711546214075883,211,49,7,0,"[31.0253201733632, 33.61575142335015, 35.65718455]","[11.724006039785575, 13.136178542330637, 14.325462014838712, 16.422238494632076]",42.78112122811115,"[30.90865332054825, 33.61575142335015, 35.65718455]","[14.016191616513815, 15.68576340160647, 17.038756615566815, 21.701246272463244]",33.889367622390964
318,measurement,True,1.8333379542781016,0.15627292490183048,0.6772292324943084,31.695645387453414,2.977408358334707,222,39,6,0,"[30.97970272281495, 33.02533704798945, 36.09730783]","[10.37780689588813, 11.479692265851854, 13.377873251274195, 16.486521622385354]",45.688937840632036,"[30.68221255328655, 33.02533704798945, 36.09730783]","[13.979820078937639, 15.558979577883322, 18.314443088152228, 24.448366735238316]",39.63245630285323
319,measurement,True,1.9833641460964655,0.19468460002984567,0.611410660342857,32.14640139301189,3.153717689396362,220,41,6,0,"[31.0253201733632, 33.61878387388505, 36.39922521]","[10.933274543313807, 12.984218124010841, 15.016764761898537, 18.909701177438656]",66.5589633099257,"[30.8131747718733, 33.61878387388505, 35.65718455]","[14.357279912243502, 17.1281290577298, 19.354146847928742, 24.745735594680852]",67.91067415635536
320,measurement,True,2.058951479024298,0.07048329997645701,0.4728982656996372,31.575047477774575,2.757530486473694,210,48,9,0,"[30.90865332054825, 33.24811706996741, 35.1705589940727]","[11.331804421750055, 12.079148410729983, 12.575374366586477, 14.165682879061642]",19.80475750052096,"[30.8086540818733, 33.375579955911, 35.1705589940727]","[13.972507210774287, 14.981514000215286, 15.68136604924622, 18.34384893647628]",14.891929063633349
321,measurement,True,1.9501418166857802,0.10495045996814834,0.6810870397422604,31.764582958826264,2.9517456588370643,214,45,8,0,"[31.0253201733632, 33.451538092365254, 35.784493075]","[11.908891292689557, 13.077401408361986, 14.018440561201768, 16.220899098658478]",30.53086436832041,"[30.90413263054825, 33.451538092365254, 35.784493075]","[16.171086928637195, 17.715871549406124, 19.263750647867266, 23.478403718985444]",25.458545808705395
322,measurement,True,2.098611437455973,0.016227673682180813,0.5162219360192001,31.77178082674178,2.792705506007472,213,48,6,0,"[30.93498181513085, 33.3642043449261, 35.614437525]","[12.486449168126642, 12.678255245046426, 12.830413506237942, 13.09935337442114]",4.617251357518082,"[30.68221255328655, 33.15713729, 35.444663407132495]","[15.67964620852366, 15.910671191900596, 16.101623339191953, 16.58987764540301]",3.5024364606915697
323,measurement,True,2.2022037134173527,0.06817108008976902,0.39141191675100645,31.897115034765154,3.1261337829016904,211,48,8,0,"[30.85851518, 33.4651615552023, 35.614437525]","[12.138938144586916, 12.91124378894194, 13.45509918112222, 16.72625178752095]",23.1536164941066,"[30.80642350513085, 33.6163850333305, 35.614437525]","[14.483127384654269, 15.429727846420365, 16.094659917565306, 19.869252234765977]",15.411249924908908
324,measurement,True,1.9361629771910633,0.15831648453937158,0.6287815162195493,31.92875319815041,2.639245424308807,213,47,7,0,"[30.90413263054825, 32.7642609869354, 35.18843456]","[10.78094059203995, 12.109281523014568, 13.437900460147034, 17.927588246745415]",45.922096924329004,"[30.61625144103, 32.3035709155951, 34.633454564999994]","[14.216451868801034, 15.627322238579335, 17.72009255393471, 23.92086142260263]",37.709784491618656
325,measurement,True,1.87585343687103,0.16131538069133364,0.5879942677791388,31.93919283641302,3.2006753464256543,226,37,4,0,"[31.164296450000002, 33.82618036210485, 36.32668681]","[10.0, 11.484372105449076, 12.853547076561444, 15.391494871871732]",51.03462531241388,"[30.68221255328655, 32.781257049999994, 34.7490199464828]","[12.88435323282454, 14.307478351056943, 15.763196280120777, 19.935291220524274]",53.56871963237685
326,measurement,True,2.1542824143765036,0.025366615854536617,0.4384615743644934,31.353174786178396,2.787602029291571,213,48,6,0,"[29.43062944343895, 31.13775394781495, 33.91226361784895]","[12.220660720079609, 12.38972520964388, 12.681384858864616, 13.11347480267608]",8.113733218031472,"[30.72266034328655, 32.9759465231214, 35.362169727132496]","[15.003873452368467, 15.318040079134922, 15.632559441936053, 16.25705967622089]",6.415749266597899
327,measurement,True,2.21106228177253,0.02120526700809756,0.41139223760278815,31.843232028388837,2.8496472323683397,207,53,7,0,"[31.0253201733632, 33.69059398043535, 35.78833718]","[12.769642839324964, 13.032134410170528, 13.261510414961919, 13.622792436983062]",5.924789854922053,"[30.8131747718733, 33.69059398043535, 35.78833718]","[15.31302723889656, 15.637732203925385, 15.902145885809878, 16.34279130432168]",4.1293711237503565
328,measurement,True,2.1128362041299757,0.11053775278704274,0.48638813591011193,31.527037557380265,2.72639604733191,216,45,6,0,"[30.90413263054825, 32.93975158, 35.444663407132495]","[11.912632480503675, 12.96260900539313, 14.052004763810148, 16.827505424512914]",34.41366827741602,"[30.68221255328655, 32.73998174556015, 35.1443427240727]","[14.788562511476824, 16.063107549553955, 17.4537544861635, 21.023243609518257]",26.99305730317424
329,measurement,True,1.9931507057202926,0.16302463038005133,0.5937009777798108,31.825555574833768,3.068458086715354,215,44,8,0,"[31.03269094054825, 33.61575142335015, 35.46054748]","[11.2041849277591, 13.019436011017925, 14.315505319711061, 17.842996256157114]",61.177082451804594,"[29.890541785, 31.820637599999998, 34.392796086077254]","[14.067207087241702, 15.484709412441475, 17.5012568485112, 23.168605078938967]",65.31186785546097
330,measurement,True,2.152392006436878,0.0705404531008915,0.4730361116835063,31.582481313861585,3.059699570935938,212,48,7,0,"[30.231774983824252, 32.6679377690737, 35.444663407132495]","[12.286638530886627, 13.009966413276652, 13.705461774185988, 15.25371507643541]",23.39152197462379,"[30.80642350513085, 33.6163850333305, 35.661028654999996]","[15.384311937141504, 16.42784141011019, 17.198257520973065, 18.851376585625236]",18.58087804202909
331,measurement,True,2.181860712810325,0.0746014043562286,0.45184389754133564,31.651415405230466,2.819761791431675,214,46,7,0,"[30.9825528, 33.26747845, 35.614437525]","[12.56421615732446, 13.367956280948041, 14.165636221327667, 15.871956471820294]",20.095917244007197,"[30.79587317513085, 33.61575142335015, 35.614437525]","[15.334518385756917, 16.55726930906662, 17.541052258122146, 19.362411672148976]",14.144286916497052
332,measurement,True,2.035462350283972,0.14123327227892776,0.5023239301539157,32.039091074123846,2.926141012709975,221,40,6,0,"[31.0253201733632, 33.75308582329245, 35.971755044999995]","[10.818226210922536, 12.462752687563796, 13.581136239701179, 16.58976896927638]",41.91031680641129,"[30.79587317513085, 33.6163850333305, 35.971755044999995]","[13.519435341485353, 15.5700057186118, 17.263054709476844, 22.60416981579664]",33.23591988849657
333,measurement,True,2.084024749746072,0.08376150452810452,0.5989145093561393,31.868210101845577,3.128359833867741,213,44,10,0,"[30.90413263054825, 33.24764125298945, 35.913889964999996]","[12.786264922524245, 13.627189597863818, 14.469209672893315, 16.601907563313038]",29.83861949295309,"[30.70173971, 33.1577184559062, 35.913889964999996]","[16.684496826862738, 17.786508213066316, 19.14917812291896, 24.59894688610064]",22.005810592372256
334,measurement,True,2.1217236240829185,0.01948129375696996,0.45661336637786454,31.80574943967207,2.5994880246255625,214,45,8,0,"[30.3632535415045, 32.3934766705951, 34.722222224999996]","[12.082215691714293, 12.278143512309086, 12.44649400909652, 12.893116135015466]",5.35674621206763,"[30.19918794558565, 32.18924892207405, 34.50887419732065]","[14.786115886683334, 15.009732159728065, 15.228397679909273, 15.829690677114993]",3.7405567643798356
335,measurement,True,2.1190282585244686,0.06289031610158775,0.48939384663211255,31.77046217488604,2.8527913361217023,219,40,8,0,"[30.80642350513085, 32.817956918624745, 35.2208681140727]","[12.187003340953154, 12.746707824653752, 13.260870118176166, 14.834404844955976]",18.646889528890597,"[30.70173971, 32.6790363906853, 35.2208681140727]","[15.14264933211959, 15.839847802799984, 16.556097654233106, 19.15581767875415]",15.062774736376594
336,measurement,True,2.1588273514597853,0.06995876775361068,0.5031695208336173,31.87762069438568,3.131794644027496,214,45,8,0,"[30.85879222242155, 32.88265373593305, 35.444663407132495]","[12.817787033032603, 13.389397807410411, 14.03086209828469, 15.558534970669426]",22.96701527848384,"[30.85879222242155, 33.307927785000004, 36.10087651]","[16.040135467635988, 16.943010921548023, 17.923336890152033, 23.073390713819208]",17.48303575605101
337,measurement,True,1.997430412992041,0.18162002244192685,0.5613806521710377,31.86201147563084,3.069002211076049,216,44,7,0,"[30.90413263054825, 33.128525569527596, 35.5985534521325]","[10.869649773058377, 12.434062090145027, 14.00149729395034, 20.461306934516628]",75.80471477938495,"[29.92762346, 31.8007190545789, 33.71727917055455]","[13.363473119708342, 14.86767578251212, 16.561544358202063, 22.503961503321314]",88.30152373410547
338,measurement,True,1.929715957517495,0.07453210009183076,0.6295888921679978,31.788760283752403,3.0286170557971976,215,47,5,0,"[31.0253201733632, 33.43571488, 35.756325974999996]","[11.326066378518911, 12.037537285588629, 12.762651734271026, 14.027061404301445]",25.0658490286022,"[30.90865332054825, 33.65155807608805, 35.756325974999996]","[15.005977415650314, 16.0318509227144, 16.938229644490495, 21.354446484706763]",17.960232901099864
339,measurement,True,2.175127722727194,0.05084050869078024,0.41767877350795896,31.783133559583106,2.709010520002366,220,41,6,0,"[30.8565616456791, 32.86919610593305, 35.503294505]","[12.187566655166052, 12.648979174186307, 13.221092562068064, 14.36931663751674]",16.018289320549627,"[30.68221255328655, 32.7659476898655, 35.503294505]","[14.669013237889407, 15.245425334960995, 15.971983964195054, 17.91918251033787]",11.614853093452298
340,measurement,True,2.161885421781378,0.11818699025214925,0.4833608720637932,32.00628458354723,2.900982133742229,210,50,7,0,"[30.97970272281495, 33.61878387388505, 36.39922521]","[12.25645231414433, 13.649525616691937, 15.124010097015798, 18.17410279298056]",32.03141470988164,"[30.77856383828655, 33.61878387388505, 36.067052364999995]","[15.169603097432905, 17.037243084040878, 18.750562216656586, 22.48037634503057]",22.64829500792226
341,measurement,True,2.1251136756286044,0.10875303131052036,0.539715926968025,31.565256688062437,2.4635631377406173,206,52,9,0,"[30.90865332054825, 32.88265373593305, 35.18843456]","[12.566360032107287, 13.750608229752594, 14.906629182711551, 17.965640065498743]",34.653916123886866,"[30.66624308199585, 32.1885791644288, 34.7839153964828]","[15.942980622730962, 17.041191568789916, 18.901540610383364, 23.383894717426244]",25.94740870744403
342,measurement,True,2.167116742897721,0.12977402505555927,0.4435847070313915,31.43235411756605,2.8903442159317616,210,48,9,0,"[30.76801350828655, 33.2727718999674, 35.65718455]","[12.044047106256915, 13.49628470997918, 14.891267895979322, 17.775834960642367]",44.6776381096021,"[30.76801350828655, 33.4243392690151, 35.65718455]","[14.767191723312655, 16.69483754146916, 18.360488771990106, 23.83454130188359]",33.4697202828945
343,measurement,True,2.111199590561087,0.10601007238259151,0.5321655554413395,31.62007571693769,2.7349687862030927,218,43,6,0,"[30.6746588676868, 33.24811706996741, 35.444663407132495]","[12.193619368452014, 13.535298224978066, 14.694988778533197, 17.168442399835307]",35.827765584892894,"[30.72266034328655, 33.1577184559062, 35.444663407132495]","[15.620289487229224, 17.181133963620827, 18.659636457902103, 22.722965662529663]",28.729152565969933
344,measurement,True,2.1648071822283703,0.060446669637612103,0.5131531287194154,31.957924596905265,2.8285818467839827,215,44,8,0,"[30.60783565533905, 33.0135825203314, 36.067052364999995]","[12.901330670875302, 13.578653652334442, 14.368464281321147, 15.65190192867407]",18.352595346276726,"[30.69418602440025, 33.6163850333305, 36.067052364999995]","[16.28237831222483, 17.31947865317691, 18.15879819979441, 20.460707274914693]",13.342516971263645
345,measurement,True,2.1586803082187256,0.1302501540038487,0.41453595682154526,31.733633733861897,2.8394833989353248,210,51,6,0,"[30.90865332054825, 33.081189297680254, 35.55795257478585]","[11.569800607011036, 12.842763709481929, 13.925798577461878, 18.04915032509161]",38.803933333814136,"[30.7981037518733, 33.61878387388505, 35.55795257478585]","[13.909596513980555, 15.890892377837366, 17.114190857226955, 22.67084959238857]",27.243207991882805
346,measurement,True,1.8997338951187925,0.020296740141538008,0.6645879822687469,31.72431164795083,2.778382542218411,214,45,8,0,"[30.90865332054825, 33.161785373895654, 35.5839735271325]","[11.587107741296794, 11.77890159348016, 11.976859908736923, 12.359473730071828]",5.920298548256323,"[30.7309928534174, 32.987979447707104, 35.5839735271325]","[15.524141179457615, 15.779426727908685, 16.062844080859186, 16.658233953434383]",4.858036647497743
347,measurement,True,1.9957412363236215,0.09854245936496249,0.498107378527033,31.664699256818285,2.6822771912469343,222,39,6,0,"[30.90865332054825, 32.96101950177405, 35.503294505]","[10.698532541840322, 11.547526971110136, 12.425355773986642, 14.736365303279758]",25.76123266488484,"[30.68221255328655, 32.751520889999995, 35.503294505]","[13.331828749487581, 14.395410846159105, 15.708088572995058, 19.018300169203798]",19.81997426094979
348,measurement,True,1.9845690052852871,0.051363091220097475,0.5993215729408609,31.716205033591038,2.8042553516191506,222,37,8,0,"[30.80642350513085, 32.891888733121405, 35.614437525]","[11.75864288748336, 12.192921901241911, 12.778863640329387, 13.804677883141672]",14.060235022412645,"[30.68221255328655, 32.69221701044895, 35.362169727132496]","[15.330041667564446, 15.883176111028456, 16.63578052450856, 18.29984577393255]",10.242950051857383
349,measurement,True,2.1869912424977263,0.08649154998765188,0.5222442626523188,31.840858142359345,2.8142230823684495,209,49,9,0,"[30.521331102512548, 32.5165379383577, 35.1705589940727]","[13.11316052320429, 13.913121349493085, 14.929025951151148, 16.917780576323846]",28.81995126567258,"[30.97518203281495, 33.5885526, 35.43452652765335]","[16.769427362940036, 18.24290246171165, 19.203185057752666, 21.7848299177939]",23.179169574447368
350,measurement,True,2.1329505301541425,0.17139688315632876,0.4799195821123452,32.10505128997185,2.93786211538277,213,48,6,0,"[30.90865332054825, 32.9081672631214, 35.1705589940727]","[11.490279975331354, 12.95150901093348, 14.367740563284066, 18.428240766134905]",69.18946754965292,"[30.63776876310955, 32.18924892207405, 34.411814519222446]","[14.201816269385887, 15.50878640185271, 17.58045689516748, 24.94475946967891]",65.83154832414097
351,measurement,True,2.204710210542338,0.03694953179935588,0.4193348098665244,31.93602086846728,3.2894988130154146,216,45,6,0,"[31.08587628054825, 33.61575142335015, 36.43617476]","[12.694514410663515, 13.076686760883325, 13.451802877230865, 14.15071562120907]",10.843340577037925,"[30.89358230054825, 33.61575142335015, 36.43617476]","[15.286174033286791, 15.743762955542561, 16.29033121960194, 17.208664646503777]",8.093668900144696
352,measurement,True,2.177256823007245,0.11967298045810923,0.41520885076949243,32.186429771778975,3.3001331624111865,215,45,7,0,"[31.0253201733632, 33.61575142335015, 36.067052364999995]","[11.746011203229966, 12.985961153479431, 14.144626383141903, 19.900353458245284]",37.16664851759033,"[30.7981037518733, 33.61575142335015, 35.43452652765335]","[14.120145037693538, 15.656782042083709, 16.828033261719963, 23.888578575640924]",32.29785233311454
353,measurement,True,2.0945815755314534,0.12674643690302298,0.5151336668965991,31.766933600839906,3.0191653525156013,209,49,9,0,"[30.77856383828655, 33.61575142335015, 36.116941345]","[11.725039034627907, 13.251959090062178, 14.445957468985062, 17.19228056603922]",36.705035929570535,"[30.77856383828655, 33.61575142335015, 36.116941345]","[14.884609344401001, 16.815336024896485, 18.436397149396086, 22.33581939581127]",29.163300940830677
354,measurement,True,1.8320731301538717,0.2679246447639174,0.6536429783620591,31.771954312766535,3.0039247098175266,220,40,7,0,"[31.38543347977265, 33.6163850333305, 36.086685880000005]","[10.0, 12.239075321241021, 15.164661178947568, 20.928881125138837]",95.61284166827798,"[29.152824510000002, 30.253038500771098, 31.145124715]","[11.31233466857137, 12.45792085573306, 13.420989541944232, 23.43190088791823]",194.48148691776925
355,measurement,True,2.098635003053533,0.02024594884272552,0.42612961496268276,31.882360694442564,2.8707394251274634,221,39,7,0,"[31.03269094054825, 33.6181502639047, 35.784493075]","[11.557160675413181, 11.774554374699509, 11.956503401987046, 12.372802053155675]",5.4309609700494015,"[31.03269094054825, 33.6181502639047, 35.784493075]","[13.967049988048103, 14.225496706369476, 14.448531383314949, 14.92396072647531]",3.8594092677362206
356,measurement,True,2.126486015135728,0.10212575569052154,0.4688705953686736,31.693208547662973,3.0400113912411615,217,42,8,0,"[30.98707349, 32.92974031004135, 35.5839735271325]","[11.940824502805976, 12.752161705013936, 13.774358214867616, 15.989474202270028]",31.317896090366112,"[30.68221255328655, 32.825957630000005, 35.5839735271325]","[14.683399627388663, 15.750744789192593, 17.121323552491198, 20.99912382432989]",24.078879977935905
357,measurement,True,2.1632409244243744,0.010317779941563267,0.38595640260781083,31.90908047121043,3.133286671818364,215,45,7,0,"[31.066704545548248, 33.6163850333305, 36.116941345]","[11.981130030127064, 12.087102800627935, 12.172610524142579, 12.334681971496119]",2.7760617797550764,"[30.90413263054825, 33.6163850333305, 36.116941345]","[14.206580798677859, 14.33485034099109, 14.444288212948743, 14.893350331709492]",1.8728573441928535
358,measurement,True,2.145931560003105,0.17290498425177073,0.5171336549478488,32.128118948613135,3.5596315170225785,215,44,8,0,"[30.97518203281495, 34.2304863568548, 37.277296705]","[12.17458132479815, 14.060781845700948, 16.832702966651397, 24.669275992682397]",66.43031732683306,"[29.531086350000002, 31.44001923413455, 33.3978292790151]","[14.518291752936305, 15.891431045171002, 17.476937957155855, 24.477529819837343]",85.83556360589373
359,measurement,True,1.9967407797791812,0.12804581472128518,0.53812629964835,31.78343336572878,2.68729434141539,211,50,6,0,"[31.0253201733632, 33.24811706996741, 35.614437525]","[10.88823666270648, 12.166337112823687, 13.501268589330657, 16.45006826212255]",39.80296054292644,"[30.89358230054825, 33.67439453330155, 35.614437525]","[13.872686274586119, 15.835422535147348, 17.579104420285212, 21.00229879445579]",32.96101461800669
360,measurement,True,2.0613527710044566,0.12530250512544958,0.52034457118032,31.766305699238185,3.1265628968591104,214,45,8,0,"[31.03269094054825, 33.6163850333305, 36.43617476]","[11.556915298115086, 12.801117011187184, 14.177397612573744, 17.719487787292948]",40.97914740841823,"[30.79587317513085, 32.820957092868454, 35.43452652765335]","[14.598387866451207, 15.77623891937536, 17.37267849108382, 22.277571249896003]",36.531847862710386
361,measurement,True,2.191557870806901,0.09316450358918718,0.47253280146935067,32.177160617952225,3.2227798994321764,215,44,8,0,"[30.3186894146128, 32.99721444489545, 35.913889964999996]","[12.444393942063071, 13.415798058960018, 14.453649875300322, 16.36623630208977]",32.80750745711566,"[30.71574860433135, 33.61575142335015, 37.233143139999996]","[15.60741443317245, 16.891182198280646, 18.507131783592325, 23.743695522734672]",23.707907446951438
362,measurement,True,2.1275968493347057,0.06462583706266005,0.4765254747200844,31.555251056559367,2.766306422349301,213,49,5,0,"[29.5060182137715, 31.38543347977265, 34.187725467824]","[11.858456265138704, 12.335477121643477, 13.070939260949325, 14.334092844884063]",20.49492449805176,"[30.7309928534174, 33.4900573033305, 35.23874368]","[15.05839267987765, 16.116248411398253, 16.757384347870946, 18.459157625128196]",17.53396944158862
363,measurement,True,2.137284836443254,0.041337516955862026,0.4782308271859894,31.902579703497604,3.237443624104353,219,41,7,0,"[30.97518203281495, 33.48942369335015, 35.967910939999996]","[12.446831642965481, 12.86391133522946, 13.236377693207526, 14.082512610631124]",12.985879755029162,"[30.97518203281495, 33.6181502639047, 35.967910939999996]","[15.399158037740252, 15.942247521422892, 16.401474569258607, 18.489013399690016]",9.131503555728923
364,measurement,True,1.9984943045999624,0.08209848849411215,0.569571649634247,31.921749849975942,2.9820729364995775,213,49,5,0,"[30.90865332054825, 33.61575142335015, 35.689195755]","[11.422105583910335, 12.323741746525997, 12.989427941916619, 14.940386857320933]",24.43993174360004,"[30.8086540818733, 33.61575142335015, 35.689195755]","[14.714366613427336, 15.934069289265429, 16.810773126275443, 19.727557965926565]",19.74402390824551
365,measurement,True,2.2524713741681373,0.102764624239614,0.3035802527418395,31.659052187783164,2.706737652522549,215,43,9,0,"[30.97518203281495, 33.61575142335015, 35.65718455]","[11.700137516020657, 13.021392533508713, 14.023666650832235, 15.96275853934913]",28.967783645691796,"[30.7981037518733, 33.61575142335015, 35.65718455]","[13.421808116458877, 14.998824364770728, 16.26746030175506, 18.50820107712549]",19.066098673751302
366,measurement,True,2.076999537741525,0.050187077794613746,0.504062709741909,31.739022548824668,2.8960268618786262,215,43,9,0,"[30.79587317513085, 32.93512720905445, 35.818592644999995]","[11.914605211524828, 12.342677824407263, 12.891725164861526, 13.871404709579013]",14.069098313132585,"[30.608648372512548, 32.8449168645578, 35.4267878412052]","[14.887721925582165, 15.443284528782002, 16.092255327346198, 17.611289598916816]",10.50765747501444
367,measurement,True,1.9293376494259868,0.05909759449487672,0.6039737283186835,32.023311659062195,3.201248721886397,220,39,8,0,"[30.90865332054825, 32.885736178624754, 36.32668681]","[11.122346920115781, 11.53148403475627, 12.10518413374568, 14.539881880059788]",17.114039035641603,"[30.68221255328655, 32.885736178624754, 36.32668681]","[14.50745540749122, 15.079008632694231, 15.948854457373058, 18.965123954518873]",12.430068837221356
368,measurement,True,2.1674719281183616,0.0,0.4372284051745725,31.44288224573129,2.890152000054945,214,47,6,0,"[28.229752970471452, 29.0455820628869, 29.37857702]","[12.62214281460368, 12.62214281460368, 12.62214281460368, 12.62214281460368]",0.0,"[28.229752970471452, 29.0455820628869, 29.37857702]","[15.299232676383813, 15.299232676383813, 15.299232676383813, 15.299232676383813]",0.0
369,measurement,True,2.0709098976516205,0.0869391249784361,0.5109140129346138,31.951145017664327,3.2851127362594594,214,45,8,0,"[30.8131747718733, 33.6163850333305, 36.09730783]","[11.636781015777334, 12.584852994618164, 13.41120235228986, 15.143606868502514]",24.900689155891378,"[30.8131747718733, 33.6163850333305, 36.09730783]","[14.684946099858488, 15.853246418503629, 16.85589120023433, 19.465847380761282]",19.897482379276457
370,measurement,True,2.1446568352311584,0.06592665803266277,0.47505485750397564,31.94150365149383,3.482530012124399,213,47,7,0,"[31.0253201733632, 33.89068140282, 36.696902405]","[12.366704185629095, 13.076560743972005, 13.739100479752901, 16.303042935897313]",20.963089841466598,"[30.75052001013085, 33.65155807608805, 36.696902405]","[15.25812770231566, 16.12894553369111, 17.031009915040563, 20.825232624687427]",14.099927034763407
371,measurement,True,1.78850426908824,0.1141768677745888,0.6599291856720717,31.664127491532657,2.5690313174892214,224,35,8,0,"[31.0253201733632, 32.91001542, 35.43452652765335]","[10.0, 10.778912428465773, 11.830678500250656, 14.531495987646593]",29.19007864949174,"[30.622393963731597, 32.35873326694265, 35.18843456]","[13.211804796393125, 14.171257990697454, 15.960079885866902, 19.56410844733793]",20.6585472541327
372,measurement,True,2.1385004894762387,0.049108341303405266,0.5078368380533156,31.46088498471408,2.6984271113685088,216,43,8,0,"[30.0681944749674, 31.7487391475236, 34.827777775]","[12.612205248851987, 12.962607748101387, 13.593992633457349, 14.911641826659363]",15.308623863908483,"[29.92762346, 31.5045234250675, 34.6456217064828]","[15.771760032557522, 16.207623444887247, 17.054616445004452, 18.711382786943027]",11.783463320055157
373,measurement,True,2.1431699812456206,0.003097714318173628,0.5439111557665436,31.615076583875265,2.762958043605382,213,47,7,0,"[29.4923478569672, 31.7686576929447, 34.824950689999994]","[13.438961672767528, 13.47077481473325, 13.509248733368617, 13.581369651971864]",0.9629830540191855,"[30.62994764933135, 32.751520889999995, 35.41665096172605]","[17.09706876270668, 17.137641935174045, 17.183342696602825, 17.264960707469903]",0.7055948377380673
374,measurement,True,2.0924063240669386,0.12724802306955588,0.5709115696538722,31.780797481915105,3.4793591523457583,218,45,4,0,"[30.7309928534174, 33.61575142335015, 36.624364005000004]","[12.331237431995172, 13.72635441964391, 15.06793955368463, 21.236491092381485]",44.216238747020085,"[29.92762346, 31.8879833079447, 33.99974703784895]","[15.645531716326488, 16.716986470731985, 18.082926038253973, 23.714418831427473]",51.11612424995647
375,measurement,True,2.1053035925904946,0.05308211699071596,0.5060387500932463,32.11121855126142,3.028108337048214,211,48,8,0,"[30.97970272281495, 33.56429046185215, 36.307053295]","[12.202929098487797, 12.770380263843848, 13.353717177587082, 14.467598122330623]",15.971827018043363,"[30.8086540818733, 33.56429046185215, 36.09730783]","[15.260667688946983, 16.028644097973505, 16.701267870391575, 18.392905752431318]",12.717747243644261
376,measurement,True,2.2008732259163004,0.12096117814319143,0.45273644509361183,31.943581431871323,2.9618017736221467,208,50,9,0,"[30.98707349, 33.61878387388505, 35.689195755]","[12.428299811199993, 13.868079841585761, 15.319158142506852, 19.243969361310103]",44.949773043001414,"[30.72266034328655, 32.891888733121405, 35.07972461]","[15.202244513727374, 16.63625728925596, 17.912945091532283, 23.4851950866235]",39.99630737007121
377,measurement,True,2.162389353800107,0.09126614233478464,0.4390940788894217,32.13136920709985,3.332128816448305,216,44,7,0,"[31.03269094054825, 33.7914881176594, 37.646698075]","[12.017952171026037, 12.919995937504005, 14.095236091297924, 16.09465849817814]",27.817830585718642,"[30.81094419513085, 33.6163850333305, 37.646698075]","[14.584700127078298, 15.772512170376809, 17.13343393496018, 21.69551680108021]",19.17153901997552
378,measurement,True,2.2009130015818985,0.07256121014921574,0.413540611863909,31.82543320649944,2.757527893925911,213,49,5,0,"[30.96463170281495, 33.56429046185215, 36.067052364999995]","[12.33159402047767, 13.245708310149977, 14.110339448436989, 15.510551733976072]",19.58766091495509,"[30.96463170281495, 33.56429046185215, 36.067052364999995]","[14.858973942096044, 15.967657925120218, 16.96196718550041, 18.613428474974768]",12.647113811499619
379,measurement,True,2.070932810048286,0.07710756818836435,0.522491608153645,31.84394727772917,2.9681173317499856,219,39,9,0,"[30.9825528, 33.61575142335015, 36.32668681]","[11.852447719910089, 12.75575308723766, 13.564022540355786, 14.890592932271495]",19.3754766079584,"[30.75052001013085, 33.61575142335015, 36.09730783]","[14.941758580202865, 16.106532429446503, 17.09632652653973, 18.808060273935496]",13.872351003606116
380,measurement,True,2.1952560341414142,0.079273220975573,0.48034731033802247,31.90179400122924,2.7618935022072497,217,44,6,0,"[30.84796485, 32.63123790044895, 34.82428092]","[12.915066798730612, 13.637508087660454, 14.241148891155964, 16.294843252190184]",25.239570562135775,"[30.66624308199585, 32.63123790044895, 34.618823985000006]","[15.954880948929684, 16.87399199664068, 17.680757812416978, 20.3494824151681]",19.863845900863367
381,measurement,True,2.054752659178887,0.061853462854664316,0.5233560557623085,31.73932357771103,2.719711646024566,213,46,8,0,"[29.858344816033252, 32.01915889, 34.61093289232065]","[11.507261679925831, 12.074812537760288, 12.724446321490195, 13.747594778246416]",16.822154125042324,"[31.021087095, 33.451538092365254, 36.09730783]","[14.882957311143807, 15.780123820781712, 16.69949427410202, 18.128011127834224]",12.363847125172756
382,measurement,True,2.0078646706460566,0.197280826496463,0.5970893262988803,31.934356058102217,2.944546957921495,216,44,7,0,"[30.70173971, 33.272296082989456, 35.991388560000004]","[10.894135310807934, 13.079230558261687, 15.049056721592247, 20.166399303802134]",69.44111032323701,"[29.5060182137715, 30.97970272281495, 32.423729663906755]","[13.494005897043488, 14.795280124039284, 16.521271744833097, 24.96505406209275]",111.0033789003839
383,measurement,True,1.8873797860066601,0.09499432098701026,0.6913104316008771,31.88427743969834,3.05337509894761,220,40,7,0,"[31.0253201733632, 33.6163850333305, 35.78833718]","[11.31036559895546, 12.285452859076088, 13.146156691683146, 14.81371270969906]",32.17902855408338,"[30.90413263054825, 33.6163850333305, 35.78833718]","[15.406833310218483, 16.724548482270407, 17.990310377734488, 24.06691413069676]",26.606864728382
384,measurement,True,2.019122712203216,0.0760531343683025,0.5777514903353791,32.09619890559214,3.163171060990737,217,42,8,0,"[30.97200247, 33.8470987770759, 36.43617476]","[11.778093926188063, 12.617887539156648, 13.415800586766524, 14.565048351365867]",20.638296250165403,"[30.97200247, 33.6181502639047, 36.43617476]","[15.245329486142747, 16.286000249616194, 17.451463518675418, 19.161488433854288]",16.91764941729676
385,measurement,True,1.9838565863825408,0.04869945319853627,0.6018895872636209,32.186879009506825,3.4301146528562927,216,43,8,0,"[31.021087095, 33.82618036210485, 36.696902405]","[11.771397297924802, 12.264348557241243, 12.680807335797748, 13.700476021499766]",12.925364023534373,"[31.021087095, 34.10245052764635, 37.9143977620641]","[15.373717576401841, 16.070273871008737, 16.863576597924073, 18.856907203955732]",10.096619624813338
386,measurement,True,1.8760472867138744,0.07225805459924743,0.6540720400320296,31.766496487764485,3.255594070813134,215,44,8,0,"[30.84344416, 32.9759465231214, 35.959377355]","[10.987985092528861, 11.508020318401758, 12.14377008246728, 13.380273890336888]",20.751127116229867,"[30.68221255328655, 32.7659476898655, 35.959377355]","[14.669794448258049, 15.345010018907836, 16.27304508052351, 20.23894124137586]",15.94553169628046
387,measurement,True,1.995113099146128,0.0753963944671989,0.608923054199691,32.02782258763591,2.885919144671217,216,44,7,0,"[31.0253201733632, 33.80869648270895, 35.661028654999996]","[11.785974623300458, 12.704143257379654, 13.45778345110557, 14.789597403470134]",22.964309113442916,"[30.89358230054825, 33.6163850333305, 35.661028654999996]","[15.453248132889998, 16.63599707608196, 17.601269314605148, 20.355533608224857]",19.713063007169033
388,measurement,True,2.1238057621896083,0.04826537690558355,0.48988917384947717,31.88634408281219,3.247650166422468,209,50,8,0,"[31.066704545548248, 33.82618036210485, 36.624364005000004]","[12.359458012262031, 12.90495714797761, 13.365551312772924, 14.278373110856446]",13.18408573529748,"[30.787540665, 33.6163850333305, 36.09730783]","[15.341418162987003, 16.02128377678881, 16.580009225146913, 17.71236759024305]",9.832300771974719
389,measurement,True,1.8984746107552186,0.15484745947714795,0.6369973029023625,32.17280786484731,3.0648182588239354,219,40,8,0,"[31.170803292814952, 34.187725467824, 36.32668681]","[10.469737192622015, 12.338684737506654, 13.764207672528027, 16.359150158800247]",49.72131090049379,"[30.84796485, 33.6163850333305, 35.614437525]","[13.917288410710372, 16.056888900490907, 17.55880438185586, 23.748431270368894]",47.998679623784355
390,measurement,True,2.0122317526078715,0.12385776432924264,0.5602526779598804,31.874360417189262,2.855815983715361,215,44,8,0,"[30.7981037518733, 32.788220758624746, 35.5839735271325]","[11.231951439448752, 12.274184142911423, 13.316513842069229, 17.15289605714382]",38.69838778669697,"[30.65373823440025, 32.73998174556015, 35.30172372765335]","[14.413744455370297, 15.76542978750987, 17.19857440564713, 22.914429914103277]",30.441634575011626
391,measurement,True,2.166795603071845,0.01872179703008644,0.4211268669081646,31.73149745660775,3.140213747771707,218,42,7,0,"[30.90865332054825, 33.0135825203314, 35.913889964999996]","[12.350499149501548, 12.498819042772105, 12.700522309652047, 13.018358337301821]",5.835732561551602,"[30.68221255328655, 32.80167838862475, 35.913889964999996]","[14.86558577078765, 15.04281766358202, 15.323153235671427, 16.207829015948697]",3.892502814858793
392,measurement,True,1.9976240158341954,0.05789797405473357,0.5219909302521434,31.826093553828603,3.016515344720317,216,46,5,0,"[30.622393963731597, 32.93975158, 36.09730783]","[11.069405097110433, 11.58928967411611, 12.140924968552627, 13.41651513618655]",14.571683107956474,"[30.622393963731597, 32.788220758624746, 35.41665096172605]","[13.998115979016937, 14.594285256297402, 15.275062821798386, 16.87994218609277]",11.076422439864768
393,measurement,True,2.2388579730893516,0.07128265801796888,0.4538715873731383,31.930754425039687,2.9709188277075165,210,48,9,0,"[30.937212391873302, 33.61878387388505, 36.307053295]","[13.265539765087926, 14.176597167248492, 15.012459100145641, 16.3446634679267]",20.78308959748049,"[30.937212391873302, 33.61878387388505, 36.696902405]","[16.240900785207096, 17.3777115517133, 18.618631950624454, 20.439063162289113]",14.255601664246074
394,measurement,True,2.1689023763640276,0.1162891536257532,0.4949432405067719,31.869653333583646,2.7100795967516005,210,49,8,0,"[30.90865332054825, 33.161785373895654, 35.642604625000004]","[12.472940592249229, 13.745085342901685, 15.17533352167424, 18.1428800060541]",40.07710223059135,"[30.69418602440025, 32.987979447707104, 35.642604625000004]","[15.544444906147355, 17.109946803777415, 18.91409800047501, 24.54918322999794]",32.644081878471255
395,measurement,True,2.135545794201995,0.19401108125102576,0.49295141735527026,31.91340302521508,2.9406528076494856,213,45,9,0,"[31.03269094054825, 33.6181502639047, 36.32668681]","[11.615855567687843, 13.867150981154271, 16.441155253725814, 23.539490449916496]",69.7003038236293,"[29.23587997, 30.63776876310955, 32.2768860333865]","[13.250943171366698, 14.468541323001567, 16.055416520664348, 24.68746117844052]",104.70828658629755
396,measurement,True,1.9864929035186751,0.10625972271355676,0.620962585842391,32.017105481010155,3.128230294364289,218,41,8,0,"[30.90413263054825, 33.243574335000005, 35.78833718]","[11.630946811216688, 12.642199928600288, 13.574141532105502, 15.660989779481516]",34.85345301264462,"[30.7309928534174, 33.1279444036214, 35.642604625000004]","[15.32819496244168, 16.662457653611828, 17.83828341633241, 22.019552356390317]",31.273070065538022
397,measurement,True,2.068087036992513,0.06689802910514664,0.5238788546870801,31.965157405718045,3.0458053609971922,213,46,8,0,"[30.54263037933135, 32.8301920900568, 36.067052364999995]","[11.784464850212755, 12.401962303930139, 13.119024045507269, 14.709768260883326]",19.281663850226387,"[30.3740398739287, 32.8301920900568, 35.35203284765335]","[14.85516393217092, 15.669327643742983, 16.51936935007433, 18.52242164604832]",15.071598529116983
398,measurement,True,1.9513569503099244,0.088387042327304,0.506921615344051,31.758088668501497,2.8749797011515894,212,47,8,0,"[30.622393963731597, 32.99721444489545, 35.23874368]","[10.261838645374157, 11.053028799077559, 11.726009020722712, 13.598002410210336]",26.0716932483422,"[30.7527505868733, 33.2720211849674, 35.23874368]","[12.959216901499433, 14.049699632575457, 14.88856068644966, 20.238250934777643]",20.659811117885113
399,measurement,True,2.108591144209772,0.04771707643032872,0.5511347353649548,31.76224593180386,2.9585128928604973,209,50,8,0,"[29.78295940379965, 31.835775192944702, 35.18843456]","[12.60497958207081, 12.989949721580672, 13.61005481686722, 14.753582420341845]",15.300349912465691,"[30.7981037518733, 33.61878387388505, 36.116941345]","[16.350666404998336, 17.142051642315383, 17.783969625723678, 19.10587056492723]",11.404950201548303
400,measurement,True,2.1005176800904635,0.13621549243792344,0.5683153000736307,31.79979213993684,2.8336800376127727,208,51,8,0,"[30.90865332054825, 33.307927785000004, 35.689195755]","[12.364636174744025, 13.75830159340969, 15.783925494943805, 18.761944925515316]",47.81044006662364,"[30.90865332054825, 33.24811706996741, 35.689195755]","[16.02444131665285, 17.937603294261606, 20.31811495528644, 24.27582174411175]",39.43806660959892
401,measurement,True,2.0636442772769326,0.16151867842502976,0.5164115815954083,31.91209685776517,3.0039127645771675,218,43,6,0,"[31.0253201733632, 33.56429046185215, 36.307053295]","[11.253276055026088, 13.035613051866997, 14.787138175288433, 19.966579640842756]",57.322863674943335,"[30.63776876310955, 32.2500865900239, 34.056319955]","[14.124906596476437, 15.373728611835533, 16.881824929830184, 23.754605535334267]",61.34230020407615
402,measurement,True,2.0827311429320092,0.04104534662792257,0.47751925653024874,31.810783089265072,3.2235254388623584,215,44,8,0,"[31.04025883, 33.05934021, 35.81474854]","[11.793320350923766, 12.105781809774076, 12.49336581760626, 13.17337204320555]",11.404061159819332,"[30.6746588676868, 32.9081672631214, 36.116941345]","[14.552924398282382, 14.945174549050664, 15.522344376278374, 16.666399131538984]",9.159169487832427
403,measurement,True,2.147355024362324,0.010823409674945187,0.42362046903205497,31.492251644513736,2.978167963363068,218,44,5,0,"[29.4923478569672, 31.758368292944702, 34.7490199464828]","[12.125624565052421, 12.217853872847266, 12.33427828309368, 12.548438166070117]",3.2603298509137764,"[29.4923478569672, 31.4807653089329, 35.46054748]","[14.618209097197443, 14.721241167510113, 14.888560006562708, 15.475748260773702]",2.4970546631169626
404,measurement,True,1.9701195629821742,0.046033764308945194,0.6005703846017091,31.553296951507903,2.6337851504547154,209,51,7,0,"[30.540880719331348, 32.53259665082435, 35.1443427240727]","[11.606729266238903, 12.010298978809828, 12.48172260506377, 13.401751260379204]",12.700343927344878,"[30.622393963731597, 32.53259665082435, 35.1443427240727]","[15.186246441685286, 15.690212849379606, 16.36500322696423, 17.99031539403473]",9.27119553862951
405,measurement,True,2.1995802433598324,0.1558398746492269,0.4695140155870805,32.041892738765455,3.246295226088894,208,50,9,0,"[30.97200247, 33.903468815238995, 36.999319045]","[12.394081352204728, 14.249608029557573, 16.391581494982695, 20.720984579145966]",56.122031101558335,"[30.70173971, 32.741668448490245, 34.2304863568548]","[15.269422175434876, 16.890165630974526, 18.13130909956684, 24.28754255120333]",59.12865377870816
406,measurement,True,2.0302239584022015,0.19457508233543694,0.5580035742508807,31.873936391258304,2.8756857028818152,213,45,9,0,"[30.92984162468825, 32.626213435, 34.618823985000006]","[11.013348433856585, 12.592272548730584, 13.945885749134893, 17.468262082371186]",78.270390948569,"[30.280535884063298, 31.84840334540425, 33.86868099210485]","[13.8269135768408, 15.325957535708529, 17.635193579949032, 24.489262662932614]",81.4846434470893
407,measurement,True,1.9389602007747626,0.033588332954063986,0.5849929804553413,31.86963651396166,2.6885794561596055,221,41,5,0,"[30.81094419513085, 32.7600117379936, 35.818592644999995]","[11.164681915637448, 11.444305302029763, 11.816616735425571, 12.425087898612178]",8.18817902994213,"[30.71007222013085, 32.7600117379936, 35.444663407132495]","[14.459297624946181, 14.838993538005756, 15.309314016691145, 16.11475287854735]",6.03578163603577
408,measurement,True,2.158321189912256,0.05005771811597868,0.4856065357783416,31.64360655352098,2.723289162626403,210,50,7,0,"[29.858344816033252, 31.872845715, 34.939236109999996]","[12.511268758375225, 12.969295182720698, 13.597571282559768, 14.952426071035594]",15.8022954923022,"[30.7981037518733, 33.6163850333305, 35.5985534521325]","[15.790124673579204, 16.6513327294513, 17.329593065702007, 18.855353694506153]",11.950612144197157
409,measurement,True,2.1888418653124155,0.13756712149118658,0.4237506347464324,31.481348904134396,2.4800419790110078,214,44,9,0,"[30.060693649999997, 31.84840334540425, 34.618823985000006]","[11.583210094735776, 12.586773606232445, 14.55890030836276, 17.510893676045225]",37.39797843303862,"[29.92762346, 31.5045234250675, 34.4089791968548]","[13.963759208839324, 15.16617025400813, 17.713527668672892, 21.202992093684845]",25.751009805633373
410,measurement,True,2.25152552322407,0.06794638129810622,0.3960764070892163,32.171610455074735,3.439318225532423,221,41,5,0,"[30.70474911127355, 33.1577184559062, 36.32668681]","[12.750155447496505, 13.372750097904321, 14.176297406162432, 17.08096628809787]",20.714332615194625,"[30.70474911127355, 33.6163850333305, 36.32668681]","[15.25116125528199, 16.165942280646107, 16.987057960222266, 21.106787077313992]",13.711968563390844
411,measurement,True,2.1506746852710297,0.14498925820257594,0.48108781122475414,31.791216399034127,2.8157266287506824,213,44,10,0,"[30.3529487489287, 32.50985779596731, 34.721552450000004]","[11.683396645760471, 13.048790261901564, 14.46640789472141, 17.01684382934942]",48.57790457520337,"[30.92984162468825, 33.6163850333305, 36.09730783]","[14.877620702908272, 17.26714777597351, 19.362352639288716, 23.42888187123213]",38.76116789679447
412,measurement,True,2.148698245258382,0.11088283304668438,0.46891575398910523,32.16731276935981,2.817717042880875,213,45,9,0,"[30.97200247, 33.61878387388505, 36.32668681]","[11.899612531359908, 13.203600762820003, 14.562143403314737, 16.846053269648973]",33.538520697164635,"[30.97200247, 33.61878387388505, 36.32668681]","[14.71866112094686, 16.420144705035217, 17.964227446279313, 22.252367579786434]",25.248747661087222
413,measurement,True,2.058965289568155,0.08235815426312292,0.525574555638553,31.599554572205907,2.849979038032569,213,46,8,0,"[30.90413263054825, 33.17799903161085, 35.5839735271325]","[11.777635995728295, 12.598319837783974, 13.4795410636101, 15.239443615937606]",24.174374431997684,"[30.7309928534174, 32.99156095, 35.5839735271325]","[14.88352310617711, 15.897540591493074, 17.229314871048423, 19.67345689213803]",18.111609972192298
414,measurement,True,1.9847126288457657,0.10588252899889716,0.5465896478749216,31.87689184676304,2.9822344267133105,215,45,7,0,"[31.03269094054825, 33.6163850333305, 35.913889964999996]","[10.955639700514109, 12.058240428802593, 13.026993159086219, 15.456884500536978]",29.720363202709088,"[30.79587317513085, 33.6163850333305, 35.913889964999996]","[13.953349419419526, 15.462408036189633, 16.71404375359009, 19.658618999509553]",24.67291887474097
415,measurement,True,1.98193150999675,0.09583195872981311,0.5558166236276455,31.633210888173593,2.685578946028614,219,41,7,0,"[30.60783565533905, 32.8449168645578, 34.85917637]","[10.975878028249117, 11.936684482055675, 12.628099838384703, 14.176696034256471]",26.60613073747988,"[30.3529487489287, 32.642336522060546, 34.618823985000006]","[14.016294561795554, 15.264789074096678, 16.190052756738467, 18.840353046725824]",21.205094299243363
416,measurement,True,2.0836060845028763,0.04300012653670649,0.5011320852077398,31.52601213649967,2.6014767995290797,218,42,7,0,"[30.163447343292603, 32.2768860333865, 34.82428092]","[11.894162323452608, 12.30038321124327, 12.789157774231379, 13.452902459209394]",12.577227740789043,"[29.99940893, 32.2768860333865, 34.994482545]","[14.830061800113661, 15.387229234100953, 16.057131822564838, 17.145512358894674]",10.08339931051297
417,measurement,True,1.959557285021844,0.13126958890805412,0.6371622918720123,32.05027111210611,3.1138222992497657,212,47,8,0,"[29.55072956140705, 31.820637599999998, 34.85984614]","[10.729133915598421, 11.729059999201677, 13.077231270892073, 16.224858315104754]",40.59838593680016,"[30.8086540818733, 33.59095144055455, 36.09730783]","[15.032225480928695, 16.948913757814875, 18.648276761778337, 22.58047715992723]",36.486636369360056
418,measurement,True,2.0949542652101742,0.12043664831518652,0.5472169618461286,32.21266690274701,3.410075641957926,214,47,6,0,"[31.0253201733632, 33.85248154497105, 36.39922521]","[12.108555013669589, 13.417791496638841, 14.558158366689302, 20.216804448129444]",39.443581062221476,"[30.622393963731597, 32.18924892207405, 33.85248154497105]","[15.41218500339526, 16.286879901806508, 17.15584145219607, 22.449799132975915]",54.63105034141908
419,measurement,True,2.1403076238225482,0.07148940801448093,0.541859309762747,31.76076209024822,3.157713537877325,213,46,8,0,"[30.8131747718733, 32.89893226593305, 35.614437525]","[13.015702957525708, 13.618092530580826, 14.34446143440724, 15.91212119400673]",25.718323225761047,"[30.90865332054825, 33.61878387388505, 35.614437525]","[16.579041212169273, 17.65980446181759, 18.558440207394817, 22.967215494330812]",19.194786493228786
420,measurement,True,1.869592470882175,0.21988676659184445,0.7457039916909809,31.736622025953427,2.7541328034093833,213,44,10,0,"[30.90865332054825, 32.84223616, 35.02941549]","[10.978813313907269, 12.93494154163814, 14.719583584352948, 20.90974851332357]",75.18730754660156,"[29.2908193387951, 30.84344416, 32.70496857986549]","[13.703416767151927, 15.45899950890851, 17.95718118329476, 24.686309199584823]",105.83319833069166
421,measurement,True,2.0360363130262398,0.08176351657357758,0.48027980887379756,31.81783891215915,2.736876057678341,216,44,7,0,"[30.89358230054825, 33.7506869827379, 35.65718455]","[10.961478078387863, 12.007422868307845, 12.742121863631679, 14.039773983620858]",23.538698876894085,"[30.70173971, 33.6163850333305, 35.65718455]","[13.598977222667852, 14.855967613803514, 15.846867026253015, 18.724302113797858]",17.11242032432981
422,measurement,True,2.0233386335022563,0.07130978656621528,0.5681433666041991,31.565900448559812,2.817648806471802,218,41,8,0,"[29.75646442, 31.7336015545789, 34.392796086077254]","[11.545539847658464, 12.094841229420183, 12.882722783712364, 14.071474520465035]",20.82597980340573,"[30.6746588676868, 32.6790363906853, 34.939236109999996]","[15.236238259159443, 16.044290213274916, 16.879922652301154, 18.70221146270828]",17.097403623859453
423,measurement,True,2.1454496369023377,0.19627583359450584,0.4179625588151158,31.675966884136827,3.0339785256370297,214,46,7,0,"[30.622393963731597, 33.0756697561724, 35.784493075]","[10.982590545674954, 12.865227338951732, 15.06633785486953, 22.398709386336655]",65.65150095680055,"[29.531086350000002, 30.90413263054825, 33.29398361801435]","[12.617477201773776, 13.673344612828112, 15.927439522068177, 23.913545370933832]",79.0246761066001
424,measurement,True,1.6825147155405884,0.1371548974463232,0.6410107653072965,31.846024443621427,2.922220891416299,219,42,6,0,"[33.411452741852145, 34.492691086543104, 36.09730783]","[10.0, 10.352589835216184, 10.986845500984316, 13.004276026365153]",62.45216075055515,"[30.7981037518733, 33.6181502639047, 36.09730783]","[11.473462007816696, 13.11570204757837, 14.566127112493442, 18.051114115598622]",26.266248680061196
425,measurement,True,1.9178803381217895,0.06599070924708221,0.6417056584976906,31.683932621567926,3.01694213797335,220,40,7,0,"[30.98707349, 33.4900573033305, 35.65718455]","[11.368295847122724, 12.027301367198016, 12.648183140181366, 13.756024192904997]",17.29663222557757,"[30.787540665, 33.41899081804695, 35.65718455]","[15.08467131035108, 16.014412455367264, 16.864635434356394, 18.63771383436613]",13.740095447577293
426,measurement,True,2.1346580522346685,0.05023919707626989,0.336465780694542,31.61481873255759,2.8495488834674605,223,38,6,0,"[30.521331102512548, 32.2784849194288, 35.07972461]","[10.934674601441206, 11.275664550865926, 11.732678468211587, 12.77004389432082]",12.7354805268395,"[30.70173971, 33.2720211849674, 35.362169727132496]","[12.751917826196483, 13.345250487351157, 13.794417042254636, 14.85874956592981]",8.82530201351596
427,measurement,True,1.9873964725888427,0.1077285531457112,0.6060077048037178,31.67891445219078,2.731706099734997,214,44,9,0,"[30.90865332054825, 32.817956918624745, 35.27550745765335]","[11.58488162790216, 12.56218810987486, 13.390327651140016, 15.944053089094025]",32.02200605030833,"[30.70173971, 32.817956918624745, 35.27550745765335]","[15.13288684581217, 16.44661067123583, 17.742113564641958, 21.293402445657748]",27.21000429846747
428,measurement,True,2.1532316782353202,0.1296933650131327,0.4643415750757857,31.734769292701323,3.240692981595736,212,48,7,0,"[29.890541785, 32.3035709155951, 35.818592644999995]","[11.616760795939262, 12.720152272763235, 14.129468660199162, 18.543948494058714]",40.420926956882646,"[30.8131747718733, 33.6163850333305, 36.09730783]","[14.853394158289234, 16.683332771405112, 18.205428295454414, 22.746731218399454]",31.912215252949252
429,measurement,True,2.003577974844549,0.03013371890670684,0.5436817657021455,31.78455491009873,3.1050983148664435,219,42,6,0,"[30.89358230054825, 33.4243392690151, 35.78833718]","[11.566823886262718, 11.85094430099762, 12.12327563106415, 12.605168571441899]",8.404442669310086,"[30.72266034328655, 33.24764125298945, 35.78833718]","[14.697900560838743, 15.062416653821916, 15.438356758845686, 16.298209231068704]",6.538958247128633
430,measurement,True,2.126609890323096,0.06071923528592864,0.46733289152508817,31.690446336594427,3.13162478922494,214,44,9,0,"[29.564169336407048, 31.95259136745955, 35.16221829]","[11.827236103299478, 12.358482202082582, 13.012891953855203, 14.305173416297446]",18.504372580077955,"[30.92984162468825, 33.59095144055455, 36.624364005000004]","[14.912216295614964, 15.75796574202164, 16.675417493987695, 18.33110998809087]",14.479115248301255
431,measurement,True,1.9417976687323337,0.18949851237616816,0.6621071952964641,32.03347870472931,3.1277515346953177,216,44,7,0,"[30.72266034328655, 33.624359252737904, 36.43617476]","[10.838174145875353, 12.920493035559042, 15.133050018360723, 18.90487562439251]",65.35160899785198,"[29.2798208, 30.97518203281495, 32.855693790000004]","[13.664403757790867, 15.025092406222795, 16.973866043832256, 24.758644528602982]",89.02065081467362
432,measurement,True,2.119051902853697,0.08270011111195709,0.4977859087805709,31.952613696095252,2.964094649029272,214,45,8,0,"[31.0253201733632, 33.6163850333305, 36.270103745]","[12.127056480259666, 13.103628124543002, 13.989506290462366, 15.472826385880465]",25.642221325918896,"[30.80642350513085, 33.6163850333305, 35.971755044999995]","[15.119593327404809, 16.370341815358607, 17.45391882924264, 19.794003700189595]",20.73063467349713
433,measurement,True,1.9996248402855097,0.06669014901669286,0.5745130147282935,31.83637304031003,2.730819883235051,213,48,6,0,"[30.8565616456791, 33.80869648270895, 35.78833718]","[11.524366576050257, 12.424473906038356, 13.132057086765267, 14.250519003397557]",17.114814337704722,"[30.8565616456791, 33.61575142335015, 35.78833718]","[14.922134326751934, 16.00115889449277, 16.920301434111853, 18.508237135285267]",11.952128765849366
434,measurement,True,2.1273347100488587,0.09722610776029533,0.49189792154579215,31.886303645234793,2.843425234792628,216,43,8,0,"[30.97518203281495, 33.61878387388505, 36.067052364999995]","[12.095767532362094, 13.25475714619369, 14.389886676969416, 16.28155401050304]",30.279111293483062,"[30.97518203281495, 33.61878387388505, 36.067052364999995]","[15.084934535122695, 16.568458436981924, 17.91615855242525, 20.903027335928844]",23.48244212116857
435,measurement,True,1.8471709429786298,0.09977714626445824,0.6771731402324922,31.86799186659376,2.9468385324928246,224,37,6,0,"[31.10213538554825, 33.64656209997105, 35.78833718]","[10.67933241577615, 11.695292060682336, 12.701112231755765, 14.345429071518389]",28.671609453684177,"[30.79587317513085, 33.64656209997105, 35.78833718]","[14.406596999242412, 15.872980235258282, 17.188755289076784, 19.428002822746862]",26.300190346485273
436,measurement,True,2.2533700662942944,0.07291281554240499,0.4013709041084988,31.849177623743763,3.1784691561986094,209,49,9,0,"[30.89358230054825, 33.56429046185215, 35.642604625000004]","[12.874353533208104, 13.737758529795572, 14.34487757903078, 16.512789889298592]",23.398670876299633,"[30.70173971, 33.37126911, 35.642604625000004]","[15.417599351309239, 16.42809825325809, 17.11746992573181, 21.520916472603016]",16.577495177467327
437,measurement,True,2.0619459695406293,0.1761387589345592,0.5518086230805769,32.12771693256545,3.5849597903359633,217,42,8,0,"[31.0253201733632, 33.402089945911, 36.116941345]","[11.536987789439332, 13.068481155567016, 14.20842185500144, 23.522556624393598]",64.30936321148027,"[29.23587997, 30.90865332054825, 33.24811706996741]","[13.76517128767177, 14.790538631238, 16.733887867137085, 24.817817579289198]",95.9017621314639
438,measurement,True,2.2010086149472046,0.0821649850826255,0.4668957605703577,31.815577048905983,2.8897252733635015,213,46,8,0,"[30.7981037518733, 32.92347305, 35.27550745765335]","[12.845869101372921, 13.64974303681174, 14.444496498035951, 16.39086160171007]",25.489191045845722,"[30.67039543933135, 32.92347305, 35.27550745765335]","[15.816672569152063, 16.84810035621123, 17.954621434496463, 20.332649674342402]",19.107186462623947
439,measurement,True,1.9297143798482579,0.20341096521430418,0.6692427931673739,32.026161864687985,3.2575981190027905,220,38,9,0,"[30.712302796873303, 32.9759465231214, 35.818592644999995]","[10.828740719473464, 12.5085818718378, 14.118643113744291, 20.075662797396966]",62.513550500687344,"[28.50632113, 29.92762346, 31.27458389444175]","[12.903568003670884, 14.09660097929868, 15.336658198465384, 24.3858362438369]",134.57373321936979
440,measurement,True,2.056314501786367,0.07554153308164524,0.5368748980600927,31.838475169292433,3.100691092825366,213,46,8,0,"[31.0253201733632, 33.6521916860684, 36.09730783]","[11.871998613232174, 12.669097170309602, 13.450599560781267, 15.034829404336532]",24.30171826269823,"[30.68221255328655, 32.86919610593305, 36.09730783]","[15.04924827102328, 15.829522399951781, 17.04718683908043, 21.42540851734196]",18.604346870790895
441,measurement,True,2.0364133573866856,0.12000536572015189,0.5306693673919276,31.603503633067834,2.9392536177742157,212,48,7,0,"[30.233931533346897, 32.65507661899595, 35.614437525]","[11.105544825030341, 12.19856221555206, 13.718662352158308, 16.30627671934708]",35.95888159809621,"[30.3483792711496, 32.741668448490245, 35.614437525]","[14.232903311897742, 15.643536858719688, 17.606762653031502, 21.433626371454608]",29.65121969654156
442,measurement,True,2.2049748954725765,0.06010878329564587,0.4282875157169696,31.446995142171815,2.988975796734776,213,44,10,0,"[29.858344816033252, 31.952446668137, 35.41665096172605]","[12.503240633470467, 12.973328008663975, 13.785179553178427, 15.231999190493193]",18.70617824252946,"[30.8131747718733, 33.6163850333305, 35.57383664765335]","[15.401493931140154, 16.323979108745796, 16.963095034149095, 18.70205004954492]",13.523598809381305
443,measurement,True,2.041439017641739,0.14119977742417253,0.519832754881327,31.868188993425807,2.96752397900511,207,53,7,0,"[30.97970272281495, 33.61878387388505, 36.270103745]","[11.160197380155756, 12.715819166478196, 14.26612490940978, 17.680321361395038]",45.91508144153869,"[30.97970272281495, 33.61878387388505, 36.270103745]","[14.135446786224245, 16.137883774691293, 18.202744051898044, 23.300104669381568]",37.500055839146995
444,measurement,True,1.9931901520077409,0.08419718499005797,0.5502719853348408,31.711376335136112,3.038658390598619,217,44,6,0,"[30.90865332054825, 33.3107076799674, 35.661028654999996]","[11.25923823342374, 12.006833202004586, 12.888496764243534, 14.728915368209902]",26.348674735523172,"[30.7309928534174, 33.3107076799674, 35.661028654999996]","[14.358753847668423, 15.439115561423781, 16.545873303863324, 21.45854181365828]",20.207648908485268
445,measurement,True,2.0500886535079315,0.1093810435070934,0.4797878435844489,32.02196608361953,3.3934029055562913,217,43,7,0,"[30.7981037518733, 33.94725431997105, 37.0437363]","[10.950880473304691, 12.088121605597, 13.349156903797082, 17.666271823288728]",30.764678073010415,"[30.7981037518733, 33.6163850333305, 37.0437363]","[13.672143503949654, 14.986997542410347, 16.603023229930166, 21.817894905949487]",21.944105611842055
446,measurement,True,2.194496544346002,0.045485879009072645,0.45527605923101405,31.77173828358195,3.0401249543605786,214,47,6,0,"[30.54263037933135, 32.9759465231214, 35.74174605]","[12.836940141492764, 13.304864452890163, 13.804157827852109, 14.736609343888615]",14.377874461538042,"[30.75052001013085, 33.3977791, 35.74174605]","[15.775548559323243, 16.4343306192008, 16.96348930608131, 18.5045238440924]",10.303668248027716
447,measurement,True,1.9864776969166942,0.07721675684097581,0.5556927912230146,31.747311140274157,2.787807993250122,222,39,6,0,"[29.9271333272407, 32.3833811999637, 35.1705589940727]","[10.916926207317106, 11.682016040603058, 12.44079690565542, 14.204694248906431]",20.485862803411393,"[29.9271333272407, 32.2768860333865, 34.7490199464828]","[14.017866619952489, 14.982813976568313, 15.948489664309157, 18.31791745670214]",16.17323882953174
448,measurement,True,2.1224031223433695,0.04392728137630969,0.4863969198254184,31.641942703141194,2.639714865395123,214,46,7,0,"[29.652620804999998, 31.41103571, 34.6462914764828]","[12.1120817696588, 12.40750809877794, 13.068189638485968, 13.794857816537668]",13.040557213716745,"[29.9478781980224, 31.41103571, 34.535671918803445]","[15.096198493163397, 15.46659345018199, 16.21674928132252, 17.478881488058082]",10.368079797436913
449,measurement,True,1.9934338667749056,0.14341865974095638,0.5464805395771981,31.928267103512056,3.234218815022486,217,43,7,0,"[30.90865332054825, 33.6163850333305, 36.307053295]","[10.853895734979135, 12.248205366387348, 13.739970116967413, 16.023261978327803]",46.29669830796887,"[30.79587317513085, 33.6163850333305, 35.689195755]","[13.861765698663826, 15.737033164470152, 17.377593708619976, 22.241157852824145]",44.35075774818918
450,measurement,True,2.091790920655264,0.13988430686273018,0.44127398513097116,31.66147708448352,2.7762909343969677,217,42,8,0,"[30.228917610560153, 32.489931172488355, 34.70603911422245]","[10.665030311861287, 11.971851253748506, 13.243066388327419, 15.592750163955]",43.24019788631808,"[30.85879222242155, 33.61575142335015, 35.818592644999995]","[13.435981651704108, 15.51764410058997, 17.46240866732176, 20.953006053103525]",34.852806192268474
451,measurement,True,1.9839911027485575,0.0,0.5809587493456582,31.612635896112632,2.850619195196967,213,48,6,0,"[28.293168405, 29.0348329778869, 29.398260685]","[11.857236093621296, 11.857236093621296, 11.857236093621296, 11.857236093621296]",0.0,"[28.293168405, 29.0348329778869, 29.398260685]","[15.310206499912622, 15.310206499912622, 15.310206499912622, 15.310206499912622]",0.0
452,measurement,True,2.1297861164763336,0.21785552704823988,0.465265191133729,31.703777404933632,3.018007245621059,213,47,7,0,"[30.536487856629748, 32.6389535319354, 35.5839735271325]","[11.10055027740415, 12.75696206075614, 15.230196952797638, 21.538685900283735]",87.9281083988143,"[29.23587997, 30.66425291662975, 31.758368292944702]","[12.677224101617186, 13.969784140717136, 15.20293923850828, 22.814733344933465]",146.2391135897483
453,measurement,True,2.075117092998776,0.11681267045784162,0.5332718275230146,32.40349241351772,3.0777553943303335,213,48,6,0,"[30.97970272281495, 33.8470987770759, 36.270103745]","[11.57586117501218, 12.946573556886795, 14.132670637767736, 16.734958141236156]",38.81001151202925,"[30.76801350828655, 33.5885526, 35.65718455]","[14.667831329172829, 16.36972537368159, 17.776397896779738, 21.15978159845774]",36.593839208306065
454,measurement,True,2.030402141332098,0.055204600249622114,0.5426826018038933,31.838431240972145,2.763211663856172,218,39,10,0,"[31.03269094054825, 33.61878387388505, 35.991388560000004]","[11.692424230168712, 12.336498698478518, 12.965379552499758, 13.9165157818113]",13.52616936365088,"[30.76801350828655, 33.424977923350156, 35.991388560000004]","[14.861911484276616, 15.69186308111209, 16.489655861733493, 17.674945314620683]",9.540627414677733
455,measurement,True,2.1262162374289066,0.0525434383548657,0.4498417975492929,31.708108982813368,2.747407681065829,213,45,9,0,"[30.79587317513085, 33.61575142335015, 35.78833718]","[11.889876512960761, 12.574458483248579, 13.07572453667486, 14.116228265555824]",13.762921061512333,"[30.79587317513085, 33.61575142335015, 35.78833718]","[14.574727987893203, 15.376657995063722, 16.081958038411877, 17.530442146912907]",9.523532238215964
456,measurement,True,2.2045225094044723,0.13332491934115753,0.40809638030818846,32.23524748329835,3.1327947472515927,214,46,7,0,"[30.97518203281495, 33.243574335000005, 35.991388560000004]","[11.83473007627689, 13.031394683920393, 14.473170017931958, 17.26593435220346]",40.81846415870292,"[30.747092875, 32.93128334177405, 35.991388560000004]","[14.195910862758854, 15.594143043767284, 17.610490063541196, 22.335560449507586]",33.26818833637158
457,measurement,True,2.1769795939972374,0.088916745345301,0.43679174570790014,32.01448391538485,2.899247045221241,214,45,8,0,"[30.96463170281495, 33.77288982997105, 36.39922521]","[12.138993069681925, 13.214260450485762, 14.255949271090389, 15.75566185233503]",25.989856936663394,"[30.79587317513085, 33.61575142335015, 36.09730783]","[14.730113940745982, 16.078176101563727, 17.280315805767824, 19.209129754456093]",19.281463706361876
458,measurement,True,2.02370581164202,0.15841683839755052,0.5860409511668533,31.790382311299464,2.8157167276590576,209,51,7,0,"[31.03269094054825, 33.37351696185215, 35.43452652765335]","[11.502600264178598, 13.300507966186041, 14.61254547405347, 19.818264171672414]",49.35744835584097,"[29.34081583, 31.03269094054825, 33.332582615]","[13.810448014470229, 15.13428871063147, 17.271470592031516, 24.468087970160923]",61.097321937426365
459,measurement,True,2.274967494691175,0.1509175023894386,0.41422934273083817,32.26378462899722,3.4095911643309242,204,54,9,0,"[30.90865332054825, 33.61575142335015, 36.696902405]","[12.62781919895523, 14.311999537871396, 16.039257173883158, 20.412720957477593]",56.833820352684356,"[30.71007222013085, 33.3947286798991, 35.444663407132495]","[15.27734157374471, 17.242916836502612, 18.67297844899571, 24.493072809795247]",54.808214717471714
460,measurement,True,2.055021452219536,0.12494624883160405,0.5228145566028861,31.74401447736171,3.268176377416548,213,47,7,0,"[30.97970272281495, 33.6163850333305, 36.32668681]","[11.526973692138878, 12.742784693770504, 14.019610568311116, 17.35669201049481]",41.241388167749385,"[30.6857702387093, 32.88265373593305, 35.23874368]","[14.53192748485424, 15.81916412191976, 17.096874527678402, 21.845176021744056]",36.81434356738024
461,measurement,True,2.164031609353855,0.07746294699450954,0.47647625050780756,31.99840347392935,3.422779768793464,213,47,7,0,"[31.0253201733632, 33.82618036210485, 36.09730783]","[12.535073649275713, 13.400013624531724, 14.105302221758794, 17.44231910194472]",26.928541757372088,"[30.76801350828655, 33.6163850333305, 36.09730783]","[15.492764195158134, 16.52818658545679, 17.42841625276443, 22.451142892748322]",17.61486854979541
462,measurement,True,1.8581764446133773,0.196546355030326,0.633152287631725,31.833077583341225,2.8823234408574847,217,40,10,0,"[30.97970272281495, 33.028798761774055, 35.818592644999995]","[10.0, 11.48163060768725, 13.302752975902601, 18.180801552966138]",60.50595660865821,"[30.534848816629747, 32.642336522060546, 34.411814519222446]","[12.985988003583536, 15.025428406048498, 16.91586843675967, 24.02053461990966]",60.983229614478994
463,measurement,True,2.019810453375113,0.11019074663957273,0.5816344144086066,31.782325664812483,3.1955382345502863,218,42,7,0,"[31.0253201733632, 33.61575142335015, 36.270103745]","[11.741994787095916, 12.87371746190948, 14.068146840136658, 15.936766060132753]",37.54272410129819,"[30.21434031247735, 31.87676005, 34.5435630114828]","[14.995541302097015, 15.829115038736077, 17.173491891278722, 20.583862432788052]",36.827902706558234
464,measurement,True,2.087922350177113,0.18049397352255914,0.5055469811466109,31.84521996682237,2.9421017195722534,210,52,5,0,"[30.90865332054825, 32.94601884004135, 35.46054748]","[11.357073465461433, 12.898728513579556, 14.516871190585281, 19.088281203617665]",60.74375297969856,"[30.71007222013085, 32.7642609869354, 34.968266275000005]","[14.188913105532853, 16.115367410852905, 18.168740795794037, 24.131983663165244]",54.71607960406571
465,measurement,True,2.0849911406979693,0.11762153366798665,0.5694740471782425,32.04270580566358,3.1380335833460387,215,45,7,0,"[30.71007222013085, 32.44832318267055, 35.1443427240727]","[12.204388086025094, 12.992880517321742, 14.00584554329408, 17.053811443786593]",36.99952990476662,"[30.81094419513085, 33.6163850333305, 35.971755044999995]","[15.74221023474382, 17.51709956170252, 19.09116458036009, 23.46528210628758]",31.511975646005794
466,measurement,True,2.0314734899259475,0.06318002092012541,0.5433106233399418,32.09881545019348,3.1141016660584113,219,43,5,0,"[31.066704545548248, 33.80998091497105, 36.307053295]","[11.634386376850129, 12.351550382072793, 12.95523807043259, 13.941616129252472]",14.89075015739031,"[30.79587317513085, 33.61575142335015, 36.09730783]","[14.80135386671861, 15.700006354663719, 16.455750566637025, 18.008866813694933]",11.14925116554698
467,measurement,True,2.08759881761383,0.06761999800181345,0.5379630103652479,31.707240889287515,2.9525118272829833,220,41,6,0,"[30.90865332054825, 33.173932113621404, 35.55795257478585]","[12.317779210498708, 12.97312604635308, 13.656909675668386, 15.740379762261908]",19.634246552544788,"[30.69418602440025, 32.98221378316275, 35.55795257478585]","[15.62170944529263, 16.464841284265376, 17.32898851990272, 19.943347232073503]",14.105978245298305
468,measurement,True,2.059764954235636,0.12715604730259542,0.4542137781120993,31.859205954805002,2.6270600306172596,219,42,6,0,"[30.90865332054825, 33.2727718999674, 35.818592644999995]","[10.704739025938734, 12.011112942263479, 13.420127600582918, 15.90666504865543]",33.78439229928812,"[30.90865332054825, 33.2727718999674, 35.818592644999995]","[13.23877691654986, 14.841762970130883, 16.571818452245097, 19.989993174950495]",24.603975798374336
469,measurement,True,1.9114727657918906,0.1795574005004257,0.5543501728268514,31.711202471794277,2.7499993678908092,222,38,7,0,"[31.0253201733632, 32.891888733121405, 35.23874368]","[10.0, 11.370188193778587, 12.77047024730584, 17.70175115001394]",56.602251731752425,"[30.85879222242155, 33.61575142335015, 35.23874368]","[12.70146877532565, 15.352591767856984, 17.120404137769263, 23.858578354847864]",49.32672862503687
470,measurement,True,2.151783717289615,0.07002297046623425,0.4237541777911154,31.736589352688323,3.0394556434705584,213,48,6,0,"[31.0253201733632, 33.6181502639047, 35.913889964999996]","[11.931903173184683, 12.677944182839099, 13.413038453130396, 15.254802831898578]",22.36402782719057,"[30.90865332054825, 33.43796273185215, 35.913889964999996]","[14.436010360632258, 15.314804556108339, 16.18117468641993, 20.085745466143692]",15.65354741372887
471,measurement,True,2.0685715782968552,0.07317533902404248,0.48391456761842266,31.96531726450902,3.2103102768033698,217,45,5,0,"[30.97200247, 33.463547313330494, 36.43617476]","[11.486403199818922, 12.140057417948308, 12.944076480004508, 14.65537098050736]",21.6908543745381,"[30.70173971, 33.2720211849674, 36.43617476]","[14.224331363679443, 15.038720679673538, 16.087564709303017, 19.795394877564835]",16.43075951317204
472,measurement,True,2.124602101103162,0.13448255211566368,0.46975642087214087,31.981541945992554,3.2147042435930704,213,48,6,0,"[30.97970272281495, 33.61878387388505, 36.32668681]","[11.665941259222965, 13.024099106729167, 14.668890022244874, 18.22491089291595]",45.693635903008186,"[30.8131747718733, 32.7642609869354, 34.82428092]","[14.422160129540563, 15.654116947487802, 16.86515539575815, 22.408704716407485]",43.868484549492365
473,measurement,True,1.9288260314843155,0.18697748342170858,0.6986544679661028,31.90855368888876,3.2193372664221,218,41,8,0,"[31.0253201733632, 33.597849262737896, 36.307053295]","[11.367882649385303, 13.215422297471093, 15.305235616391947, 21.169654448408643]",70.10169000101837,"[29.5060182137715, 30.81094419513085, 32.38541814915125]","[14.573073062353554, 15.640949250727152, 17.176769141473095, 24.759986297705773]",115.08456932960945
474,measurement,True,2.0106046495310417,0.033688090454008536,0.537542265012866,31.52826565087083,2.562221629427044,217,44,6,0,"[30.72266034328655, 32.7642609869354, 35.10594088]","[11.555216173478426, 11.86999808291313, 12.208066519064124, 12.942943019538257]",8.783160112429478,"[30.6746588676868, 32.65507661899595, 34.994482545]","[14.666787165424353, 15.047952819963927, 15.46818872410693, 16.472681043958637]",6.358822242719656
475,measurement,True,2.143900361189518,0.08321406872151664,0.4589203326725945,31.639016854745176,3.021874846480443,217,44,6,0,"[30.98707349, 33.61878387388505, 35.35203284765335]","[12.143175404637484, 13.1107519076761, 13.771757852936501, 15.504927666386855]",26.923930593340927,"[30.7981037518733, 33.61878387388505, 35.35203284765335]","[14.88272702163613, 16.116690980563025, 16.85539362921328, 22.186378108841062]",19.986181826607837
476,measurement,True,2.073251773105728,0.12353366146832467,0.4703552179840624,31.807975963928698,2.820686469162556,213,47,7,0,"[30.8086540818733, 33.48942369335015, 36.09730783]","[11.001614644842855, 12.455931017840872, 13.755137170635592, 16.29881114087125]",34.87629095463332,"[30.7527505868733, 33.61878387388505, 36.09730783]","[13.684900140550953, 15.567207525611272, 17.221953746022457, 20.171010265147583]",26.817286268458695
477,measurement,True,1.881239799677705,0.14925907183573903,0.60143805310276,31.732457496561313,2.8548251846305357,213,47,7,0,"[30.97970272281495, 33.035066021815396, 35.5985534521325]","[10.176181987496566, 11.373809039317038, 12.727143080821454, 16.17048614838683]",47.41426983801969,"[30.69418602440025, 32.7659476898655, 34.824950689999994]","[13.275804261458223, 14.81891050342717, 16.377258197910255, 23.1847155999038]",44.03308408300647
478,measurement,True,2.089776999798363,0.057552766588281595,0.4958342871226377,31.530322654168465,2.7330320623157323,217,43,7,0,"[30.90865332054825, 33.2727718999674, 35.65718455]","[11.991550353708782, 12.5919720350905, 13.278666064932857, 14.402454841590817]",16.33900968178098,"[30.72266034328655, 33.2727718999674, 35.65718455]","[14.922896195832875, 15.755937802623873, 16.613944171203435, 17.973063940831615]",11.54287924170134
479,measurement,True,2.073875787877975,0.09362558420079123,0.5220070888162143,31.894167994279996,3.243818191276298,216,43,8,0,"[29.652620804999998, 31.835775192944702, 35.327744679999995]","[11.43244871916107, 12.115408727287763, 13.136614685005279, 15.131322434313056]",30.092733020720697,"[30.8131747718733, 33.56204261, 36.32668681]","[14.911541607660833, 16.189989035278657, 17.33106856242137, 22.660562350621404]",24.819940620887763
480,measurement,True,2.0026929284052755,0.18795838960882041,0.6121393088852759,31.878778929881676,2.9586581353462202,216,41,10,0,"[30.97970272281495, 32.855693790000004, 35.35203284765335]","[11.339652915301736, 12.910262886534467, 14.387230834507793, 19.696396283397394]",62.60548611070025,"[29.525661425178548, 30.79587317513085, 32.031642343137]","[13.856301822027406, 14.996354932176267, 16.35256293334525, 24.831260430771522]",111.18498192339929
481,measurement,True,2.2084660478929914,0.01229773492822482,0.4313057891330206,31.93427675961256,2.8374679568252623,213,48,6,0,"[30.90865332054825, 33.081189297680254, 35.78833718]","[13.002194700212264, 13.12115480348555, 13.26316009785357, 13.466577375084237]",3.5978560780653996,"[30.90865332054825, 33.6163850333305, 36.153890895]","[15.729706355249444, 15.915130201093627, 16.07873085294283, 16.39151451856904]",2.592007298501517
482,measurement,True,2.079269229848096,0.13306507195841774,0.4719600966941326,31.704517180372857,2.8841842117522525,208,53,6,0,"[30.84796485, 33.0756697561724, 35.784493075]","[11.191813219497588, 12.397864148562288, 13.855319835770796, 17.559373156707338]",39.2779969090758,"[30.712302796873303, 32.92347305, 35.784493075]","[13.833551733433383, 15.344810493135103, 17.17337112763873, 22.625903102350335]",30.233859227284437
483,measurement,True,2.1113606850581803,0.1335947405211383,0.49359732103097925,32.023053824618444,2.985974029980825,211,48,8,0,"[31.0253201733632, 33.96154718, 36.696902405]","[11.673498656252718, 13.268669361401182, 14.912731044360962, 17.207591960270452]",42.119530283653006,"[30.80642350513085, 33.61575142335015, 36.696902405]","[14.515130143013623, 16.518022525715555, 18.818223854221642, 23.371296170337118]",32.9399943319071
484,measurement,True,1.9525109650366532,0.04985672461298524,0.606564952175057,31.71196060176396,2.6897645858616395,215,44,8,0,"[30.90865332054825, 32.84223616, 35.4267878412052]","[11.475704723194065, 11.896407196448957, 12.359166974708266, 13.473911013996405]",13.378869938710295,"[30.7981037518733, 33.31298934591101, 35.4267878412052]","[15.00567939682765, 15.733468656709496, 16.273950386993544, 17.646618076738854]",10.688922273151448
485,measurement,True,2.165366858745815,0.12644955490908413,0.41602543867304237,31.757732626735937,2.849589265763613,216,43,8,0,"[30.97970272281495, 33.6163850333305, 35.818592644999995]","[11.672073687652416, 13.158272496320228, 14.469537368905138, 17.171267958778312]",38.533250611448,"[30.757643205, 33.6163850333305, 35.818592644999995]","[14.032911000846271, 15.971387713660585, 17.59488438443806, 21.550834611086618]",29.139286764157116
486,measurement,True,2.005853428684381,0.13811917314462013,0.5377757560154427,31.987740860898107,2.9313435483471766,220,39,8,0,"[31.0253201733632, 33.6163850333305, 36.067052364999995]","[10.83671218005341, 12.380302445828773, 13.821159087889303, 17.158615820880765]",43.62178573883944,"[30.7981037518733, 33.6163850333305, 36.067052364999995]","[13.79295862098059, 15.775253457856943, 17.553206938421493, 21.738487228313268]",36.01370516969952
487,measurement,True,1.9792022806295695,0.08033971842536243,0.5632140872726831,31.969699667857476,2.886546648951246,218,40,9,0,"[30.90413263054825, 32.93975158, 35.78833718]","[11.14227853907155, 11.802018256537355, 12.55083791902843, 14.593417056492818]",24.767424202448353,"[30.70173971, 33.028798761774055, 36.270103745]","[14.290801143088387, 15.208523969390935, 16.47800451484899, 21.395359819423952]",19.080548937822726
488,measurement,True,2.152599159878125,0.03077335899990397,0.4739726695336118,31.974314317158896,3.245807848847777,215,44,8,0,"[30.97970272281495, 33.751971415, 36.43617476]","[12.633473353173885, 12.977694010073147, 13.318345076194227, 13.858628464593169]",9.066944841353084,"[30.79587317513085, 33.6163850333305, 36.43617476]","[15.578347833916588, 16.01149000307001, 16.460011738414153, 17.23342631129749]",6.79576382088858
489,measurement,True,2.113925558934477,0.03696523489472273,0.44532344507973554,31.967808139411,3.232383748108015,220,44,3,0,"[30.98707349, 33.835070743403506, 37.805342725]","[11.84109536351934, 12.235422679870192, 12.656164375233848, 13.3769001417184]",9.240080578473487,"[30.98707349, 33.6163850333305, 36.8111298]","[14.423112150177825, 14.884868067278191, 15.395198727987212, 16.271915403468352]",6.5882499627978
490,measurement,True,2.1585329726383793,0.07029406207745632,0.39113763795776185,32.039415219756684,3.1069411550261625,214,46,7,0,"[30.97970272281495, 33.0599213759062, 35.991388560000004]","[11.613714181686634, 12.162820578992262, 12.866772926116786, 14.45385523355685]",21.73660406982779,"[30.97970272281495, 33.6181502639047, 36.32668681]","[13.834948355135511, 14.735691748265438, 15.502638248186024, 19.156379885007496]",15.19698900735796
491,measurement,True,2.0923687187828315,0.04814891525712633,0.48744729358071737,31.837446916332958,3.0306854098319906,219,40,8,0,"[30.90865332054825, 33.161785373895654, 35.784493075]","[11.951658262168543, 12.38673754797255, 12.843250660193437, 13.75231083832492]",14.530605114448104,"[30.90865332054825, 33.6163850333305, 36.086685880000005]","[14.847988576752737, 15.49973479609665, 16.075474099998655, 17.544391222826967]",11.264626164968352
492,measurement,True,1.992106335325336,0.12096617697729832,0.584491564004465,31.931824918636458,3.2542615852967613,222,37,8,0,"[31.016566405, 33.26747845, 36.56778094]","[11.354816108346306, 12.332395514845338, 13.59927931451776, 16.87853111187557]",35.94858476821586,"[30.72266034328655, 32.99721444489545, 35.5839735271325]","[14.692146794711652, 15.992078993034518, 17.41408526867769, 21.827661328239294]",31.259630407944186
493,measurement,True,2.207447179615085,0.07779949908838682,0.42403193144842266,31.789253100466915,2.931438525151781,212,49,6,0,"[30.97970272281495, 33.48942369335015, 35.5839735271325]","[12.51657060834423, 13.423230763249745, 14.268570618211992, 15.798811430773139]",25.44222273396783,"[30.8086540818733, 33.43796273185215, 35.5839735271325]","[15.122785721641371, 16.254823594057147, 17.298453232525393, 20.062275861160483]",19.630796526915837
494,measurement,True,2.000043335669636,0.044483510466901674,0.4969356510690004,31.699157243033575,2.931211805733277,219,42,6,0,"[30.62994764933135, 32.84223616, 35.30172372765335]","[10.964959694021411, 11.350922861564765, 11.685399666044354, 12.599484758255404]",12.143448936747017,"[30.68221255328655, 32.84223616, 35.30172372765335]","[13.711658502390323, 14.160748571188703, 14.671215269744476, 16.11991312038231]",9.450641918176455
495,measurement,True,2.2394956317544725,0.13215375632275358,0.431834580258887,31.94038966070953,2.681828655226188,207,53,7,0,"[30.89358230054825, 33.1577184559062, 35.78658144]","[12.501411106388087, 14.029440145617839, 15.48624903883693, 19.071511526899165]",38.66132662179214,"[30.72266034328655, 32.9759465231214, 35.35203284765335]","[15.186323013905778, 17.00481388692375, 18.727548297296654, 23.469014907527313]",26.923949827053885
496,measurement,True,2.0388930692340375,0.06592246811341548,0.5062066264487914,31.835115483932377,2.821187686604378,217,43,7,0,"[30.97970272281495, 33.022817517519755, 35.362169727132496]","[11.393004892256583, 11.96689987422485, 12.513810986160347, 13.88911987029045]",18.140405386957962,"[30.71007222013085, 32.86919610593305, 35.362169727132496]","[14.23974576201548, 14.993423056045915, 15.798052186641153, 17.498299027665624]",14.753726462471967
497,measurement,True,1.8367736278875908,0.0976639868140941,0.7016027799211217,31.852199525787825,3.0037604486543708,218,42,7,0,"[30.89358230054825, 32.73998174556015, 35.10594088]","[10.830147450863937, 11.539544630314243, 12.166484332846597, 14.26674113495204]",30.241720755363062,"[30.89358230054825, 33.6163850333305, 35.689195755]","[14.830731943233175, 16.18931634828936, 17.439066214350163, 23.637574877075252]",24.6770716924983
498,measurement,True,2.179742365784424,0.11757526709554529,0.4314333405799683,31.829569977630154,3.387485970730925,215,44,8,0,"[31.03269094054825, 33.7506869827379, 36.43617476]","[12.118690089860443, 13.340472551853212, 14.540558470000082, 17.562208864714194]",39.51154947153094,"[30.8086540818733, 33.6163850333305, 36.43617476]","[14.671608306302057, 16.239938185311427, 17.733544999252256, 24.2683874163722]",27.546564835760098
499,measurement,True,2.0633613389991647,0.1803714405421795,0.4724424140296335,32.32128517261373,3.2170078165078264,221,42,4,0,"[31.03269094054825, 33.751971415, 36.999319045]","[10.560396473404527, 12.316395891890723, 14.154416651471387, 19.202189232654284]",62.6930120063026,"[30.63776876310955, 32.3913853071503, 35.10594088]","[13.000041768850329, 14.27423871948975, 16.50125727537596, 23.638247172494324]",60.982202142742466
