iteration,mode,success,intercept,beta_bmi_std,sigma,bmi_mean,bmi_sd,n_left,n_interval,n_right,n_uninformative,rho80_cuts,rho80_times,rho80_cost,rho90_cuts,rho90_times,rho90_cost
0,ordinary,True,1.8794593406710522,0.17814438477412703,0.5841156075977988,31.81531445499515,2.7797338759403782,217,43,7,0,"[31.15883676281495, 32.7794053198655, 35.18843456]","[10.0, 11.1358954155981, 12.356908110504941, 16.476021097764505]",60.595608782427036,"[30.69418602440025, 32.642336522060546, 34.6456217064828]","[12.68144726584717, 14.440812630882133, 15.97756324677726, 22.372642079146228]",56.17243610571589
1,ordinary,True,2.038101678690374,0.16479824326291312,0.5724196445647604,31.886694627311776,3.194715530246485,217,43,7,0,"[30.90865332054825, 33.24764125298945, 36.43617476]","[11.535543730334378, 12.972305938788354, 14.709904398250663, 20.021763299320746]",61.32045660878553,"[30.3740398739287, 32.146672769999995, 33.99974703784895]","[14.592686185708947, 16.117606321634426, 17.7113324667925, 24.467571553617468]",65.7454712263859
2,ordinary,True,1.941286435366156,0.15160367378923065,0.5355087004920485,31.825224106143686,2.8626022173748,217,43,7,0,"[30.90865332054825, 33.2727718999674, 35.661028654999996]","[10.15475766684579, 11.522114048611735, 12.939540514723157, 16.247817514284915]",46.73498034302301,"[30.70474911127355, 33.0606690944397, 35.661028654999996]","[12.881900675074837, 14.603775695983611, 16.510224953779968, 22.657687010622453]",39.11340042504091
3,ordinary,True,1.9705397780066112,0.19946643256740057,0.5655900748533077,31.977394692576876,3.033927525101647,217,43,7,0,"[31.0253201733632, 33.75437025555455, 36.153890895]","[10.457988308857223, 12.524329910537508, 14.653984148917935, 21.083230382284512]",66.45086362881709,"[29.9478781980224, 31.5045234250675, 33.6163850333305]","[12.795170059888452, 14.100342242331893, 16.201211653684094, 23.75005307140211]",80.97413774139406
4,ordinary,True,2.0552270388504716,0.12893388528859678,0.4762517482249363,31.87790237881998,2.8306051784134727,217,43,7,0,"[30.90865332054825, 33.1577184559062, 35.78833718]","[10.913178813941043, 12.114227341084387, 13.399606054105853, 16.08744352353016]",32.40007347110982,"[30.8131747718733, 33.61878387388505, 36.09730783]","[13.491336991215455, 15.361478803480832, 17.098611882890822, 20.16080732612113]",22.623545581766173
5,ordinary,True,2.204711116844264,0.07433643353382778,0.45567040186847996,31.926866018115454,3.6453433969030686,217,43,7,0,"[30.69418602440025, 33.6163850333305, 36.696902405]","[12.823634013777196, 13.64056495423799, 14.3315789571199, 16.053745000088995]",25.20783535256949,"[30.8086540818733, 33.6163850333305, 36.999319045]","[15.787775009882564, 16.73257039677656, 17.772363020480103, 22.05415468617997]",17.56093931108279
6,ordinary,True,1.9625929286552488,0.12233221776447345,0.5424585615034173,31.831073771455063,3.0121759222233364,217,43,7,0,"[30.90865332054825, 33.0606690944397, 36.09730783]","[10.62063070763097, 11.572821833113808, 12.7419371104229, 15.744952083203263]",33.272834114008894,"[30.7309928534174, 32.98221378316275, 35.818592644999995]","[13.504719550948657, 14.788628997829113, 16.327087090720795, 20.812402863712517]",27.16372893333175
7,ordinary,True,2.0692204450498144,0.11924104154391317,0.4995088554704587,32.00115990958798,3.3789071320578445,217,43,7,0,"[31.15883676281495, 34.35003519704645, 37.188725885]","[11.41193943627566, 12.860863827363765, 14.135487363804163, 16.641043212496587]",35.001820350408714,"[30.97970272281495, 34.35003519704645, 37.188725885]","[14.272969884461697, 16.145410006783457, 17.8449382654182, 23.74763728333068]",25.058300414725682
8,ordinary,True,2.150245094858579,0.1657368914356851,0.41321348304289474,32.13158842846947,3.265380352512154,217,43,7,0,"[31.0253201733632, 33.6521916860684, 36.8111298]","[11.150749126823484, 12.71107253835621, 14.708893642307816, 19.199387691151976]",55.12880404255054,"[30.6787279494622, 32.7956838498655, 34.930506245000004]","[13.40195829246716, 14.911751005364358, 16.630213016770004, 23.026910004537562]",52.65931036084908
9,ordinary,True,2.16993942179466,0.06359022217023869,0.3984215092595529,31.763947595763007,2.90857739832908,217,43,7,0,"[30.97200247, 32.891888733121405, 35.62042777765335]","[11.898328106609027, 12.42416901290206, 13.123809257416022, 14.396079017239915]",19.715016725807537,"[30.97200247, 33.5885526, 35.62042777765335]","[14.22200800596442, 15.105170525415549, 15.773166132036815, 17.910168182486586]",13.807790382645862
10,ordinary,True,2.1273422486765172,0.16343817470300231,0.46535114892414564,31.676210736210166,2.833789125278708,217,43,7,0,"[31.03269094054825, 33.6163850333305, 36.270103745]","[11.590462964222427, 13.479658947759315, 15.540583923131287, 18.884133728292156]",48.17802617685875,"[30.90413263054825, 33.6163850333305, 36.067052364999995]","[14.344067575566864, 16.76490861866345, 19.20057212800336, 23.654087886969243]",37.724538455478495
11,ordinary,True,2.0358171065655477,0.05954547496186441,0.5419039645146794,31.963609058306123,3.1051778143269315,217,43,7,0,"[30.7025185345311, 32.96671152593305, 36.09730783]","[11.70084365228648, 12.190814809596416, 12.80803719815742, 14.135035187353582]",15.701541228158602,"[30.7025185345311, 32.73998174556015, 35.35203284765335]","[14.903994758938643, 15.487387679974562, 16.25617555909452, 17.940423656222283]",12.168287774702538
12,ordinary,True,1.9892534042846246,0.14147491848916816,0.5213783712557387,31.79895813054266,2.7760960361153533,217,43,7,0,"[30.90865332054825, 33.0606690944397, 35.46054748]","[10.571366857650174, 11.783945164212792, 13.30034520997643, 16.497034742253753]",44.69482159366677,"[30.69418602440025, 32.7956838498655, 35.46054748]","[13.324931630909875, 14.821935111788797, 16.83386618357326, 20.901085242096478]",38.38135439088015
13,ordinary,True,1.9685118765773806,0.14233534857365873,0.6518585193792926,31.77461994324612,3.1158454657010615,217,43,7,0,"[31.0253201733632, 33.6163850333305, 36.270103745]","[11.630734830057332, 13.173893833627615, 14.759265200860455, 18.159560461703833]",50.00645578722431,"[30.6746588676868, 32.642336522060546, 34.150535677646346]","[15.55292253148857, 17.073436139450152, 18.23416767059656, 24.190730051590762]",49.2530321759911
14,ordinary,True,2.111033399619656,0.13829790331397102,0.4906830215765451,31.763144038187892,3.163812017590224,217,43,7,0,"[31.0253201733632, 33.6163850333305, 36.379591695]","[11.792002459659255, 13.230112840422615, 14.75695818320654, 18.794675328037126]",50.91684055857781,"[30.63776876310955, 32.146672769999995, 34.392796086077254]","[14.642345389266177, 15.657839170938619, 17.057670308353075, 23.32299880852734]",50.07938219660227
15,ordinary,True,1.8936082214873395,0.15562160950643644,0.637380971766048,31.752523251704837,3.2471620932447363,217,43,7,0,"[30.97970272281495, 33.161785373895654, 35.913889964999996]","[10.681531348959565, 11.896183838379605, 13.270679095029521, 16.978344012431965]",51.16489416959578,"[30.733223430159853, 32.93975158, 35.02655091]","[14.148518837657031, 15.727326430131042, 17.507257101794607, 23.570575010706282]",49.30947821049057
16,ordinary,True,2.0890884698515393,0.07039426498654124,0.5096558522510722,31.869249581206233,2.98897824595946,217,43,7,0,"[31.0253201733632, 33.462913703350154, 35.614437525]","[12.001625494470325, 12.722167392498138, 13.45464486125427, 15.071038667906805]",21.96682099756361,"[30.70474911127355, 33.161785373895654, 35.614437525]","[15.018711976955979, 15.892608543260982, 16.934469166921055, 19.30583715862788]",17.199591385509994
17,ordinary,True,2.121477127501406,0.08985196779617026,0.5067973316009405,31.638964277630087,2.7995770020302886,217,43,7,0,"[30.97970272281495, 33.5666893024067, 35.991388560000004]","[12.3006385538943, 13.320607408196226, 14.51427646449661, 16.26248568404904]",24.26194942073846,"[30.97970272281495, 33.5666893024067, 35.991388560000004]","[15.464711192099607, 16.80080125351246, 18.189275910722124, 20.335038449013293]",17.16448431677842
18,ordinary,True,1.8852703990683553,0.1170500485236513,0.5780773108218333,31.82097911394906,2.911214733010574,217,43,7,0,"[31.145124715, 33.6163850333305, 35.689195755]","[10.197585997904874, 11.365887977262215, 12.145147677609836, 14.477322548084379]",32.21614674257571,"[31.03269094054825, 33.6163850333305, 35.689195755]","[13.24210839066909, 14.7311373618263, 16.087493041831483, 20.095651515364022]",26.095969118958763
19,ordinary,True,2.11459140988398,0.14594140959186286,0.5282434850575282,32.063014221470446,3.238200078174849,217,43,7,0,"[30.89358230054825, 33.06560747004135, 36.307053295]","[11.983697177791708, 13.224996168282145, 14.71009279019053, 19.451733613065354]",49.31158943246143,"[30.644725759916298, 32.788220758624746, 34.965401695]","[15.177151845336098, 16.684814923519973, 18.213261849432882, 24.540542102687432]",46.51037056814235
20,ordinary,True,2.1215527122208537,0.08245335266692398,0.4548526864742749,31.968120267815145,3.218455982936163,217,43,7,0,"[31.03269094054825, 33.4900573033305, 36.8111298]","[11.77912547724226, 12.545683363047052, 13.460975458536296, 15.084689847010297]",21.98553121632964,"[30.90865332054825, 33.6163850333305, 36.8111298]","[14.431081916518439, 15.477799363484133, 16.67947710053964, 18.901841720003276]",15.978300527983887
21,ordinary,True,1.9138983034185535,0.15532615338225061,0.5625649825514825,31.867778390245046,2.819917334700301,217,43,7,0,"[30.90413263054825, 33.26747845, 36.09730783]","[10.077486947174254, 11.40752863460313, 13.046239213408109, 16.26515487288306]",45.45726313536164,"[30.79587317513085, 33.6163850333305, 36.09730783]","[12.920041251789199, 15.113369623076858, 17.21113686514256, 21.986213772684295]",40.12228970033405
22,ordinary,True,1.9483603540186105,0.10965832882106417,0.5281977795936934,31.97982190140156,2.9927149948299574,217,43,7,0,"[31.0253201733632, 33.6163850333305, 36.09730783]","[10.339918132914823, 11.408962629123582, 12.370791212178528, 14.239095790387879]",31.85638685527142,"[30.8086540818733, 33.6163850333305, 36.09730783]","[13.07158463708685, 14.538706425875267, 15.816443988290056, 19.31060992573118]",26.431631358791442
23,ordinary,True,2.060231952409849,0.11373090511774167,0.5417015847689107,31.944669498444444,3.017402001738838,217,43,7,0,"[31.021087095, 33.7506869827379, 35.784493075]","[11.628929351561869, 13.045248512537928, 14.042106922993911, 16.860526259781814]",33.35631892022087,"[30.7981037518733, 33.6163850333305, 35.784493075]","[14.862192962603432, 16.562092242870992, 18.033309787476778, 22.214980830846873]",25.17625341117446
24,ordinary,True,1.926141910823784,0.11514639398675447,0.5773919035212529,31.984575299190634,3.0600230420187873,217,43,7,0,"[30.90865332054825, 33.3086785, 36.270103745]","[10.50547924613196, 11.468578505524198, 12.783145997584873, 15.163782825097286]",34.15657889761995,"[30.8131747718733, 33.035066021815396, 36.270103745]","[13.668629633601089, 14.78514859643813, 16.49796532455239, 23.45794272837454]",26.077364714875742
25,ordinary,True,2.0126022401978583,0.06842998028475268,0.5756076453060516,31.56200197661299,3.228446442569722,217,43,7,0,"[30.622393963731597, 33.173932113621404, 36.43617476]","[11.780763902982708, 12.406733213852656, 13.217331407046657, 14.568052003956]",19.337779598548376,"[30.72266034328655, 33.044550716742805, 35.93974384]","[15.293236776130142, 16.05065030501423, 17.033567189499742, 19.165954722763484]",14.30088620762473
26,ordinary,True,2.0834886352871,0.08931545945803136,0.48982546396496124,31.76344116468361,3.0060092331686574,217,43,7,0,"[30.97518203281495, 33.6163850333305, 35.614437525]","[11.658473789673403, 12.7093335464342, 13.417291871626043, 14.848520115200479]",26.879496968082965,"[30.97518203281495, 33.6163850333305, 35.614437525]","[14.556373770417073, 15.80181263533401, 16.83849629349129, 19.877945139510786]",20.1136748213979
27,ordinary,True,2.1001863118399107,0.1279637201280447,0.4666393221437196,32.076205282064784,2.9562373697622264,217,43,7,0,"[31.03269094054825, 33.6521916860684, 36.32668681]","[11.263201666639912, 12.650775060841152, 14.141948043761188, 16.538657922577702]",39.4302843740108,"[30.8086540818733, 33.6521916860684, 36.32668681]","[13.86352907559329, 15.68272411919088, 17.514289394863646, 21.982200453741047]",31.656879512975387
28,ordinary,True,1.951636633493229,0.20777971756807487,0.6248940473915928,31.87156707740165,3.02610074166579,217,43,7,0,"[31.03269094054825, 33.6163850333305, 35.689195755]","[10.818306765341308, 12.970448752267295, 15.332599451696678, 21.01387479170439]",82.3589634922878,"[29.92762346, 31.39737659841255, 32.93512720905445]","[13.56569646654072, 14.992640252863056, 16.727890370764378, 24.834399439997327]",116.00761144710746
29,ordinary,True,2.1821741568616213,0.0483325001887789,0.42149588255871534,31.948853528473077,2.9928572748306954,217,43,7,0,"[31.0253201733632, 33.6163850333305, 35.689195755]","[12.337077234977762, 12.901148658779075, 13.290988955802433, 14.23443311551999]",14.939622585371367,"[30.7981037518733, 33.6163850333305, 35.689195755]","[14.859998429226136, 15.570628167066507, 16.126494246872326, 18.78070716286945]",10.181710037473845
30,ordinary,True,2.1674821313509627,0.15436188681076457,0.49044302380355803,32.16345805542094,3.036006204497102,217,43,7,0,"[31.066704545548248, 33.6163850333305, 36.999319045]","[12.111727317214196, 13.788053192778861, 15.94901464224319, 20.82772122503375]",52.444354592341334,"[30.622393963731597, 32.2234017078153, 34.24950479]","[15.037956422365232, 16.243605744645308, 18.040530806935006, 24.569022265065282]",53.65128310771196
31,ordinary,True,2.00945806506343,0.08184129884366921,0.5801571523801489,31.75533634068728,2.8546838864507476,217,43,7,0,"[30.98707349, 33.61575142335015, 35.818592644999995]","[11.652380853491817, 12.64881598856465, 13.55096443539438, 15.029446935133583]",24.834903498770675,"[30.76801350828655, 33.61575142335015, 35.818592644999995]","[15.110047049011998, 16.41505941066661, 17.531765957303833, 19.951308661124408]",19.638194128248834
32,ordinary,True,2.1465885692753637,0.031408814164934275,0.49374207465726755,31.939902408707876,3.2246005089641314,217,43,7,0,"[31.03269094054825, 33.80998091497105, 36.43617476]","[12.778995019751898, 13.140384792707287, 13.445096387302938, 14.041102130239224]",9.37660658622287,"[30.8131747718733, 33.6163850333305, 36.09730783]","[15.881505619045518, 16.329952765867926, 16.706979621467646, 17.61739697290579]",7.121061659610801
33,ordinary,True,2.0430624762013503,0.09818875165134455,0.4989625305434454,32.05381577609946,3.091071117390226,217,43,7,0,"[30.97970272281495, 33.48942369335015, 35.818592644999995]","[11.148778682832189, 12.101083165966077, 13.023957042916985, 17.70221161420906]",30.34768971896831,"[30.69410274884015, 33.24811706996741, 35.818592644999995]","[13.903750501069977, 15.071472493964706, 16.365078645989694, 22.047480524409306]",20.82691422278512
34,ordinary,True,1.9878579197330806,0.10143128856612445,0.5835741870083544,31.938556743807275,2.6629903239345443,217,43,7,0,"[30.79587317513085, 32.96671152593305, 35.43452652765335]","[11.21654964322523, 12.173836150579858, 13.263740855704633, 15.706265289048579]",31.65897956134952,"[30.66624308199585, 32.80167838862475, 35.43452652765335]","[14.558453408902652, 15.79163608648616, 17.330505080274133, 21.074514786940377]",26.58641557585986
35,ordinary,True,2.069584334922957,0.0816840370083884,0.5094191611888662,31.512996615583866,2.590133740460701,217,43,7,0,"[29.910796523022398, 31.6993715345789, 34.366218307824]","[11.45574504882837, 12.053804722742408, 12.955363676699156, 14.552258592823216]",23.678740901926638,"[30.623805126629748, 32.2768860333865, 34.7839153964828]","[14.725123679893395, 15.475296784961703, 16.53234518618614, 19.23763723825435]",19.41593011161153
36,ordinary,True,2.102006490064155,0.0381356968560226,0.4946988994204331,31.547494917363686,3.067103734057429,217,43,7,0,"[30.536487856629748, 32.43840999731995, 35.23874368]","[12.199115171409815, 12.476970652233883, 12.817817105784194, 13.637194435726812]",10.611032474583117,"[30.7309928534174, 33.35454504804695, 36.067052364999995]","[15.21947352411063, 15.727814657432395, 16.227987861853048, 17.163862852869567]",7.670000524541363
37,ordinary,True,2.0822929704926914,0.13445239895995686,0.4959469242179823,31.742601035178822,3.0066944807640663,217,43,7,0,"[30.70173971, 33.028798761774055, 35.64644873]","[11.393607541983368, 12.60428413222313, 14.046518556642202, 17.72778969712447]",44.98340954060106,"[30.79587317513085, 33.6163850333305, 35.64644873]","[14.31853942450562, 16.271155288649034, 17.974273601640036, 23.052702107674506]",36.8611311531469
38,ordinary,True,2.0177267949488513,0.0353659404952438,0.5093589748939769,31.892378652985272,2.9875618890393207,217,43,7,0,"[31.0417244, 33.6163850333305, 36.307053295]","[11.34831998755781, 11.702042164281314, 12.060385824021402, 12.605440680067314]",8.997304925238756,"[30.72266034328655, 33.17799903161085, 36.09730783]","[14.206008814407163, 14.61564818933685, 15.095319190290104, 15.928513900098858]",6.61985710082773
39,ordinary,True,2.04182586484445,0.013655587279370026,0.5170786437005096,31.24187128252054,2.686018539484463,217,43,7,0,"[29.44870895640705, 31.145124715, 33.968836534999994]","[11.778851670063833, 11.866003129603277, 12.029866515644136, 12.22871161773478]",3.976120201333806,"[30.3529487489287, 32.643977997384354, 34.827777775]","[14.861620681803789, 15.036609960447592, 15.1951099661811, 15.511512948149145]",3.362962562077363
40,ordinary,True,2.0327124200857276,0.17619835433799622,0.4820139350383603,31.971442329227507,3.3540793750131455,217,43,7,0,"[31.0253201733632, 33.6163850333305, 36.8111298]","[10.571235556825789, 12.055193322597159, 14.068004399650652, 18.53490575097496]",53.458930843334315,"[30.787540665, 32.820957092868454, 35.78833718]","[13.145527499685384, 14.57611047210124, 17.086935377209958, 22.913088605823695]",48.93484339134457
41,ordinary,True,1.9500107009436547,0.14430132054112169,0.7098118782358744,32.04195513202579,2.7116948327548855,217,43,7,0,"[30.90413263054825, 33.173932113621404, 35.818592644999995]","[11.749145232148193, 13.222469594519136, 14.898589136054639, 18.797965188155878]",43.77842569769778,"[29.2908193387951, 30.7981037518733, 32.18924892207405]","[14.95505373392892, 16.19172635396896, 17.45968071127399, 24.702984603473624]",84.14994628899328
42,ordinary,True,2.0105929414865096,0.20496660994472307,0.5802621334671225,31.73642485604219,3.2018475677419214,217,43,7,0,"[29.99940893, 31.835775192944702, 35.30172372765335]","[10.624920464283377, 11.804842201512377, 14.022817017791342, 19.573268689528412]",80.66283505331896,"[29.2908193387951, 31.0253201733632, 33.128525569527596]","[13.300246461685381, 14.7402607680295, 17.040600659700196, 24.92328636077453]",99.70117352605388
43,ordinary,True,2.0792368318872643,0.1661391074331466,0.489268979657147,31.815406073571232,3.0059083862029055,217,43,7,0,"[30.536487856629748, 32.781257049999994, 35.02941549]","[10.94702909387225, 12.448357890004184, 13.659979005507582, 17.535187469148827]",55.10275277738105,"[30.3186894146128, 32.63123790044895, 34.72504931]","[13.602304942943388, 15.525734232835838, 16.95428085111609, 23.719076856424053]",48.24691049657723
44,ordinary,True,2.025617400661876,0.12071089614646964,0.526790436081658,32.0016130123654,2.6972203449685312,217,43,7,0,"[31.03269094054825, 33.61878387388505, 35.913889964999996]","[11.028173604406538, 12.430270593562895, 13.701992580391067, 16.258176390186733]",31.643102896430708,"[30.90413263054825, 33.61878387388505, 35.913889964999996]","[14.003574789530017, 15.804995665144254, 17.515158224019046, 21.431871298227918]",22.770060887990116
45,ordinary,True,2.018079154745078,0.15434260702064567,0.5710310578145044,32.213997588119305,3.1543074883339277,217,43,7,0,"[31.0253201733632, 33.75437025555455, 36.696902405]","[11.156874450742926, 12.769630780378037, 14.6024587348067, 17.0907333614175]",46.13014871661778,"[30.90865332054825, 33.61878387388505, 36.696902405]","[14.452139458303447, 16.55570308721913, 19.09284903075757, 23.049226230913046]",38.79414944308729
46,ordinary,True,2.0786069607511424,0.12184152312271951,0.5560718734366943,31.985561210244793,2.888919936835015,217,43,7,0,"[30.97518203281495, 33.41899081804695, 35.661028654999996]","[11.972790878169908, 13.290463241541572, 14.589967143360564, 18.001569013808307]",41.65417995931822,"[30.70173971, 32.93512720905445, 35.10594088]","[15.300372872958556, 16.813658017013058, 18.295619758910643, 23.975470820559284]",39.777148851554514
47,ordinary,True,2.148354047636539,0.14403300168724875,0.44881723563693837,31.678494923910012,3.134422020811624,217,43,7,0,"[30.14854758231975, 32.2768860333865, 35.991388560000004]","[11.449763818391538, 12.535819215566026, 14.130764426495986, 19.308262015752256]",48.74373905807256,"[29.975810298022402, 32.02172669, 34.827108005]","[13.949133868233808, 15.28671325624115, 17.117902433511897, 23.523064396143862]",43.480863310129635
48,ordinary,True,2.1096885122142877,0.06829364096962048,0.4635820912513595,31.84164728469991,2.9547586776556316,217,43,7,0,"[30.9825528, 33.31298934591101, 35.78833718]","[11.793415416673142, 12.474206746243206, 13.119952947437028, 14.425468088488016]",20.13007647338398,"[30.75052001013085, 33.31298934591101, 35.78833718]","[14.474579398768064, 15.377520291619787, 16.18713822240352, 18.514246623328564]",16.074176673971188
49,ordinary,True,2.136200999725736,0.13092448525970551,0.47882528415581,31.949795567934544,3.091769332929807,217,43,7,0,"[30.97970272281495, 33.85248154497105, 36.587414455]","[11.886687656750011, 13.43385488272977, 14.965886910987606, 18.691255828397292]",44.790143044169795,"[30.97970272281495, 33.5885526, 35.661028654999996]","[14.789606203121972, 16.58382413805348, 18.214218814528678, 23.073980051399893]",39.43784058043349
50,ordinary,True,2.116648082642273,0.17159879659247865,0.4397641053377891,31.68305592311544,2.8173565044032554,217,43,7,0,"[30.6453224487093, 33.06450860593305, 35.689195755]","[10.974030147561429, 12.563314677786176, 14.649197208962352, 20.12090316253465]",53.72459500301997,"[30.70173971, 32.642336522060546, 34.824950689999994]","[13.54839160924691, 15.263344686574657, 17.393344787609188, 24.415661761793082]",46.40827316575063
51,ordinary,True,1.8727518085271093,0.0708843569641386,0.6216160793997265,31.861218598908135,3.073364969743864,217,43,7,0,"[30.90865332054825, 33.43571488, 35.642604625000004]","[10.610773214176083, 11.275642210498772, 11.784352845004724, 13.28748909862207]",21.039503422609172,"[30.72266034328655, 33.24811706996741, 35.642604625000004]","[13.974983681890869, 14.82200069973619, 15.515690194909801, 19.53132979674415]",16.68760278408632
52,ordinary,True,2.069526941720218,0.10169693404334917,0.49030407655512537,32.07520356639484,3.1472233535022713,217,43,7,0,"[30.97970272281495, 33.6521916860684, 36.32668681]","[11.307762916561817, 12.388113313765674, 13.423574449290768, 16.03634666165539]",28.53084510140408,"[30.7981037518733, 33.6521916860684, 36.32668681]","[14.103637955442148, 15.464253394035481, 16.689517940828306, 22.532522094619612]",20.94694607537751
53,ordinary,True,1.9085392571504753,0.16869235571601401,0.6311268018888877,31.826210014748387,3.110010529726009,217,43,7,0,"[29.6549347637715, 31.835775192944702, 35.1414781440727]","[10.0, 11.1167651848935, 12.787227152666564, 17.20525471019053]",52.490588098912426,"[30.68221255328655, 32.547191500448946, 34.757117675]","[14.07656467515494, 15.592316293932036, 17.235467363488052, 23.765354448060805]",50.41009811240773
54,ordinary,True,1.9379937559101321,0.2133157184310767,0.5107247574723305,31.685019586889336,3.0401574816286008,217,43,7,0,"[31.237345660000003, 33.5885526, 36.067052364999995]","[10.0, 11.747147718079571, 14.017269051067657, 20.712647057217268]",73.1732749900985,"[29.5907377837715, 31.0253201733632, 33.332582615]","[11.398914661691137, 12.58774352641542, 14.59788878480364, 24.183109146372576]",86.80342184134564
55,ordinary,True,2.070957133013763,0.12643626805169683,0.5396119551254067,31.938679848031438,3.035592480210168,217,43,7,0,"[30.802611685000002, 33.173932113621404, 36.116941345]","[11.709423334177254, 12.793386153884626, 14.550112107573021, 17.577770752532807]",40.503763175579735,"[30.6453224487093, 32.92974031004135, 36.116941345]","[14.883238865446858, 16.221215710646224, 18.514446153005, 23.23000909120048]",32.96435298834745
56,ordinary,True,2.1251601213212057,0.1760999545232272,0.4321885602554143,32.17111400816006,3.2531139538392506,217,43,7,0,"[30.787540665, 33.4651615552023, 36.696902405]","[10.873874598612662, 12.513881743274823, 14.578541221999402, 18.54482210900476]",59.1605352195174,"[30.70173971, 33.24811706996741, 35.78833718]","[13.288226640013457, 15.245884194791993, 17.51258241712805, 23.66869512014975]",53.510790050089405
57,ordinary,True,1.985125507362613,0.11208186650289044,0.5670716485533407,31.900363792107548,2.972492966997398,217,43,7,0,"[31.0253201733632, 33.6521916860684, 35.78833718]","[11.116206782975102, 12.361141650625058, 13.348095440936676, 15.303490698581207]",38.931911726791725,"[30.70173971, 32.8449168645578, 35.2208681140727]","[14.275593838413885, 15.443366059415025, 16.881515800137095, 19.798091797127714]",37.20665672632699
58,ordinary,True,2.0891855364498797,0.1150910721538782,0.5161012285574036,32.14403477936861,3.264248643294827,217,43,7,0,"[30.85879222242155, 33.307927785000004, 36.39922521]","[11.740154227140925, 12.728370341738522, 14.063151367665755, 19.6134130559141]",35.296817271714055,"[30.70173971, 33.0606690944397, 36.39922521]","[14.761708788752623, 15.972715287508832, 17.68013123084571, 24.61269228874707]",25.58503296167052
59,ordinary,True,2.1069159159708337,0.1406494359605637,0.4538329009394562,32.09817527104499,3.2023802031224102,217,43,7,0,"[30.97970272281495, 33.61575142335015, 36.8111298]","[11.215609432778997, 12.646759592249252, 14.050615337715985, 17.15004177952909]",42.96877953577283,"[30.7981037518733, 33.61575142335015, 35.642604625000004]","[13.702850667170098, 15.535897840713474, 17.131618376150445, 21.874683851585562]",36.955396714544776
60,ordinary,True,1.8623860316513992,0.17446436207713456,0.741024996195691,31.78473096796119,2.9610890302416157,217,43,7,0,"[31.0253201733632, 33.6163850333305, 36.226429295]","[11.062694520683925, 13.067104667534576, 14.765735858633189, 19.653169006304157]",53.16361777895712,"[29.9478781980224, 31.45196235277445, 33.71727917055455]","[14.816742710853841, 16.127759331998327, 18.3157277628533, 24.82078087832675]",62.015635856715996
61,ordinary,True,2.0699488746858217,0.10530806835585194,0.5193058743911815,31.95221945997546,3.0138663810262303,217,43,7,0,"[30.71007222013085, 33.05440183439835, 35.78833718]","[11.570652484281332, 12.530604026231504, 13.645535458702907, 15.781693968179978]",27.089898668323514,"[30.79587317513085, 33.61575142335015, 36.696902405]","[14.639068026773845, 16.18403303286255, 17.9152465753112, 20.52207805362048]",19.559290189820814
62,ordinary,True,1.9739492948235833,0.15495483749756164,0.6131266384966837,31.931519492251667,3.0838440723838856,217,43,7,0,"[30.733223430159853, 33.022817517519755, 35.78833718]","[11.09874683868041, 12.424400281751428, 14.110904936721825, 17.467151593416723]",54.607907411029736,"[30.68221255328655, 32.7956838498655, 34.930506245000004]","[14.68646684891349, 16.31168625444057, 17.986191395606433, 22.875239267079163]",57.007865675139335
63,ordinary,True,2.0478462885351876,0.15125282137154117,0.509322557732,31.82512251831364,3.0968540803688978,217,43,7,0,"[30.97970272281495, 33.56204261, 36.153890895]","[11.123277519303917, 12.60700652262334, 14.115253243806658, 17.859408761496788]",53.705163186260805,"[30.68221255328655, 32.65676332192605, 34.411814519222446]","[13.943686094845496, 15.328522009018954, 16.73204459283645, 22.344873312234643]",54.52568080052832
64,ordinary,True,1.9476463673837068,0.11738329621132344,0.5552021430785845,31.988583247666018,2.907433724753922,217,43,7,0,"[31.0253201733632, 33.61575142335015, 35.913889964999996]","[10.522915223967416, 11.708149609600737, 12.945083851851114, 14.946022354445857]",30.91326895599622,"[31.0253201733632, 33.61575142335015, 35.913889964999996]","[13.583355398362192, 15.08043490593148, 16.545987730975458, 19.849991181662073]",24.192183555031782
65,ordinary,True,1.9813673406638947,0.08632553008104708,0.5382621784011062,31.5818776622408,2.6604534538509292,217,43,7,0,"[30.060693649999997, 31.872845715, 34.70603911422245]","[10.754158502045382, 11.286547847388295, 12.285344072073293, 14.311268039071845]",24.86976668820224,"[30.2646582128532, 31.872845715, 34.70603911422245]","[13.786960923842663, 14.446313974207033, 15.708863629576209, 18.47707336317169]",19.966506391733613
66,ordinary,True,1.8254693942969744,0.10813486824302761,0.6787729277870977,31.847057627696543,2.7504055967697933,217,43,7,0,"[30.644725759916298, 32.88265373593305, 35.43452652765335]","[10.262371338602598, 11.238423836500468, 12.18771825415173, 14.637700415623886]",29.154040902509777,"[30.644725759916298, 32.6406402348655, 35.07972461]","[14.030479199343732, 15.178580284326689, 16.449812074404637, 19.85497507975397]",24.060513032138317
67,ordinary,True,2.034724686428979,0.08240101741007513,0.5656676519711873,31.79939070050295,3.0868887036950965,217,43,7,0,"[31.0253201733632, 33.6163850333305, 36.09730783]","[11.885065816503293, 12.75366293576151, 13.528713107489823, 14.988475228335242]",23.701867531273237,"[30.7981037518733, 33.6163850333305, 36.696902405]","[15.249117056275265, 16.45391994472107, 17.78710055223365, 19.732314751928484]",18.587708274148483
68,ordinary,True,2.1821022509128074,0.04342523125836893,0.3879809619472077,31.595189506522743,2.6741907007159496,217,43,7,0,"[31.08587628054825, 33.4900573033305, 35.444663407132495]","[12.06053917026802, 12.594401665176404, 12.998424491678211, 13.894248659118736]",12.427022481823125,"[30.75052001013085, 33.4243392690151, 35.444663407132495]","[14.311405076298236, 14.962964103101372, 15.44285835921237, 16.51831611279316]",8.945891714919505
69,ordinary,True,1.9446849055649806,0.02991520590075726,0.5484386975326739,31.6487395612733,2.704645538449366,217,43,7,0,"[30.79587317513085, 32.84223616, 35.35203284765335]","[10.938458898073542, 11.19377701877995, 11.427482494293702, 12.051126605012715]",8.04228092927719,"[30.7025185345311, 32.788220758624746, 35.35203284765335]","[13.936145988397438, 14.264137655684724, 14.607240848145056, 15.366485078529303]",6.539414638772224
70,ordinary,True,2.063757020624172,0.20638411423861272,0.47973383210201975,31.79222784045269,3.2217744319884782,217,43,7,0,"[30.90865332054825, 33.80998091497105, 36.682008335]","[10.702143016002386, 13.01669936432289, 15.050703067791236, 19.07899434765133]",65.06383397131992,"[30.7981037518733, 33.6163850333305, 36.09730783]","[13.381769414153062, 16.119023730824157, 18.69850072391632, 24.858751042936948]",57.33345345488607
71,ordinary,True,2.110070275874537,0.10477044915673776,0.4557054552473504,31.833479781227755,2.8438222794467314,217,43,7,0,"[30.747092875, 32.93975158, 35.818592644999995]","[11.475773801083188, 12.371749844936078, 13.569229163603943, 15.938804585615465]",27.95626344575995,"[30.747092875, 33.028798761774055, 36.09730783]","[14.07404817734295, 15.28075849892087, 16.961087037380047, 20.086454244860022]",19.33399365526126
72,ordinary,True,1.940076702328436,0.11845362881583937,0.6022244261027893,31.846534675993052,2.8895196282156292,217,43,7,0,"[31.0253201733632, 33.6163850333305, 35.5985534521325]","[10.899718339701437, 12.278013972034952, 13.177041393154434, 15.455918611909325]",36.64017327675288,"[30.90413263054825, 33.6163850333305, 35.5985534521325]","[14.334237846909419, 16.03840486111687, 17.245264528924643, 21.15290658189044]",31.76941567606949
73,ordinary,True,1.90805606018246,0.1476774178435189,0.6003061624651683,31.532135159043122,2.796709753589094,217,43,7,0,"[29.815292053799652, 31.872845715, 35.327744679999995]","[10.0, 11.005428077277825, 12.64105226630534, 16.71087753916268]",45.174322551351295,"[30.8086540818733, 33.6163850333305, 35.642604625000004]","[13.765617122173548, 16.034296009906967, 17.40880612307631, 24.15118332381407]",37.06085775311486
74,ordinary,True,2.1890960730322218,0.135558463261835,0.5009044499818956,32.13877762946899,3.380711742331657,217,43,7,0,"[30.97518203281495, 33.6534761183305, 35.913889964999996]","[12.70553385135212, 14.206647462857813, 15.601423736976745, 22.775341811702376]",47.54004934540271,"[29.531086350000002, 31.4872464292182, 33.99974703784895]","[15.189452833421079, 16.355582275498758, 17.92739617635796, 22.607089438371368]",65.85675141269154
75,ordinary,True,2.158014269397016,0.09289136066604352,0.43268564490668676,31.86409248837731,2.812172634027641,217,43,7,0,"[31.03269094054825, 33.5885526, 36.39922521]","[11.940839408906564, 12.953249170036809, 14.224200032352542, 15.84128808644498]",24.066841438249632,"[31.03269094054825, 33.5885526, 36.39922521]","[14.51909383525447, 15.753366870906229, 17.241082807494426, 19.26355627269583]",16.752831531545556
76,ordinary,True,2.080387250098188,0.15150236835191555,0.5156463162497609,31.995607914378194,2.9930512598114123,217,43,7,0,"[30.8131747718733, 32.9759465231214, 36.57326319]","[11.39119995989872, 12.630704305326084, 14.336114152256659, 19.626358121058555]",45.2004314276447,"[30.8131747718733, 33.6181502639047, 36.57326319]","[14.363027309906421, 16.590854738151148, 18.56021600917593, 24.624008443227314]",35.90270515667933
77,ordinary,True,2.0975002875285482,0.1583860784468282,0.5539824005801076,31.999997570350327,2.9486442382077716,217,43,7,0,"[30.757643205, 33.15713729, 36.09730783]","[11.899592726970274, 13.389423952518186, 15.490443349975902, 19.220470024946945]",62.84486786035746,"[30.622393963731597, 32.2768860333865, 34.6456217064828]","[15.25956496310458, 16.608858239498126, 18.509867386907686, 24.52491451035014]",62.070725394271506
78,ordinary,True,1.9840944932375122,0.15777547413567458,0.558635686703463,32.04268726881773,3.213862042067014,217,43,7,0,"[30.9712259968733, 33.6163850333305, 35.689195755]","[10.759221686940316, 12.284720757419512, 13.492934037551711, 21.966255890992056]",48.29684707711837,"[30.9712259968733, 32.642336522060546, 33.8470987770759]","[13.882530891514453, 15.225735264593078, 16.24527584871429, 23.24915855910975]",62.757544072492685
79,ordinary,True,2.1477033336827787,0.10472972699167836,0.48557581938527566,31.55710470517116,2.6105171016376456,217,43,7,0,"[30.5773041018439, 32.92347305, 35.1705589940727]","[12.153799297595745, 13.344007936408282, 14.513961569613919, 17.05495540267548]",35.04679211406791,"[30.6453224487093, 32.7642609869354, 35.1705589940727]","[15.251284800798516, 16.612369676221448, 18.119218751546747, 21.649954925168547]",29.433704986383525
80,ordinary,True,2.026319372861504,0.13100635834210547,0.5813919185186408,31.710585184046217,3.162360271733756,217,43,7,0,"[31.03269094054825, 33.5885526, 35.971755044999995]","[11.753909882384715, 13.234064700194363, 14.273060877493876, 16.947554755404823]",40.949246515212785,"[30.7981037518733, 33.5885526, 35.04196458]","[15.188885229849069, 17.092303998311966, 18.104589657898693, 22.65862446725248]",38.848181981866496
81,ordinary,True,1.9120783811942235,0.18064411064720928,0.5619763410393203,32.22275225450333,3.2023787661284056,217,43,7,0,"[31.13775394781495, 33.24764125298945, 36.696902405]","[10.0, 11.16601318546995, 12.933659014348395, 17.951260335942436]",56.79193308427399,"[30.6746588676868, 32.73998174556015, 35.00033464]","[12.605719755704888, 14.142518253178778, 16.009750758877022, 22.98612480278086]",57.083860126306405
82,ordinary,True,2.05450040406945,0.17117157414746068,0.515839738795202,31.98792095346263,2.7185342338311225,217,43,7,0,"[30.90865332054825, 32.99721444489545, 35.74174605]","[10.917551110951136, 12.496070857901342, 14.306615857135368, 18.900379565017897]",50.82472459068357,"[30.72266034328655, 33.173932113621404, 35.2208681140727]","[13.734646082926442, 16.03276862550604, 18.27312843401861, 23.953421108056173]",39.17202546007118
83,ordinary,True,2.069691816475273,0.03527135997529614,0.5079523192359113,31.906613027441452,3.0972708785242893,217,43,7,0,"[30.90865332054825, 33.05440183439835, 35.689195755]","[11.947683082091874, 12.240766185254357, 12.591927480625635, 13.191946566422388]",11.11887531989884,"[31.03269094054825, 33.61575142335015, 35.689195755]","[14.990228629711751, 15.44066191543708, 15.837101340362995, 17.629398006083317]",8.406289807996037
84,ordinary,True,2.0928493923588127,0.11644135584406123,0.48303631417133663,32.0603509957296,3.0999548147685396,217,43,7,0,"[30.97518203281495, 33.6163850333305, 35.78833718]","[11.38855827481279, 12.712855530334927, 13.598004932060471, 19.78206662653336]",38.951202882820304,"[30.79587317513085, 33.6163850333305, 35.78833718]","[14.191488477673204, 15.820316532888171, 17.178248721154862, 24.465846568649003]",26.574678471784235
85,ordinary,True,2.071654004470623,0.1321285149320594,0.547243310061606,31.648941126445134,3.0525197592218496,217,43,7,0,"[30.51958144251255, 32.626213435, 35.327744679999995]","[11.773854640127903, 12.849035998952433, 14.059898630822893, 17.41506232177665]",42.64266256368573,"[30.3141199368337, 32.30530665, 35.327744679999995]","[14.978716533675904, 16.287368652023822, 18.10929507383118, 24.13069086432109]",37.96220208677676
86,ordinary,True,2.009454201963393,0.0934822170571706,0.5652440526346793,31.750997316047453,3.103054387649611,217,43,7,0,"[31.03269094054825, 33.91226361784895, 35.78833718]","[11.548398637124993, 12.6197870597157, 13.51366574772425, 15.92373805678094]",29.07776340513876,"[30.8131747718733, 33.6163850333305, 35.78833718]","[14.815128287717464, 16.182557868952234, 17.32879302554189, 20.41926788261511]",23.61063183210569
87,ordinary,True,2.0934521035398364,0.10796039808105358,0.4485744137796152,31.656669566088727,2.980902398078211,217,43,7,0,"[30.060693649999997, 31.7122101429447, 34.82428092]","[11.04526862279649, 11.661039866063348, 12.784218560185227, 15.18350024809894]",33.73305987763959,"[30.8086540818733, 33.5885526, 36.624364005000004]","[13.809602762847137, 15.323075979559478, 16.837429891635143, 23.358404914115102]",25.164729737888806
88,ordinary,True,2.1638339843426224,0.11814557528331944,0.48507493078258884,31.611717108031563,2.9790409130207025,217,43,7,0,"[30.90865332054825, 32.987979447707104, 35.43452652765335]","[12.492226613217683, 13.595868931019194, 14.811287011122392, 17.762263530468207]",44.33721306846408,"[30.68221255328655, 32.73998174556015, 34.6456217064828]","[15.498218423710643, 16.830036330195867, 18.05915508623013, 22.729007476420676]",41.78721176652246
89,ordinary,True,1.9268586969278172,0.11241468926551541,0.661148182407187,31.98426132889333,2.606516508128538,217,43,7,0,"[30.96463170281495, 33.61575142335015, 35.913889964999996]","[11.21059392755613, 12.577328247162699, 13.813844913405804, 16.31451309888208]",30.640511869766506,"[30.79587317513085, 33.61575142335015, 35.913889964999996]","[15.0206160118057, 16.9851154696698, 18.75286253219833, 21.837420044190907]",22.25043628174057
90,ordinary,True,1.8719290179301213,0.19588579056552047,0.691541532364645,32.12494943895272,3.1565763847626647,217,43,7,0,"[30.98707349, 33.80998091497105, 36.09730783]","[10.481600524262312, 12.538950572783556, 14.405555855572759, 20.347146413006946]",62.62064137312391,"[30.60783565533905, 32.18924892207405, 33.75308582329245]","[14.20865782670933, 15.694101183750234, 17.135659799091044, 24.62012205024058]",88.26872247728382
91,ordinary,True,2.129366774748433,0.021512566016928778,0.4890519152458275,31.77302311338711,2.8516654533535317,217,43,7,0,"[31.0253201733632, 33.6163850333305, 36.09730783]","[12.567624168715954, 12.820771878818451, 13.066508243356115, 13.433635132593727]",5.809565668072098,"[30.802611685000002, 33.4651615552023, 36.09730783]","[15.586156703693984, 15.910337430593406, 16.210903661714852, 16.763758434750184]",3.9728902727579696
92,ordinary,True,2.128207401179995,0.105087302861736,0.5250018106056464,31.8145280074956,2.8530085908455014,217,43,7,0,"[29.94361332905565, 31.709000680000003, 34.24950479]","[12.050096443905483, 12.795466019790242, 13.884194389549693, 15.882904557384403]",43.30043902052081,"[30.70173971, 32.53430712084605, 34.42010653732065]","[15.665394417883928, 16.798728252244846, 17.883287662197088, 21.575978065905417]",42.398277374020644
93,ordinary,True,2.0768504589625514,0.14905616984368406,0.5362422464992243,31.833564411267435,2.69237532848768,217,43,7,0,"[31.0253201733632, 33.61575142335015, 35.971755044999995]","[11.618562270878417, 13.517503273234468, 15.16924090209599, 18.79823887335393]",43.92432444714361,"[30.90413263054825, 33.61575142335015, 35.971755044999995]","[14.854998892915813, 17.288544526076937, 19.635054494873476, 23.987880964307024]",31.321176973144148
94,ordinary,True,1.935203895045354,0.2450319952907498,0.5468374493885372,31.745287425927536,3.175172774329079,217,43,7,0,"[31.15692568281495, 33.61575142335015, 36.43617476]","[10.0, 12.193815143236424, 14.774398229774965, 20.971017872924666]",90.28356724655683,"[29.23587997, 30.787540665, 32.643977997384354]","[11.412015265913231, 12.775295457245782, 14.705438350108523, 24.33108878219502]",126.5359003238277
95,ordinary,True,2.00642739892064,0.04508325521607692,0.5069074303394584,31.544065184357258,2.6907220943801398,217,43,7,0,"[30.96463170281495, 33.2220719059062, 35.5839735271325]","[11.185486433030846, 11.61953439926994, 12.072299365651284, 12.810141611841885]",11.551101404531995,"[30.70173971, 33.06560747004135, 35.444663407132495]","[13.989119229680936, 14.560386617835357, 15.102978520184472, 16.173631336643606]",8.052140560072484
96,ordinary,True,1.9754262610551199,0.16221887197035598,0.5137717538157476,31.982941299074177,2.762112713529913,217,43,7,0,"[31.04025883, 33.796870885554554, 36.270103745]","[10.13970262118759, 11.941532541130274, 13.81453855973821, 16.917676119615287]",42.96039862537627,"[30.787540665, 33.6163850333305, 36.270103745]","[12.753196989686087, 15.084475896317691, 17.575269362962484, 21.406746580751005]",35.39950507564279
97,ordinary,True,2.131184166975069,0.06530694729367827,0.48741933839875656,31.601367055629876,2.6959616045641392,217,43,7,0,"[30.90865332054825, 32.94601884004135, 34.965401695]","[12.346426719836414, 12.996423590739248, 13.621465613317259, 15.242748118049066]",18.39398385939004,"[30.68221255328655, 32.788220758624746, 34.965401695]","[15.313728283274093, 16.108517796316747, 16.907512617037213, 18.895685934071967]",14.120166686157518
98,ordinary,True,2.0255481464987475,0.11287657257264445,0.5500829709434678,31.76870968523846,3.041667275151573,217,43,7,0,"[30.98707349, 33.6163850333305, 36.32668681]","[11.476116193041657, 12.659030907759943, 13.866904266049756, 15.844070901278394]",33.99541204412145,"[30.79587317513085, 33.6163850333305, 36.067052364999995]","[14.626001822966996, 16.257773715224026, 17.684386224542067, 21.71515965180775]",27.536587100593277
99,ordinary,True,2.068164717572608,0.17686607411874966,0.5847805843943752,31.956187633775084,2.9403573410899737,217,43,7,0,"[30.97970272281495, 33.6521916860684, 36.43617476]","[11.842845761099463, 13.947960197517213, 16.060603333721573, 21.16817786274293]",60.42182071093919,"[29.529019370243248, 30.80642350513085, 32.39533133450185]","[14.361356948243044, 15.424094198575075, 17.13240938171146, 24.866006786598096]",95.03068251267075
100,ordinary,True,1.9911724301828888,0.1033184382578094,0.6146565576550918,31.872684484592877,2.813963870216172,217,43,7,0,"[31.0253201733632, 33.6163850333305, 35.78833718]","[11.651180091377173, 12.901316226609941, 13.944688189336658, 16.045574634762133]",31.562980108591827,"[30.7981037518733, 33.6163850333305, 35.78833718]","[15.300234990691038, 16.993530829431432, 18.440848446670124, 21.810109111542754]",25.362456806546966
101,ordinary,True,1.888863407971201,0.18830998261195483,0.6654467749464578,31.70755667459907,2.7220066581601214,217,43,7,0,"[30.66425291662975, 33.2720211849674, 35.78833718]","[10.390469932511063, 12.495369765076024, 14.470015671605658, 19.57617452074373]",52.774858103088754,"[29.890541785, 31.40997883915645, 32.9729787859744]","[13.549989948016094, 15.024530387050765, 16.745145200842487, 24.883605826311566]",71.83763826115774
102,ordinary,True,2.0437066410555373,0.17434236364345196,0.5014516216011234,31.977892028099845,3.4651836574223345,217,43,7,0,"[30.733223430159853, 33.46579516518265, 36.32668681]","[10.72131185947163, 12.347274095511558, 14.088390341527871, 24.909544785434772]",56.27594200417991,"[30.3338417815045, 31.939963215, 33.8470987770759]","[13.365501418728597, 14.535257388009766, 15.755840716042432, 23.265009865386908]",85.11622301946403
103,ordinary,True,1.8497031391745797,0.22588586743093314,0.6418357907728984,31.739690426786026,2.879468919787705,217,43,7,0,"[30.97970272281495, 32.7956838498655, 35.475127404999995]","[10.0, 11.51547897653113, 13.53393302480658, 19.749644688377575]",74.94398645543573,"[29.5907377837715, 30.8131747718733, 32.717708676800896]","[12.089584621983025, 13.265226926079748, 15.374749181905692, 24.726358976927994]",109.15593293522723
104,ordinary,True,2.131522671542503,0.08828727068776056,0.4440361326555426,32.17116464075183,3.073902577234996,217,43,7,0,"[30.97970272281495, 33.75308582329245, 36.32668681]","[11.666841175436712, 12.618113579097939, 13.62437989304117, 15.029949250352017]",24.95200225325899,"[30.97970272281495, 33.564441450554554, 36.32668681]","[14.230840322631867, 15.393682034511059, 16.73900933771708, 18.716575509770763]",19.861694687228532
105,ordinary,True,2.1294078409006656,0.09695558604861292,0.4986435876867524,31.646926973342556,3.154081023410818,217,43,7,0,"[30.8086540818733, 33.65284250835015, 36.116941345]","[12.233078506125654, 13.380294503831312, 14.425379524902981, 16.611623821736355]",32.80304227275097,"[30.7309928534174, 33.65284250835015, 36.116941345]","[15.355331164060313, 16.78163242821161, 18.044153244738133, 24.007908251651752]",24.796753274177952
106,ordinary,True,2.004400233047165,0.14955405369360697,0.5566946318541067,32.18524416019946,3.3205247688377413,217,43,7,0,"[30.90413263054825, 33.80998091497105, 37.0437363]","[10.8805653254822, 12.491191092750954, 13.828310770007759, 21.100873549655326]",47.2889876025356,"[29.99940893, 32.293475444963704, 34.6462914764828]","[13.580578336326388, 15.056345837852984, 16.419820850656794, 22.6650744625572]",54.25108851613929
107,ordinary,True,2.03519021363762,0.1601198608140093,0.5376897979168477,31.97204715932073,3.0609346087515092,217,43,7,0,"[30.97518203281495, 33.5885526, 35.913889964999996]","[11.075135102822854, 12.795144912299184, 14.140260229456375, 18.447152872411632]",48.6579445611568,"[30.8086540818733, 33.5885526, 35.913889964999996]","[14.10309175685296, 16.370441321244872, 18.400524587223114, 24.617908062642858]",41.448844792651656
108,ordinary,True,2.125888981520263,0.1620577353615856,0.4393105319938292,31.819285727567443,3.226278523075455,217,43,7,0,"[30.90413263054825, 33.51725612668065, 35.5839735271325]","[11.228294664257843, 12.942456146887597, 14.436088264204889, 23.49593675018719]",69.91152826740317,"[29.58754444640705, 30.90413263054825, 33.128525569527596]","[13.021480689213929, 13.883782315122906, 15.653755908658153, 21.276609155243243]",85.15761241546102
109,ordinary,True,2.1250092932773152,0.1336553761867961,0.4520890304385994,32.02356095780692,3.24521283516336,217,43,7,0,"[31.0253201733632, 33.6521916860684, 36.43617476]","[11.490659375441775, 12.811428960816304, 14.210614347966521, 20.889032345229555]",42.609406625339204,"[30.68221255328655, 32.63123790044895, 34.22124242450115]","[14.019120591478579, 15.223118209601548, 16.25507060834491, 21.748674895615213]",49.053009595326415
110,ordinary,True,1.816819851772039,0.1569487364032684,0.6252725021362517,31.692663817930082,2.62120152480398,217,43,7,0,"[31.42579427510785, 33.6163850333305, 35.614437525]","[10.0, 11.40430403887821, 12.940077172903607, 16.267760452259456]",48.00953200210838,"[31.03269094054825, 33.6163850333305, 35.614437525]","[12.921454091165923, 15.163887124352815, 17.32392399043594, 21.41864067137105]",38.01611315643221
111,ordinary,True,2.067329328945233,0.13579633537718472,0.506657539924383,31.75343663391561,3.01364950902508,217,43,7,0,"[30.3529487489287, 33.022817517519755, 36.12363543]","[11.062493930103287, 12.504387468541891, 14.012091085887919, 17.011500469083938]",46.09994120514017,"[30.077126405, 32.788220758624746, 35.10594088]","[13.824667291127176, 15.654468594315846, 17.4557624032493, 22.07548023028089]",41.42297290530412
112,ordinary,True,1.994616294021474,0.1013819992362106,0.581982058353083,31.493691128613722,2.7174481411508125,217,43,7,0,"[30.70173971, 32.80167838862475, 34.82428092]","[11.461928091267847, 12.416835406482905, 13.276238150767615, 14.875249474388667]",29.92989862236766,"[30.70173971, 32.80167838862475, 35.272642877653354]","[14.912771867558844, 16.123990785415828, 17.476475406458196, 20.733925698579107]",23.990426803045974
113,ordinary,True,1.9266668745807687,0.13990001430671506,0.5688784450769074,31.855404546292732,2.957111846053884,217,43,7,0,"[31.0253201733632, 33.6163850333305, 35.913889964999996]","[10.367400808432935, 11.78049342567215, 12.956647727585953, 15.658559713661818]",44.37603309349685,"[30.79587317513085, 33.6163850333305, 35.913889964999996]","[13.342560270942599, 15.29676415725178, 16.95225266007167, 22.07896036347417]",36.0694146100046
114,ordinary,True,2.028759095796279,0.16523969709711897,0.5461427768691649,32.31207972272182,3.3474581081104167,217,43,7,0,"[30.90865332054825, 33.61575142335015, 36.39922521]","[10.914732439678769, 12.583530903171372, 14.184326407929023, 22.50777734676627]",57.7309293490816,"[29.910796523022398, 31.835775192944702, 33.80998091497105]","[13.494739544124062, 14.813284552160487, 16.207004736286272, 21.47079388909737]",79.31790608956115
115,ordinary,True,1.9902978533969575,0.10466078385218884,0.5654772552107041,32.09262993317451,2.737015792754437,217,43,7,0,"[30.89358230054825, 32.93512720905445, 35.444663407132495]","[11.06943485790694, 11.972967195039663, 12.921751615538822, 15.307038070845685]",30.88719721355249,"[30.89358230054825, 33.6163850333305, 35.444663407132495]","[14.265670882141896, 15.87047807221019, 16.88259844012526, 19.778572912429194]",25.431779844669762
116,ordinary,True,2.1184202223450557,0.1180905013668792,0.4775387342323825,31.705845464170167,2.7957929566776194,217,43,7,0,"[30.90865332054825, 33.128525569527596, 35.78833718]","[11.787286384259087, 12.89042661916404, 14.462023290444122, 17.136024691561047]",37.52796878479165,"[30.81094419513085, 33.6163850333305, 35.78833718]","[14.567243651401935, 16.43671879078431, 18.057239432211993, 21.90228016054268]",27.63412198897221
117,ordinary,True,2.035944858390543,0.10849397286912038,0.4526608914143798,31.74695765636786,3.0029715778740225,217,43,7,0,"[30.90865332054825, 33.65155807608805, 36.32668681]","[10.672906715463721, 11.777613755905811, 13.046938806151708, 14.729806210137586]",25.846567438422145,"[30.8086540818733, 33.65155807608805, 36.32668681]","[13.064164309548294, 14.493185690233545, 16.09904506399847, 18.526956332001866]",17.963654742800884
118,ordinary,True,1.992806628420773,0.12621878622916413,0.5484375877882817,31.897196391070402,3.306172837736552,217,43,7,0,"[30.90865332054825, 33.61878387388505, 36.307053295]","[10.986346422306925, 12.162970570534291, 13.26464136097845, 15.942773688470725]",38.154467789443416,"[30.7981037518733, 33.61878387388505, 36.307053295]","[14.036686310209012, 15.650214991997967, 17.12050665751029, 24.41552141083561]",30.338207690301424
119,ordinary,True,2.0332851234849882,0.08051964618128928,0.543413308257251,31.91664330084084,3.041280067939739,217,43,7,0,"[30.98707349, 33.824895929842754, 36.226429295]","[11.619456211681785, 12.530190709217713, 13.337979698737207, 14.675329991984912]",22.474869755160015,"[30.98707349, 33.61878387388505, 36.226429295]","[14.802579132445352, 15.936488874343793, 17.025729202766588, 19.564187008465254]",17.728504584593193
120,ordinary,True,2.130915847034887,0.158049071011257,0.5236497179523406,32.31111365346305,3.329176206297925,217,43,7,0,"[31.0253201733632, 33.6163850333305, 36.886309245]","[11.976946925877861, 13.653253582535406, 15.29858226132854, 19.89426030326601]",56.75055637324323,"[30.70173971, 32.66291330362475, 34.6462914764828]","[15.097598987375994, 16.643718548957036, 18.142960070283905, 23.893163790910865]",61.93913614257482
121,ordinary,True,2.137628855400501,0.15853929516989204,0.5383489653721651,31.997571834821873,3.5134538732647442,217,43,7,0,"[31.03269094054825, 33.43571488, 35.57383664765335]","[12.42678251741721, 13.988100653097941, 15.27290966003007, 23.96630796399197]",70.65437388007544,"[29.55072956140705, 31.517078741196748, 33.35454504804695]","[15.02403841683625, 16.343295723356363, 17.85558967254376, 24.407580365315777]",87.58765462306206
122,ordinary,True,2.007026193972085,0.07329313632859459,0.5172931889964525,31.507438756867696,2.538477203228726,217,43,7,0,"[29.92335859103325, 31.66284253, 34.01253445026795]","[10.889230206781061, 11.405886606854871, 12.151229846033688, 13.23154186957851]",17.709081072144972,"[29.92335859103325, 31.5045234250675, 34.2304863568548]","[13.72585711354724, 14.330549278488093, 15.460607839815765, 17.020073596897884]",12.696397653648303
123,ordinary,True,2.1286340287019763,0.11449379007149696,0.49037938115147817,31.89205857897798,2.839084456199163,217,43,7,0,"[30.97970272281495, 33.6163850333305, 35.913889964999996]","[11.968440680800272, 13.336583301745886, 14.713656279023647, 17.706010768771844]",34.5541547564125,"[30.7527505868733, 33.46579516518265, 35.913889964999996]","[14.874996393311497, 16.609134346856752, 18.357814384943854, 22.868009914242204]",23.612952849326724
124,ordinary,True,2.0579615080679847,0.1087590909719332,0.4952802088483825,32.07876187454988,2.90822056808087,217,43,7,0,"[30.97970272281495, 33.82618036210485, 36.116941345]","[11.191304863053915, 12.453972417195414, 13.524900814080757, 15.471437942189391]",31.02305402356363,"[30.97970272281495, 33.6163850333305, 36.116941345]","[14.0007984533193, 15.511668541709563, 16.90910516932523, 19.352491500180292]",24.550853246337102
125,ordinary,True,1.9815901598486199,0.17152287645747083,0.6322976760786545,32.050875088045366,3.224827343522272,217,43,7,0,"[30.97970272281495, 33.2720211849674, 35.7561174421325]","[11.329214949082099, 12.880137169259887, 14.236791300185434, 18.01099140282125]",57.508731429158374,"[30.80642350513085, 33.2720211849674, 35.4267878412052]","[15.007170705453449, 17.249463456230075, 19.079919063372166, 23.808096590634836]",56.92314025198589
126,ordinary,True,2.1848390583438793,0.06878312477570657,0.45338948637425835,31.780779741010605,2.9865544906990453,217,43,7,0,"[29.83027704, 31.872845715, 34.96257461]","[12.33767486017728, 12.889082255313035, 13.686242202219141, 15.355315291744326]",20.217424865274673,"[30.7981037518733, 33.61878387388505, 36.09730783]","[15.425093501425371, 16.502118206496768, 17.39154293576492, 18.82994059111854]",14.805065705222043
127,ordinary,True,1.809573229495111,0.1808142593707657,0.7158042710651796,31.651093158684144,2.4378880036069344,217,43,7,0,"[30.8086540818733, 32.88265373593305, 35.35203284765335]","[10.149541497367695, 11.890735263279863, 13.579522821994995, 18.633995740577333]",50.611694609352284,"[29.2908193387951, 30.90413263054825, 33.337644175911]","[12.68469734806897, 14.187777395734534, 17.0353325879944, 23.224158727045307]",57.99547057585654
128,ordinary,True,2.094388064719789,0.14959413789713877,0.497395938662687,31.949996756796494,2.821986489634521,217,43,7,0,"[31.0253201733632, 33.6163850333305, 36.43617476]","[11.394893243861583, 13.010003793316901, 15.050731642441459, 18.224089736843986]",45.07894573784564,"[30.7981037518733, 33.6163850333305, 36.43617476]","[14.211917706017818, 16.529680632701076, 18.983255995553836, 23.709982082787715]",35.32074326657013
129,ordinary,True,2.0441253409434506,0.10996756569133898,0.4830425464798625,31.895274047205696,2.8566429112144527,217,43,7,0,"[30.97200247, 33.61575142335015, 35.913889964999996]","[10.958879580935859, 12.15225251356595, 13.230807051930391, 15.421972478140836]",33.13273150443558,"[30.7981037518733, 33.61575142335015, 35.913889964999996]","[13.584698284313419, 15.15799198841798, 16.599386315717748, 19.697503280240973]",27.114866705670845
130,ordinary,True,2.1018372448935376,0.08940477383267705,0.5044911056675968,31.86561924557274,3.254418444024102,217,43,7,0,"[30.98707349, 33.6163850333305, 36.39922521]","[12.029582140365077, 12.922456213648315, 13.892687806346633, 15.700556894381164]",30.358239078258187,"[30.79587317513085, 33.4900573033305, 36.39922521]","[15.036581955854224, 16.205681862823674, 17.43972715412191, 22.39233175333901]",21.518151529415313
131,ordinary,True,2.061413896993762,0.11414910329280475,0.569325994279909,31.85658998896936,3.1120605554840726,217,43,7,0,"[30.2989175471691, 32.98221378316275, 36.09730783]","[11.744413388839064, 12.952711710132215, 14.319194599432707, 16.67097917467225]",38.24784204053112,"[30.68221255328655, 32.7659476898655, 35.614437525]","[15.488984832959328, 16.700822181611823, 18.29176302863827, 22.903335361920014]",33.08621335000177
132,ordinary,True,2.1003016580856144,0.08356868804031678,0.4674144707340991,31.79328527020721,2.9438149224535413,217,43,7,0,"[30.97970272281495, 33.48942369335015, 35.5839735271325]","[11.631417012784178, 12.56730984579263, 13.260773003328136, 14.981967839464845]",23.308427610546403,"[30.733223430159853, 33.43796273185215, 35.5839735271325]","[14.320851843373365, 15.480337642498773, 16.419236654156645, 19.38397816221767]",18.781421892480083
133,ordinary,True,2.155524987969326,0.1481879247553638,0.5206428285421216,32.00877049299591,3.05449249624073,217,43,7,0,"[30.927611047945803, 33.61878387388505, 36.270103745]","[12.360298710869928, 14.137350704241538, 15.684580188335744, 20.829278549384444]",57.33351313940559,"[30.5563661387093, 32.224071465460554, 33.82618036210485]","[15.612032302002632, 16.829975945003124, 18.099940962053775, 24.957214173845976]",62.925925339834194
134,ordinary,True,2.020276833370651,0.09304842076447317,0.5170541751052073,31.926771090184197,2.773398010281045,217,43,7,0,"[31.0253201733632, 33.6181502639047, 35.913889964999996]","[11.095980791247523, 12.099057352579353, 13.156656792424497, 14.851673813439891]",25.85569133413942,"[30.90865332054825, 33.35454504804695, 35.913889964999996]","[14.01242335788341, 15.215480185193954, 16.5459554540371, 18.73425281078116]",20.965590792114597
135,ordinary,True,1.8942301156017292,0.16572085963121985,0.559197497946622,31.89959466547135,2.9964167680070104,217,43,7,0,"[31.255424249441752, 33.6163850333305, 36.43617476]","[10.0, 11.34175452121855, 13.121327838902937, 16.785598273859275]",47.43888351611514,"[30.7981037518733, 33.6163850333305, 36.43617476]","[12.5854935973326, 14.628388271737716, 17.35140157614275, 22.680966120464785]",35.763307649829166
136,ordinary,True,2.1641864891992464,0.0725798386638717,0.47033445248229366,31.513546983034594,3.2558059447924967,217,43,7,0,"[30.69410274884015, 33.31298934591101, 35.74174605]","[12.540345224489844, 13.34997569013808, 13.960966273270454, 15.340317718579238]",23.52369635373859,"[30.69410274884015, 33.243574335000005, 35.35203284765335]","[15.51151889688602, 16.45333684526122, 17.19484221883529, 19.282799742715945]",18.937977948997727
137,ordinary,True,1.9960056711367185,0.048162391124589005,0.5445204220555347,31.91725134142447,3.0595385521633576,217,43,7,0,"[31.03269094054825, 33.6534761183305, 36.32668681]","[11.378328408266691, 11.8475142706084, 12.349332221460227, 13.043585194338238]",13.391433286971594,"[31.03269094054825, 33.4651615552023, 36.32668681]","[14.50835028890922, 15.092630385258634, 15.741087830678314, 17.097041374741416]",10.77301082233772
138,ordinary,True,2.0354903267075555,0.17256628042021008,0.5410692426330542,31.90067587140019,3.0163797775805907,217,43,7,0,"[31.03269094054825, 33.6163850333305, 36.39922521]","[11.13154013152569, 12.937325296715393, 14.916901330467992, 20.471501695104145]",58.038506865387944,"[30.231074160082798, 31.4807653089329, 33.75308582329245]","[13.832103827757605, 14.765510783341929, 16.74725329245935, 24.536871144678884]",65.47823594209947
139,ordinary,True,2.1678255424985933,0.16419887433207833,0.4857713950696973,31.89846165626475,2.912825312151125,217,43,7,0,"[30.98707349, 33.6163850333305, 36.09730783]","[12.077528737563663, 14.083747790917325, 15.952353143760993, 19.96562879859955]",59.82746885565154,"[30.60783565533905, 32.293475444963704, 34.5435630114828]","[14.990700220983936, 16.505701775646816, 18.386125941662122, 24.722600027409843]",55.76004791383086
140,ordinary,True,2.0055649189475067,0.09077526142440749,0.5471965589204228,31.777888417042504,2.761498038003038,217,43,7,0,"[31.0253201733632, 33.6521916860684, 35.689195755]","[11.280363792546591, 12.30399226190947, 13.338941463157669, 15.00244451719391]",25.670329108622774,"[30.8131747718733, 33.6521916860684, 35.689195755]","[14.357504269285306, 15.766798381341134, 17.003494132739718, 19.720336436708287]",20.46667307547914
141,ordinary,True,2.056866711788998,0.1128556421938088,0.49424302423790906,31.760145951418377,2.8267976016062235,217,43,7,0,"[30.98707349, 33.61878387388505, 36.32668681]","[11.241543847284769, 12.467590568278796, 13.867390389397238, 15.93079333490901]",31.811392087309986,"[30.79587317513085, 33.462913703350154, 36.09730783]","[14.003280802636645, 15.614471311395759, 17.240814462561318, 19.912870557871052]",24.799480448602978
142,ordinary,True,1.988869548205045,0.17080477885528608,0.6204223445620325,31.847515951118506,3.2201432785080204,217,43,7,0,"[31.0253201733632, 33.9632508881169, 36.43617476]","[11.44893638263894, 13.327662830837784, 15.557989787396922, 24.72350607274198]",63.91377050724301,"[29.94361332905565, 31.872845715, 34.178481535470354]","[14.487573144300493, 15.999016432881357, 17.978499841040033, 23.830433084925797]",75.39860325163538
143,ordinary,True,2.192829627808915,0.04219604540384942,0.3834896024752879,31.608371695811048,3.024914838208865,217,43,7,0,"[30.15014196731975, 32.224071465460554, 35.46054748]","[12.057514650490235, 12.392006902515336, 12.883315459494488, 13.775703718676857]",11.966054571322374,"[29.96721196103325, 32.224071465460554, 35.46054748]","[14.273387595561793, 14.705014920294083, 15.298089967274358, 16.72914657797557]",8.927527557856656
144,ordinary,True,2.1837827982123437,0.12610996567007499,0.43160909943132303,31.90446137031579,3.075391796261212,217,43,7,0,"[30.84344416, 32.88265373593305, 35.46054748]","[12.018622205767095, 13.044980517309511, 14.21296672217969, 17.294409958564145]",39.56858406607095,"[30.7981037518733, 33.3978292790151, 36.067052364999995]","[14.5672147350701, 16.244771943257973, 17.986865668919297, 22.54089536157918]",31.19557481387771
145,ordinary,True,2.133719557372336,0.08622356030552644,0.44715338453719766,31.95555897452532,3.2522398272694337,217,43,7,0,"[30.97970272281495, 33.268229165, 36.696902405]","[11.82995624756358, 12.556202632173935, 13.542446611731451, 15.695298175426105]",27.15963029302934,"[30.69418602440025, 33.268229165, 36.696902405]","[14.407275236123091, 15.371193491664275, 16.625057259084276, 21.160705035104613]",19.131092765955586
146,ordinary,True,2.081344186602134,0.14832686132533807,0.46896106026364853,31.96453527691671,2.852525161168964,217,43,7,0,"[30.70173971, 33.161785373895654, 35.913889964999996]","[10.805850653467422, 12.36794332347196, 13.925750121433973, 17.290834709726173]",47.569621263459794,"[30.79587317513085, 33.6163850333305, 35.913889964999996]","[13.535456660566407, 15.696523588670395, 17.632101100637268, 23.548875972531025]",39.75096113450975
147,ordinary,True,1.9923019267572324,0.1981620488468236,0.6154222280767486,31.97273074603531,3.2497272800525496,217,43,7,0,"[30.90413263054825, 33.48942369335015, 35.689195755]","[11.166087519371738, 13.109726538697059, 15.096150265682503, 20.2505403387095]",87.97335092761956,"[29.21659567, 30.71007222013085, 32.54021816248835]","[13.572398561459478, 14.734121602716888, 16.566828346241426, 24.686665357666485]",129.83102746366504
148,ordinary,True,1.8911639060714858,0.1780216712205199,0.6789837416100154,31.970674916784716,3.0694605731254656,217,43,7,0,"[30.9825528, 33.80869648270895, 36.696902405]","[10.730529596538387, 12.700509388466577, 14.441081093948918, 18.846379715259474]",58.11263462674224,"[29.20491842677795, 30.9825528, 33.75308582329245]","[13.367645214218772, 14.650862104300366, 17.130280434916884, 24.204126030094116]",73.7057942558064
149,ordinary,True,2.1363122022928924,0.15424247459833523,0.4291150746945177,31.90297531818311,2.959466937145566,217,43,7,0,"[31.03269094054825, 33.6521916860684, 36.067052364999995]","[11.285035849354042, 12.934754370804791, 14.494298726065507, 17.869497517899486]",47.59799319427927,"[30.90865332054825, 33.6521916860684, 36.067052364999995]","[13.74593936991194, 15.819486726125616, 17.746854550864406, 22.54385024409392]",36.32145918033351
150,ordinary,True,2.1227789859643162,0.1715508656147233,0.42817572258080683,32.14009990791775,3.2428128685874174,217,43,7,0,"[30.899751381101503, 33.37126911, 36.696902405]","[10.840357383438269, 12.380753796640256, 14.3847471326749, 19.2762174680578]",58.056741707196174,"[30.6746588676868, 32.99721444489545, 35.07972461]","[13.208922281597756, 14.947000457899119, 16.57851123886365, 23.271735796879348]",56.787692170306094
151,ordinary,True,2.0493264657414407,0.11621700307304508,0.456336799873224,32.075635280385164,3.447688724518775,217,43,7,0,"[31.0253201733632, 33.78908927710485, 36.696902405]","[10.781401565619552, 11.890430584644708, 12.715149252806432, 17.61003944442951]",34.145754971331925,"[30.7981037518733, 33.6163850333305, 36.696902405]","[13.203378897239563, 14.571950242503895, 15.839521804981084, 21.525226270677113]",23.897840404039975
152,ordinary,True,2.1447664439902487,0.085510261393172,0.4431342346646836,31.891468996731376,2.997295189409454,217,43,7,0,"[30.90865332054825, 32.96671152593305, 36.09730783]","[11.907026312455246, 12.590662622975872, 13.549222586092789, 15.6895632676886]",25.16861903255836,"[30.733223430159853, 33.0606690944397, 36.09730783]","[14.476030673857773, 15.449192073266463, 16.726231773541336, 19.615369582460566]",18.707089770802998
153,ordinary,True,2.1683317213546314,0.0021522778752909918,0.4301952699155566,31.785722899079566,2.8289707837430216,217,43,7,0,"[30.98707349, 33.46579516518265, 35.78833718]","[12.545628665488858, 12.570529005290858, 12.590687941058809, 12.629096753767763]",0.5486874146546548,"[30.733223430159853, 33.46579516518265, 35.78833718]","[15.159966237003976, 15.191474968646993, 15.21849309144853, 15.260371431736505]",0.3679438389495918
154,ordinary,True,2.1016371794231294,0.11177309506426711,0.5174074635331106,31.820512050792246,2.7333797135402738,217,43,7,0,"[30.8086540818733, 32.741668448490245, 35.272642877653354]","[11.942733522022465, 12.927626860390989, 13.912050216940365, 16.65974240349351]",34.88448544338086,"[30.68221255328655, 32.642336522060546, 34.7839153964828]","[15.029795178488722, 16.272296823812294, 17.50810895401343, 21.55609003033062]",29.00396042701029
155,ordinary,True,2.0204712119528594,0.16035207176461855,0.6100600943081009,31.871298869761418,2.810191778117853,217,43,7,0,"[31.0253201733632, 33.43796273185215, 35.57383664765335]","[11.616872924864333, 13.446853791009781, 15.06377541392674, 18.46730018167821]",51.84575500686901,"[30.90413263054825, 33.43796273185215, 35.57383664765335]","[15.369554241095178, 17.793056616770915, 20.027599234419764, 24.982750044734367]",43.70231603151639
156,ordinary,True,1.9860958224601146,0.14400663260100055,0.6225248471245186,31.870155252080476,3.1296820663349627,217,43,7,0,"[30.97970272281495, 33.61575142335015, 36.09730783]","[11.536810499758802, 13.02835389100676, 14.574112143455729, 17.209261577465384]",46.089586382658425,"[30.97970272281495, 33.61575142335015, 36.09730783]","[15.262294367079276, 17.308868410716556, 19.46399733649998, 23.673165581107895]",41.41524556697195
157,ordinary,True,2.0987082319318335,0.14063220382730893,0.4719656794498478,31.871967097331865,2.854813377217388,217,43,7,0,"[31.03269094054825, 33.462913703350154, 35.78833718]","[11.322592673827224, 12.791134212669284, 14.354728789735196, 17.191956759217017]",44.57339461768717,"[30.7527505868733, 33.3598934990151, 35.78833718]","[13.945290617014301, 15.873606364477759, 17.914901970554343, 21.53277492476348]",34.290158047973236
158,ordinary,True,2.1076829725932256,0.07918284219179411,0.5175642145440188,31.64493658457686,2.897854473965428,217,43,7,0,"[30.3292723037254, 32.30530665, 34.994482545]","[12.126034206728898, 12.805963166312491, 13.55794239301429, 15.530365730244553]",22.839880019583624,"[30.68221255328655, 32.8449168645578, 36.116941345]","[15.469614249425574, 16.37938437201291, 17.81127695999084, 20.701807903426364]",16.64693097740039
159,ordinary,True,2.052237892140745,0.10011036792030834,0.5508364679700463,31.973316092827908,3.033239585709699,217,43,7,0,"[30.90865332054825, 33.402089945911, 36.32668681]","[11.76118610221661, 12.724513795049955, 13.950641937416533, 15.689957431003412]",29.409495366468636,"[30.72266034328655, 33.26747845, 36.116941345]","[15.006836615903373, 16.274548886308768, 17.79322201143117, 21.337525037720592]",23.124640439722313
160,ordinary,True,2.100669207340362,0.04745165772388724,0.510001184491912,31.73665675979133,3.115707086598583,217,43,7,0,"[30.97970272281495, 33.1577184559062, 35.689195755]","[12.314857668578313, 12.741494685635473, 13.19131465803842, 14.085100751687726]",14.568813159346341,"[30.97970272281495, 33.6163850333305, 35.689195755]","[15.454255633376603, 16.096134022407703, 16.648253031237005, 19.22087370395754]",10.669992833250582
161,ordinary,True,1.9636534295868633,0.04799649015766639,0.584529337705732,31.75556313475644,2.9488929061840077,217,43,7,0,"[30.7309928534174, 33.0606690944397, 36.09730783]","[11.376385067598287, 11.777469842117586, 12.40594597346169, 13.100511469900717]",12.066042706557864,"[30.54263037933135, 32.73998174556015, 36.09730783]","[14.738317605244568, 15.235113756816721, 16.0682407806474, 17.00097607829915]",8.715722457271912
162,ordinary,True,2.0901358308009566,0.032452845225925564,0.4956801588849476,31.93713912102897,2.626472333507396,217,43,7,0,"[30.8131747718733, 32.89893226593305, 34.82428092]","[12.037415141054316, 12.366981949421355, 12.613578002624173, 13.08243862796289]",8.111209137717712,"[30.72266034328655, 33.24811706996741, 35.35203284765335]","[14.983119679413432, 15.467734577707358, 15.836648849024451, 16.53259044013845]",6.185390972454536
163,ordinary,True,1.8758394365494717,0.05426294114368779,0.588943962699995,32.01784520343719,3.149603866129133,217,43,7,0,"[30.90865332054825, 33.1306627597635, 36.153890895]","[10.43138028983743, 10.814417207869893, 11.308754711118127, 12.535246154341822]",14.780695423997413,"[30.68221255328655, 32.93975158, 36.153890895]","[13.51693620236193, 14.020633088757712, 14.75257406477497, 17.35648895429328]",10.345793787597215
164,ordinary,True,2.072254592124285,0.07299809401761516,0.4985503588088496,31.74947027465358,2.9517971981121254,217,43,7,0,"[30.84344416, 32.7794053198655, 35.60243593]","[11.699625536384124, 12.268919306051258, 12.93944639640321, 14.30279838946443]",19.053198985618863,"[30.7527505868733, 33.35454504804695, 35.60243593]","[14.583082020598482, 15.57516497218222, 16.369542113041692, 18.1369228628141]",14.46202856038738
165,ordinary,True,2.1028276274427697,0.1948428284708781,0.4856917716602816,31.86559676092782,3.087280103177675,217,43,7,0,"[30.98707349, 33.402089945911, 35.689195755]","[11.266873837947543, 13.192897590480534, 15.023488591768565, 19.706049089394554]",83.34687295751496,"[30.68221255328655, 32.53430712084605, 34.258432214678805]","[13.972758406821548, 15.729145949527657, 17.51515361911065, 24.400318642392573]",89.91803544296857
166,ordinary,True,2.0840487355801764,0.09003923618571687,0.5083912850611092,31.899286864604985,2.6776449210051356,217,43,7,0,"[30.90413263054825, 33.272296082989456, 35.642604625000004]","[11.716549479528668, 12.692315796682525, 13.755533621619437, 15.729107072215806]",29.25425980251719,"[30.757643205, 33.272296082989456, 35.642604625000004]","[14.69452169612207, 16.004093037905232, 17.2781667809658, 21.032471292039382]",22.83441227872203
167,ordinary,True,2.105424118319024,0.07063627821269967,0.5153791728439755,32.07804718566299,3.133977928571835,217,43,7,0,"[30.97970272281495, 33.6163850333305, 36.39922521]","[12.21795334283933, 12.968058785921246, 13.715900117804935, 14.861794016855157]",22.667243404099764,"[30.7981037518733, 33.6163850333305, 36.39922521]","[15.333515649917322, 16.36521415279932, 17.24266618839164, 21.258678164297418]",15.805819430005549
168,ordinary,True,2.0749996031637137,0.0942561456537721,0.5006638081746992,31.858014134806595,3.3198623128218365,217,43,7,0,"[30.90865332054825, 33.6521916860684, 36.09730783]","[11.638151991106236, 12.589977450303321, 13.392505827024554, 17.61938066961343]",29.88907311347617,"[30.81094419513085, 33.6521916860684, 36.09730783]","[14.55001100960205, 15.800173292690172, 16.865839757854605, 21.960747735386757]",20.92288522040794
169,ordinary,True,2.1310461102343683,0.12185124260269088,0.4885698796892692,31.959478040336318,2.9790106786103894,217,43,7,0,"[30.71007222013085, 33.035066021815396, 35.756325974999996]","[11.86290313763784, 12.997807364626079, 14.392899691388546, 16.65193191854455]",41.63386718222766,"[30.71007222013085, 32.781257049999994, 35.913889964999996]","[14.823265958715181, 16.12226039177903, 18.051308508584857, 22.92877956930391]",35.96130978544667
170,ordinary,True,2.0712204296721337,0.15471442179619493,0.5297178069686909,31.776090450034292,2.6439964247320202,217,43,7,0,"[30.97970272281495, 33.5885526, 35.614437525]","[11.479268590885862, 13.47108632068503, 15.013439219949953, 18.852389362248726]",49.60364885852406,"[30.97970272281495, 33.5885526, 35.614437525]","[14.643027091770879, 17.145028615954274, 19.53038247806601, 24.299822144406498]",39.94156559987745
171,ordinary,True,2.01178338212882,0.2181241697686814,0.5519500217801141,31.662391992679872,2.8999493643428425,217,43,7,0,"[31.0253201733632, 33.56429046185215, 36.09730783]","[10.855381035078786, 13.300654928167729, 15.356579429633062, 22.50759698986245]",73.46788015093148,"[29.30985428677795, 30.90413263054825, 32.566909555448945]","[12.542628411856487, 14.175430683352758, 16.063353327826672, 23.161160942704928]",101.9887297994944
172,ordinary,True,2.0596127823978487,0.1420318072062977,0.5129303768879274,31.97821641843763,3.0083250342990757,217,43,7,0,"[31.0253201733632, 33.5885526, 36.32668681]","[11.246304239841091, 12.76083642372384, 14.307648651799202, 17.066003270065547]",43.38035815202622,"[30.80642350513085, 33.5885526, 36.116941345]","[14.102948452189883, 16.133012660931218, 17.981158947533388, 23.31681365307743]",35.690363694322244
173,ordinary,True,2.0557473513684124,0.14600233122239475,0.5349111423993946,32.05057537483032,2.8519106027101273,217,43,7,0,"[30.968995420130852, 33.80998091497105, 36.116941345]","[11.287362747453331, 13.092657148131886, 14.65790285751551, 17.443897013061157]",42.21291134519024,"[30.968995420130852, 33.6163850333305, 36.116941345]","[14.313447174225821, 16.623510930016593, 18.677962714269466, 23.460465277600246]",33.01024865489284
174,ordinary,True,1.8976623154013201,0.2244092312145339,0.6090071478254537,32.19211773581943,3.228299309534275,217,43,7,0,"[31.200221135, 33.624359252737904, 36.696902405]","[10.0, 11.953921258464648, 14.113028396909057, 20.732685303708195]",81.28406804711446,"[30.623805126629748, 32.224071465460554, 33.38110521706205]","[12.927298276830504, 14.410966169046855, 15.769302693124287, 23.864080690839025]",110.06137697627581
175,ordinary,True,2.101472936189351,0.12983514204903152,0.45772373327003324,32.0157079016079,3.087269422761171,217,43,7,0,"[30.90865332054825, 33.37126911, 36.086685880000005]","[11.220470486491461, 12.500360875915353, 13.63093609318438, 16.332103934994695]",38.95859559384232,"[30.72266034328655, 33.24811706996741, 35.3033617940727]","[13.762734603495016, 15.337606667168878, 16.622717195410104, 21.57401141834785]",34.213117228348054
176,ordinary,True,2.105353799365036,0.09565242777703982,0.45993050806115743,31.951663779956974,3.224939981265176,217,43,7,0,"[30.90413263054825, 33.2382855636214, 35.818592644999995]","[11.54178527462878, 12.403437751017151, 13.233882061805565, 15.875165459690875]",31.480705751881498,"[30.8086540818733, 33.6163850333305, 35.818592644999995]","[14.171442130466184, 15.440862008365217, 16.468362519584403, 21.78631076513883]",22.11828593127447
177,ordinary,True,2.0660307251581758,0.15958370106189793,0.5513192130652661,32.25988811769035,3.094941642187258,217,43,7,0,"[30.97970272281495, 33.61575142335015, 36.116941345]","[11.43172290800039, 13.117222521050788, 14.888850416479688, 17.918135315382518]",55.18586600981947,"[30.8086540818733, 33.48942369335015, 35.55795257478585]","[14.654065685164495, 16.8673866059743, 18.735615981107923, 23.00453002883705]",55.00797350505948
178,ordinary,True,1.9823808882002218,0.1596473606028396,0.5760669862327205,31.79407237224953,3.140690308912224,217,43,7,0,"[31.087787360548248, 33.5666893024067, 36.067052364999995]","[11.00749197428043, 12.599518794527269, 14.305820994543435, 23.04881790267625]",57.329816184744125,"[29.97147683, 31.4872464292182, 33.80869648270895]","[13.698529052517419, 14.775703637476347, 16.461766528972635, 22.2488118700858]",69.94334655742001
179,ordinary,True,2.0864620426571925,0.09638838399961759,0.5264219753176841,31.66632123891765,2.8309093822394535,217,43,7,0,"[30.7981037518733, 32.643977997384354, 35.27550745765335]","[12.035807935980797, 12.795750820705194, 13.61448307758468, 16.742866847041864]",33.26052850856557,"[30.72266034328655, 33.16120420798946, 35.689195755]","[15.19268327433352, 16.520704327739463, 17.678266467138677, 24.89090352570824]",25.595342393441616
180,ordinary,True,2.073486826548437,0.18956786097247433,0.5747687111113856,31.651469506520545,2.9630570130990774,217,43,7,0,"[30.54263037933135, 32.489931172488355, 35.285644337132496]","[11.695514790053965, 13.229837208189211, 15.038497865411905, 21.04557808363583]",71.06087096415982,"[29.25800972201715, 30.6746588676868, 32.41381647855615]","[14.142299999203697, 15.415161191430018, 17.1332929218607, 23.828052059608062]",103.91170094265514
181,ordinary,True,2.2180898553613506,0.08697688913238963,0.43592042524185937,31.91522044157671,3.226919442603227,217,43,7,0,"[30.8287019788348, 33.0606690944397, 35.74598056265335]","[12.72699477529134, 13.494667160011373, 14.386906981302896, 16.12285685300992]",29.084181651056838,"[30.8287019788348, 33.6163850333305, 36.738591400000004]","[15.452284643346907, 16.67046258250888, 18.05810599762865, 22.850182644780038]",21.19308952150339
182,ordinary,True,1.9731102186301208,0.11973577763882061,0.6108561550030542,31.844612660694423,2.9525618219303085,217,43,7,0,"[30.97970272281495, 33.61575142335015, 36.153890895]","[11.375070016598265, 12.656631387197434, 14.006294864202696, 16.83667487534201]",33.27286718876575,"[30.80642350513085, 33.61575142335015, 36.153890895]","[14.890784979319863, 16.744111535415552, 18.388180030827964, 22.933986596070607]",24.840912903774257
183,ordinary,True,2.0345791707911736,0.11373804736491698,0.5931908402125258,32.14343941183601,2.916990668643155,217,43,7,0,"[30.97970272281495, 33.6163850333305, 36.696902405]","[11.804990988485219, 13.055010398637283, 14.401806658577561, 17.211152428202965]",28.79490592836846,"[30.802611685000002, 33.6163850333305, 36.09730783]","[15.333605280028893, 17.134964957492645, 18.6961253970002, 22.34315955303547]",21.29342045806554
184,ordinary,True,2.106363217113598,0.08912146387428622,0.4595117808501864,31.678291681557415,2.8744937543687206,217,43,7,0,"[29.78295940879965, 31.83326575245955, 34.965401695]","[11.268247368114526, 11.931503226939457, 12.992054162416084, 14.979647863088713]",22.747314529454442,"[29.55072956140705, 31.4807653089329, 34.61160266232065]","[13.792734571798528, 14.600893226928159, 15.984422885016885, 18.552530037792796]",16.016446713316792
185,ordinary,True,2.046303546305836,0.2414814550020086,0.5547147677915623,31.914889016029143,3.0497725489618626,217,43,7,0,"[30.7981037518733, 33.080608131774056, 35.661028654999996]","[10.842474735049503, 12.988753882609522, 15.669504830010315, 22.155476611334997]",101.47640931833192,"[29.5060182137715, 30.7981037518733, 32.031642343137]","[12.93033778858802, 14.230822146826485, 15.852359455536206, 24.064435663271595]",168.25656497090276
186,ordinary,True,1.9960692886457596,0.08698992504992527,0.4937258860419176,31.715439945929333,2.7479990218164403,217,43,7,0,"[30.6746588676868, 33.1306627597635, 35.642604625000004]","[10.623004875881175, 11.501380157049663, 12.347631381633391, 14.107912608839342]",21.871559888469832,"[30.51958144251255, 32.9759465231214, 35.35203284765335]","[13.230036059540394, 14.304660834464128, 15.374334710723181, 17.539623515275576]",15.886461353523293
187,ordinary,True,2.139490253965338,0.06171449330232324,0.47010114727177404,31.58485163515669,2.908795181214856,217,43,7,0,"[30.536487856629748, 33.24811706996741, 35.78658144]","[12.199913341062757, 12.951139544576701, 13.56730399746017, 14.812962077423888]",17.44275246906176,"[30.3529487489287, 33.16120420798946, 35.78658144]","[15.028999409559882, 15.971297261840949, 16.7846315724122, 18.604914547807905]",12.144900086076245
188,ordinary,True,2.1431551350712024,0.10078947833790293,0.4531397765461589,31.81818485161129,3.079651883365551,217,43,7,0,"[29.858344816033252, 31.8879833079447, 35.07972461]","[11.56738075926325, 12.283454984729424, 13.437031587380309, 15.571083218324759]",31.959870315124363,"[30.70173971, 33.61575142335015, 36.067052364999995]","[14.561099004001978, 15.98819194893504, 17.247065798421957, 20.00891053099993]",25.970624847819607
189,ordinary,True,2.0751553188959635,0.1054931606803699,0.4685963972134648,31.975269664276432,2.871353511185197,217,43,7,0,"[31.03269094054825, 33.59095144055455, 35.913889964999996]","[11.17044481798105, 12.273729193658887, 13.474390460442335, 15.94983789674851]",31.38199628983608,"[30.90865332054825, 33.59095144055455, 35.913889964999996]","[13.82166043614921, 15.237648189868978, 16.60865577332192, 20.33071339242914]",24.351661385250214
190,ordinary,True,2.029271273088504,0.08365067425933961,0.5717952685937306,32.00435010457502,3.137225091204539,217,43,7,0,"[31.0253201733632, 33.43796273185215, 36.086685880000005]","[11.809413820251242, 12.64914024790224, 13.39053714455693, 15.292952077975576]",27.399989839404952,"[30.75052001013085, 33.2727718999674, 36.086685880000005]","[15.203040995995467, 16.28003129818887, 17.438914652699083, 22.378705644757495]",20.001761287019995
191,ordinary,True,2.09557508566033,0.04448120924233718,0.5449741032778619,31.65386227665252,2.984715751138875,217,43,7,0,"[29.6275526687715, 31.7686576929447, 35.1065826940727]","[12.394993876398193, 12.784303182445047, 13.285606603226281, 14.383741046429503]",14.617092122725204,"[30.72266034328655, 33.06560747004135, 35.55795257478585]","[16.0603287384794, 16.645517999290128, 17.110892675308715, 19.937993072183616]",10.795953031838806
192,ordinary,True,2.1531985350267626,0.005507391937051393,0.5199451014564012,31.738661665608422,2.9784292006141997,217,43,7,0,"[31.03269094054825, 33.61575142335015, 35.756325974999996]","[13.309089038910704, 13.374276932521212, 13.424948585453743, 13.528260857331494]",1.6854596039313223,"[30.77856383828655, 33.61575142335015, 35.756325974999996]","[16.730166232475018, 16.818570951348182, 16.8882136435573, 17.031539751810584]",1.2813803824054815
193,ordinary,True,2.0264896686089564,0.16027904600660908,0.67011519593206,31.966665523072873,2.6704496239604314,217,43,7,0,"[30.739539189400247, 32.7642609869354, 35.2208681140727]","[12.032138554683925, 13.692208575485076, 15.212271735145547, 20.516195546212618]",57.53592861379162,"[29.531086350000002, 31.373618482277948, 33.01379810004135]","[15.302665624140655, 17.154541380476452, 18.703740613129973, 24.611517423763623]",75.78012898589066
194,ordinary,True,2.0911430990991975,0.1451452411295542,0.5202305057705842,31.79834739293361,3.636106320640435,217,43,7,0,"[30.98707349, 33.65155807608805, 36.999319045]","[11.84846454681863, 13.1832353981231, 14.645610490503868, 21.226916006929418]",47.272064966382615,"[29.23587997, 30.98707349, 33.35885589395795]","[14.176462028736363, 15.066241879833644, 16.614832929659865, 22.88441959012014]",59.576076298486754
195,ordinary,True,1.988347659171812,0.14254525298519577,0.5250822863647954,31.863022581808043,2.7303380196125473,217,43,7,0,"[30.90865332054825, 33.128525569527596, 35.5839735271325]","[10.550523218941922, 11.87934740038346, 13.190158396215384, 16.75417371370927]",41.77277105466172,"[30.72266034328655, 32.96671152593305, 35.5839735271325]","[13.31069850079895, 14.96629996194558, 16.91071003786801, 22.049905421470882]",32.360345418779175
196,ordinary,True,2.1841119998985836,0.13311149506278555,0.4456525662271033,32.096830255593076,2.922716007061322,217,43,7,0,"[30.97970272281495, 33.71727917055455, 36.307053295]","[12.009403319908214, 13.59879625760486, 15.18110816386217, 18.64217364524933]",40.12047293841996,"[30.7981037518733, 33.61575142335015, 36.09730783]","[14.610728833104051, 16.63574595561305, 18.469262287251137, 22.67997770269471]",31.03301782135091
197,ordinary,True,1.9284095172025968,0.15742572654918416,0.6129809614057413,31.705007009572675,2.5622406624799288,217,43,7,0,"[30.97970272281495, 33.6521916860684, 35.661028654999996]","[10.66343221582721, 12.696458760984799, 14.591103092767854, 18.216673224640974]",43.00602124145031,"[30.97970272281495, 33.6521916860684, 35.661028654999996]","[14.124167640891606, 16.67685203447207, 19.20306635033584, 23.855294964806113]",29.967842819044805
198,ordinary,True,1.8873282605573736,0.025195288919801506,0.6303148391869795,31.63091058080143,2.8843485356731278,217,43,7,0,"[30.72266034328655, 32.751520889999995, 34.85917637]","[11.089376285161698, 11.297517828594634, 11.4700952064319, 11.787266131430508]",6.64066519675511,"[30.92984162468825, 33.6181502639047, 35.55795257478585]","[14.657806028760948, 15.035953083328378, 15.270207164409811, 15.833350646321541]",5.522934245785173
199,ordinary,True,2.0937063891071546,0.0987257673150605,0.44528826313567726,31.859507680308457,2.726952380748293,217,43,7,0,"[30.90865332054825, 33.11159518004135, 35.78833718]","[11.224735522425714, 12.112802078382288, 13.193896148894805, 15.375412045481552]",25.409529384701926,"[30.7309928534174, 32.8784311031214, 35.41665096172605]","[13.661003581766845, 14.797418938462153, 16.049057467869723, 18.799233143893172]",18.128269305874383
200,ordinary,True,2.2131279917443445,0.08825863279642424,0.42529268897376266,32.06334854937001,3.2833264161937765,217,43,7,0,"[30.66425291662975, 33.35454504804695, 36.43617476]","[12.422678517073312, 13.312433541680845, 14.420237007966282, 16.690810965167557]",28.499724122698787,"[30.7527505868733, 33.5885526, 36.43617476]","[15.109116829115878, 16.26506111049706, 17.64964956528688, 22.31916515552897]",18.63078188102867
201,ordinary,True,2.0489130234650115,0.1910956468902664,0.4555824634195405,32.16153804669944,3.055807621353966,217,43,7,0,"[31.0253201733632, 33.919668262372795, 36.624364005000004]","[10.225904865037275, 12.312871481373342, 14.369430580277117, 17.61852550064766]",51.85677212517235,"[30.85879222242155, 33.6163850333305, 36.32668681]","[12.607081856445062, 14.969936188412849, 17.624882522747622, 21.743240178695856]",42.40832944388268
202,ordinary,True,2.1235271668704074,0.12664888960753148,0.4908833277526537,31.863902034308452,3.255095016090804,217,43,7,0,"[30.85879222242155, 33.5885526, 36.270103745]","[11.926574552314406, 13.260749275028626, 14.61463113258167, 17.437247962464273]",42.13380218067528,"[30.70173971, 32.855693790000004, 34.721552450000004]","[14.856031797595607, 16.196291156728183, 17.24374251565266, 21.640424517579206]",42.5205486501972
203,ordinary,True,2.074203239542001,0.14317640230267548,0.5430217500070623,32.03802345656169,3.165642144151381,217,43,7,0,"[31.0253201733632, 33.6163850333305, 36.32668681]","[11.715445104006577, 13.193937893386632, 14.580949383589227, 22.571469151691492]",54.412805239199486,"[30.622393963731597, 32.224071465460554, 34.056319955]","[14.87675316551326, 15.966311991608746, 17.342401786292108, 23.022677561744118]",62.92625891543946
204,ordinary,True,1.986312730308365,0.15038123815438567,0.5540573926209725,31.672027563728403,2.9880308815333985,217,43,7,0,"[30.98707349, 32.89893226593305, 35.5839735271325]","[10.93600762188771, 12.1268147706274, 13.262486757472006, 18.704429687625282]",50.96183527906918,"[30.98707349, 33.6521916860684, 35.5839735271325]","[14.067824722968716, 16.11863142893091, 18.03738153739831, 23.867245317871767]",42.488423903037166
205,ordinary,True,2.035098677259332,0.10049346400632148,0.5354496371459612,31.646737251990427,3.0456457023299315,217,43,7,0,"[30.90413263054825, 32.825957630000005, 35.5985534521325]","[11.552874763374632, 12.298123477424895, 13.226358660051458, 15.89387467910956]",32.06019426735433,"[30.66624308199585, 32.65507661899595, 35.5985534521325]","[14.627730722244836, 15.59392280804027, 16.938044479441714, 23.602095338941922]",24.643473883923964
206,ordinary,True,1.833622992231115,0.0852070661292992,0.6725199298095847,31.740694275648735,2.9208636354476725,217,43,7,0,"[30.15014196731975, 32.25075634766915, 35.41665096172605]","[10.414133271486959, 10.986978917442283, 11.873684852343327, 14.492274802158956]",24.756057741533347,"[30.97970272281495, 33.6163850333305, 35.41665096172605]","[14.353642913496547, 15.536464325877413, 16.31679425780876, 21.797298805992437]",19.323783852326425
207,ordinary,True,1.938593240833368,0.08115929808271422,0.5863703651845991,31.640293680461237,3.0627925181742754,217,43,7,0,"[30.97970272281495, 33.6181502639047, 36.43617476]","[11.03528455156093, 11.835473059613554, 12.673162147122973, 14.257484222611035]",21.630538145093794,"[30.97970272281495, 33.6181502639047, 36.153890895]","[14.343096183371397, 15.430215897680707, 16.402744200376283, 18.946027349723998]",17.409299838584296
208,ordinary,True,1.9996444221918388,0.1457913273276295,0.5571178684663335,31.881068865573706,3.151182541777344,217,43,7,0,"[30.97970272281495, 33.6163850333305, 36.270103745]","[11.010925866609211, 12.496355764403436, 14.000721191131989, 17.297419891984426]",45.05785772289577,"[30.68221255328655, 32.855693790000004, 35.55795257478585]","[14.129685369747893, 15.573690505678437, 17.55164880324378, 22.101608750430707]",43.87747407899036
209,ordinary,True,1.9026914106097357,0.13845639262717044,0.5755327083036895,31.671700871452575,2.87219861887371,217,43,7,0,"[30.90865332054825, 33.178474848588806, 35.642604625000004]","[10.227154343457846, 11.469876932352953, 12.605390326048598, 15.719490827200302]",42.48875055785416,"[30.7309928534174, 33.178474848588806, 35.642604625000004]","[13.236414372287651, 14.89053008710615, 16.580734377704047, 22.116986203756266]",37.265648018928474
210,ordinary,True,2.034515543809728,0.11047704525513385,0.5487360798849084,31.8627234066258,2.991094334480597,217,43,7,0,"[31.03269094054825, 33.75308582329245, 36.153890895]","[11.518293683220742, 12.757917718394065, 13.978682656451186, 15.89278109328626]",28.532377033694225,"[30.7981037518733, 33.56429046185215, 36.153890895]","[14.68464810374916, 16.314700677966183, 17.800438896778743, 20.976740905867185]",22.309168120185884
211,ordinary,True,1.8610870519357992,0.11393245981166004,0.6240847593183977,32.10009388167281,3.1506054920561204,217,43,7,0,"[30.90413263054825, 33.6163850333305, 36.696902405]","[10.216241410442992, 11.278428486738918, 12.353547474362145, 14.541581520317527]",30.150007179595534,"[30.84344416, 34.111694459999995, 37.157963695]","[13.496252895183819, 15.256937225710404, 16.782030687461898, 22.799661665667802]",23.95756598970116
212,ordinary,True,1.9455188347028147,0.19012917299023327,0.6550394496178124,31.663969439559892,2.947131132180307,217,43,7,0,"[29.815292053799652, 31.8879833079447, 34.722222224999996]","[10.522148006994334, 11.8319947260036, 14.004720282730897, 17.42810830814186]",62.11027617380798,"[29.55072956140705, 31.426179554571, 33.332582615]","[13.9844516361709, 15.77267684858152, 17.714922840530075, 23.24885876299699]",70.57401101392144
213,ordinary,True,2.0375704447979794,0.07762208142835936,0.5466555193180401,31.641061585404675,2.933719923030309,217,43,7,0,"[30.077126405, 31.820637599999998, 34.618823985000006]","[11.564035954388139, 12.051354850547968, 12.75384434012192, 14.598385242356704]",23.270841954520897,"[30.7981037518733, 33.6163850333305, 35.756325974999996]","[14.986053085488932, 16.18877803382411, 17.15073940566836, 18.93170907061966]",18.415420718584897
214,ordinary,True,2.0600511693959085,0.15202309155350485,0.5877348896357617,31.945064255065734,2.9886246191826302,217,43,7,0,"[31.08587628054825, 33.5506669990151, 36.56778094]","[11.936552105056974, 13.611428327789476, 15.471422794608172, 18.57278331471567]",42.214780036070806,"[30.733223430159853, 32.99721444489545, 35.02941549]","[15.470142177818131, 17.439834107929727, 19.045013874148953, 24.05299813990626]",37.58331755779609
215,ordinary,True,2.0033667689037506,0.07792008469786486,0.5463837265271452,31.71124659667353,2.65308903303441,217,43,7,0,"[30.80642350513085, 32.7659476898655, 34.827777775]","[11.313443424817535, 11.971389895217897, 12.611187243499993, 13.797496613557085]",24.2772318195968,"[30.6746588676868, 32.7659476898655, 35.41665096172605]","[14.404162920277454, 15.293231645274611, 16.3138876653193, 19.126748618353265]",20.83394675801061
216,ordinary,True,2.1587529326489596,0.10827146789708174,0.4544546482160349,31.883637793554055,3.196152708993621,217,43,7,0,"[30.79587317513085, 33.6521916860684, 36.086685880000005]","[11.983728916268488, 13.279716020076686, 14.110349136625201, 17.366665650365213]",36.65115880611535,"[30.79587317513085, 33.6521916860684, 36.086685880000005]","[14.786660484446498, 16.28457575581805, 17.55407440282922, 24.164824716491104]",25.447517322125716
217,ordinary,True,1.9921432798283045,0.09044063946801001,0.6154382649829095,32.08308445069706,2.9972075076650975,217,43,7,0,"[31.08587628054825, 33.6163850333305, 36.32668681]","[11.726346413897398, 12.690237447301401, 13.722536470379051, 15.228259131711003]",26.983781758822726,"[31.08587628054825, 33.6163850333305, 36.09730783]","[15.500937348640058, 16.780009643345963, 18.09328050372362, 20.059303783035197]",22.855885071681875
218,ordinary,True,2.053546655774399,0.2415659878709774,0.519801097516878,31.951294861542948,3.033904408824114,217,43,7,0,"[30.97970272281495, 33.3642043449261, 35.991388560000004]","[10.708046115815431, 13.047829939675546, 15.394672056727996, 21.434085105628878]",100.0728106063778,"[29.20491842677795, 30.7981037518733, 32.13576459650285]","[12.04865495022186, 13.694383155015753, 15.290792553304236, 23.166332204463064]",159.55953115943203
219,ordinary,True,1.8768271056015184,0.2073877767082556,0.770940281854875,31.97756566576695,3.304376610840924,217,43,7,0,"[30.90413263054825, 33.0756697561724, 35.58841657265335]","[11.36991937202662, 12.96294596425261, 15.046950675404236, 22.20381764126708]",91.59528050551296,"[29.23310384, 30.253038500771098, 31.237345660000003]","[14.680287938554338, 15.640688215377992, 16.45457022106469, 24.49053202175382]",177.74831086355232
220,ordinary,True,2.157172585829361,0.08636831561636209,0.4639166356163612,31.799794505114818,3.1873510558103333,217,43,7,0,"[31.08587628054825, 33.65155807608805, 36.270103745]","[12.315665521791828, 13.274719274998407, 14.142374695107394, 15.589613181436404]",29.758790149170657,"[30.85879222242155, 33.65155807608805, 36.270103745]","[15.120243867269059, 16.33352285857889, 17.382551720275902, 23.575349668171064]",20.85483440322175
221,ordinary,True,1.936268102092398,0.07046587204935112,0.5714416303550354,31.76605954017374,2.9172466259945797,217,43,7,0,"[29.92335859103325, 31.786407580000002, 35.1443427240727]","[10.646873681822216, 11.075551734538822, 11.850268263229156, 13.407333079503282]",20.212059324942928,"[30.98707349, 33.6163850333305, 35.78833718]","[14.034934209574995, 14.991481399454987, 15.818895146077383, 17.651724260444603]",16.792049309620225
222,ordinary,True,2.0439087486878402,0.23186427832045953,0.6094360356344026,32.10731906544932,2.7755499176507343,217,43,7,0,"[31.021087095, 33.61575142335015, 35.5839735271325]","[11.246849393572964, 14.1309107070629, 16.49602786039098, 22.83242516736075]",102.37397188814887,"[29.2798208, 30.250881951248452, 31.198310055]","[13.154190957775405, 14.280079899465003, 15.195317940171533, 24.3520669629055]",188.5629148912963
223,ordinary,True,2.0180295958720436,0.07125288824535905,0.5960891493826377,31.808930089065257,2.7480836598285228,217,43,7,0,"[30.84344416, 32.80167838862475, 35.444663407132495]","[11.987746926870507, 12.62526065955011, 13.267494563295815, 15.02746581945523]",20.710045626443595,"[30.71007222013085, 32.741668448490245, 34.99165546]","[15.59889547162827, 16.46886046561441, 17.310594243344948, 19.61379936980698]",16.325608006345057
224,ordinary,True,1.9457346902250385,0.07748076476995393,0.5412485847293398,31.696677719409877,2.6471385928999407,217,43,7,0,"[30.90865332054825, 32.96671152593305, 35.41665096172605]","[10.639684922734208, 11.33085033839069, 11.981238527357595, 13.646318385675668]",19.044993090141062,"[30.70173971, 32.825957630000005, 35.41665096172605]","[13.510020541462637, 14.377159388251822, 15.396009778519037, 17.41504285940196]",14.248565486116206
225,ordinary,True,2.053911985060109,0.1703780356258059,0.5686850209117608,31.787620238354044,2.8522935688044706,217,43,7,0,"[30.97970272281495, 33.0761350336214, 35.43452652765335]","[11.614570207130024, 13.282723612707414, 14.62415143838566, 19.3013381968536]",55.922216475492085,"[30.63776876310955, 32.146672769999995, 33.91226361784895]","[14.938326678267005, 16.414316148486918, 18.308073656903378, 24.787914607194516]",57.51122593171348
226,ordinary,True,2.175032006187543,0.02912948880631483,0.45195331984369064,31.73194102929599,2.9998828158654804,217,43,7,0,"[30.97970272281495, 33.6163850333305, 35.78833718]","[12.709205705253282, 13.05027500041351, 13.362582587580128, 13.858703662577472]",8.793642667052124,"[30.798090995000003, 33.43571488, 35.78833718]","[15.517487938411838, 15.936275294720348, 16.30518724946395, 17.045087585521784]",6.701096312163522
227,ordinary,True,1.930551812007485,0.10371962863058151,0.5387832369322963,31.930487114126187,2.7362473291946547,217,43,7,0,"[31.0253201733632, 33.80869648270895, 36.270103745]","[10.253823410630007, 11.440072368051705, 12.467105649271142, 14.25935237439697]",25.2759886324793,"[30.787540665, 33.65155807608805, 36.09730783]","[13.015963185909873, 14.505575968658528, 15.853042469356978, 18.182463963066816]",17.855526250182805
228,ordinary,True,2.0322874737421808,0.043457674266835354,0.5035357810170441,31.942518770109725,2.839934161291284,217,43,7,0,"[31.0253201733632, 33.5885526, 36.116941345]","[11.39461134288657, 11.858227942142628, 12.277597037046348, 13.017098086159766]",11.576361324248431,"[30.8086540818733, 33.5885526, 36.116941345]","[14.228726155597474, 14.851824555325281, 15.387576007218449, 16.249084827070412]",8.161547168172861
229,ordinary,True,2.1005791396309306,0.07283557836595435,0.4591177715783795,31.767914045186405,2.5328898734835046,217,43,7,0,"[30.8131747718733, 32.96671152593305, 35.661028654999996]","[11.55612833748185, 12.270549874435007, 13.16872048802891, 14.86590315942039]",19.532415798819386,"[30.712302796873303, 32.80167838862475, 35.30172372765335]","[14.182628892879906, 15.054568848616725, 16.118807888720156, 18.201863264109768]",13.171594096995866
230,ordinary,True,1.9906487676905107,0.1220096338781451,0.6318350979093256,31.941288864016798,2.783025414213307,217,43,7,0,"[30.7981037518733, 33.13113857674145, 35.913889964999996]","[11.632302410716678, 12.800075411321885, 14.344413703397047, 17.084270235404592]",40.12227077083867,"[30.90865332054825, 33.6534761183305, 35.913889964999996]","[15.531370920848149, 17.486097841711445, 19.312876427906797, 23.564587219519755]",33.39483383545353
231,ordinary,True,2.133365463729504,0.1042096882146019,0.4955690903104538,32.0048099934024,2.55212252176703,217,43,7,0,"[31.066704545548248, 33.61575142335015, 35.913889964999996]","[12.013475709984128, 13.371524869289685, 14.807249840758296, 16.75033176504842]",28.36641229714656,"[30.8565616456791, 33.48942369335015, 35.913889964999996]","[14.97435246230021, 16.73317160601804, 18.52391617368261, 20.830826635909006]",20.01455212272254
232,ordinary,True,2.1788719298604384,0.11445274947374097,0.4271331421907059,32.18008682016743,2.980134680643049,217,43,7,0,"[30.90413263054825, 33.1562658323878, 36.855547055]","[11.842269180935837, 12.82638975849284, 14.435541503397252, 17.184320966895875]",31.71023800281476,"[30.71007222013085, 33.05440183439835, 36.116941345]","[14.312061440597484, 15.622124539573182, 17.439226079838186, 21.543982444790625]",23.17771108951188
233,ordinary,True,1.7875630911454818,0.19736683744441375,0.6951629216563775,31.582179901056218,2.5413099610803807,217,43,7,0,"[31.03269094054825, 32.825957630000005, 35.444663407132495]","[10.0, 11.448292185433365, 13.286505818962823, 19.002862444217445]",55.4973268466945,"[29.55072956140705, 31.03269094054825, 33.332582615]","[12.303556201790766, 13.665224734896203, 16.441422816455272, 24.994889498116027]",61.48954545912483
234,ordinary,True,2.008733164195461,0.14522654671701596,0.5687463070149249,31.78454053887744,3.019494526278399,217,43,7,0,"[31.066704545548248, 33.6181502639047, 35.78833718]","[11.269714078239556, 12.822572998137753, 14.416909430091387, 17.269977449635782]",45.44556636754102,"[30.8086540818733, 33.6181502639047, 35.78833718]","[14.515071055242387, 16.651774296743362, 18.56194577571698, 23.09003417047709]",40.15730018724429
235,ordinary,True,1.937356473077582,0.09820194012876368,0.5895745157464256,31.981413655807998,2.8642753239885614,217,43,7,0,"[30.8131747718733, 33.6163850333305, 36.32668681]","[10.704112512114712, 11.863181679703736, 12.94286609277689, 15.077720760545951]",25.659763674537558,"[30.7309928534174, 33.6163850333305, 36.32668681]","[14.008162378355902, 15.5161058125227, 16.924956289916317, 19.54246754538051]",20.360761759556212
236,ordinary,True,2.075217829910931,0.07136137971237383,0.5141152562521871,31.775867295753265,2.866844714030049,217,43,7,0,"[30.97970272281495, 33.0756697561724, 35.30172372765335]","[11.873833605728912, 12.571023056179738, 13.141059162218449, 14.678840507825718]",22.176058352833863,"[30.68221255328655, 32.89893226593305, 35.30172372765335]","[14.902758527970166, 15.761484960336064, 16.504671402864158, 18.5677464411147]",17.83577356373911
237,ordinary,True,2.087737311935298,0.07303414627466144,0.5772700989309678,31.57293431064458,3.002446869452868,217,43,7,0,"[30.79587317513085, 32.817956918624745, 35.43452652765335]","[12.739203266193027, 13.36780079589312, 14.156673254230446, 16.15022809396779]",23.17207418753182,"[30.70173971, 32.62426456248835, 35.43452652765335]","[16.461594131091783, 17.249739509599422, 18.343586405436287, 20.81955729046782]",18.43209415210727
238,ordinary,True,1.9602112609591307,0.04262748893577841,0.5096202217520197,31.7789854364829,2.878995281086119,217,43,7,0,"[30.90865332054825, 32.84223616, 35.4267878412052]","[10.694382686809707, 11.008165611879908, 11.352311547520598, 12.160076934597248]",10.321683851121817,"[30.70173971, 32.6406402348655, 35.4267878412052]","[13.384972485364196, 13.774715742825688, 14.31016251200116, 15.441962149167034]",7.672408108995815
239,ordinary,True,1.9769936177142369,0.14006732791233964,0.6025070105843553,31.7001862746141,3.2477091687000215,217,43,7,0,"[30.3549329065045, 32.885736178624754, 35.57383664765335]","[11.049034658032275, 12.340684906130978, 13.658376873762274, 16.64204729160546]",47.06026199668895,"[30.0196636680224, 32.240660877037755, 34.96257461]","[14.402534125910675, 15.827202917769075, 17.635788862969182, 23.475283289964473]",45.85529936426508
240,ordinary,True,2.123102272494518,0.1927985315499686,0.5267653449278472,32.169732358744454,3.005675192560684,217,43,7,0,"[30.98707349, 33.2720211849674, 35.818592644999995]","[11.673600718151796, 13.567393734018546, 15.61436663967256, 23.135643698858974]",86.28574920908795,"[30.68221255328655, 32.642336522060546, 33.80869648270895]","[14.717981780568941, 16.83287460733915, 18.208456083050713, 24.743492279645107]",105.83039635248505
241,ordinary,True,1.8057554401692841,0.08966599852467584,0.7069840832367109,31.825262638426068,2.9240832163930466,217,43,7,0,"[31.0253201733632, 33.61878387388505, 35.65718455]","[10.58217801151303, 11.536323905362506, 12.279990016969219, 13.724027631183775]",24.97131960544246,"[30.81094419513085, 33.61878387388505, 35.65718455]","[14.450718441889528, 15.768849826003407, 16.887344346028886, 19.427930161594684]",21.40160979617091
242,ordinary,True,2.1017511255315475,0.10770871608069177,0.44405203308082947,31.61540378090577,2.8453125722119754,217,43,7,0,"[30.8131747718733, 33.10532792, 35.614437525]","[11.342454301906379, 12.320981210365156, 13.478209616557873, 15.902136776038535]",34.58711810737699,"[30.72266034328655, 33.10532792, 35.614437525]","[13.838026735947178, 15.137292541765207, 16.62836984863809, 20.720141215146484]",27.56395602797383
243,ordinary,True,1.9632640653333275,0.1834660278891589,0.6084897318849757,31.963487743654397,3.031967139562012,217,43,7,0,"[30.70173971, 32.741668448490245, 36.09730783]","[10.733061051634087, 12.010316459809093, 14.226251599516516, 19.49291293991637]",69.20272206368125,"[30.622393963731597, 32.293475444963704, 34.187725467824]","[14.169903535870137, 15.612576235432217, 17.624190152889682, 24.011443718050074]",76.98761087839785
244,ordinary,True,1.9920754602093755,0.11364142538185451,0.5566548533849142,31.838083599106785,3.0162750317766935,217,43,7,0,"[30.97970272281495, 33.61878387388505, 36.379591695]","[11.122575588197774, 12.287419510888991, 13.494698576083325, 15.514628478819136]",35.1332031837438,"[30.97970272281495, 33.61878387388505, 36.379591695]","[14.312316485426797, 15.833332061522684, 17.42451053507864, 21.2349057879798]",29.38549396913678
245,ordinary,True,1.970329125986174,0.12310731172622956,0.5658652487077397,32.09171358754848,3.0319922370506696,217,43,7,0,"[30.90865332054825, 33.0756697561724, 35.74174605]","[10.801284385893442, 11.771291041217475, 12.958104453989494, 15.387554726418468]",36.064591104061364,"[30.90865332054825, 33.4651615552023, 35.913889964999996]","[13.93482900618464, 15.547902227232267, 16.864160120173207, 21.383259838715322]",31.65560438445353
246,ordinary,True,2.1724160921950335,0.07818583513557201,0.42251149610592126,31.868305373064064,2.8957200877686358,217,43,7,0,"[30.90413263054825, 33.10621120439835, 36.067052364999995]","[12.055843317967863, 12.76885561180456, 13.691659133980277, 15.254671308092975]",22.549307479538168,"[30.68221255328655, 32.84223616, 35.784493075]","[14.528288694696563, 15.377181247847341, 16.546124217645534, 18.862637585976646]",16.673839856436114
247,ordinary,True,2.06139209222136,0.004145463444878415,0.534290544779675,31.69038327681957,2.5837205926563023,217,43,7,0,"[30.937212391873302, 32.7956838498655, 35.3033617940727]","[12.29205714076393, 12.33247473120435, 12.373995858085475, 12.454678966615159]",1.1885452919868416,"[30.71007222013085, 33.43796273185215, 35.3033617940727]","[15.551479255415282, 15.621839460741336, 15.664989286190306, 15.794589621913818]",0.8463922129674534
248,ordinary,True,2.052533487045704,0.11369619442503984,0.5733785472323986,32.086075947461985,3.002075295113398,217,43,7,0,"[30.89358230054825, 33.0756697561724, 35.614437525]","[11.849375109986731, 12.847139049940386, 14.088557113385226, 17.116848428495075]",40.25961883840495,"[30.68221255328655, 32.788220758624746, 35.10594088]","[15.274160202216141, 16.533155007273642, 17.942733203313097, 22.87330446668633]",36.943263294415594
249,ordinary,True,2.092105617773588,0.006773898577704988,0.5327178534259426,31.912821770735373,2.8049603002932604,217,43,7,0,"[30.97518203281495, 32.7956838498655, 35.43452652765335]","[12.641245027284354, 12.701011343632889, 12.764432089551438, 12.913808929750704]",1.8237999802985339,"[30.69418602440025, 32.7956838498655, 35.07972461]","[15.980327268637033, 16.060600087356747, 16.138841742567056, 16.35732112067208]",1.3558923580463302
250,ordinary,True,2.1542617945951283,0.1080827136405346,0.47584103142652806,31.971578354629237,2.708826875413132,217,43,7,0,"[30.6746588676868, 32.4464685187638, 35.10594088]","[12.047734136006572, 12.878527300676808, 14.041951176903742, 16.63595509136697]",34.3601865710949,"[30.60783565533905, 32.224071465460554, 34.824950689999994]","[14.942121300181215, 15.877424809983355, 17.436162750126233, 20.640494145566176]",28.425667703019304
251,ordinary,True,1.9787004025501356,0.16995644058773435,0.5662556528616888,31.879882004887666,2.7975113179656335,217,43,7,0,"[30.97970272281495, 33.5666893024067, 36.270103745]","[10.692505404588806, 12.554460818594826, 14.575497171055, 18.129685657152848]",51.61489437056561,"[30.7981037518733, 33.5666893024067, 36.09730783]","[13.732208048064102, 16.27600041807215, 18.768058747382565, 23.25833875103235]",43.36734717943703
252,ordinary,True,2.085875666267526,0.17101904281308647,0.5707970012712289,31.70846056418072,2.587851822007834,217,43,7,0,"[30.92984162468825, 33.61575142335015, 35.614437525]","[11.973520866647151, 14.368609563696428, 16.183697937327455, 20.44237625091281]",55.98309252844402,"[29.23587997, 30.92984162468825, 33.21173465295685]","[14.117292379264144, 15.54961964189113, 18.28428486908758, 24.19835865974403]",61.97237866711938
253,ordinary,True,1.9018633795001734,0.15764026891818336,0.6089706814054292,31.778842664465504,3.2544767006913835,217,43,7,0,"[30.6508682826179, 32.88265373593305, 36.32668681]","[10.33250812025478, 11.564218767476703, 12.659475903958647, 21.199002498166823]",50.86062870616838,"[29.23587997, 30.90865332054825, 33.85248154497105]","[12.833600299902917, 13.798049519498122, 15.903299961316709, 21.04583464022219]",63.22939936930655
254,ordinary,True,1.989398180265936,0.10615085243698996,0.5587908949262331,31.8801985909707,3.0609083727129955,217,43,7,0,"[30.98707349, 33.2228226209062, 35.78833718]","[11.142204373139071, 12.034659525883548, 13.037032485648785, 15.061519216015212]",35.00799299325322,"[30.7981037518733, 33.5885526, 35.78833718]","[14.25444549498212, 15.740083486450573, 17.02211768839204, 23.56838116822788]",27.79412088760999
255,ordinary,True,2.10881829841862,0.10245893261682709,0.47005253590701507,31.742015928775494,3.0818564634612393,217,43,7,0,"[31.03269094054825, 33.61575142335015, 36.067052364999995]","[11.729343430355382, 12.84906081589701, 13.603601450310856, 16.176663532179294]",33.822992494982785,"[30.90865332054825, 33.61575142335015, 36.307053295]","[14.48626764123418, 15.887457505784871, 17.106732181461595, 23.369052441372318]",25.814169553421
256,ordinary,True,2.1602789420525204,0.04199723726531479,0.42953522906607405,31.67706931233668,3.0479615004123906,217,43,7,0,"[29.78295940879965, 31.84840334540425, 34.824950689999994]","[12.069381559588582, 12.379599176786646, 12.831569630869417, 13.690835257737874]",13.340297895406264,"[30.90865332054825, 33.61575142335015, 35.78833718]","[14.828427823739968, 15.399018047836238, 15.875892818193797, 17.133562104105415]",10.247257257894429
257,ordinary,True,2.0307325200739155,0.001726201838802445,0.5137254123448515,31.79870443323296,2.8400789451735857,217,43,7,0,"[30.90413263054825, 33.0606690944397, 35.5985534521325]","[11.7314262746174, 11.746538448169701, 11.76394031521346, 11.793621368743514]",0.4768211690807064,"[30.7981037518733, 33.61575142335015, 35.5985534521325]","[14.706633802183052, 14.732207968072224, 14.751973033151987, 14.7842468895432]",0.3479272421603456
258,ordinary,True,1.9936226442189104,0.1184678984591192,0.5582307048855354,31.854111039887766,2.733270957812777,217,43,7,0,"[30.90865332054825, 33.15713729, 35.78833718]","[11.06067349910734, 12.116328317471922, 13.628554962612036, 15.972360572207183]",37.39570729925723,"[30.68221255328655, 32.89893226593305, 35.78833718]","[14.148420547065276, 15.489100917248104, 17.636995003401847, 21.500787706374936]",31.18566455718411
259,ordinary,True,2.0150927051832546,0.0972469438408029,0.5174803337336646,31.89821544183103,3.049454131750704,217,43,7,0,"[30.97200247, 33.65155807608805, 35.689195755]","[11.069960208861009, 12.091689270852113, 12.91817251991173, 15.080378944300437]",26.484334353847835,"[30.7981037518733, 33.65155807608805, 35.689195755]","[13.917462212767589, 15.24590926201486, 16.384170008172816, 19.545816773277444]",20.60288937563844
260,ordinary,True,1.8441110375092848,0.1289929139451648,0.6481128859074129,31.828786497392667,2.999058267970735,217,43,7,0,"[30.5924608559611, 32.793997146935396, 35.5985534521325]","[10.13560046540006, 11.19073290320837, 12.274142776263787, 16.277004837889322]",38.40768026130568,"[30.71007222013085, 32.642336522060546, 34.827777775]","[13.683687109017315, 14.882864736613108, 16.076583266407667, 21.647238247465598]",36.78274470855483
261,ordinary,True,1.897590114794941,0.1922261164778142,0.6151682997549479,31.961818495129386,3.3046853970104606,217,43,7,0,"[30.97518203281495, 33.6163850333305, 36.19617383]","[10.24747539926646, 12.0315555252043, 13.80592003716953, 23.872427873244025]",65.68062396041651,"[29.5907377837715, 30.97518203281495, 33.4900573033305]","[12.67513048415338, 13.636433152290486, 15.889374425052408, 23.607721722972844]",87.45421603263661
262,ordinary,True,2.0314775611902496,0.11760899261671946,0.5115187527705124,31.438185849759982,2.6427674798203276,217,43,7,0,"[29.92335859103325, 32.224071465460554, 34.82428092]","[10.73320551138873, 11.88289384305409, 13.173022199885416, 15.217283990920512]",34.301677110837275,"[29.99940893, 32.35873326694265, 35.10594088]","[13.623268899918259, 15.090581533927232, 16.88463308094438, 21.63244657132864]",24.946092741143474
263,ordinary,True,2.1147511669238783,0.060262242339242274,0.5059259852133192,31.761622938074318,3.032274556272232,217,43,7,0,"[30.623805126629748, 33.27154536798945, 36.09730783]","[12.27926856993327, 12.923019643746787, 13.678079808012079, 14.73765759241663]",17.54736762177956,"[30.71007222013085, 33.1562658323878, 36.09730783]","[15.439548218150781, 16.192384348009387, 17.13722250501055, 18.720110461467023]",12.90505222138701
264,ordinary,True,2.068660226107843,0.16501602621802022,0.5162373907151423,31.618387669064834,2.6705797952339707,217,43,7,0,"[30.97970272281495, 33.75437025555455, 35.913889964999996]","[11.38276166593048, 13.586866755955617, 15.328714472941593, 19.474884601021824]",46.566278479879315,"[30.97970272281495, 33.6163850333305, 35.78833718]","[14.389131289556866, 17.060142081717117, 19.27955857792907, 24.65611596834468]",32.80095491442209
265,ordinary,True,2.1092821131027035,0.11035737124476902,0.505463316821488,31.866609926999008,2.993116640377277,217,43,7,0,"[30.44797393, 32.49373470890675, 35.46054748]","[11.792494139883852, 12.682724736020099, 13.890562797738161, 16.374751664559824]",34.80329863304219,"[30.2798105797449, 32.3567186049637, 35.46054748]","[14.748144603458844, 15.858077616802355, 17.681085375366354, 20.722276148501845]",29.582525412650618
266,ordinary,True,2.171102208874403,0.13304473465864974,0.4542070909654285,31.739094068403745,2.785222944309542,217,43,7,0,"[31.03269094054825, 33.6181502639047, 35.43452652765335]","[12.093772516828821, 13.742833696028821, 15.014537303254384, 18.317326946471578]",45.795975545934766,"[30.7981037518733, 33.6181502639047, 35.43452652765335]","[14.781339334468893, 16.941353698791403, 18.475083260881554, 24.57947760370323]",34.308033145116426
267,ordinary,True,2.0852632007704233,0.15821441867905123,0.43276381117468987,31.816717935213365,2.8590736759747815,217,43,7,0,"[30.85879222242155, 32.96101950177405, 35.818592644999995]","[10.70016723797554, 11.976835189418614, 13.815881996759877, 17.373146518261507]",37.74087910290321,"[30.69418602440025, 32.80167838862475, 35.818592644999995]","[13.004285572427005, 14.559906656630718, 17.010047692147143, 21.202019991111406]",26.76363882352874
268,ordinary,True,1.9295593773540536,0.06088379661545351,0.6061664548478545,31.659872151475486,2.7238469898368134,217,43,7,0,"[30.72266034328655, 32.46810561226445, 34.968266275000005]","[11.147621657066876, 11.569311038983564, 12.099023294360759, 13.384830527410799]",18.213139433130692,"[30.787540665, 33.5877580840151, 35.5839735271325]","[14.582299361370273, 15.500742765147056, 16.342187407025378, 18.5067104153195]",14.89393806674771
269,ordinary,True,2.0248207196467605,0.1282154715346804,0.5715175907454669,31.75375945186682,2.7345876379625342,217,43,7,0,"[30.163447343292603, 32.293475444963704, 35.43452652765335]","[11.1605131820465, 12.18880090387275, 13.983567223214234, 16.842693756107003]",41.89071408502495,"[30.97970272281495, 33.56204261, 35.614437525]","[14.95909654976923, 16.96768758839297, 18.62522479100762, 22.29797693894123]",35.92499561370793
270,ordinary,True,2.013725557536057,0.167148756941665,0.5518179460678295,31.886274738964236,3.127766962209886,217,43,7,0,"[30.9825528, 33.56429046185215, 36.8111298]","[11.03490122281836, 12.655191209374456, 14.757734256013345, 19.53650698729777]",48.62012603534775,"[30.9825528, 33.56429046185215, 36.8111298]","[14.263178534956293, 16.251113195302107, 19.18507359479176, 24.904445475084113]",40.59464047925809
271,ordinary,True,1.9217503605677404,0.21696384271712227,0.5857467724785828,32.07811468988219,3.2729406713252254,217,43,7,0,"[30.90413263054825, 33.12300602801975, 36.379591695]","[10.027062619885607, 11.551282977729363, 13.718941114268222, 19.087728404389182]",63.38208323063116,"[30.70173971, 32.80167838862475, 35.02655091]","[13.01015193481194, 14.94660648633218, 16.99684008430312, 24.698275137786574]",60.764584467795586
272,ordinary,True,2.1338718360470956,0.12045997414241066,0.4938308402505985,31.93866138938921,2.9296903430959422,217,43,7,0,"[31.021087095, 33.61878387388505, 36.39922521]","[12.029278637482038, 13.488734147593549, 14.848336322944183, 18.681354535681567]",39.051753705643065,"[30.7981037518733, 33.61878387388505, 36.09730783]","[14.982827925171932, 16.851517247395588, 18.490901448140242, 23.214500576573112]",30.06350756974927
273,ordinary,True,1.9168946497455923,0.1752345103597552,0.6166299350942552,31.79310612713078,3.0424645776771855,217,43,7,0,"[31.0253201733632, 33.424977923350156, 35.65718455]","[10.561257158970317, 12.253477689866038, 13.971386933658833, 17.60801117202424]",60.3276012579584,"[30.65373823440025, 32.741668448490245, 35.10594088]","[13.852511229222989, 15.629264902083222, 17.499040555936745, 24.23494764005189]",61.12882643345803
274,ordinary,True,1.97108235483153,0.1358799568001595,0.6350936512076358,31.611898839322592,2.8806338608443958,217,43,7,0,"[30.519692062512547, 33.01852089593305, 35.661028654999996]","[11.3770460621801, 12.727911796822573, 14.37598109806263, 18.316228363169778]",42.236469885655424,"[30.3338417815045, 32.6192354769354, 35.1443427240727]","[15.079661153135524, 16.830527018899243, 18.942223960792095, 24.220137699855474]",37.965116291638715
275,ordinary,True,1.9496492315624097,0.1395966638928095,0.5529410231074995,31.611561498654495,2.7324198029908096,217,43,7,0,"[30.90413263054825, 33.35454504804695, 35.614437525]","[10.532946998168242, 11.96713344148145, 13.303124134743173, 16.455347477119307]",43.87736331540846,"[30.7309928534174, 33.2727718999674, 35.614437525]","[13.472123623435456, 15.336425560937004, 17.218233303008113, 21.140156733589976]",38.52428189749655
276,ordinary,True,2.0076093081820754,0.14391307543567694,0.606431805400505,32.13565674969168,3.470477739326414,217,43,7,0,"[31.08587628054825, 34.0586650229143, 37.157963695]","[11.555357259775782, 13.134742305312182, 14.525777616464271, 21.130843793014705]",47.30302874269302,"[30.3292723037254, 32.32391072355615, 34.50887419732065]","[14.913648134597551, 16.136295968690998, 17.61443715949671, 23.520566049653354]",54.09778899326011
277,ordinary,True,1.930580762656806,0.07136836484753392,0.5639945480893603,31.80610039006311,2.9853734192825114,217,43,7,0,"[31.0253201733632, 33.689960370455, 36.09730783]","[10.732990146934783, 11.432690675549061, 12.118097919453898, 13.523687542800866]",18.937003069639687,"[30.90865332054825, 33.689960370455, 36.09730783]","[13.79770706828206, 14.729892076229453, 15.655877838989445, 17.74907364489744]",15.39347415050766
278,ordinary,True,1.9992770968860343,0.09058699990827261,0.5375773759294485,31.948680559637804,3.109774071051037,217,43,7,0,"[31.0253201733632, 33.6163850333305, 36.226429295]","[11.118998263763881, 12.008035912378752, 12.806532998534767, 14.321660861712273]",27.570369007830863,"[30.7981037518733, 33.6163850333305, 36.226429295]","[14.090859680939138, 15.309921824102355, 16.36946301033657, 21.49645779799224]",20.959586383791613
279,ordinary,True,2.051841903691309,0.028117103435258462,0.5798389868270322,31.723996628296202,2.8924435354370557,217,43,7,0,"[30.70173971, 32.4464685187638, 35.2208681140727]","[12.5137824144335, 12.710820032348561, 12.98149221051291, 13.628043593697925]",8.539538272829152,"[30.70173971, 32.7600117379936, 35.41665096172605]","[16.163140307542516, 16.487165097852913, 16.845235242361472, 17.928604561486793]",6.871561055759449
280,ordinary,True,2.122206765332339,0.157091875160097,0.46651941283279574,31.921105979505043,3.0351213240350896,217,43,7,0,"[31.0253201733632, 33.5885526, 36.696902405]","[11.454458003240115, 13.108648216548938, 14.93339617128488, 18.918697530051332]",54.09127075021024,"[30.64909616251255, 32.88265373593305, 36.09730783]","[14.063953570623573, 15.693410459142026, 18.335445496004212, 24.455500369449105]",44.3165698044851
281,ordinary,True,1.9717564901753528,0.11198237273191793,0.5985296130552475,31.876144202347852,3.447197797133867,217,43,7,0,"[30.98707349, 33.6163850333305, 36.39922521]","[11.347111610590296, 12.387675745397992, 13.393454696017603, 18.197036147356805]",36.67466127337315,"[30.62994764933135, 32.626213435, 35.18843456]","[14.765222127259788, 15.770308842618283, 16.845289461156117, 23.678561557703897]",30.53312142100922
282,ordinary,True,1.914397353454065,0.16797289352172307,0.6773577113656367,32.037945688004456,3.2873691723033835,217,43,7,0,"[31.03269094054825, 33.6534761183305, 36.696902405]","[11.056547655922595, 12.736561903231463, 14.38918724657519, 23.240743421815626]",53.79830638192261,"[29.55072956140705, 31.170282710000002, 33.80998091497105]","[14.129681626076282, 15.21026434896623, 17.311485086124137, 24.44366468359195]",73.97559820905961
283,ordinary,True,2.096978361564988,0.09467663830992132,0.5216272277937305,31.71302136276605,3.004976253838502,217,43,7,0,"[30.97970272281495, 33.82618036210485, 36.270103745]","[12.1489418986905, 13.29039325186251, 14.312676378077068, 16.468448834487443]",32.232098924580505,"[30.97970272281495, 33.6163850333305, 36.270103745]","[15.353259954058394, 16.740948444267968, 18.117393905229953, 21.37573309411607]",25.261263916384586
284,ordinary,True,2.073935247785147,0.056903381632981864,0.4690072807024202,31.583711275289215,2.755676881624844,217,43,7,0,"[29.6816902154643, 31.82297635245955, 34.82428092]","[11.26206143416646, 11.728183311778036, 12.35673377648373, 13.629909665065524]",15.400452049854685,"[30.3017749204332, 32.2234017078153, 34.618823985000006]","[14.077549552908986, 14.651479543716556, 15.247150714342412, 16.96980672071724]",10.85145290632482
285,ordinary,True,2.043781736819401,0.1877705638777126,0.5352716609506474,31.941417577227057,2.9000267853721096,217,43,7,0,"[30.733223430159853, 32.825957630000005, 35.64644873]","[10.879466699204157, 12.495721781514973, 14.147401716307936, 20.594322699881882]",72.19030653157856,"[30.3292723037254, 32.18924892207405, 33.75308582329245]","[13.623369024340352, 15.37966480157604, 16.857507008037334, 23.541957722297912]",83.45463454181335
286,ordinary,True,2.052074175652752,0.10602193967164618,0.5065038363339773,31.83665410356609,3.100521656534315,217,43,7,0,"[30.71007222013085, 32.84223616, 35.614437525]","[11.293009838750113, 12.13067697611462, 13.158003309503066, 18.6880797481291]",38.17964545044025,"[30.56642096440025, 32.60649538, 35.614437525]","[14.204486011187768, 15.169007392793327, 16.601027042200926, 24.91373519820079]",26.160894694156006
287,ordinary,True,2.081904485223735,0.11354584234861465,0.5668863931851719,32.144047258422674,2.991244898721441,217,43,7,0,"[30.90865332054825, 33.59095144055455, 36.696902405]","[12.038795012073429, 13.406219330052755, 14.71669665414759, 18.178074829708827]",34.86622810042484,"[30.7981037518733, 33.59095144055455, 36.116941345]","[15.5702288097118, 17.34914469299544, 18.9288267497758, 23.32688848237809]",27.86324326474476
288,ordinary,True,2.0765067556914913,0.10674822780181006,0.5243837030517705,31.964527955698895,3.002028369792814,217,43,7,0,"[30.85879222242155, 32.7794053198655, 35.444663407132495]","[11.748969048154036, 12.570644602238588, 13.579936658355154, 15.683858701289479]",38.474579087119324,"[30.85879222242155, 33.462913703350154, 35.661028654999996]","[14.81831313420112, 16.328262142652243, 17.755040997741567, 24.81481256089195]",27.12678207817173
289,ordinary,True,2.0395193249878556,0.22667228769193853,0.6023416020025227,32.07059095331887,3.2123518898735592,217,43,7,0,"[30.622393963731597, 33.0756697561724, 35.967910939999996]","[11.113805444368147, 13.221429202767014, 15.618649742292117, 21.258112892437182]",99.46798698161263,"[29.20491842677795, 30.231074160082798, 31.65839805197855]","[13.479351234959152, 14.49450977390568, 16.05907730159096, 23.99644123469743]",169.22715665347627
290,ordinary,True,1.9007111106859178,0.13884901005785016,0.625561764870643,32.00477914474532,2.9295820575096743,217,43,7,0,"[29.862609685, 32.090620644428796, 34.6456217064828]","[10.017163342631855, 11.1285804020171, 12.376417609839821, 14.533496614698803]",45.849887204192655,"[29.6275526687715, 31.81334720703845, 34.392796086077254]","[13.190588078679104, 14.61271982472553, 16.297251127604667, 20.726684085357913]",45.652080514205366
291,ordinary,True,1.8683222636267554,0.019133655075496327,0.7246922667830178,31.967169220620075,3.0580462850359096,217,43,7,0,"[31.0253201733632, 33.6181502639047, 36.307053295]","[11.809016135006793, 12.005877794312926, 12.190319281654466, 12.545532947232381]",5.210414460334549,"[30.90413263054825, 33.6181502639047, 36.09730783]","[16.255202847037943, 16.537005380253568, 16.782166133558896, 17.256325488721682]",4.382611045868632
292,ordinary,True,2.039930514202882,0.10752027171167707,0.48051533225398335,31.69789221335256,2.813384582283845,217,43,7,0,"[30.540880719331348, 32.788220758624746, 35.298663829999995]","[10.844902436444508, 11.846247701605641, 12.686842301965045, 15.31586184399003]",30.8252573652694,"[30.7309928534174, 33.451538092365254, 35.689195755]","[13.58221285971713, 15.083065780728719, 16.543166478465274, 19.654579278827633]",24.527309228903395
293,ordinary,True,2.1428847206251747,0.024960864353414013,0.4761643804452717,31.511405437051298,2.5298935309830077,217,43,7,0,"[30.80642350513085, 32.642336522060546, 34.266714834222455]","[12.595600043608275, 12.830924258538156, 13.015057807458376, 13.36901957678189]",7.59130336201935,"[30.6508682826179, 32.642336522060546, 35.1414781440727]","[15.533066001713433, 15.83049178824372, 16.172216047613407, 16.94512052404928]",5.5306315049847
294,ordinary,True,2.0523649574833427,0.1201749481496019,0.4919814051482591,31.77350975527618,2.947739515456837,217,43,7,0,"[31.087787360548248, 33.4243392690151, 35.5839735271325]","[11.170024912064115, 12.38809778506268, 13.396825042422595, 17.25309905788381]",38.83693286804003,"[30.72266034328655, 33.1117307459062, 34.824950689999994]","[13.87021325225639, 15.330516942200802, 16.494458899983705, 21.4222333815167]",35.23352616910862
295,ordinary,True,2.11123679541603,0.054767466169402944,0.5146775057107201,31.96183514751056,3.174263256691996,217,43,7,0,"[31.0253201733632, 33.85248154497105, 36.307053295]","[12.40636215072593, 13.040548163430332, 13.627168271238412, 14.455088652313213]",17.081857536689164,"[30.7981037518733, 33.61575142335015, 36.307053295]","[15.56944059341507, 16.35665084021631, 17.107752859265002, 19.994941665096132]",12.436916880031871
296,ordinary,True,1.9760411320060198,0.1662261930283589,0.5355406961334133,31.799207955521222,2.7886526150403745,217,43,7,0,"[30.59267890122185, 32.9759465231214, 35.78833718]","[10.218227389759504, 11.752907283064674, 13.747715748496217, 16.948985016055232]",45.213023971448735,"[30.72266034328655, 33.61878387388505, 35.78833718]","[13.171651109798502, 15.702350244745851, 18.005039519544628, 22.20094849118201]",36.41841731659433
297,ordinary,True,2.1050830887247143,0.08764148295825828,0.4742336403686039,31.707860259123837,3.115066624069009,217,43,7,0,"[30.7981037518733, 33.2390362786214, 35.81474854]","[11.743010460282063, 12.620051074816523, 13.259891454177353, 15.948686080446555]",28.44720454431311,"[30.69418602440025, 33.0606690944397, 35.81474854]","[14.555602199441855, 15.559539450236555, 16.560602301747544, 21.89638673893078]",21.48314329776796
298,ordinary,True,2.1127052533319213,0.11588308107191324,0.4515122189030942,31.59900215020959,2.9338630935864387,217,43,7,0,"[30.534848816629747, 32.66291330362475, 35.661028654999996]","[11.40743789445962, 12.352795094163875, 13.831405686727724, 16.39487063719714]",37.37716823053764,"[30.69418602440025, 32.817956918624745, 35.661028654999996]","[14.11541296562128, 15.292296732869689, 17.087787238779875, 21.496976426205904]",29.31003051700296
299,ordinary,True,2.0343199931947344,0.17687136354144942,0.5391095670621803,32.28811945848412,3.266080261837974,217,43,7,0,"[31.0253201733632, 33.61575142335015, 36.696902405]","[10.883737183627721, 12.6548147688592, 14.37757355360562, 19.433953227264507]",59.68258988004425,"[30.7981037518733, 33.3978292790151, 35.3033617940727]","[13.838724616784834, 16.042796658444715, 17.726994822883718, 24.635595126645722]",62.5202902534603
300,ordinary,True,2.1329512166593343,0.1468983811422967,0.4731294227925444,31.846831935633993,2.84847716978245,217,43,7,0,"[31.08587628054825, 33.61575142335015, 35.913889964999996]","[11.690697702139941, 13.43792809813818, 14.829634514676043, 18.460292912919297]",47.88422224709687,"[30.90865332054825, 33.61575142335015, 35.913889964999996]","[14.546822226753909, 16.666624130870623, 18.75010537457566, 23.733666976620558]",40.65280603761129
301,ordinary,True,2.0081607721953034,0.10108769672333173,0.5526466057207104,31.437513958448086,2.3801405120225523,217,43,7,0,"[30.250881951248452, 32.4662509483577, 34.7518470314828]","[11.041895331256661, 12.171891429704273, 13.252608955708986, 15.191474643070405]",27.877589728416467,"[29.97147683, 32.240660877037755, 34.7518470314828]","[14.080948441841121, 15.49156088523315, 16.966467433921775, 20.337460570160527]",21.336050668852753
302,ordinary,True,2.1573881795096566,0.07039090763792535,0.4416178874392759,31.751060519265973,3.1708999312845316,217,43,7,0,"[30.85879222242155, 33.6163850333305, 35.81474854]","[12.167132959878655, 12.926527992426214, 13.650791652717132, 15.445674229302996]",21.712712334108577,"[30.85879222242155, 33.6163850333305, 35.81474854]","[14.808524269763225, 15.778694675235467, 16.589730218573255, 18.75780782004584]",16.077347025248216
303,ordinary,True,2.0781736693160635,0.001144082838563288,0.5272436370446868,31.771412042669745,3.0738114818809574,217,43,7,0,"[31.04216991, 33.65155807608805, 36.307053295]","[12.446245142893062, 12.45856188450225, 12.470153506320068, 12.486687891983204]",0.31311905662702977,"[31.04216991, 33.65155807608805, 36.067052364999995]","[15.69669824543322, 15.712308266705103, 15.72607808828936, 15.752164770602654]",0.2446228154347592
304,ordinary,True,2.253317335275314,0.06265778572214233,0.3755912380798107,32.057451633684785,3.1093005798657267,217,43,7,0,"[30.97970272281495, 33.462913703350154, 36.09730783]","[12.647296913805826, 13.322119936619051, 13.899724841117719, 15.110884870973443]",18.361850750724628,"[30.97970272281495, 33.2727718999674, 35.81474854]","[14.972533179935926, 15.731918551657692, 16.397075936716803, 18.495752222394298]",13.744628126378666
305,ordinary,True,2.049919721073803,0.10670684042144324,0.4707323272146493,31.765393039642383,2.557400809805495,217,43,7,0,"[30.927611047945803, 33.61575142335015, 35.2208681140727]","[10.806682818124878, 12.261522406549012, 13.17134393128728, 15.331565141714744]",30.497213927550803,"[30.927611047945803, 33.61575142335015, 35.2208681140727]","[13.45951879191673, 15.164680671627035, 16.288702530475327, 19.446264290000272]",21.356484212542686
306,ordinary,True,2.068702032145633,0.10409865575546576,0.47898212325321604,31.88540261772908,3.1071902604579003,217,43,7,0,"[31.0253201733632, 33.6163850333305, 35.614437525]","[11.295022555280516, 12.340532263418222, 13.288946860344634, 15.005225386815685]",32.66544273316846,"[30.7981037518733, 33.6163850333305, 35.614437525]","[13.944440680836097, 15.348247922171593, 16.54231352676528, 22.67662259072028]",24.480373664940316
307,ordinary,True,2.041337467814298,0.1729971029885871,0.5340588475867183,31.907801472755544,2.996447527108196,217,43,7,0,"[31.08587628054825, 33.6163850333305, 36.116941345]","[11.118107087982322, 12.93215298086869, 14.938923923887574, 18.347670309155262]",66.96678317365307,"[30.2010349365045, 32.14410497, 34.827777775]","[13.709842287927122, 15.342587141987226, 17.444146238935343, 23.398339139064188]",65.17145926655607
308,ordinary,True,1.907941878336069,0.10837294649181244,0.6026359222647057,31.549819945991537,2.6426642270326006,217,43,7,0,"[30.2866225535415, 31.899833275, 35.07972461]","[10.482989765045039, 11.14551301881589, 12.399090577366685, 15.157207589174183]",31.09462606321884,"[30.21662261693255, 31.899833275, 34.60264087422245]","[13.742777200847943, 14.637843313575704, 16.17292921929001, 19.932072829032748]",26.097807589127253
309,ordinary,True,2.030696848511676,0.11101705521203083,0.5039242726851453,31.87092669548662,2.8336986129806814,217,43,7,0,"[30.76801350828655, 32.84223616, 35.41665096172605]","[10.985717557305485, 11.89829318783005, 12.826483002049333, 15.579329886497655]",37.148755120838885,"[30.66624308199585, 32.84223616, 35.642604625000004]","[13.75727942578183, 14.930693580007492, 16.465550967567374, 24.292980740539555]",28.155954486465923
310,ordinary,True,1.9914983969386484,0.1236295288873402,0.5746220520002147,31.905209117292195,2.699358930716313,217,43,7,0,"[30.8086540818733, 32.9081672631214, 35.444663407132495]","[11.083840976132693, 12.195028250326574, 13.392846429465143, 17.325677571207095]",39.081102387258426,"[30.69410274884015, 32.7659476898655, 35.444663407132495]","[14.326585691379314, 15.767985917774851, 17.407901787483006, 22.30884694660962]",34.07125595876808
311,ordinary,True,2.0752792451432502,0.17784412654705983,0.47094110326005134,31.66693074772825,2.915353093220695,217,43,7,0,"[31.04025883, 33.173932113621404, 35.58841657265335]","[11.007106759856846, 12.62438893370285, 14.447876046986329, 18.703682857934574]",69.97210737768984,"[30.68221255328655, 32.643977997384354, 34.492691086543104]","[13.54246735124822, 15.300242147625669, 16.941343819013795, 23.209936486159506]",67.41781977333923
312,ordinary,True,2.112586229004354,0.13253415269900787,0.49447388945391074,31.831925768940124,3.1033608584260692,217,43,7,0,"[30.84344416, 32.96671152593305, 35.818592644999995]","[11.807733848028047, 12.857672442738258, 14.313407533007702, 17.13276894073529]",45.28688843620447,"[30.67039543933135, 32.7794053198655, 35.3033617940727]","[14.704285755768375, 16.015794418112478, 17.79167675778426, 22.220650878819715]",39.61867581192371
313,ordinary,True,1.9324544285736953,0.251024072097684,0.5627600179431664,31.816910422434013,3.149005326363052,217,43,7,0,"[30.937212391873302, 33.6163850333305, 36.8111298]","[10.0, 12.295777868976682, 14.955988240634857, 23.305878721522184]",81.01360669746079,"[29.26591345677795, 30.613978178040647, 31.95259136745955]","[11.472764318019737, 12.773305763584135, 14.168491996667695, 24.02501833813848]",151.9562157399772
314,ordinary,True,1.8711726966876288,0.17535652521643996,0.7143038871817872,31.723584384791177,3.021796183441994,217,43,7,0,"[30.6508682826179, 33.080608131774056, 35.78833718]","[10.79684982089389, 12.448202313047979, 14.32965885201059, 18.244730328232368]",57.87654937025149,"[30.72266034328655, 32.825957630000005, 35.02941549]","[15.098873913808376, 17.066343107174784, 19.30960411885133, 24.981117398216725]",57.880501118141794
315,ordinary,True,2.068828973663159,0.11897813870787054,0.4710864950647461,31.953970211805753,3.2257341360160545,217,43,7,0,"[31.066704545548248, 33.80869648270895, 36.43617476]","[11.129571006371155, 12.381233128340485, 13.503296350800051, 15.913703498280832]",36.19989101060939,"[30.7981037518733, 33.61575142335015, 36.43617476]","[13.712519674767677, 15.2372808109078, 16.772228122718307, 23.408586270138493]",27.231728683331134
316,ordinary,True,2.032034336398606,0.05978514266009114,0.5504904261287725,31.469650104670187,2.810010511506536,217,43,7,0,"[29.41349474024325, 31.30462428941985, 34.618823985000006]","[11.538569473714281, 11.915247739588525, 12.76228738980181, 13.724545115140648]",18.578864035724777,"[30.71007222013085, 32.788220758624746, 35.23874368]","[15.127776104232504, 15.811765996597327, 16.55500853354593, 18.577491728040023]",15.042107520897328
317,ordinary,True,2.1505562276669954,0.0457052199743479,0.492751390341746,31.615148322928086,2.870546830628483,217,43,7,0,"[30.5773041018439, 32.9759465231214, 36.086685880000005]","[12.698079885172133, 13.173011169086145, 13.736356615953351, 14.663976035240854]",13.56987571306006,"[30.3264149304613, 32.80167838862475, 36.086685880000005]","[15.771855820103859, 16.373603785294588, 17.2012453658198, 18.499634909267204]",10.329028457467915
318,ordinary,True,1.950235895379175,0.10476774001228496,0.5568135321004775,31.535513195586933,2.8516848651482536,217,43,7,0,"[29.401891363195702, 31.145124715, 34.60264087422245]","[10.285325337935, 10.807147863372625, 12.081704737523346, 14.459631309608838]",26.542235416597833,"[30.7981037518733, 33.6163850333305, 35.78833718]","[13.80676636529851, 15.330910239640488, 16.71458368105025, 19.68549315586623]",18.362585990648682
319,ordinary,True,1.9536417193352302,0.167237091889245,0.6001872200821328,31.99273895886184,2.8903977039584174,217,43,7,0,"[31.016566405, 33.65155807608805, 36.624364005000004]","[10.678053223298685, 12.544408542020456, 14.47502734778154, 17.681233913518646]",47.291164678269745,"[31.016566405, 33.65155807608805, 36.307053295]","[14.043343938614662, 16.450876677872834, 19.06659843149376, 24.38863636348484]",37.91166272732983
320,ordinary,True,1.893860732634971,0.16529000270546232,0.5710683357255911,31.699659357954374,3.2711535502080493,217,43,7,0,"[31.0253201733632, 33.61575142335015, 36.32668681]","[10.106628481461277, 11.539846651828146, 13.142868765696399, 21.024119621872146]",46.2735029133095,"[29.334636189999998, 31.0253201733632, 33.71727917055455]","[12.136162305738141, 13.173084323775187, 15.03538982720402, 22.25056681644934]",55.94113872370312
321,ordinary,True,2.194234398430543,0.06905447926136309,0.46896716043206005,31.809948801450147,3.364324616313419,217,43,7,0,"[31.03269094054825, 33.6163850333305, 36.067052364999995]","[12.942875080874064, 13.675896836668597, 14.392639502425261, 17.449387301490468]",22.36595542091987,"[30.787540665, 33.6163850333305, 36.067052364999995]","[15.926859172362963, 16.88587416433221, 17.701127349419902, 21.44770003055429]",14.999247419064279
322,ordinary,True,2.001421508358059,0.12986870424424704,0.5727119056109355,31.723746647452142,3.1067048304887477,217,43,7,0,"[31.0253201733632, 33.61878387388505, 35.5839735271325]","[11.350124876617725, 12.751004598857003, 13.905972195016185, 16.448335319303922]",44.463699982592715,"[30.68221255328655, 32.788220758624746, 35.10594088]","[14.636543389793655, 15.96270199728182, 17.629097304120634, 22.84439676133663]",42.26519084846288
323,ordinary,True,2.0229767461813015,0.10234312259130489,0.5731506958217263,31.94546264255009,3.102496707355434,217,43,7,0,"[31.03269094054825, 33.824895929842754, 36.09730783]","[11.665546052722796, 12.821644354218568, 13.8170221505415, 16.048510623309042]",31.833428129106757,"[30.90865332054825, 33.6163850333305, 36.09730783]","[15.069372283473982, 16.527627633899417, 17.946744668773164, 21.33961442180772]",25.472924177263838
324,ordinary,True,1.988992869065622,0.15319150769455087,0.5336112584241872,31.79973892659642,3.0473937026076907,217,43,7,0,"[31.03269094054825, 33.625643685, 35.784493075]","[10.71005528645874, 12.225441240630312, 13.555904024350179, 16.401496450682433]",52.32680281019387,"[30.6857702387093, 32.86919610593305, 35.10594088]","[13.543880539903503, 15.046660257921951, 17.00644066570866, 21.115030046154907]",50.071921931669465
325,ordinary,True,2.1683966100563197,0.1177282058097606,0.377413013931168,31.709571605002306,3.2935114683346125,217,43,7,0,"[30.927611047945803, 33.61878387388505, 36.067052364999995]","[11.482121568592447, 12.63128996919102, 13.651620922320486, 16.82513416826476]",35.94704763735453,"[30.927611047945803, 33.61878387388505, 36.067052364999995]","[13.575137504298176, 15.03560727212381, 16.269151900323873, 22.79463927974886]",23.164072029318962
326,ordinary,True,1.8622275379357285,0.20298696902235833,0.6723055685405854,31.994729296411517,3.1611087264572486,217,43,7,0,"[30.5773041018439, 32.88265373593305, 35.818592644999995]","[10.033655059464351, 11.654834135981131, 13.506850588696356, 17.960120216442096]",66.18216562984473,"[30.3740398739287, 32.65507661899595, 35.00033464]","[13.509567046019706, 15.665935679434257, 18.15377635454457, 24.36279047356913]",69.28262270007008
327,ordinary,True,2.0073822092004416,0.19273370970795414,0.6040834624824971,32.08794249181221,2.999501428553797,217,43,7,0,"[31.066704545548248, 33.61575142335015, 35.971755044999995]","[11.153463328789647, 13.29579749234997, 15.199319323281255, 19.674825685513294]",72.7189425341368,"[29.525661425178548, 30.84796485, 32.5830326425095]","[13.599791042305908, 14.715565356079228, 16.546320616880422, 24.480856664364122]",117.28226597873473
328,ordinary,True,2.0833171800965875,0.06372851395709372,0.560210236382172,32.113209794676436,2.8843719685709877,217,43,7,0,"[30.623346486873302, 33.1577184559062, 36.43617476]","[12.357102432211303, 12.98563713711502, 13.92556553892172, 15.084030574374275]",18.63179621515904,"[30.623346486873302, 32.92974031004135, 36.09730783]","[15.863232921312697, 16.61485851612173, 17.820504632640187, 19.65963520240292]",14.694005162834841
329,ordinary,True,1.9375788323457424,0.1387672047041008,0.581201769645697,31.531205249230766,2.8185384616118867,217,43,7,0,"[30.5924608559611, 32.98221378316275, 35.913889964999996]","[10.557200003586708, 11.83148518913427, 13.432402021660923, 16.59865101282534]",35.65952021884119,"[30.3529487489287, 32.817956918624745, 35.74174605]","[13.636547568097674, 15.3426950162804, 17.588691789574288, 22.335642318587606]",26.870423334368475
330,ordinary,True,2.016282524601252,0.11589890254678885,0.5715538848083483,32.13908274147592,2.9851175245483286,217,43,7,0,"[30.97970272281495, 33.1577184559062, 36.09730783]","[11.368535508613874, 12.425047653655199, 13.539119934374108, 16.574954978217328]",37.81687143427575,"[30.7527505868733, 33.35885589395795, 36.09730783]","[14.642183921022662, 16.21790507262371, 17.847999974854687, 22.152381870300662]",31.76670809272312
331,ordinary,True,1.9393609531842448,0.10447883610644484,0.6224728583457709,32.09837889753848,3.0838393942779065,217,43,7,0,"[30.90865332054825, 33.17799903161085, 36.067052364999995]","[11.102745299725841, 11.980849393572072, 12.980360442059364, 14.908441892595546]",25.209542664694553,"[30.802611685000002, 33.61575142335015, 36.067052364999995]","[14.621422572332014, 16.10651286583965, 17.368252398658022, 19.71048368309865]",18.950998513470466
332,ordinary,True,2.1158955558371035,0.1691588628874834,0.48835449736267095,31.97369218876321,3.24880552571776,217,43,7,0,"[31.0253201733632, 33.6181502639047, 36.270103745]","[11.571506198931473, 13.278288020947544, 14.770242961368004, 24.63721888163872]",58.35500109573848,"[30.19918794558565, 31.50660346546065, 33.91226361784895]","[14.08621185558167, 14.940353024970486, 16.76430581284417, 24.994211620965366]",71.69796620195181
333,ordinary,True,2.0211186864615933,0.11682409936101665,0.5148323844959659,31.845850760456447,2.947200052543063,217,43,7,0,"[29.652620804999998, 31.8007190545789, 35.1705589940727]","[10.495211455429144, 11.367900263526431, 12.701809020928657, 15.64218428819201]",34.766968019826336,"[30.97970272281495, 33.61575142335015, 35.913889964999996]","[13.911031578691347, 15.510960419954777, 16.940514461357445, 20.279524379377936]",28.830353989001605
334,ordinary,True,2.042640190015233,0.1022655472107099,0.5988583466183965,31.826460618908673,2.7809852445710965,217,43,7,0,"[30.77856383828655, 32.490844467121505, 35.18843456]","[12.105327413436461, 12.867832947268608, 13.936493891793422, 16.584852568000347]",35.55630067990528,"[30.63776876310955, 32.224071465460554, 34.824950689999994]","[15.802699266764717, 16.74645473902315, 18.137231430963755, 21.75360560732453]",32.992254836401585
335,ordinary,True,2.0147953311150424,0.0991511375197073,0.5176837507354892,31.9797718712371,2.8842420911425406,217,43,7,0,"[31.03269094054825, 33.61575142335015, 35.818592644999995]","[10.975508411579327, 12.067753170913997, 12.861365624903994, 14.831460004897666]",29.5548307626654,"[30.79587317513085, 33.61575142335015, 35.818592644999995]","[13.822387920316904, 15.252827902256106, 16.48879189571403, 19.94316330104083]",22.486001628529017
336,ordinary,True,2.0008125284393907,0.09301532228586533,0.6503173509052766,31.787079549169103,2.8022276485195787,217,43,7,0,"[30.84344416, 32.855693790000004, 35.503294505]","[12.219027782664226, 13.055433495347028, 14.020490197854315, 15.994143904859738]",30.46829969167216,"[30.71007222013085, 32.63123790044895, 35.1443427240727]","[16.296552287142134, 17.381768333942546, 18.75781566207691, 21.73566533169666]",25.586202593877033
337,ordinary,True,2.0574348177988266,0.04717796726753478,0.5308344121614437,31.751680936484966,3.112209194279714,217,43,7,0,"[30.8131747718733, 33.7506869827379, 36.307053295]","[11.946638933141118, 12.530586721693794, 12.962353254278522, 13.687686546016783]",11.597770437574255,"[30.8131747718733, 33.6163850333305, 36.09730783]","[15.157522696171796, 15.844982505154997, 16.401240776035845, 17.54661155991799]",8.222945597005763
338,ordinary,True,1.9790277625248123,0.08528197080955678,0.6694874089638878,31.916287605857747,3.0833589215150665,217,43,7,0,"[30.9825528, 33.67439453330155, 36.43617476]","[12.149629090988114, 13.171757370165484, 14.107835114947104, 15.956981976107961]",26.03972500544474,"[30.6963333255826, 33.67439453330155, 36.307053295]","[16.35702178392746, 17.76761730151644, 18.943688012064893, 22.01949743573902]",22.070646197208724
339,ordinary,True,2.1760696396990147,0.0877435492876142,0.45262240499724243,31.868693744027635,2.909146870358319,217,43,7,0,"[30.84344416, 32.885736178624754, 35.784493075]","[12.348429973932582, 13.114138367511195, 14.17595070381008, 16.138497459638863]",25.197240555016577,"[30.68221255328655, 32.885736178624754, 35.784493075]","[15.094630471667541, 16.07131682110764, 17.466096760004685, 20.812341060152235]",18.226239713728763
340,ordinary,True,1.928602633800433,0.05959610411529292,0.6484701322815875,31.845266276577767,2.909435008980067,217,43,7,0,"[30.6508682826179, 32.84223616, 35.109409779072706]","[11.468014369517713, 12.02740147366582, 12.45072371472382, 13.78886190572545]",17.320398349029215,"[30.8086540818733, 33.6163850333305, 35.818592644999995]","[15.382671573737685, 16.283164519854754, 17.067155990599545, 18.71873875310402]",13.75966467563919
341,ordinary,True,2.1483752857798,0.053977869851499646,0.5014413951531387,31.477601710847715,2.510500931414092,217,43,7,0,"[30.747092875, 32.854151861746146, 35.4267878412052]","[12.76755894471436, 13.340191964239139, 13.953684151665277, 15.213843807058678]",15.823695340182656,"[30.747092875, 32.73998174556015, 34.96257461]","[15.947580663122691, 16.667544426814946, 17.41784397563565, 18.98096976562622]",10.78720257628278
342,ordinary,True,2.1464051712385297,0.06658644552745181,0.4432152036212619,31.871223178709737,2.9872141609868117,217,43,7,0,"[30.98707349, 33.61878387388505, 35.818592644999995]","[12.027990511847952, 12.779109726702538, 13.414376151767604, 14.612705055555852]",20.673198202650724,"[30.802611685000002, 33.61878387388505, 35.818592644999995]","[14.635829523934786, 15.61052067495024, 16.403937054424134, 18.55712116532916]",14.879397971912027
343,ordinary,True,2.136995539768504,0.11696971779441172,0.49373984427936884,32.13337973111447,3.081234762181575,217,43,7,0,"[30.97970272281495, 33.43796273185215, 35.913889964999996]","[12.015123449741361, 13.231797117792103, 14.471737717651374, 17.39919723256494]",40.26622763966064,"[30.733223430159853, 32.99721444489545, 34.721552450000004]","[14.978611001535873, 16.40829556653517, 17.501055458540147, 21.620354365235325]",40.6344685274372
344,ordinary,True,2.1134203422480904,0.13077394278082602,0.535979936051068,31.546205376236625,2.888404085145954,217,43,7,0,"[30.84344416, 32.92347305, 35.43452652765335]","[12.352380666219771, 13.522118606777425, 14.843181913255572, 17.833421480343016]",50.69071419052522,"[30.71007222013085, 32.7659476898655, 34.5435630114828]","[15.66648842980463, 17.220752619823934, 18.634966191952042, 22.605620950861333]",48.741199630590515
345,ordinary,True,1.9688772284249543,0.06291916302988233,0.616923802928846,31.807884972901913,3.1811011175666466,217,43,7,0,"[31.03269094054825, 33.61878387388505, 36.270103745]","[11.714000131209266, 12.360860998727086, 12.962566232184876, 14.194623283479151]",18.362196675904265,"[30.90413263054825, 33.61878387388505, 36.270103745]","[15.414913722478934, 16.27840437631684, 17.031682229968165, 20.492976528345736]",14.064464212832515
346,ordinary,True,2.1150915993123336,0.01837472650534155,0.47985239285413234,31.688866002318345,3.3060269719283837,217,43,7,0,"[30.97970272281495, 33.65284250835015, 35.65718455]","[12.329882250743372, 12.520430312882068, 12.66869631733258, 13.01246416613153]",5.86698025146809,"[30.79587317513085, 33.65284250835015, 35.65718455]","[15.231495728050422, 15.480926827545153, 15.67056752701827, 16.509461139202944]",4.022391900611375
347,ordinary,True,1.896899034618457,0.14992218125721224,0.5891678525571085,31.74276015045526,2.685375031738607,217,43,7,0,"[30.84344416, 33.16120420798946, 35.661028654999996]","[10.144721268069148, 11.462115288326858, 13.241123660774644, 16.689626042530982]",42.78009175569572,"[30.79587317513085, 33.5666893024067, 35.661028654999996]","[13.221190452974223, 15.497280070118201, 17.589224245404065, 22.661554236367856]",33.9112264931085
348,ordinary,True,2.030881957026407,0.05007135858907653,0.5210167944455436,31.99554568118287,2.8274542327917405,217,43,7,0,"[30.90413263054825, 33.61575142335015, 36.09730783]","[11.46987634093396, 12.05087139802467, 12.593861060683377, 13.362879575395967]",13.259080267015083,"[30.71007222013085, 33.451538092365254, 36.09730783]","[14.456045342975806, 15.18241348047077, 15.864290974665687, 16.868775698261533]",10.252282812826216
349,ordinary,True,2.090606848429338,0.09774681417733479,0.517478609341143,31.497254136665227,2.6865329944097516,217,43,7,0,"[30.98707349, 32.93975158, 35.02941549]","[12.034775092400793, 13.014141975285584, 13.940692936823098, 16.51590468089103]",32.984797557277744,"[30.71007222013085, 33.272296082989456, 35.02941549]","[15.13311667395698, 16.65153394147798, 17.834490010559254, 20.750659102184148]",27.74333270422891
350,ordinary,True,2.0882759850852675,0.04021819655635581,0.5556430992156897,31.71173488715007,2.974995118382558,217,43,7,0,"[30.98707349, 33.5666893024067, 35.78833718]","[12.664168879333968, 13.147104713800914, 13.468262979934886, 14.247850956526156]",11.867134853046398,"[30.7981037518733, 33.5666893024067, 35.30172372765335]","[16.17966884354731, 16.81520005484714, 17.197779565960253, 18.228269022761747]",9.270956810515054
351,ordinary,True,2.064395134540651,0.09784111620998112,0.5655203774174693,31.988789947250076,2.9846100708041816,217,43,7,0,"[30.85851518, 32.7642609869354, 35.30172372765335]","[12.068242385367713, 12.833034088915532, 13.772908299077296, 15.933855897627398]",30.01823780541571,"[30.97970272281495, 33.2727718999674, 36.067052364999995]","[15.566567979595133, 16.81943220490213, 18.280048132316967, 21.24875775378466]",25.261927535511816
352,ordinary,True,1.8863745040681104,0.1418587011898468,0.6655887306525011,31.88360714500334,2.6549774968963016,217,43,7,0,"[30.59267890122185, 32.86919610593305, 35.1705589940727]","[10.507760565238053, 11.885372278620798, 13.140810499532677, 16.50521399128416]",42.67762412013185,"[30.787540665, 33.5885526, 35.614437525]","[14.351549110202138, 16.723608946868534, 18.824212440407305, 22.811354414565965]",35.804853587636515
353,ordinary,True,2.107834862118042,0.08925677330176746,0.48871079864933004,31.774852876129994,3.121612337576742,217,43,7,0,"[30.90865332054825, 33.06560747004135, 35.1443427240727]","[11.954243896318985, 12.77417329143929, 13.315582545699053, 15.330330519410872]",29.50744982955474,"[30.79587317513085, 33.6163850333305, 35.74174605]","[14.832153196846248, 16.102126753807863, 17.022279862902927, 22.461372576704857]",21.903597962052302
354,ordinary,True,1.954874094080666,0.0609132958387051,0.5701316153005882,31.749908681197464,2.8570558736760714,217,43,7,0,"[30.90865332054825, 33.0761350336214, 35.78833718]","[11.108398688959387, 11.610820314886988, 12.245860773841256, 13.36569055570912]",16.19762120685611,"[30.7309928534174, 33.0761350336214, 35.78833718]","[14.27620632647698, 15.01058724111991, 15.909746801341576, 17.228111153925816]",12.373877227111612
355,ordinary,True,2.0188664102290668,0.1029500543511031,0.508332997462602,31.526718518659393,2.7151538731073277,217,43,7,0,"[30.198177558240403, 32.224071465460554, 34.824950689999994]","[10.798433140007042, 11.632226087061055, 12.709228176277449, 14.35683661132715]",26.798664157058955,"[30.80642350513085, 33.24811706996741, 35.784493075]","[13.9226215005416, 15.278843328239587, 16.83663847100406, 19.137847182843934]",19.533407569831777
356,ordinary,True,2.1032338272327,0.11915111971683914,0.5026214661967826,31.908295799444996,2.9560626365092064,217,43,7,0,"[30.97200247, 33.61575142335015, 36.067052364999995]","[11.781748047344987, 13.128447653451557, 14.255848271497126, 16.75240045926197]",35.84609848980562,"[30.97200247, 33.61575142335015, 36.43617476]","[14.791958893320576, 16.52391414255127, 18.312879579937672, 22.627934680385376]",28.026168369528296
357,ordinary,True,2.1634970845970924,0.07999863543493321,0.4431706109413906,32.03864963076939,2.786522484166244,217,43,7,0,"[31.08587628054825, 33.61575142335015, 36.226429295]","[12.06964061172901, 13.030195840800776, 13.974356683185059, 15.493940409704328]",21.203102490537432,"[30.787540665, 33.61575142335015, 36.226429295]","[14.684408220159833, 15.935816920552272, 17.14710310514386, 18.915293202235656]",14.815266249889259
358,ordinary,True,2.0517602652592264,0.04197476531046017,0.46190309454650624,32.09523433843009,2.9893949543495486,217,43,7,0,"[31.0253201733632, 33.6163850333305, 36.43617476]","[11.21968568556983, 11.643783254264786, 12.062800268222633, 12.85128399055796]",11.590159680915862,"[30.79587317513085, 33.6163850333305, 35.971755044999995]","[13.750572793372273, 14.311985383768778, 14.780836945041925, 15.746984860494006]",8.771699436412021
359,ordinary,True,2.1559796372815874,0.11741900601170438,0.4284329431558638,31.94317573273557,3.135397169755446,217,43,7,0,"[30.98707349, 33.6163850333305, 36.02833811]","[11.7268489045686, 12.889557003680716, 14.18675875691908, 16.316000730354066]",36.423191052169805,"[30.8086540818733, 33.329890218046955, 36.02833811]","[14.213965069049245, 15.623537077055454, 17.168415997510518, 24.370221636416478]",27.437153819418178
360,ordinary,True,2.1186757486716785,0.11965379300189385,0.4783872144423783,31.884097771628937,2.8542921746270205,217,43,7,0,"[30.8086540818733, 32.7659476898655, 35.3780538]","[11.686730845934525, 12.719864712593338, 13.722511686735409, 16.882888519853783]",35.20649619503069,"[30.69418602440025, 32.7659476898655, 35.044791665000005]","[14.483855259072817, 15.802480470903735, 17.140690107710196, 20.962217215500406]",27.778094093090736
361,ordinary,True,2.1071320165419314,0.09936899476049639,0.5489054157124476,31.949584596416848,3.122278731910578,217,43,7,0,"[30.97970272281495, 33.6181502639047, 36.307053295]","[12.420009257303455, 13.560202456272393, 14.647420634548292, 16.49574520684015]",33.284371037195456,"[30.79587317513085, 33.6181502639047, 36.999319045]","[15.861779729012351, 17.367862424230683, 19.214793758663376, 22.261219223115244]",28.02779281670989
362,ordinary,True,2.0312996592710384,0.12800446260058182,0.4843208581200112,31.980960004952802,2.948120606804032,217,43,7,0,"[30.90865332054825, 33.09740295539545, 35.689195755]","[10.732276796777331, 11.753341302644483, 13.06761453093705, 15.74923057668007]",43.172736288804586,"[31.0253201733632, 33.6163850333305, 35.689195755]","[13.449193246152687, 15.074535797040687, 16.572279730557796, 24.94078408314586]",33.33801283488688
363,ordinary,True,2.058204583276043,0.0591314991631436,0.5015730971237027,31.682094006936627,2.7039555071403263,217,43,7,0,"[30.536487856629748, 32.57800817706055, 35.35203284765335]","[11.559526137234798, 12.064592244899654, 12.659991902893573, 14.002106665032645]",17.5986545607202,"[30.7981037518733, 33.5666893024067, 35.642604625000004]","[14.504549170316519, 15.445150511088036, 16.208470479866268, 17.920107937881152]",12.420932534115781
364,ordinary,True,1.9303491998074844,0.12064580458641398,0.5835470328369121,31.502180224139284,2.5890992801247283,217,43,7,0,"[31.0253201733632, 33.2720211849674, 35.2208681140727]","[10.733846335046387, 12.034967018135541, 13.084895804886989, 14.628196808235131]",32.52496762103282,"[30.7527505868733, 33.2720211849674, 35.2208681140727]","[13.885899338593731, 15.6166950028461, 17.134036436909266, 20.2351545312473]",24.88775344163782
365,ordinary,True,1.898821281115837,0.211719761876693,0.6684500871640316,31.979339710754015,2.877000159386719,217,43,7,0,"[31.08587628054825, 33.6521916860684, 36.09730783]","[10.468857270796166, 12.770851572713756, 14.989273563553855, 21.36667936213024]",74.64482446728384,"[29.26078585201715, 30.71007222013085, 32.93512720905445]","[12.79027133529194, 14.08865470422251, 16.456447230389774, 23.2507897798123]",109.34703937945284
366,ordinary,True,2.0276345521289474,0.10487406492366884,0.46196596215151275,31.604299931414374,2.716201572588425,217,43,7,0,"[29.525661425178548, 31.67270952655745, 34.86204095]","[10.187328922053192, 10.994472189674077, 12.227115961024579, 14.645792735894918]",30.575468761907082,"[30.72266034328655, 33.0756697561724, 35.614437525]","[13.14956108355691, 14.386885117987775, 15.749530209751175, 19.83739840280658]",23.32930801018475
367,ordinary,True,2.045389578863476,0.2098019732733397,0.548034865333716,31.802393809488013,2.9946782873082105,217,43,7,0,"[31.0253201733632, 33.61575142335015, 36.270103745]","[11.150110083085274, 13.431793855294492, 16.034040313153376, 20.739593968643813]",78.21772596934244,"[29.34081583, 30.5773041018439, 31.95259136745955]","[12.978015582663907, 14.19012827599745, 15.421590854573306, 24.79205349869237]",124.32827672894727
368,ordinary,True,2.056606821564004,0.15686417651305412,0.5860798865927528,31.770760695569113,3.0348218774148816,217,43,7,0,"[31.03573814, 33.197586625, 35.81474854]","[11.946255578491929, 13.51377619438898, 14.915777374850206, 18.899686586068135]",55.274750068798035,"[30.60783565533905, 32.18924892207405, 34.10245052764635]","[15.459940702904808, 16.784120057307845, 18.474920371709604, 24.45854535794085]",54.64266475995895
369,ordinary,True,2.055683322570889,0.15833079035370973,0.46941787262286816,31.967479053626747,2.919305241238031,217,43,7,0,"[31.0253201733632, 33.61878387388505, 36.09730783]","[10.677295544185306, 12.339225240647663, 14.122372573933768, 18.063838636710607]",52.22113290894412,"[30.70173971, 32.99721444489545, 34.965401695]","[13.154648939605606, 14.925884199888507, 16.37128775694411, 23.43792695376661]",45.37852191363824
370,ordinary,True,1.9825566726749146,0.12739937496446685,0.569642811438885,31.77727447730641,2.9280000798506736,217,43,7,0,"[30.61442244, 32.54128045880665, 35.2208681140727]","[10.941030432159, 11.86602138357837, 13.089333483320758, 15.759248847629474]",43.95335764608117,"[30.61442244, 32.30530665, 34.824950689999994]","[14.234213595627642, 15.245465598928558, 16.817177121308394, 20.776118020892973]",41.67979469963133
371,ordinary,True,2.0674505077680783,0.12811299723770314,0.5823463664689976,31.903853364891322,3.047580769132765,217,43,7,0,"[30.97970272281495, 32.9729787859744, 35.971755044999995]","[12.148883424974098, 13.18845682523921, 14.794988977490737, 17.506811223031416]",44.9072943537548,"[30.68221255328655, 32.80167838862475, 35.43452652765335]","[15.69753302758591, 17.13727012821018, 18.987970417406544, 22.754489861127844]",43.348813329519956
372,ordinary,True,1.9974003124766935,0.10564882007030128,0.6078337178651504,31.832659609920956,2.9532776181954308,217,43,7,0,"[29.85108298827395, 32.1885791644288, 34.71715821732065]","[11.261572117010909, 12.24844281324696, 13.223480429277005, 15.640974736749685]",31.43981059412494,"[30.8086540818733, 33.65284250835015, 36.226429295]","[15.296778296950137, 16.951616760422887, 18.439028684999744, 21.617335099696927]",23.930099240397013
373,ordinary,True,2.0664736334797777,0.12537249205507117,0.5012533451455456,32.207442114917114,3.200445650034465,217,43,7,0,"[31.016566405, 33.61878387388505, 36.270103745]","[11.237458220055057, 12.475172008164225, 13.76837088151121, 19.861634475029636]",41.34543493868114,"[31.016566405, 33.61878387388505, 36.270103745]","[14.121462457953067, 15.735712875375944, 17.20323335457388, 24.761908024552422]",29.40922501587677
374,ordinary,True,2.0859596320862184,0.10933762214587688,0.5331347708944238,31.742965612051854,2.5715822671651303,217,43,7,0,"[30.15014196731975, 32.18924892207405, 35.1705589940727]","[11.588448901325446, 12.59641372331071, 13.96603562085621, 17.131995775695167]",30.117511227035294,"[30.2989175471691, 32.18924892207405, 34.82428092]","[14.876928561088226, 16.121081562151367, 17.67156007975179, 21.990189826420487]",21.877229541967125
375,ordinary,True,2.0688479081595355,0.09642418369234099,0.4747844752925321,31.85424944425316,3.0142007813585514,217,43,7,0,"[31.0253201733632, 33.61575142335015, 36.086685880000005]","[11.283230810719498, 12.301476915229935, 13.306577813879516, 15.385824104748307]",27.616057787543028,"[30.7981037518733, 33.61575142335015, 36.086685880000005]","[13.921682648968506, 15.226649147860938, 16.446480035294798, 18.959756703286025]",22.034349515131787
376,ordinary,True,2.1509852923466237,0.10775498452770049,0.3938639791361031,31.95236017226973,2.9027775423421756,217,43,7,0,"[31.03269094054825, 33.7752886705256, 36.32668681]","[11.335496050668796, 12.577414560548737, 13.721336301373642, 15.5197442096159]",32.85697533287561,"[31.03269094054825, 33.61878387388505, 36.32668681]","[13.590476838519562, 14.98434308954717, 16.472238555835155, 23.09106841160878]",23.759394674790336
377,ordinary,True,2.123553315901952,0.16385595079608442,0.521557398860181,32.3967122117068,3.2182789278855712,217,43,7,0,"[31.0253201733632, 33.92505103026795, 36.696902405]","[11.730953412161808, 13.601694352214617, 15.779599403362095, 18.283647781111455]",58.373967658310505,"[30.7981037518733, 33.61878387388505, 35.5839735271325]","[14.787695515240065, 17.117173460501398, 18.773673645444788, 24.19432080725909]",53.444777366584525
378,ordinary,True,1.9284704782214495,0.0972815091302803,0.6296228086759204,31.938779061927036,2.9164157052760586,217,43,7,0,"[30.5711615791423, 32.80167838862475, 35.30172372765335]","[10.994616223388403, 11.854529895151796, 12.735165182928228, 14.868487700469984]",26.624197809483242,"[30.66624308199585, 32.65676332192605, 35.30172372765335]","[14.665511269948155, 15.665784120588585, 17.03148877130416, 20.264604760276413]",23.02650404013876
379,ordinary,True,1.9554395090462928,0.0662751924889826,0.5967476799011779,31.93013214542783,2.786589189894281,217,43,7,0,"[31.0253201733632, 33.61575142335015, 35.78833718]","[11.27872336180683, 12.036592830038698, 12.742647031324951, 14.195110722307557]",16.41386777356037,"[30.8287019788348, 33.61575142335015, 35.78833718]","[14.669758697859185, 15.71451215370219, 16.6018671038635, 18.456654720447602]",11.587751352947667
380,ordinary,True,2.1032903531251845,0.13131768599655488,0.4899736812050566,32.008648956654106,3.386774136148475,217,43,7,0,"[31.03269094054825, 33.92505103026795, 37.157963695]","[11.61977481764684, 12.932105322598273, 14.950432368678182, 17.627143813052434]",40.54862058433578,"[30.6963333255826, 33.4900573033305, 36.32668681]","[14.461780570232955, 16.079274096611876, 17.840378239522632, 21.867341330052408]",34.07769682314776
381,ordinary,True,2.099294955799156,0.0244053672603599,0.46602047768631005,31.472348969781745,2.7572492977989937,217,43,7,0,"[29.85237372879965, 32.18924892207405, 34.85984614]","[11.858319437333513, 12.105305361786124, 12.347360725090937, 12.862412006871134]",7.086009868684013,"[30.3292723037254, 32.18924892207405, 34.61093289232065]","[14.651589476033502, 14.89751842369761, 15.170174995608548, 15.872196019521757]",5.190977150487756
382,ordinary,True,2.0984337071255172,0.12297895015580072,0.5327629439499192,31.6198598758709,3.026424651019906,217,43,7,0,"[30.5773041018439, 32.93975158, 35.78833718]","[12.011278002834535, 13.189331019340369, 14.67919394261504, 18.790994195587615]",40.01119153901154,"[30.3483792711496, 32.70567464044895, 35.78833718]","[15.183732443833415, 16.6754496044291, 18.7576673033667, 23.754127425249592]",32.4561294180179
383,ordinary,True,2.0764644435104027,0.17657999638818347,0.4844939617797752,31.60498926569881,2.8253270712048164,217,43,7,0,"[30.97970272281495, 33.4651615552023, 35.23874368]","[11.152393921770805, 13.176447337015015, 14.570004647466357, 20.441244364204675]",58.927188062681445,"[29.525661425178548, 30.97970272281495, 33.51725612668065]","[12.94549715651542, 13.935929621845762, 16.533491984431254, 24.009043858704093]",65.35992849917932
384,ordinary,True,1.9736242700190723,0.09411233206871365,0.6098314231171229,31.64204818388052,3.0315215920850798,217,43,7,0,"[30.2866225535415, 32.1885791644288, 35.044791665000005]","[11.390510526052715, 12.057574886861959, 12.886282114780496, 15.184242032876421]",30.166565783623653,"[30.7981037518733, 33.6163850333305, 35.642604625000004]","[15.161057427466421, 16.57109531931583, 17.750392343315358, 23.79105482248744]",24.04789873893263
385,ordinary,True,2.037977612548534,0.055490877469354834,0.5607176036983202,31.72947346507073,2.9699812002230765,217,43,7,0,"[30.97518203281495, 33.67439453330155, 36.09730783]","[12.017142875436004, 12.649185004937525, 13.226248576136546, 14.173527896503765]",15.044016958264265,"[30.97518203281495, 33.67439453330155, 36.09730783]","[15.425339469262717, 16.24767944552443, 17.016477319310304, 18.424438494484157]",11.482618939201526
386,ordinary,True,1.983914081746618,0.15618892015748975,0.5239488580289708,31.521554026398615,2.7269689786138147,217,43,7,0,"[30.92984162468825, 33.15713729, 35.475127404999995]","[10.639574912426559, 12.083430078931793, 13.790306466041343, 17.50293446692977]",46.10420889015271,"[30.72266034328655, 32.93975158, 35.475127404999995]","[13.408910236302564, 15.240992957909981, 17.52382063713612, 22.220561996468305]",38.380351557560154
387,ordinary,True,2.03401895063369,0.09263456386258351,0.5147515010391994,32.07518195795567,2.8536244710159804,217,43,7,0,"[30.84796485, 32.788220758624746, 35.18843456]","[11.175766905145132, 11.923355438162003, 12.673404687674234, 14.73627492439925]",23.548275613660053,"[30.76801350828655, 33.6521916860684, 36.8111298]","[14.041627767102351, 15.442919775820616, 16.954151694048484, 19.210338142603376]",17.12442974332345
388,ordinary,True,2.0007835702134535,0.12282021976815875,0.5828970581402707,32.021460918517505,3.0104269000132864,217,43,7,0,"[31.08587628054825, 33.75308582329245, 36.32668681]","[11.336347843152254, 12.716145581534077, 13.958078324782074, 16.254992722223975]",37.714442595324186,"[30.90413263054825, 33.48942369335015, 35.43452652765335]","[14.727935679274657, 16.46634065344736, 17.627249682371104, 21.735647316269784]",36.056408039850645
389,ordinary,True,2.0871608165705933,0.10134055855530351,0.5137045471444041,31.69653004798961,2.9423607683993933,217,43,7,0,"[31.03269094054825, 33.61575142335015, 35.78833718]","[11.897881856143226, 13.087736428022511, 13.946092878503752, 15.739203552929848]",34.47442557714655,"[30.90413263054825, 33.61575142335015, 35.78833718]","[14.994522669551744, 16.47549842442751, 17.865694464197468, 20.136831159581064]",28.343968804673818
390,ordinary,True,2.1250925254537774,0.09745924284023616,0.48788042355373484,31.66795426142004,3.208806559702106,217,43,7,0,"[30.67039543933135, 33.24764125298945, 35.913889964999996]","[12.067755442954882, 13.034997660696854, 14.09156335615313, 16.830181035029035]",31.04248781299522,"[30.67039543933135, 33.329890218046955, 35.913889964999996]","[15.076799399587484, 16.318746755408164, 17.63274867103097, 23.44688280918349]",23.11167705592174
391,ordinary,True,1.7744863618195166,0.25366059956143955,0.7660822445943479,31.954818536353827,2.8994568972935117,217,43,7,0,"[30.97970272281495, 32.9759465231214, 35.57383664765335]","[10.0, 11.809412826667895, 14.126600912813053, 22.992851156912803]",88.21249904390126,"[29.26078585201715, 30.7981037518733, 32.3567186049637]","[12.301018074022634, 14.038080733370458, 16.141442713053852, 24.911914389579728]",163.9058383447191
392,ordinary,True,1.9718366898888455,0.12377842048761178,0.5608504506140279,31.823516422382898,2.6004448941674343,217,43,7,0,"[30.90413263054825, 33.05440183439835, 35.784493075]","[10.798150746931713, 11.900329255032393, 13.399399180606595, 16.16618502804413]",30.924126337360388,"[30.79587317513085, 33.12300602801975, 35.784493075]","[13.877422714434273, 15.450942935114687, 17.5994589578273, 20.88460700107148]",21.95696739725099
393,ordinary,True,2.138059344961336,0.09742024691961722,0.4957344460598223,31.76981620418288,2.963025688667382,217,43,7,0,"[30.97970272281495, 33.61878387388505, 35.5839735271325]","[12.335764142018, 13.499770029590684, 14.34373295393744, 16.3013815853657]",31.90441802736261,"[30.97970272281495, 33.61878387388505, 35.5839735271325]","[15.40759729653519, 16.886617379843607, 18.130290999969528, 20.41648418573736]",26.289791509242185
394,ordinary,True,2.1052180675809264,0.10681213262886756,0.48987800116655367,31.85891372726922,2.7473444649962113,217,43,7,0,"[30.6508682826179, 32.89893226593305, 35.1443427240727]","[11.6146907888385, 12.73926048629046, 13.632566287024387, 16.09209374926029]",31.114630686760876,"[30.7309928534174, 33.61575142335015, 36.09730783]","[14.556043471863191, 16.28663677062747, 17.851479021615035, 20.54055079345419]",22.87883292550054
395,ordinary,True,2.1380708692354538,0.043627496579047256,0.49096137832397596,31.904973176815563,2.8607320968559513,217,43,7,0,"[30.85879222242155, 33.59095144055455, 35.818592644999995]","[12.529606069581657, 13.061502222179348, 13.501878018738596, 14.323686114323689]",14.994053025735875,"[30.75052001013085, 33.59095144055455, 35.818592644999995]","[15.570220070703018, 16.25327382154458, 16.859524078031704, 19.427791647690135]",10.915384365378827
396,ordinary,True,1.9762641960622833,0.1695677797339567,0.56016491142663,32.003261173471735,2.9826670606311567,217,43,7,0,"[30.6508682826179, 32.8318787929869, 35.725861977132496]","[10.387586496021012, 11.840306536029944, 13.378557078417154, 17.36697045952737]",53.546767726012014,"[30.6508682826179, 32.8318787929869, 35.02655091]","[13.557038116648746, 15.26680991255046, 17.26567158885144, 22.220242289102963]",51.94774057530147
397,ordinary,True,1.9165523899119832,0.10094313806366072,0.6958442772703537,32.0823144860995,2.9356448848542773,217,43,7,0,"[30.9825528, 33.61575142335015, 36.270103745]","[11.476577930525098, 12.649358688151773, 13.763900448716063, 16.106150343095106]",29.195931753871495,"[30.8086540818733, 33.61575142335015, 36.270103745]","[15.696621621064693, 17.31077979695516, 18.897362872038354, 22.635447142245944]",23.2528528534852
398,ordinary,True,2.104016433753041,0.13064388663873253,0.40971036930899835,31.90241329112984,2.8311283052341456,217,43,7,0,"[30.97970272281495, 33.5885526, 35.967910939999996]","[10.83390147034062, 12.180467007019587, 13.695350123687142, 16.28591010419716]",40.17691159236516,"[30.97970272281495, 33.43571488, 35.967910939999996]","[13.080362646816257, 14.723999133629196, 16.41566283732782, 20.269872449968254]",31.967127681412453
399,ordinary,True,2.108299702950261,0.07471078154293011,0.4528106132835876,31.575333889827593,2.923104560743573,217,43,7,0,"[30.233931533346897, 32.25075634766915, 35.43452652765335]","[11.526767610573602, 12.15061533015682, 12.871007512964342, 15.003085272366242]",23.35339128008338,"[30.6746588676868, 32.89893226593305, 35.43452652765335]","[14.300821692848215, 15.136410432710912, 16.02710695830471, 18.781581397275843]",17.887308400933428
400,ordinary,True,2.0361289860444347,0.09237352163343793,0.4955262133572196,31.7950873262062,2.8916808461014165,217,43,7,0,"[30.8086540818733, 33.48942369335015, 35.818592644999995]","[11.066169924135032, 12.100710305244029, 12.94287299867765, 14.700947004909755]",27.454730461341896,"[30.97518203281495, 33.6181502639047, 35.818592644999995]","[13.909301184125441, 15.18502885236238, 16.308693966268205, 18.872300034240844]",22.637390872092606
401,ordinary,True,2.105271103304208,0.152087786947477,0.4802328363722507,31.700329071320635,2.921053521132718,217,43,7,0,"[31.0253201733632, 33.6163850333305, 35.913889964999996]","[11.509333471316777, 13.228675978624144, 15.041670026118888, 20.09674033866701]",44.98858610010947,"[30.798090995000003, 33.6163850333305, 35.913889964999996]","[14.258489026518419, 16.537990561163287, 18.63917640412324, 24.824389583240993]",32.44430501993703
402,ordinary,True,2.0940099081009698,0.03301836304912472,0.48722310417763204,31.533381564486263,2.8054877614328375,217,43,7,0,"[30.8131747718733, 32.63123790044895, 34.82428092]","[12.076291723414629, 12.35296956882601, 12.567412795259784, 13.287890410231888]",9.281948541387532,"[30.72266034328655, 33.0277558931214, 35.55795257478585]","[14.970044086068686, 15.369267225715426, 15.840512367356888, 16.969016443286908]",6.402523012268425
403,ordinary,True,2.1143401380969227,0.10662206416807664,0.5206315080639845,31.77243367702743,2.895009200272038,217,43,7,0,"[30.90865332054825, 33.56429046185215, 35.78833718]","[12.151306627925912, 13.488829048550508, 14.754682989224579, 16.722318812974223]",35.43045290950763,"[30.71007222013085, 33.56429046185215, 35.78833718]","[15.373183206889278, 17.068378388239513, 18.588048092387996, 22.789396864263743]",27.721350987130368
404,ordinary,True,1.9320424414792738,0.19800750494880928,0.606246324704539,31.762145971097183,2.9837497747304362,217,43,7,0,"[30.5924608559611, 32.89893226593305, 35.78833718]","[10.311466146177157, 11.971326987279328, 14.1925680793401, 18.76708008469148]",68.15550839165385,"[30.6508682826179, 32.69221701044895, 34.6456217064828]","[13.756245408877465, 15.685853955472925, 17.814250591945328, 24.50336420217527]",69.6031945755773
405,ordinary,True,1.9365359792950978,0.20046716806883888,0.6267476852052876,31.881723068319545,2.8334382790022756,217,43,7,0,"[30.89358230054825, 33.15713729, 35.818592644999995]","[10.571136779894623, 12.469502611501126, 14.367760861296738, 19.866131566070745]",68.90841652112732,"[30.097169075, 31.45196235277445, 32.825957630000005]","[13.510513320655306, 14.817638649127481, 16.428394165161656, 24.847745238291264]",101.06504367325793
406,ordinary,True,2.0882190282550437,0.17585543863001232,0.4905562939263891,31.89678035950208,2.7416287332411233,217,43,7,0,"[30.90865332054825, 33.3947286798991, 36.09730783]","[11.062121205579027, 12.982899337305176, 15.191491496630158, 19.610781788799947]",49.4009140585806,"[30.69418602440025, 33.081189297680254, 35.3033617940727]","[13.810209522784678, 16.110055611392333, 18.53219402186743, 24.33437839979618]",38.77074583014196
407,ordinary,True,2.05850784912944,0.05653068735877947,0.5853361679528244,31.448139857195077,2.9703153272372935,217,43,7,0,"[30.54099133933135, 32.49373470890675, 35.2208681140727]","[12.507860259350423, 12.968461703226748, 13.53715552836305, 14.888886458107557]",17.24987861034878,"[30.6453224487093, 32.80167838862475, 35.2208681140727]","[16.273411827575366, 16.94604118514812, 17.72309353954356, 19.57079658534188]",13.482001176440734
408,ordinary,True,2.1491979358885316,0.023739268170921087,0.46766631325705044,31.9961832185082,3.117339596045784,217,43,7,0,"[30.8131747718733, 32.542167035, 35.35203284765335]","[12.564151575413499, 12.72862863500242, 12.931908120281298, 13.52852986152167]",6.7274404481257815,"[30.90865332054825, 33.5885526, 35.967910939999996]","[15.454396644454489, 15.77369433846021, 16.050457132716, 16.745239266452362]",5.040262633131401
409,ordinary,True,1.9694373563480263,0.09239225747812833,0.5266501175052937,31.603068328592567,2.6227420861488318,217,43,7,0,"[30.60783565533905, 32.817956918624745, 35.2208681140727]","[10.595302171522045, 11.492013756417958, 12.240037760975639, 14.45988064074111]",26.74073869152851,"[30.75052001013085, 33.2228226209062, 35.5839735271325]","[13.530182895964025, 14.81056175965789, 16.0240139480536, 18.356637668892787]",20.96241996336512
410,ordinary,True,2.005339414914093,0.10747431007634105,0.5710273244729964,31.506985462858967,2.751449976965256,217,43,7,0,"[30.97970272281495, 33.451538092365254, 35.475127404999995]","[11.516152130126276, 12.743616854775562, 13.770018321320084, 16.287751041789548]",27.305494864358067,"[30.72266034328655, 33.243574335000005, 35.475127404999995]","[14.829017311201335, 16.382976015043734, 17.702500197215222, 21.634562269678273]",19.505094098802463
411,ordinary,True,2.0838310899107726,0.1752028790023549,0.46899932137061606,32.02118880117293,3.4048825267159324,217,43,7,0,"[31.03269094054825, 33.6521916860684, 36.32668681]","[10.984991117115374, 12.612597381052531, 14.130836304119564, 23.231359731935825]",57.5667085435961,"[29.5907377837715, 31.4807653089329, 33.787778067737904]","[12.814872689401149, 14.08619629657742, 15.68711592213369, 23.423245851631325]",79.92249013227281
412,ordinary,True,1.7735753221063715,0.11727723400953667,0.6579715491863836,31.847975675400225,2.956778764450898,217,43,7,0,"[31.601947130107853, 33.6163850333305, 35.78833718]","[10.0, 10.751203569902257, 11.88042621174479, 14.241619635732688]",34.82390885637281,"[30.68221255328655, 32.84223616, 35.78833718]","[12.962938334831442, 14.063067013122835, 15.888790788888297, 19.787930489946664]",27.068568704870415
413,ordinary,True,2.145854968558766,0.14970636604060092,0.49648691827860114,31.873832850253063,3.1285856126496645,217,43,7,0,"[31.066704545548248, 33.6163850333305, 36.307053295]","[12.125153318558962, 13.776600366977181, 15.494471223207468, 18.385533529300304]",56.861287857259306,"[29.680002899999998, 31.60634821, 34.3650701714828]","[14.363112243894733, 15.73160103470646, 17.86282019081462, 22.87360873365208]",53.45357039261279
414,ordinary,True,2.151598756897107,0.09855120163109456,0.5197861662719201,32.00029767246339,2.8298677040642923,217,43,7,0,"[30.8131747718733, 33.0756697561724, 35.78833718]","[12.584812900294864, 13.58028791481105, 14.746547490926288, 17.088328536877217]",33.10434335073954,"[30.70173971, 32.92347305, 35.78833718]","[15.869433082119041, 17.161300855672657, 18.76774026720251, 23.006453832164883]",27.399655293353867
415,ordinary,True,2.1700869739154593,0.07686743755454621,0.3878024813032737,31.80086663434583,2.846015268193153,217,43,7,0,"[30.89358230054825, 33.6163850333305, 35.65718455]","[11.681221087140445, 12.57686402496184, 13.33757375185741, 14.865890515827985]",21.94826532912284,"[30.787540665, 33.6163850333305, 35.65718455]","[13.894403493493586, 15.009731964642285, 15.931151764629014, 18.524986568073462]",15.051927486068298
416,ordinary,True,2.221078370027973,0.1288843792337885,0.46646994622904225,32.03966701094348,3.142685085298222,217,43,7,0,"[31.0253201733632, 33.92505103026795, 36.999319045]","[12.753562186813872, 14.363662533090702, 16.24798068543313, 18.384517496465264]",44.6487155886368,"[30.8086540818733, 33.6181502639047, 36.696902405]","[15.721966626574321, 17.677482914427607, 20.009628511401008, 24.332230824265192]",34.92773502722982
417,ordinary,True,1.9902620111208913,0.15325103761083983,0.5261156323716559,31.927570463852085,3.144243666980247,217,43,7,0,"[30.7309928534174, 33.59095144055455, 36.270103745]","[10.430833679842248, 12.070204419132297, 13.335352035665219, 17.844892910381]",48.87573244352819,"[30.3549329065045, 32.82264379579855, 35.10594088]","[13.144006419124464, 14.783339187446867, 16.455386904985, 22.49226743595722]",44.21623659345441
418,ordinary,True,1.9721567693451523,0.07677336435884234,0.6196230152534465,31.727802164785214,2.886665642803035,217,43,7,0,"[30.90865332054825, 33.05440183439835, 35.614437525]","[11.706673651298054, 12.375567267768645, 13.205115542790464, 15.139874905610895]",22.718459405894862,"[30.68221255328655, 32.855693790000004, 35.614437525]","[15.375111036204318, 16.25964107724071, 17.49309313869785, 19.884150244693988]",18.424519677030627
419,ordinary,True,2.0130590735857314,0.07903595752791973,0.5373214462015273,31.707604498784956,2.991020515840301,217,43,7,0,"[30.5773041018439, 32.854151861746146, 35.16221829]","[11.283169570221837, 11.990976274132187, 12.614152108421413, 14.247365959566517]",22.724000278588584,"[30.3529487489287, 32.6406402348655, 35.16221829]","[14.291946532430519, 15.188497408904125, 16.075732930366275, 18.623854235406448]",18.627434683404715
420,ordinary,True,1.977762593691198,0.03442678496862009,0.5755293805923054,31.62663313371393,2.628000579302919,217,43,7,0,"[30.90865332054825, 33.06618863594755, 35.10594088]","[11.55331122302543, 11.879503951321164, 12.248261584778227, 12.841480494429307]",9.922966808748441,"[30.644725759916298, 32.96671152593305, 35.10594088]","[14.882185793194251, 15.327496133921537, 15.791804566291026, 16.891952985382623]",6.829354731796622
421,ordinary,True,2.087311355860862,0.1268220727138527,0.5434750845900209,31.811806429399432,2.7646292392121303,217,43,7,0,"[30.077126405, 31.83326575245955, 35.16221829]","[11.590953048462477, 12.421606138524014, 14.003588710880084, 17.963015580792103]",41.391533360552884,"[30.66624308199585, 32.7642609869354, 35.16221829]","[15.223855683738934, 16.74387169027657, 18.304803873879443, 24.813454028954194]",33.45800019816763
422,ordinary,True,1.9899304072453228,0.0,0.5935370404134324,31.95282590077391,3.0924311934615623,217,43,7,0,"[28.376274255, 29.172108809999997, 29.756464415]","[12.05481039727045, 12.05481039727045, 12.05481039727045, 12.05481039727045]",0.0,"[28.376274255, 29.172108809999997, 29.756464415]","[15.65168737395116, 15.65168737395116, 15.65168737395116, 15.65168737395116]",0.0
423,ordinary,True,1.9392104466652942,0.14186906541571978,0.639749875121543,31.849099924105,2.82650426801878,217,43,7,0,"[30.712302796873303, 33.6163850333305, 35.784493075]","[10.922430175767264, 12.692879687121406, 14.155709505062111, 17.3175801039498]",37.04098049800858,"[30.712302796873303, 33.4461896413971, 35.784493075]","[14.728727070164508, 16.903162019333326, 19.024886799976528, 23.930248300829344]",28.260685824928505
424,ordinary,True,1.9453158865706655,0.16481402071148918,0.6684384163856825,31.95819169547856,3.0838036426478834,217,43,7,0,"[31.0253201733632, 33.6521916860684, 36.226429295]","[11.3243266422779, 13.05250242850002, 14.875796005667834, 18.181125490158674]",58.141517480468494,"[30.6746588676868, 32.65507661899595, 34.721552450000004]","[15.216051782022639, 16.893585695870694, 18.875292350125733, 24.39675982455983]",63.241632329749706
425,ordinary,True,2.0060594871492916,0.199527843000926,0.6032120374584748,31.774715606636715,3.116665676167368,217,43,7,0,"[31.021087095, 33.022817517519755, 36.624364005000004]","[11.360337090659884, 12.873442437539168, 15.336263563930713, 22.484757287146877]",74.06627565965587,"[29.2908193387951, 30.84796485, 33.128525569527596]","[13.601735879981426, 14.982137464141946, 16.947908963982126, 24.877855001783832]",95.27220520880576
426,ordinary,True,2.100214889054223,0.1320862899853968,0.45297926160119034,31.745987260339707,2.8342804589311816,217,43,7,0,"[30.97970272281495, 33.6163850333305, 35.689195755]","[11.218906504050182, 12.847241733594279, 13.91890611485799, 16.881064751587058]",43.18954409211982,"[30.7309928534174, 33.4900573033305, 35.327744679999995]","[13.725720488715263, 15.716426476226703, 16.988342695537042, 20.756721059117066]",37.030199607181444
427,ordinary,True,2.1009723370088116,0.15358947341351356,0.5769970318065558,32.100869169056004,3.4256419605773742,217,43,7,0,"[30.90413263054825, 33.61878387388505, 37.157963695]","[12.300680518896982, 13.843248915856684, 15.50449465104679, 23.668503505680036]",55.612480376076306,"[29.26078585201715, 30.90413263054825, 33.332582615]","[15.014068319862659, 16.029776235482, 17.84344415698208, 23.49798272526424]",83.83628324625784
428,ordinary,True,1.832589668601535,0.19675795754512915,0.7760660295169209,32.02837062392051,3.1064210573236717,217,43,7,0,"[31.0417244, 33.8470987770759, 36.32668681]","[10.816533181871351, 13.04491626104319, 15.140499747392093, 20.07400950264756]",78.11792231856543,"[29.20491842677795, 30.68221255328655, 32.37532267851985]","[13.976223017076629, 15.32194185049132, 17.127638075781153, 23.450118159895144]",135.57761064606478
429,ordinary,True,2.0711231428404093,0.0,0.5117873698407878,31.501543776586928,2.943017073665522,217,43,7,0,"[28.33249185, 29.130029079670052, 29.525661425178548]","[12.205104432870137, 12.205104432870137, 12.205104432870137, 12.205104432870137]",0.0,"[28.33249185, 29.130029079670052, 29.525661425178548]","[15.287034454902546, 15.287034454902546, 15.287034454902546, 15.287034454902546]",0.0
430,ordinary,True,2.1572113312762182,0.10514204588610263,0.4293502495729845,31.805477277658486,3.031041148844349,217,43,7,0,"[30.81094419513085, 32.94601884004135, 35.614437525]","[11.831332093975526, 12.700605957185633, 13.86387897085823, 16.5703984420706]",35.94337726410657,"[30.72266034328655, 32.94601884004135, 35.00033464]","[14.318956921895582, 15.473798837703583, 16.587063862909357, 20.717865408116253]",31.885633744170516
431,ordinary,True,1.7975262684475946,0.23110984067516233,0.6995634153617912,31.812781599666316,3.0571038490204714,217,43,7,0,"[31.16620753, 33.43796273185215, 35.784493075]","[10.0, 11.827676248648274, 14.175635395441372, 20.403193551573548]",96.66728504941226,"[30.406106735, 31.8103482, 33.21173465295685]","[13.145623760466226, 14.6002437781169, 16.205013399362098, 24.647934835993414]",127.90912136932721
432,ordinary,True,2.0534012738507026,0.14293465626467228,0.5348982652410493,31.825574600817315,3.0480985131134837,217,43,7,0,"[30.90413263054825, 33.5885526, 35.78833718]","[11.356727745565076, 13.042073578235344, 14.557848648675568, 18.054540299674212]",50.21237149403415,"[30.7309928534174, 32.86919610593305, 35.16221829]","[14.526157186560955, 16.110350248522007, 17.720703476977512, 23.93509560468399]",46.946177360482
433,ordinary,True,2.159774742376919,0.11577542885365584,0.48547864308526983,32.001264665375984,2.999355803812953,217,43,7,0,"[31.0253201733632, 33.61878387388505, 36.02833811]","[12.295196530395751, 13.668169983332918, 14.827968326086495, 17.196153380166024]",39.04455346946351,"[30.7981037518733, 33.61878387388505, 36.02833811]","[15.23113355567617, 17.030335374791317, 18.577891998564375, 22.975290250433954]",32.00964512255851
434,ordinary,True,2.1405588753544156,0.1130132222825071,0.4283417884323608,31.80178521967607,3.011322461074856,217,43,7,0,"[31.0253201733632, 33.61575142335015, 36.09730783]","[11.582240534426775, 12.853959627191266, 14.046983557682513, 16.07401775207003]",32.166090256758,"[30.7981037518733, 33.61575142335015, 36.09730783]","[14.013394696688655, 15.626570023484753, 17.03955732178698, 19.511108534004975]",24.934726129869357
435,ordinary,True,2.0822278784755737,0.06652515766442726,0.5026196601522815,31.91005569118924,2.973007904997859,217,43,7,0,"[31.0253201733632, 33.61878387388505, 35.913889964999996]","[11.858343257595168, 12.608352286443944, 13.217915677097228, 14.398132168415994]",19.805926782822738,"[30.79587317513085, 33.61878387388505, 35.913889964999996]","[14.797112875225169, 15.774608901547039, 16.592077198412976, 17.96786531289679]",16.2424055374415
436,ordinary,True,2.0464061957590607,0.18197485837915867,0.51082849589121,32.029545578180795,3.4052309807611634,217,43,7,0,"[30.90865332054825, 33.6163850333305, 36.999319045]","[10.833813480309345, 12.628119437648046, 14.46447792431172, 23.772850988158314]",58.13909507877382,"[30.68221255328655, 32.73998174556015, 34.392796086077254]","[13.703491477997131, 15.322143598121938, 16.691482049576628, 24.2286545944358]",69.94713042921373
437,ordinary,True,2.0988618883525194,0.18044858396829097,0.45061768465121854,31.85301364615725,2.854214820031364,217,43,7,0,"[31.0253201733632, 33.6163850333305, 35.913889964999996]","[10.9299482888911, 12.905491416018947, 15.132383317430394, 18.897322482387374]",52.42022952252093,"[30.79587317513085, 32.62426456248835, 34.7490199464828]","[13.424019722496414, 15.067658622568379, 16.873142334611835, 23.04066347410384]",44.7219663372854
438,ordinary,True,2.116367391209242,0.10253869724133989,0.4847901602356498,32.125564039348106,3.3756144142900237,217,43,7,0,"[30.97200247, 33.61575142335015, 36.624364005000004]","[11.840260746860952, 12.838648803382045, 13.872566947249789, 15.923208437217626]",33.92060967639952,"[30.97200247, 34.178481535470354, 37.157963695]","[14.778476056080974, 16.288134953770488, 17.854004920288492, 22.832917572002653]",23.496330839327406
439,ordinary,True,2.033926772060225,0.11442864265959672,0.4905436140910821,31.80604059220428,2.8767852063093198,217,43,7,0,"[30.97970272281495, 33.43796273185215, 35.9092798421325]","[10.916279386089952, 12.122563067793163, 13.117545582998314, 15.475958112726635]",31.19392581048469,"[30.7309928534174, 33.24811706996741, 35.9092798421325]","[13.577309896186035, 15.034910555330402, 16.311025546444288, 19.965717948137105]",24.27280778791905
440,ordinary,True,2.1247426619409016,0.15952690787502655,0.4918134598461777,31.846671514249316,3.1522297310765572,217,43,7,0,"[30.231074160082798, 32.65507661899595, 36.12363543]","[11.386551510303075, 12.761373402314138, 14.856058040792096, 18.334154413827765]",52.48339017796479,"[30.68221255328655, 32.65507661899595, 35.614437525]","[14.662505883272496, 16.185838000064102, 18.493602781884608, 23.918499633605506]",45.289550589382195
441,ordinary,True,2.076950039834708,0.07312802436556753,0.5874514816366972,31.763938648120202,2.7986446881677316,217,43,7,0,"[30.89358230054825, 32.788220758624746, 35.15935371]","[12.640017141430267, 13.310503034022522, 13.92888197392468, 15.866096664692678]",23.426581371722463,"[30.68221255328655, 32.65676332192605, 35.15935371]","[16.384452484400494, 17.23584368679748, 18.205617745932322, 21.08628055010568]",20.027037115086742
442,ordinary,True,2.1282057798578777,0.027826964787941534,0.4760817604788959,31.681451036778963,3.0547591055341594,217,43,7,0,"[29.78295940379965, 31.642877214578903, 34.178481535470354]","[12.286344057135981, 12.488008800935948, 12.735811355707197, 13.19691349568753]",8.468936993256237,"[30.97970272281495, 33.61575142335015, 36.270103745]","[15.316006658747247, 15.695542119915586, 16.07330165090618, 16.699299155100892]",6.400764808813341
443,ordinary,True,2.144987791741928,0.09033740314860525,0.5103879546591829,31.796012032833453,3.0879165733674676,217,43,7,0,"[30.534848816629747, 32.8784311031214, 35.78833718]","[12.493963488555025, 13.346988772380978, 14.416419676466415, 16.272699600157665]",26.507421666099326,"[30.3529487489287, 32.8784311031214, 36.067052364999995]","[15.643051514105279, 16.776555827632627, 18.379048526017684, 20.464019772211543]",20.421372408379273
444,ordinary,True,1.9775322097494148,0.10525506140275419,0.609521703540547,32.167511351615225,2.974775301205924,217,43,7,0,"[31.03117407, 33.6521916860684, 36.153890895]","[11.326284180318247, 12.477249187281183, 13.492114545445904, 15.999365707239077]",30.387217274849842,"[31.03117407, 33.6521916860684, 36.153890895]","[14.920246285137615, 16.443256080256898, 17.834638137522422, 21.668957252482535]",25.805578480444392
445,ordinary,True,2.043372120769232,0.15989499695475456,0.5490167728336607,31.942981334835068,3.0472981777395085,217,43,7,0,"[30.8131747718733, 32.91628268004135, 35.614437525]","[11.31242312116035, 12.619222725982095, 14.059491278115027, 18.021721106728435]",56.336597119787015,"[30.72266034328655, 32.91628268004135, 34.939236109999996]","[14.445268706728049, 16.240817875082804, 17.900467586346288, 23.974439693656883]",52.759493161490894
446,ordinary,True,1.959496233349457,0.1755056996939489,0.5859110514258608,32.07461735852952,2.938532336494019,217,43,7,0,"[31.0253201733632, 33.7914881176594, 36.270103745]","[10.556058632021125, 12.524658081627075, 14.104837805068678, 18.806948865796365]",57.71627437208994,"[30.68221255328655, 32.642336522060546, 34.930506245000004]","[13.67177871681551, 15.34994115582978, 17.21234531207784, 24.336723517768615]",57.59773669072018
447,ordinary,True,2.180434016796526,0.0755374926270254,0.40825283815298946,31.949717466497287,2.8845628823927214,217,43,7,0,"[31.03269094054825, 33.89068140282, 36.32668681]","[11.991023717754047, 12.953573428843347, 13.740908344101486, 15.07199599541442]",21.683377728522082,"[30.80642350513085, 33.61575142335015, 35.991388560000004]","[14.365784040560168, 15.515668692717336, 16.444321181741753, 18.10461396561847]",15.314269774650619
448,ordinary,True,2.153483883030255,0.14086479024636323,0.49520661965530993,32.0586106164333,3.106543843258388,217,43,7,0,"[30.84796485, 32.9759465231214, 35.772001515]","[12.13731551713865, 13.315951901159627, 14.885042832479844, 18.034063667040343]",43.389082456025776,"[30.57397465, 32.741668448490245, 35.41665096172605]","[15.103033796896279, 16.55716800558487, 18.50818903350297, 22.56883370485048]",37.732648323092754
449,ordinary,True,1.8728420411529192,0.17923380174016704,0.6306792393360726,31.820976109677176,3.051116893920377,217,43,7,0,"[31.0253201733632, 33.6163850333305, 36.09730783]","[10.227158086768224, 11.999051174325293, 13.588899820677549, 17.026093365841945]",58.56467416690016,"[30.6746588676868, 32.788220758624746, 35.16221829]","[13.49746198445236, 15.247030334702298, 17.160306388441082, 22.659051164001276]",58.496583205320704
450,ordinary,True,2.20685947348535,0.12697055266994922,0.3772274118814306,31.819598058841038,3.2624586317673487,217,43,7,0,"[31.0253201733632, 33.4900573033305, 36.738591400000004]","[11.844194224109643, 13.07971641014655, 14.30517299215726, 17.93582299891329]",45.8329184985909,"[30.6508682826179, 32.62426456248835, 35.3033617940727]","[13.989168977375398, 15.054249740204664, 16.676064155867596, 24.59605935106562]",36.239113665911866
451,ordinary,True,1.9687373937736876,0.14903452756535665,0.5397140564268637,31.777335728048957,3.016047214263269,217,43,7,0,"[30.80642350513085, 32.820957092868454, 35.55795257478585]","[10.560060344595033, 11.581136695647272, 13.045251706472923, 16.359363562806124]",50.25371041627031,"[30.68221255328655, 32.63123790044895, 34.827108005]","[13.416140227620984, 14.76497703071146, 16.232280206874048, 22.707584434456717]",48.15371320265713
452,ordinary,True,2.0418820242784013,0.09003231279687479,0.4799504747995695,31.846523553447533,3.087942286350934,217,43,7,0,"[30.90413263054825, 33.48942369335015, 36.43617476]","[11.072189921739383, 11.915346770206211, 12.85501142207588, 14.696030817300695]",25.300037634466015,"[30.75052001013085, 33.3591427840151, 36.153890895]","[13.69758246295143, 14.78402025865181, 15.87711081966199, 18.684889547009217]",19.114985401539034
453,ordinary,True,2.08537752446636,0.020969531839775696,0.522439659623646,31.827952884617012,3.2074138876808904,217,43,7,0,"[30.96463170281495, 33.2727718999674, 36.09730783]","[12.37452785219153, 12.564833705544967, 12.799340828979489, 13.275330196898471]",6.435499460537386,"[30.70173971, 33.06618863594755, 36.09730783]","[15.582060623341924, 15.816128716547277, 16.11517876285922, 17.13142339571139]",4.350932817384708
454,ordinary,True,2.0127118897616083,0.113472652133949,0.5754958062353192,31.716621301819583,3.1080600059219567,217,43,7,0,"[30.97970272281495, 32.91001542, 35.64644873]","[11.595222680609224, 12.509413860514146, 13.480564781541947, 17.130124618814605]",39.19321121907401,"[30.3141199368337, 32.18924892207405, 34.09516117264635]","[14.737854527674134, 15.835751336893981, 16.833473158031016, 22.065529689049935]",39.43427104590364
455,ordinary,True,2.0016922269967106,0.09232399939734796,0.49621698396333086,31.701694783895846,2.6933647255503237,217,43,7,0,"[30.85851518, 32.94601884004135, 35.5839735271325]","[10.763941598315812, 11.538526755715543, 12.582319245694052, 14.406354829584306]",25.937349088938422,"[30.70173971, 32.817956918624745, 35.43452652765335]","[13.402179429050097, 14.414160576422946, 15.654992605835368, 18.052291539184868]",19.68806798048262
456,ordinary,True,1.9088568879923065,0.15157753410824998,0.6582738721586814,31.846589038759756,2.6160722067400464,217,43,7,0,"[30.3529487489287, 32.18924892207405, 34.824950689999994]","[10.545014207526627, 11.661459049134104, 13.193497144270872, 17.297926563438075]",41.24957606125875,"[30.2989175471691, 32.093858202074045, 34.6462914764828]","[14.181051723043913, 15.718745756872652, 17.815702095079878, 23.932809552243654]",32.91322064478821
457,ordinary,True,2.1297928329028575,0.1267243234671257,0.4693980976908764,31.925708297542208,3.1765035954992467,217,43,7,0,"[30.5924608559611, 32.98221378316275, 35.991388560000004]","[11.61920965357674, 12.740557808005018, 14.081125360759359, 16.762169870744398]",40.40977350162228,"[30.747092875, 33.4651615552023, 35.991388560000004]","[14.47224383295534, 16.162193456709577, 17.77740449359815, 22.168259016975952]",32.15702186327846
458,ordinary,True,1.9411229339840241,0.09729318230996474,0.5727373141017278,32.01677101778457,2.980191140055178,217,43,7,0,"[31.021087095, 33.6163850333305, 36.270103745]","[10.716663874185608, 11.726852202978545, 12.69335303203241, 14.706577825185677]",28.736030815017667,"[30.7981037518733, 33.6163850333305, 36.270103745]","[13.80523749145442, 15.151456281007436, 16.360699898959663, 22.162665116963588]",21.437008064966808
459,ordinary,True,1.7785311072034817,0.1571469986169953,0.7077064102733822,31.87392163503298,2.480244039641463,217,43,7,0,"[31.27458389444175, 33.6163850333305, 35.43452652765335]","[10.0, 11.74579372542825, 13.097498824866713, 16.38540937452051]",42.522762172869996,"[30.90413263054825, 33.6163850333305, 35.43452652765335]","[13.527029248180643, 16.09497662812389, 18.055674606934346, 23.479782315268775]",30.369348149489618
460,ordinary,True,2.1066895941676114,0.07845373323659546,0.5768562440411227,31.804923987342963,2.810456466582699,217,43,7,0,"[31.03269094054825, 33.61878387388505, 36.09730783]","[12.854898063685765, 13.922037854980642, 14.668995751514698, 16.403524429602253]",23.04755203089547,"[30.7981037518733, 33.61878387388505, 36.09730783]","[16.587698983256416, 17.97293025408024, 19.15780049878304, 21.226368305280236]",17.00467966011349
461,ordinary,True,2.09340737147604,0.14754305671956996,0.5331590607792382,32.116573509643594,3.188033345793657,217,43,7,0,"[30.927611047945803, 33.65155807608805, 36.43617476]","[11.728108352412265, 13.299115272943595, 14.929404132016924, 19.286384269811304]",49.42796600678107,"[30.68221255328655, 32.716773262060556, 34.824950689999994]","[14.868778251205885, 16.40009852526075, 18.12344388528567, 24.384610382902586]",49.34999372887025
462,ordinary,True,2.1419165013086583,0.12646629158969874,0.5136399376552416,32.14952592066129,3.098042297161425,217,43,7,0,"[30.54099133933135, 32.8784311031214, 35.272642877653354]","[12.073234731609158, 13.267592907487796, 14.442806249172953, 17.456371031671964]",47.58913660357238,"[30.26551414097285, 32.63123790044895, 34.619493755]","[15.123163243919842, 16.631362608499796, 18.10453105466775, 22.024398043193546]",45.41375329035082
463,ordinary,True,2.1233808649630683,0.1252526610606888,0.4670659374484374,32.19005894102942,3.210740033835751,217,43,7,0,"[30.97970272281495, 33.6521916860684, 36.43617476]","[11.561762713024622, 12.837951008106588, 14.194104272308348, 17.554933216105205]",42.12024529296531,"[30.97970272281495, 33.6521916860684, 35.689195755]","[14.311536868844646, 15.903666574827351, 17.352363105276776, 21.559390555286264]",37.846954574068086
464,ordinary,True,2.071500206374999,0.01987833041498785,0.4513702754689872,31.909281063767054,3.0797555539532646,217,43,7,0,"[30.97200247, 33.307927785000004, 35.991388560000004]","[11.493904888663733, 11.67223395533317, 11.860040204378132, 12.15907137815893]",5.287948636709184,"[30.97200247, 33.4243392690151, 35.991388560000004]","[14.036950493395498, 14.272086340686162, 14.49161672817695, 14.925475529709534]",4.091961792518786
465,ordinary,True,2.0694595061978283,0.0421353297075909,0.5274962069366339,31.721183969013346,2.8806793974211375,217,43,7,0,"[30.97518203281495, 33.61878387388505, 35.689195755]","[12.106395616132472, 12.606766272444169, 13.014563970858614, 13.72336523268851]",10.853212673847624,"[30.70173971, 33.46579516518265, 35.689195755]","[15.280020516355494, 15.932046002788882, 16.46842233947037, 17.612180939634573]",7.712498405352336
466,ordinary,True,2.0886047299844024,0.0892769847091179,0.48684389009452095,31.626072049954196,3.1356521604557623,217,43,7,0,"[30.61625144103, 33.0135825203314, 36.09730783]","[11.651624349982121, 12.472516743417724, 13.51162053853876, 14.819978067579392]",29.11223725190856,"[30.70173971, 32.855693790000004, 36.09730783]","[14.579550931468201, 15.456684303842177, 16.913200313733952, 22.038801580667464]",20.77393050282469
467,ordinary,True,1.9574650335781179,0.13743508404582677,0.6343257760861576,31.774722763892715,3.152910901134784,217,43,7,0,"[31.0253201733632, 33.6521916860684, 35.818592644999995]","[11.416137151331169, 12.820506535833367, 14.248897941144886, 16.663884533294876]",44.10368366440548,"[30.90413263054825, 33.6521916860684, 35.818592644999995]","[15.138821833003227, 17.14374088864813, 18.938280401195648, 24.00601586126899]",38.75745991328944
468,ordinary,True,2.0299336927535525,0.06865200035292844,0.5190831708126021,31.53811480498623,2.7660102923125844,217,43,7,0,"[30.61625144103, 32.88265373593305, 35.642604625000004]","[11.394363205960962, 12.029118283071789, 12.753863247835207, 14.23304436975808]",19.674307861100964,"[30.61625144103, 32.65507661899595, 35.46054748]","[14.411201254523155, 15.116348302004079, 16.135571927379, 18.331550771752983]",15.4257959912763
469,ordinary,True,2.1344857714535217,0.14897091174015514,0.4897139920954791,31.804443640171524,3.1074303507901764,217,43,7,0,"[30.90865332054825, 33.59095144055455, 36.32668681]","[11.866095262297643, 13.589307129235465, 15.379872056704091, 19.0329485342344]",54.5635205008133,"[30.7981037518733, 33.59095144055455, 36.32668681]","[14.85068586510946, 17.03678485170055, 19.59399265347118, 24.761341125984234]",43.66042213863774
470,ordinary,True,1.9747875265664565,0.08849617165612592,0.5915587697806045,31.62414718046407,2.84082471743179,217,43,7,0,"[29.55072956140705, 31.835775192944702, 34.82428092]","[10.983098216437632, 11.730524540518365, 12.680894310124001, 14.716247090505513]",29.91538620160304,"[30.71007222013085, 32.65507661899595, 35.07972461]","[14.840558546411676, 15.788523699599603, 16.734621318978128, 23.313685684752823]",24.347592341335513
471,ordinary,True,2.1136694259358433,0.07117111441336084,0.4911507421948803,31.706648678756334,2.761247428071143,217,43,7,0,"[30.96463170281495, 33.0756697561724, 35.78833718]","[12.11027774194547, 12.793990414944428, 13.62628794604629, 15.084194319082984]",19.956483432506985,"[30.787540665, 33.452171702345595, 36.067052364999995]","[15.05287457583825, 16.14606045239186, 17.187861871543344, 18.82546394869216]",14.145454023897074
472,ordinary,True,2.0949419723226237,0.061056815569052986,0.5101284459790456,31.99840760793091,3.2819885707513827,217,43,7,0,"[30.90865332054825, 33.75308582329245, 36.43617476]","[12.08974972319757, 12.766701145621159, 13.41745037722821, 14.793823392619327]",19.399493427104723,"[30.80642350513085, 33.6163850333305, 36.43617476]","[15.188047630207743, 16.015104534781216, 16.908248333377895, 19.890704158949713]",13.410347229636024
473,ordinary,True,2.2140793391765268,0.08832485447997207,0.38274828697777863,31.998285046598532,3.2001936511700224,217,43,7,0,"[31.066704545548248, 33.7752886705256, 36.270103745]","[12.095659375691296, 13.105808812067988, 13.963071333387614, 16.2536903726896]",26.773018644141786,"[30.79587317513085, 33.61575142335015, 36.270103745]","[14.330298508069095, 15.527443612463543, 16.66809057499723, 19.234442723915937]",20.068954390029454
474,ordinary,True,2.110248670314255,0.11568284100695425,0.5525093538558518,31.75167658282545,2.6333701908501936,217,43,7,0,"[30.97970272281495, 32.817956918624745, 35.444663407132495]","[12.422716730709126, 13.527082782153268, 14.820748865985472, 18.17352600230753]",33.202628190053005,"[30.8086540818733, 32.817956918624745, 35.444663407132495]","[15.921396215505146, 17.35253819208157, 19.364843941564732, 23.190797429351885]",25.021488227953196
475,ordinary,True,2.2135788471562785,0.0671417891950743,0.36301607651219797,31.646318605038523,2.896547733668741,217,43,7,0,"[30.253038500771098, 32.489931172488355, 35.689195755]","[11.883991414328777, 12.487115686195136, 13.398765968196308, 14.774192071668354]",20.226782641464563,"[29.975810298022402, 32.331969244999996, 35.4267878412052]","[13.94467789517723, 14.69339750262667, 15.720969484424572, 17.396403073664658]",14.774269350797368
476,ordinary,True,1.997191786432231,0.20972183145950862,0.545404183735956,31.938341457659796,3.0636697799409625,217,43,7,0,"[30.8131747718733, 32.855693790000004, 35.41665096172605]","[10.484347817213852, 12.093675414525523, 13.743514392535726, 19.1166459886316]",81.81327394594999,"[30.68221255328655, 32.642336522060546, 34.3202115368548]","[13.404028501064321, 15.414842704680158, 17.143848394405083, 24.538375535058226]",86.10185196268841
477,ordinary,True,1.9920333675492645,0.18068584740053567,0.545538711288018,31.89450403560335,3.03281434326814,217,43,7,0,"[30.79587317513085, 33.61878387388505, 35.78833718]","[10.437588610784008, 12.474098432154442, 14.440422158951076, 18.95972617125605]",56.60803022161021,"[30.3309844082404, 32.70331563206055, 34.85984614]","[13.248028850894743, 15.34358809600716, 17.20960090247943, 24.10251231836251]",57.43622160741836
478,ordinary,True,2.081456964559595,0.09545039125333744,0.49997346644883495,32.02549617258027,3.0025879236920017,217,43,7,0,"[30.90865332054825, 33.24811706996741, 36.067052364999995]","[11.605003564854945, 12.482203024234895, 13.487589350883034, 15.802207573251705]",26.34318568897457,"[30.69418602440025, 33.24811706996741, 35.784493075]","[14.479165535174007, 15.702429967005473, 16.894164953516047, 19.689847413328245]",20.601057604752953
479,ordinary,True,1.9696827058141275,0.1732504370016039,0.6173624105065169,32.014051071178805,2.9208915743656143,217,43,7,0,"[31.0253201733632, 33.61575142335015, 35.818592644999995]","[10.99685887174749, 12.93319193144717, 14.385593030928431, 20.700137429618945]",53.90445620878599,"[29.6041775587715, 31.4807653089329, 33.48942369335015]","[13.576210704715198, 15.094443804269494, 17.143738336795096, 24.160320594511514]",72.39884603942386
480,ordinary,True,2.1319552721988,0.09819094333989695,0.4569131983413777,32.294209739081374,3.3001571254701414,217,43,7,0,"[31.0253201733632, 33.5885526, 36.696902405]","[11.735496647124034, 12.689944036223993, 13.665268026721968, 15.640986587105859]",31.442158709228465,"[30.90865332054825, 33.5885526, 37.277296705]","[14.39762147711943, 15.617403466372098, 17.358937612484414, 22.08809946694279]",22.84959625013943
481,ordinary,True,2.0449641575387223,0.12278221911532287,0.5064350406705389,31.73220080309272,2.850983055570459,217,43,7,0,"[30.3338417815045, 31.952446668137, 34.994482545]","[11.006145068991625, 11.693516239377924, 13.078487202523448, 15.779441120874287]",37.3473185908519,"[30.97970272281495, 33.6163850333305, 35.913889964999996]","[14.104456942330968, 15.812781216392484, 17.68602918664315, 21.24270974292398]",29.711830804301492
482,ordinary,True,1.979576626286029,0.10219724131883141,0.6377301998825238,32.200266028494035,3.5453307840730894,217,43,7,0,"[31.04025883, 33.75437025555455, 36.587414455]","[11.765760638633685, 12.775690171228797, 13.637180631880803, 17.899425959979016]",28.92975242246156,"[30.8086540818733, 33.61878387388505, 35.43452652765335]","[15.601446474840115, 16.941579739875316, 17.851179233573877, 23.696456011984427]",25.734800933482376
483,ordinary,True,1.8655638475723122,0.08937633926434381,0.6523002960624901,31.68155129922481,2.6303565692456496,217,43,7,0,"[30.2187791664552, 32.4967555087638, 35.23874368]","[10.478137555818531, 11.32420115020384, 12.167407155780255, 14.420588743874811]",23.271769993079168,"[29.96721196103325, 32.2768860333865, 34.968266275000005]","[13.96085908879069, 15.07327264538076, 16.31076019155339, 19.86330579790988]",19.505354491265336
484,ordinary,True,2.2431826970536144,0.04102976305143998,0.4426666983873333,31.86661293194931,3.3387857027447936,217,43,7,0,"[30.98707349, 33.6163850333305, 36.624364005000004]","[13.437531709329475, 13.888325154255746, 14.31027852738357, 15.140769311556076]",12.940538294635815,"[30.75052001013085, 33.46579516518265, 35.971755044999995]","[16.33491432755585, 16.895016791099287, 17.39129346675939, 18.6221853294911]",9.749348347079207
485,ordinary,True,1.878950781145821,0.10634734229070691,0.7256394564640941,31.961569013066363,2.8337317253069703,217,43,7,0,"[30.7981037518733, 33.2727718999674, 35.78833718]","[11.318542110240108, 12.425821131791393, 13.541806545446793, 15.671035565533373]",26.82023995186454,"[30.7981037518733, 33.61878387388505, 36.067052364999995]","[15.68760703249465, 17.468097447954342, 19.080088340691095, 22.55066175483465]",20.83405836360523
486,ordinary,True,2.102248139357664,0.0435382604990787,0.48237400985017787,31.939505523887277,3.1828750238803503,217,43,7,0,"[30.90865332054825, 33.80998091497105, 36.43617476]","[12.014128614803225, 12.519537116592803, 12.928878335458444, 13.584599741711148]",12.222100584621597,"[30.8086540818733, 33.61878387388505, 36.116941345]","[14.884448970124986, 15.490516222832047, 15.985377503006935, 17.2220359576356]",9.618466503493629
487,ordinary,True,2.0323880709001996,0.12736980037199072,0.5506623109864689,31.670863535573577,2.8688561889805486,217,43,7,0,"[31.03269094054825, 33.24764125298945, 35.58841657265335]","[11.502277761528573, 12.777909259581746, 14.022769362655039, 16.757912382557304]",44.44171919405024,"[30.90413263054825, 33.329890218046955, 35.43452652765335]","[14.769985559497893, 16.47814892490685, 17.963917793369852, 21.538668669311775]",39.14192396937325
488,ordinary,True,2.1066727940843077,0.1525047751915618,0.5420859737364345,31.76214816131899,2.7711091895857565,217,43,7,0,"[31.0253201733632, 33.61878387388505, 36.067052364999995]","[12.06552550010814, 13.974141046780462, 16.050058900127432, 19.64567107898395]",44.39478169888254,"[30.69418602440025, 32.63123790044895, 34.535671918803445]","[15.336003854085291, 17.122581947862166, 18.790187347224396, 24.936611753400637]",36.431706509627375
489,ordinary,True,2.1051754088160393,0.08489775506719494,0.5279209854138539,31.499636614116863,2.5948959996181844,217,43,7,0,"[31.016566405, 32.88265373593305, 35.10594088]","[12.375976158698974, 13.236107156389972, 14.046714000145403, 16.04692514963311]",27.508192538521705,"[30.69418602440025, 32.643977997384354, 34.7518470314828]","[15.618826799670174, 16.69646366184499, 17.64750563850142, 20.347822692588245]",21.184818002442473
490,ordinary,True,1.9110587425566645,0.10861453973384201,0.5559670075418833,31.736355631811573,2.732117985821942,217,43,7,0,"[31.041446915, 33.6163850333305, 35.784493075]","[10.2464079735609, 11.415387810298771, 12.31636934568066, 14.161715392748725]",25.794800179066854,"[30.739539189400247, 33.6163850333305, 35.784493075]","[13.114879551220229, 14.719281326845687, 15.873543063958474, 19.251331782853384]",18.652149240638565
491,ordinary,True,2.1044776116103896,0.08478857226059813,0.4834228055188133,31.69698906526326,2.758263841394789,217,43,7,0,"[31.0253201733632, 33.597849262737896, 35.43452652765335]","[11.864854711816465, 12.869282866245289, 13.758355553455063, 15.566430834021379]",23.06973811279364,"[30.90865332054825, 33.597849262737896, 35.43452652765335]","[14.735280779860322, 15.967529692857015, 17.037514623509036, 19.756779332028078]",15.481328458874557
492,ordinary,True,1.9954854260104486,0.17563062029843832,0.5257201781867422,32.05500237951235,2.914111773344826,217,43,7,0,"[31.0253201733632, 33.61575142335015, 36.696902405]","[10.405565804716062, 12.194687072169316, 14.421073057062243, 17.720440198295286]",50.12952843176482,"[30.79587317513085, 33.61575142335015, 36.696902405]","[13.124789659528131, 15.582931639452607, 18.623909381021715, 23.48593624366089]",39.67632887083815
493,ordinary,True,1.9291081855439498,0.09401298539370215,0.608988604642868,31.764531192381714,2.9377372547517404,217,43,7,0,"[30.90413263054825, 33.6163850333305, 35.58841657265335]","[10.995640708205002, 11.998448905504224, 12.809500917181442, 15.023646104324552]",27.25191256281979,"[30.8086540818733, 33.4651615552023, 35.58841657265335]","[14.419078025092416, 15.73451057476234, 16.833645839466353, 19.639403403076866]",22.935525536083748
494,ordinary,True,1.89926295077036,0.15077287504703785,0.6954958202690499,31.88176804964001,2.991190371666308,217,43,7,0,"[30.97970272281495, 33.15713729, 36.379591695]","[11.17980655333372, 12.421082875710752, 14.267377883428653, 18.188477053548812]",46.05529000605861,"[30.80642350513085, 32.63123790044895, 34.411814519222446]","[15.260666965634313, 16.825080205098587, 18.184213370811516, 24.69888180958048]",44.372983176322506
495,ordinary,True,2.1710551220333323,0.10257973339788455,0.514707233423178,32.101011913341054,3.218022996187114,217,43,7,0,"[30.89358230054825, 32.793997146935396, 35.43452652765335]","[12.835472757865983, 13.63679788533918, 14.520922073960966, 16.93284840520148]",34.61753035998893,"[30.89358230054825, 33.5885526, 36.8111298]","[16.188546514953963, 17.636334577305632, 19.354979729982475, 22.614298030202715]",27.583557176819802
496,ordinary,True,2.103145973313994,0.040186550319631996,0.4882948248649337,31.712909410793827,3.3143675815761977,217,43,7,0,"[31.08587628054825, 33.751971415, 36.09730783]","[12.158209450675127, 12.593174392807, 12.956374301533744, 13.546442806095902]",11.693529350053325,"[30.8086540818733, 33.6163850333305, 36.09730783]","[15.0870324467536, 15.635484573463819, 16.110815476844962, 16.96376750782765]",9.073431149884406
497,ordinary,True,1.8789735334232485,0.14785419359808474,0.6000717537529947,31.693714009635837,2.8000569537095705,217,43,7,0,"[30.54263037933135, 32.4967555087638, 35.04196458]","[10.0, 11.052056330350545, 12.357025637680652, 15.59530115425842]",46.46961352090219,"[30.6746588676868, 32.642336522060546, 35.04196458]","[13.240938548568385, 14.679415968527513, 16.396449455803573, 20.95207918063887]",41.591403112156335
498,ordinary,True,1.7610560900156051,0.12722307763285112,0.7459428089729002,31.60683837506478,2.4253827223143265,217,43,7,0,"[30.98707349, 32.80167838862475, 34.85917637]","[10.278953706106112, 11.379398712550255, 12.451010182433683, 15.704973891065238]",35.12053137203769,"[30.84344416, 32.741668448490245, 34.85917637]","[14.391378557098674, 15.921083040989616, 17.354749161088833, 22.661663417536886]",28.94943877744687
499,ordinary,True,2.130238647217854,0.14001060319139016,0.5037670269979635,32.0511554352233,3.1449022137221907,217,43,7,0,"[31.0253201733632, 33.65155807608805, 35.913889964999996]","[11.973096549068813, 13.483439256313174, 15.062487690140774, 22.872382275441275]",49.15731281342178,"[30.61625144103, 32.2768860333865, 34.411814519222446]","[14.960203904685775, 16.048559102822132, 17.54531898819608, 22.168084840352897]",58.26274578381822
