iteration,mode,success,intercept,beta_bmi_std,sigma,bmi_mean,bmi_sd,n_left,n_interval,n_right,n_uninformative,rho80_cuts,rho80_times,rho80_cost,rho90_cuts,rho90_times,rho90_cost
0,credible,True,1.85029076555854,0.2666267637457532,0.3231730677515073,31.909461430266248,2.9578502169106113,235,16,9,7,"[32.293475444963704, 33.6163850333305, 35.65718455]","[10.0, 11.329746669497274, 13.15997095630014, 20.906876714313032]",102.57033108073733,"[29.50395123401475, 30.97970272281495, 33.128525569527596]","[10.295205982478004, 11.648228117978768, 14.303249058781665, 24.83995512633565]",128.35112879758213
1,credible,True,1.6893693187712695,0.40023091137819716,0.3353735733579025,32.075641567203164,2.9571517533902365,235,16,9,7,"[33.35454504804695, 34.056319955, 35.661028654999996]","[10.0, 11.150696120259026, 13.377386607309527, 22.927813689592455]",209.33950139710345,"[30.75052001013085, 31.5975026520864, 32.423729663906755]","[10.0, 10.39760506020089, 11.774116063228872, 22.838724244873532]",283.15450638800263
2,credible,True,1.7666091238427062,0.28608233646413694,0.3439197681154764,32.008148951698985,3.045852594446692,235,16,9,7,"[32.96671152593305, 34.42010653732065, 35.818592644999995]","[10.0, 11.416656562855488, 13.31332195859706, 20.227022421941168]",129.38429313757206,"[30.70474911127355, 32.855693790000004, 34.01253445026795]","[10.781763235173461, 13.317541276222014, 14.843091323112924, 24.713881391973153]",123.82006387842299
3,credible,True,1.5568797945531523,0.2710221538927582,0.4695154713894275,31.748917867215326,3.009992501426766,235,16,9,7,"[32.96671152593305, 34.01253445026795, 35.661028654999996]","[10.0, 10.85670967065876, 12.54623944667055, 21.172430569668514]",121.86425519715903,"[29.525661425178548, 30.97970272281495, 32.741668448490245]","[10.757893290878545, 12.174753774539834, 14.333733803028387, 24.592972839038243]",142.58670281290708
4,credible,True,1.9892294328453513,0.1476665485239548,0.23653774284988496,31.95901321554456,3.067567427923469,235,16,9,7,"[31.889543875, 33.96154718, 36.32668681]","[10.0, 10.937328413610135, 12.144652282799969, 14.350343863339207]",47.70299958333853,"[30.85879222242155, 33.6163850333305, 36.32668681]","[11.489320625286874, 13.159647900373802, 14.848210880010992, 23.009107296279726]",30.80749369091868
5,credible,True,1.883662028185801,0.12110048577121861,0.30215706537092046,31.663356542206635,3.0499955988559257,235,16,9,7,"[31.8879833079447, 33.52410683, 35.78833718]","[10.0, 10.629970082887947, 11.676503911149949, 13.466292108449634]",37.87933532561646,"[30.3632535415045, 33.52410683, 35.78833718]","[12.003794032770362, 13.585847519497076, 14.95470638330008, 18.607318699491955]",21.726689731373607
6,credible,True,1.927281431825905,0.22947781892141614,0.33256026685010603,31.719095882606723,3.0481973368472515,235,16,9,7,"[31.03269094054825, 32.788220758624746, 35.57383664765335]","[10.0, 11.486991970145555, 13.147844828594986, 20.535189951766192]",87.63923081042302,"[29.92762346, 31.45196235277445, 33.43571488]","[12.303784248326574, 13.81231818119487, 16.109398019599123, 24.981954409951655]",107.53449851028542
7,credible,True,1.7141640640090718,0.19328482091535007,0.38048990694131046,31.702417219394977,3.1357830147681405,235,16,9,7,"[32.892003438666094, 34.42799763, 36.43617476]","[10.0, 10.934944019200797, 12.453105608476468, 16.825743649199765]",71.05359886627144,"[30.79587317513085, 33.61575142335015, 36.43617476]","[11.882094319039254, 14.210586914636632, 16.95428833210958, 22.90741909684926]",37.15931427449297
8,credible,True,1.7907043299267194,0.260955836529616,0.32366566269019215,32.06695380861413,2.844598049217267,235,16,9,7,"[33.035066021815396, 34.392796086077254, 35.78833718]","[10.0, 11.259707554192746, 13.015935688948339, 17.96761687442072]",100.393077503462,"[30.96463170281495, 33.402089945911, 35.2208681140727]","[10.697272619993443, 13.557410114293132, 15.978335922091855, 23.703070409674453]",68.52513416180882
9,credible,True,1.5892034419739702,0.2098328674025352,0.41749631762991196,31.563308896602422,3.1850811640762333,235,16,9,7,"[33.337644175911, 34.277450647824, 36.270103745]","[10.0, 10.2957929510009, 11.618502892525802, 16.418590993716123]",111.58101784873992,"[30.3292723037254, 32.271096155630204, 34.42010653732065]","[11.14351823034476, 12.658714960281122, 14.45811984458119, 23.03407564033143]",66.69439982370811
10,credible,True,1.6898652632504596,0.24692265255231358,0.3865917391990168,31.84737293667971,2.9066589024669063,235,16,9,7,"[32.9729787859744, 34.266714834222455, 36.067052364999995]","[10.0, 10.85742092106068, 12.769359181440903, 17.445476215128522]",91.66838845935382,"[30.7981037518733, 33.307927785000004, 35.00033464]","[11.284407956268392, 14.106741733129082, 16.46848525934289, 23.868970142916847]",62.231570086452514
11,credible,True,1.959417955680265,0.1859000902213972,0.28186287540725335,31.99809349551367,3.1966083044127536,235,16,9,7,"[31.601903731978553, 33.6521916860684, 36.43617476]","[10.0, 11.188574365428744, 12.995418958077975, 17.83916403526091]",57.64441655285167,"[30.761083097004153, 33.463547313330494, 36.32668681]","[12.058796379547317, 14.137249226305526, 16.33998450389223, 22.42031325212477]",43.92275236303334
12,credible,True,0.8112658212753354,0.49964679448910265,0.7237205487782066,31.964715312734832,3.292638914509768,235,16,9,7,"[30.8131747718733, 31.6993715345789, 35.4267878412052]","[10.0, 10.0, 10.0, 18.68985041480101]",356.66894419546867,"[31.31656740805975, 32.2768860333865, 32.741668448490245]","[10.0, 11.328219502407634, 12.372182890888809, 24.770185010118094]",441.78234491990463
13,credible,True,1.1825859985145764,0.34201392116780616,0.544136793280533,31.41696635081997,2.7122787860548114,235,16,9,7,"[30.13270729597285, 34.056319955, 35.689195755]","[10.0, 10.0, 11.709138487459505, 17.09164080384333]",179.90905796527488,"[30.90865332054825, 32.18924892207405, 33.332582615]","[10.0, 11.675764884383605, 13.410608454762096, 22.620202941905454]",90.14296620192982
14,credible,True,1.736224856374352,0.38707543826708724,0.2857394276034682,31.743486193443886,3.029467737188264,235,16,9,7,"[33.24764125298945, 34.111694459999995, 35.818592644999995]","[10.0, 11.073644905304102, 13.714085288383126, 24.654611658773483]",182.36776304694018,"[31.36167536363805, 32.2081801955951, 32.9081672631214]","[10.0, 11.012413121371324, 12.190373286696296, 21.60284819934326]",205.06124085831217
15,credible,True,1.5774822130673927,0.23498607300318528,0.4108883710199817,31.634337608679758,3.2556770041402414,235,16,9,7,"[33.6163850333305, 34.492691086543104, 35.661028654999996]","[10.0, 10.40541509681997, 11.140917623891053, 14.7355855739214]",117.15644518161888,"[30.79587317513085, 33.3086785, 35.02941549]","[10.99243352133266, 13.288361609658399, 15.226512634373844, 20.77469633971159]",68.81967561702527
16,credible,True,1.7337667209505059,0.1252499328315489,0.3729488634975121,31.85736887607825,2.724849744403321,235,16,9,7,"[33.2076677349674, 34.411814519222446, 35.689195755]","[10.0, 10.508613580148118, 11.250561229409811, 13.36965111811479]",49.47026370978305,"[30.739539189400247, 33.6163850333305, 35.689195755]","[12.053922610743722, 13.750332910243205, 15.237894991242301, 18.800130974983393]",20.53406178018493
17,credible,True,1.8386398092949263,0.23679744361942012,0.3098698168715203,32.03288638237163,2.870012457985607,235,16,9,7,"[32.7642609869354, 34.3202115368548, 36.32668681]","[10.0, 11.342254885140928, 12.999595430769647, 18.8587430785485]",87.83644346956498,"[30.92984162468825, 32.642336522060546, 34.411814519222446]","[11.035908181055444, 12.831382107362957, 14.782625846969083, 24.246188450993372]",66.59740017984761
18,credible,True,1.8070168291536297,0.25809124232159064,0.3514124323174009,31.839490354371613,2.8633192967363925,235,16,9,7,"[32.1885791644288, 33.61878387388505, 35.5985534521325]","[10.0, 11.34558347717661, 13.250979837549197, 20.951665426690496]",96.7543876172962,"[29.5060182137715, 30.90865332054825, 32.54021816248835]","[10.556822188476984, 11.944144835317028, 13.89658760541221, 24.1815849035494]",131.6381776406445
19,credible,True,1.3651103863827798,0.35578376181050636,0.44426466506740236,31.86299167784498,2.8480927482141944,235,16,9,7,"[29.32178088201715, 34.618823985000006, 36.270103745]","[10.0, 10.0, 11.562895388432171, 18.001515672886928]",181.75646430995036,"[31.66284253, 32.80167838862475, 33.75437025555455]","[10.0, 11.567987472511557, 12.781380991865417, 24.017578102172177]",109.17907140811428
20,credible,True,1.8030792157891995,0.1722414166184178,0.35483593933260493,31.63718354139605,3.057094048735052,235,16,9,7,"[32.0931884444288, 33.7752886705256, 36.09730783]","[10.0, 10.91857418348748, 12.38467237095891, 15.162489631985242]",55.737645089585534,"[30.8131747718733, 33.61878387388505, 36.09730783]","[12.400370404261013, 14.559046857158025, 16.630638607620494, 22.595073923984422]",37.052332285618924
21,credible,True,1.8651176479740679,0.16807753207752588,0.3041439335198856,31.88000352923594,3.1159964046350455,235,16,9,7,"[32.44832318267055, 33.80998091497105, 35.913889964999996]","[10.0, 10.689223944968381, 11.8505179848566, 15.366823071483367]",61.7152784693551,"[30.536487856629748, 32.642336522060546, 35.1443427240727]","[11.55628611276566, 12.930064949076499, 14.846772005389298, 20.74880649511034]",45.90840119074551
22,credible,True,1.739662254746586,0.2082547890848739,0.2693590272731388,31.80136431227012,2.478371955469198,235,16,9,7,"[31.30462428941985, 34.2304863568548, 35.4267878412052]","[10.0, 10.0, 10.822619069536024, 15.08192699829092]",107.07912182087998,"[31.65839805197855, 33.6163850333305, 35.4267878412052]","[10.0, 11.759927686211375, 13.645526992940269, 19.076254269509167]",32.20946789841363
23,credible,True,1.8842216969051646,0.21126316889345198,0.3149651958213235,31.84729171363436,3.1703567310099716,235,16,9,7,"[31.8879833079447, 33.6521916860684, 35.614437525]","[10.0, 11.153428006267797, 12.806684435874292, 18.908579011859782]",80.57639378656353,"[30.7025185345311, 32.3035709155951, 34.187725467824]","[12.00555123427223, 13.327962571033227, 15.225753676513074, 24.41091893153799]",75.81691087384246
24,credible,True,0.7109472513678988,0.32539996159590684,0.6873795062669353,31.699597954566496,2.785414108534611,235,16,9,7,"[28.56652825177255, 32.717708676800896, 35.65718455]","[10.0, 10.0, 10.0, 12.31105689977148]",243.93823451415778,"[32.547191500448946, 33.99974703784895, 35.65718455]","[10.0, 11.825509933948425, 14.589765737602665, 22.408080116681205]",58.70075359045319
25,credible,True,1.7837853354091338,0.01629555516311936,0.3929937995900225,31.814889868144732,2.6332834563198175,235,16,9,7,"[30.90865332054825, 33.3598934990151, 35.689195755]","[10.176752442603856, 10.330823197561516, 10.48627778268599, 10.699486282322917]",3.5250454267701503,"[30.90865332054825, 33.43571488, 35.689195755]","[14.012426028918592, 14.237392664914731, 14.450131237566861, 14.715278035270897]",2.677457739049477
26,credible,True,1.3072026250947442,0.40714665241645726,0.4260465916820616,31.803019590784228,3.1989808818919023,235,16,9,7,"[32.717708676800896, 34.10245052764635, 35.74174605]","[10.0, 10.0, 10.092586316171051, 17.01610057410011]",268.0902947040565,"[32.240660877037755, 33.035066021815396, 34.10245052764635]","[10.0, 10.8980704470794, 12.250200284576726, 24.038435851868744]",201.02632633890806
27,credible,True,1.7363438930133421,0.20191734788576793,0.33860543032482227,31.698144480017422,2.9250246385616,235,16,9,7,"[33.307927785000004, 34.258432214678805, 35.74174605]","[10.0, 10.676389227030304, 11.627679803831002, 15.175791148415472]",90.52116804350666,"[30.89358230054825, 33.65155807608805, 35.74174605]","[11.0396466602881, 13.411912495498932, 15.339661919253514, 22.911077896136483]",48.78242880381848
28,credible,True,2.0141388657087864,0.11234245907382237,0.264861926001291,31.73320522843702,2.5802703073576843,235,16,9,7,"[31.03269094054825, 33.48942369335015, 35.614437525]","[10.240387295828988, 11.483139081304655, 12.474515678471068, 14.568675441824965]",31.156011697340606,"[31.03269094054825, 33.6163850333305, 35.614437525]","[12.823144015952394, 14.426566374087777, 15.834394290711568, 18.531066587379122]",24.329070032354444
29,credible,True,1.9145592547193653,0.04298547973073739,0.2577926234083129,32.03268210653443,2.9459066149691835,235,16,9,7,"[33.51725612668065, 34.42010653732065, 35.81474854]","[10.0, 10.003884451411523, 10.208565520055945, 10.761041824233232]",21.952346902707053,"[30.92984162468825, 33.6163850333305, 35.81474854]","[11.705537787898233, 12.191527346521708, 12.585870289334526, 13.650456587157006]",7.358287680894597
30,credible,True,1.3687734983649387,0.4210521356106873,0.460019873923831,31.364930135533083,2.761985669584609,235,16,9,7,"[33.0606690944397, 33.91226361784895, 35.65718455]","[10.0, 10.884734376301635, 13.256207072104706, 22.297941756940517]",179.21094801901992,"[30.4768398, 31.066704545548248, 31.758368292944702]","[10.0, 10.1445571643168, 11.389663784822162, 23.657655578402753]",172.08694639191015
31,credible,True,1.5908642544353193,0.2564142328280149,0.3789116226167181,31.630076625922673,3.0794241020670428,235,16,9,7,"[33.4651615552023, 34.258432214678805, 35.46054748]","[10.0, 10.244981088536443, 11.038429840678903, 16.854371735356903]",136.23356959676187,"[30.608648372512548, 32.3035709155951, 34.721552450000004]","[10.244265296022945, 11.682161811039785, 14.311864662556589, 24.895372821610938]",72.61793109319453
32,credible,True,1.8986464997546075,0.21051313075621936,0.29028158435786844,32.07628484500018,3.2972131504632785,235,16,9,7,"[32.44832318267055, 34.338272450000005, 36.696902405]","[10.0, 11.16838418419088, 12.781627420874056, 17.801509467387348]",70.40591076731656,"[30.787540665, 33.61878387388505, 35.65718455]","[11.412918506210795, 13.757190670571353, 15.543411346386964, 22.526251517318887]",51.92920272943961
33,credible,True,1.640585422765094,0.40850655176945033,0.29684667847746854,31.700897833276855,3.013949506369209,235,16,9,7,"[33.375579955911, 34.056319955, 35.1705589940727]","[10.0, 10.595948326129163, 12.054713941335988, 24.427530854668234]",219.08475375455828,"[29.152824510000002, 31.6993715345789, 32.3282979883502]","[10.0, 10.0, 10.505051730789472, 20.87365131008202]",263.87008975067863
34,credible,True,1.5760379157582816,0.30268466767576235,0.42114147870397123,31.65414840243475,2.6702413721800933,235,16,9,7,"[33.05440183439835, 33.6163850333305, 34.42010653732065]","[10.0, 10.551089070108883, 11.517749598852994, 19.816650421248713]",157.21356071006448,"[29.975810298022402, 31.0253201733632, 32.9759465231214]","[10.0, 11.0220106384491, 13.911071488589922, 22.8808220664649]",171.67925034542134
35,credible,True,1.9250257759052265,0.18288877377046148,0.3133090680882942,32.036346644467535,3.2222623105534915,235,16,9,7,"[31.5045234250675, 33.830278697737896, 37.157963695]","[10.0, 11.308879739778677, 13.474214196595096, 17.7371352245738]",53.15579366072266,"[30.90865332054825, 33.41899081804695, 35.78833718]","[12.567770365570214, 14.580135573513086, 16.67466315598347, 22.86785625196521]",43.63891327554424
36,credible,True,1.9690407981206868,0.11358798334001609,0.27129670274108086,31.93048171069476,3.0516817260343814,235,16,9,7,"[31.28546464441985, 33.61878387388505, 36.09730783]","[10.0, 10.944206770186307, 11.974779232898436, 13.656630116448401]",32.22032868420068,"[30.89358230054825, 33.61878387388505, 36.09730783]","[12.367955412875766, 13.699464387223028, 14.952854846343682, 18.313977564120048]",24.76457012383512
37,credible,True,1.9555055062974507,0.21494181231927217,0.2687357380114587,31.664861844430938,2.856918887539307,235,16,9,7,"[31.7686576929447, 33.75437025555455, 36.067052364999995]","[10.0, 11.637461588248877, 13.46982429455503, 19.4056472651549]",60.63182910847344,"[30.70173971, 32.9081672631214, 35.78833718]","[11.67078612484787, 13.679417813624227, 16.74965860483745, 24.130824544506766]",35.994516187732415
38,credible,True,1.8718810083149113,0.24186524552374797,0.3420833814613829,31.713492186460204,3.0415576997792915,235,16,9,7,"[31.59542261169325, 33.8470987770759, 36.32668681]","[10.0, 11.880748847163781, 14.324226854784843, 19.097506202620274]",70.39209485203332,"[29.9478781980224, 31.4807653089329, 33.96154718]","[11.801675996827873, 13.285298327561962, 16.16204814268591, 24.886854305556312]",62.464722684089864
39,credible,True,1.8921347082417626,0.250675602578876,0.33953059130161894,31.842300341411555,2.931146750148143,235,16,9,7,"[31.67270952655745, 33.96154718, 35.967910939999996]","[10.0, 12.199099913195612, 14.646119068766295, 20.101554618643707]",91.7664704123556,"[29.334636189999998, 31.03269094054825, 33.035066021815396]","[11.097726704916184, 12.74962369382881, 15.134541652395503, 22.289441640680682]",120.84922516312682
40,credible,True,1.5273297689377738,0.21635044880430956,0.4162856505951968,31.702571681623454,2.8909411651210344,235,16,9,7,"[29.415395388195698, 33.9068808499538, 35.78833718]","[10.0, 10.0, 10.445862226387248, 14.332172823144651]",120.47452670317158,"[30.72266034328655, 32.7659476898655, 35.15935371]","[10.493385610710469, 12.268851195387963, 14.409465318481649, 20.302265573141664]",46.700117650695574
41,credible,True,1.6753357901500279,0.18648746480078326,0.3227107009215059,31.796913218812545,2.7397705175988194,235,16,9,7,"[28.376274255, 34.056319955, 35.3033617940727]","[10.0, 10.0, 10.341800216803847, 13.59060532852484]",110.78817602037765,"[30.85879222242155, 33.0606690944397, 35.3033617940727]","[10.0, 11.650667466855436, 13.4353570067886, 18.088179977460165]",38.73404762071559
42,credible,True,1.2383570561117876,0.413474002829741,0.4962017633336818,31.81243196353801,2.9389579309809366,235,16,9,7,"[30.456294565, 34.056319955, 35.614437525]","[10.0, 10.0, 11.188129239172591, 22.14469008036046]",237.58747176608335,"[29.749820315464298, 31.3328724074796, 31.996085665000003]","[10.0, 10.0, 10.526657072442651, 22.183410355037534]",280.069066784921
43,credible,True,1.6379492513185854,0.13117689862275922,0.41137603890411195,31.966058446926805,2.984151703386517,235,16,9,7,"[33.75308582329245, 34.824950689999994, 36.270103745]","[10.0, 10.172290205921042, 10.719533429616545, 12.48416281423816]",59.83110779971062,"[30.89358230054825, 33.6181502639047, 35.971755044999995]","[11.961873784026478, 13.515026012808665, 14.959206569130451, 17.5369827570942]",20.370897932053015
44,credible,True,1.9057733826197305,0.29265438617666,0.30695799543235613,31.999860115253913,3.1949012150699705,235,16,9,7,"[32.031642343137, 33.92505103026795, 37.157963695]","[10.0, 11.637632370110731, 14.77011418009162, 23.757304972356984]",118.20145989370864,"[29.55072956140705, 30.937212391873302, 32.395212404999995]","[10.388343740567135, 11.660787818526002, 13.624010153507776, 24.942497172112]",182.02488133688183
45,credible,True,1.9074409174069937,0.30708232374991157,0.34819945254887863,32.427356246496466,3.468201196157644,235,16,9,7,"[31.838615695, 33.96154718, 36.999319045]","[10.0, 11.906481779982407, 14.902548942727845, 23.592963359017013]",116.32189252375835,"[29.525661425178548, 30.59267890122185, 31.636180521978552]","[11.045470038615013, 12.171460598636774, 13.405120581302965, 24.93256602570484]",222.23415635864114
46,credible,True,1.7044337381544452,0.44420622472292964,0.4522543304316318,32.02723672990504,3.3107711257633134,235,16,9,7,"[32.008569118137004, 32.96671152593305, 34.358327215144655]","[10.0, 11.288739172792537, 13.367977523274142, 20.854895850878872]",321.064267033614,[],[],
47,credible,True,1.6295651614622804,0.23975513971471962,0.35348937493756777,31.477988574788036,2.910538219924723,235,16,9,7,"[33.3086785, 34.150535677646346, 35.23874368]","[10.0, 10.292285987268839, 11.133896291930888, 13.412934390887687]",129.50019951208628,"[30.72266034328655, 32.9759465231214, 35.23874368]","[10.219829660367811, 12.286749424928173, 14.822961804431143, 20.52213361964663]",66.5880029836351
48,credible,True,1.7341270345747601,0.28528252618556893,0.3563708587098094,31.82702013832191,2.972693701459517,235,16,9,7,"[32.9081672631214, 34.139640317824, 35.65718455]","[10.0, 11.380983893669477, 12.77717558499526, 20.610210516715867]",117.54653198196854,"[29.858344816033252, 31.021087095, 33.0606690944397]","[10.155600380366474, 11.190580519540132, 13.657803699605742, 23.665573945877068]",127.2732533859547
49,credible,True,1.7914942294977843,0.2397658770466494,0.3688662358741955,31.9650805498292,3.056939312567242,235,16,9,7,"[32.3833811999637, 34.1824012068548, 36.39922521]","[10.0, 11.538749285765123, 13.666432617607935, 17.58700880982383]",86.93224020017036,"[30.8131747718733, 32.793997146935396, 34.930506245000004]","[12.078870805245113, 14.136859647893548, 16.745388031595045, 23.71921004144706]",75.66531743127975
50,credible,True,1.85923367947303,0.23011219331986071,0.24459040456524356,31.826969714882832,2.909967333833469,235,16,9,7,"[33.307927785000004, 34.187725467824, 35.57383664765335]","[10.0, 10.678692451370543, 11.630391983542866, 16.08957276085942]",91.46691798221627,"[30.97970272281495, 33.0756697561724, 35.57383664765335]","[10.0, 11.876797957189101, 14.181912997344321, 21.197841798853]",41.897605632345346
51,credible,True,1.6897826785671508,0.18783604587727185,0.35548821900852595,31.64292279892335,2.883564502968747,235,16,9,7,"[30.13270729597285, 33.61575142335015, 34.827777775]","[10.0, 10.0, 10.672692759639414, 14.456936590357286]",95.12928969098417,"[30.7981037518733, 32.88265373593305, 34.178481535470354]","[11.054559047737726, 12.692252887107234, 13.751994298561453, 19.487855065242574]",53.79238045944997
52,credible,True,1.7408474783940824,0.12252290233106977,0.3829781965555309,31.657966803649895,2.8384630016397168,235,16,9,7,"[32.547191500448946, 33.77288982997105, 36.086685880000005]","[10.0, 10.42373659721027, 11.35767697913776, 13.487040527379824]",44.384095886841465,"[30.712302796873303, 33.6163850333305, 36.086685880000005]","[12.552608426440427, 14.189832679324862, 15.68161800985774, 19.075347112856296]",24.226973236226392
53,credible,True,1.5453605797870194,0.2109640235621374,0.4289490782747122,31.75911654063964,2.8806457394939353,235,16,9,7,"[29.35954207201715, 34.178481535470354, 35.689195755]","[10.0, 10.0, 11.0329042513465, 14.767389935078988]",101.46861485559403,"[30.79587317513085, 33.6163850333305, 35.689195755]","[10.951624617727859, 13.634251724761699, 15.884175010521261, 20.910870341163942]",40.22430027560305
54,credible,True,1.6994151833664077,0.11381874781104388,0.34959042646275257,31.651152902131518,2.7003843079942995,235,16,9,7,"[30.68221255328655, 34.22124242450115, 35.78833718]","[10.0, 10.0, 10.46766749834442, 11.888456448995777]",66.31425863484074,"[30.8131747718733, 33.61575142335015, 35.78833718]","[11.226914072790333, 12.688362220746344, 13.910433654615876, 16.184084945349483]",16.96533963752996
55,credible,True,1.5217092471284868,0.20503730381298352,0.4287379558374076,31.77044296765941,3.442655740225699,235,16,9,7,"[30.4768398, 34.61093289232065, 36.09730783]","[10.0, 10.0, 10.482297088784419, 18.228026291540633]",113.8121491351809,"[29.525661425178548, 31.8879833079447, 33.92505103026795]","[10.1393342258291, 11.658215644385695, 13.191192907175175, 20.518886890479415]",60.81779469881418
56,credible,True,1.8206777773547493,0.12791351151068836,0.3609364542117848,31.807778551270907,2.934078197764693,235,16,9,7,"[31.709000680000003, 33.61878387388505, 35.913889964999996]","[10.0, 10.739113805582507, 12.01746130549475, 15.29573977759075]",38.93390476160671,"[30.70173971, 33.24811706996741, 35.913889964999996]","[12.884151229099645, 14.34335127250461, 16.16934771812089, 20.496796806013663]",28.311622639565883
57,credible,True,1.6588847188502847,0.2580076711407978,0.3669826690881448,32.002582484657715,3.125102370139835,235,16,9,7,"[33.51725612668065, 34.258432214678805, 35.78833718]","[10.0, 10.358304690895721, 11.728222169915355, 18.56763912194955]",127.64355892257127,"[30.739539189400247, 32.643977997384354, 33.92505103026795]","[10.379002323254008, 12.282163731592492, 13.719913060026226, 23.032811956707018]",100.27418630068627
58,credible,True,1.5132735641176982,0.23411726798290403,0.3966593273095506,31.754955274074796,2.9802955536691758,235,16,9,7,"[29.32178088201715, 34.258432214678805, 36.086685880000005]","[10.0, 10.0, 10.60269797963256, 14.2396087986677]",139.48550901135036,"[30.97970272281495, 32.86919610593305, 36.086685880000005]","[10.0, 11.596979766579496, 14.36755668248192, 20.976143401580867]",50.149666937207044
59,credible,True,1.6518292103084453,0.0,0.3887376975486344,31.537691827780804,2.8710230266125203,235,16,9,7,"[28.474718075, 29.20491842677795, 29.7458871954643]","[10.0, 10.0, 10.0, 10.0]",55.02771253763028,"[28.474718075, 29.20491842677795, 29.7458871954643]","[12.25548060786812, 12.25548060786812, 12.25548060786812, 12.25548060786812]",0.0
60,credible,True,1.4202553116142453,0.1546772242081326,0.5198922503092873,31.863364031386446,2.912021538391033,235,16,9,7,"[29.172108809999997, 34.618823985000006, 36.624364005000004]","[10.0, 10.0, 10.427005019058116, 12.535248250115023]",92.08376576032673,"[30.8131747718733, 33.6163850333305, 36.32668681]","[12.052534722360912, 14.022390673737087, 15.894854048792924, 21.219883648398184]",28.912369105094427
61,credible,True,1.895098273839935,0.13221136904198602,0.2804139265587591,31.779827821357546,3.0365923380966486,235,16,9,7,"[32.54021816248835, 34.338272450000005, 35.913889964999996]","[10.0, 10.751188085622227, 11.590157817828203, 13.61742418063281]",49.91098365315105,"[30.69410274884015, 32.825957630000005, 35.913889964999996]","[11.623890620322168, 12.7249408632936, 14.37400613150094, 23.77097238896159]",27.325519715991234
62,credible,True,1.58609488311144,0.27641143065197543,0.41713798220422976,31.632052639296504,3.0156823534764765,235,16,9,7,"[33.35885589395795, 34.618823985000006, 35.65718455]","[10.0, 11.123044171898414, 12.52907578183676, 17.59110301615664]",137.40542497194397,"[29.975810298022402, 31.84840334540425, 34.618823985000006]","[10.331338513825097, 12.137940948512414, 15.399378063201306, 24.67185346121404]",102.624713131526
63,credible,True,1.9851623136263332,0.11521405764517871,0.31051070395837704,31.61184629007752,2.9328433337201543,235,16,9,7,"[29.92762346, 32.224071465460554, 35.30172372765335]","[10.281953574651435, 11.241610460447973, 12.402653324135196, 15.061437757945372]",34.424043972930974,"[30.61625144103, 32.224071465460554, 34.82428092]","[13.770361644880966, 14.650656502698162, 15.954053578142828, 19.482742872564636]",31.020300649529055
64,credible,True,1.8416044706216714,0.15479669856888692,0.35853720277101303,31.87749311101715,3.0221944944474872,235,16,9,7,"[31.48284534932605, 33.028798761774055, 35.784493075]","[10.0, 10.708862438318082, 12.12370472730147, 15.054008535197]",46.638401061814136,"[30.6857702387093, 32.93975158, 36.307053295]","[12.90010499534375, 14.383725676502879, 16.80277703890804, 22.274630091426047]",36.45402129626646
65,credible,True,1.5965901369071387,0.36821175670690526,0.30540760550725904,31.810576012842887,2.8466416940300188,235,16,9,7,"[33.337644175911, 34.258432214678805, 35.784493075]","[10.0, 10.069570157429926, 12.255901360077766, 19.86583890556406]",216.01800659127127,"[32.224071465460554, 32.987979447707104, 33.71727917055455]","[10.0, 11.077658631477743, 12.353755384305293, 24.93149108733345]",167.19398249301815
66,credible,True,1.3410778960195742,0.29711129340961007,0.5238719418447878,31.73997941440697,3.072081851988693,235,16,9,7,"[30.1858825696128, 34.40108810417545, 35.614437525]","[10.0, 10.0, 11.422523774402295, 16.422916544608054]",163.50416410957564,"[29.8481088598329, 30.93498181513085, 33.27154536798945]","[10.0, 10.93387033316753, 13.556088583456663, 24.77269450804566]",130.7524451494013
67,credible,True,1.6061073608167566,0.2679906178316513,0.4173280890812017,31.82016530059597,3.0300386768458902,235,16,9,7,"[33.3642043449261, 34.187725467824, 35.971755044999995]","[10.0, 10.912818229338932, 12.509669101392202, 17.225397077315517]",102.86126997112802,"[30.68221255328655, 32.741668448490245, 34.187725467824]","[11.062328229277119, 13.32391836467984, 15.30779292393797, 24.162668703052837]",66.67847401029002
68,credible,True,1.7303502572152012,0.3047164438865392,0.3833774317883578,32.19071667773986,3.32208559378625,235,16,9,7,"[32.89893226593305, 34.35003519704645, 36.696902405]","[10.0, 11.19246558589707, 13.93220203728846, 21.802681554662588]",131.5050509132431,"[29.858344816033252, 30.81094419513085, 32.55993621748835]","[10.47543208004691, 11.321242977868248, 13.31682425479321, 24.790093812926784]",184.0812912609468
69,credible,True,1.6859097120890612,0.23457539523450902,0.3316080036153415,31.57265660668279,2.768757212813747,235,16,9,7,"[33.332582615, 33.86868099210485, 34.85984614]","[10.0, 10.248281915996404, 10.95406351677002, 16.25531122117451]",121.45558065988591,"[30.712302796873303, 32.65507661899595, 34.85984614]","[10.187399192893505, 12.022608754860503, 14.333815054521152, 23.109340641229817]",61.22049812605802
70,credible,True,1.3205961452229742,0.4851824723944169,0.3956307248635818,31.916373336963847,3.161537342504624,235,16,9,7,"[29.152824510000002, 34.82428092, 36.307053295]","[10.0, 10.0, 11.572591546838034, 20.135864026308937]",205.90217844882352,"[28.46808443177255, 29.35954207201715, 31.30462428941985]","[10.0, 10.0, 10.0, 24.793804051821926]",252.09011450263478
71,credible,True,1.913218940227343,0.15110564239559046,0.2844112954593382,31.593969873027504,3.0854957874552866,235,16,9,7,"[31.8879833079447, 33.61575142335015, 35.65718455]","[10.0, 10.842161436568958, 11.875251461478358, 14.658006498250632]",49.307728883631825,"[30.68095852620465, 32.855693790000004, 35.65718455]","[11.977491269356976, 13.291373574456014, 15.068245425606456, 20.191851034353547]",32.23429855917648
72,credible,True,1.2622490427188717,0.48781315773919187,0.5306846638500592,32.03287798262595,3.0674721129536686,235,16,9,7,"[33.80869648270895, 34.930506245000004, 35.818592644999995]","[10.0, 10.945639795125116, 13.063474529733085, 22.904179320994018]",352.40190932539565,"[31.297407763059752, 32.0931884444288, 32.741668448490245]","[10.0, 11.372625390754864, 12.640693768878528, 23.105354378986874]",474.41651386462354
73,credible,True,1.8115579683695282,0.1925770202384866,0.267901530734954,31.90882811668808,3.0872672733196103,235,16,9,7,"[33.48942369335015, 34.61093289232065, 36.116941345]","[10.0, 10.245557670578291, 11.229224125697092, 14.82465493931515]",92.04717545817296,"[30.89358230054825, 33.6181502639047, 36.116941345]","[10.133143847934129, 12.081817249950417, 13.954040713083508, 24.921164796980428]",33.33427115459907
74,credible,True,1.8746316048941571,0.15534069196006867,0.3670597407867707,31.659064475355397,3.00957334347786,235,16,9,7,"[31.03269094054825, 33.6534761183305, 35.913889964999996]","[10.147750421701922, 11.70678195388044, 13.252740598066515, 16.086562959969488]",45.050741244033325,"[30.79587317513085, 33.6534761183305, 35.913889964999996]","[13.731680225933696, 15.91978293550247, 17.92247432805253, 22.619447073632074]",40.408662321778095
75,credible,True,1.6290831897545603,0.2605874107822229,0.41843789004391874,31.432053070045082,2.8843942885427847,235,16,9,7,"[32.7794053198655, 33.86868099210485, 35.02941549]","[10.0, 11.194255896356621, 12.496899437809518, 19.999900688659356]",106.20892592671316,"[29.21659567, 30.90865332054825, 32.717708676800896]","[10.326398994611896, 11.972732175344111, 14.161947720298677, 24.364536228901677]",104.60079962370622
76,credible,True,1.483494486807435,0.22051224914018683,0.46719251896488784,31.99912646377161,2.993770754105934,235,16,9,7,"[29.0780592777865, 34.61160266232065, 36.09730783]","[10.0, 10.0, 10.957674078014575, 14.426647774975411]",113.73252363369143,"[30.8131747718733, 33.5885526, 36.09730783]","[11.005288655785838, 13.575885327039671, 16.04248502817717, 22.41065829812648]",50.45963127311063
77,credible,True,1.2248646884571568,0.2616650761037031,0.5479373864781969,31.58916864844765,2.564372038174205,235,16,9,7,"[28.785614366379498, 33.787778067737904, 35.1705589940727]","[10.0, 10.0, 10.0143902956135, 14.828129909500554]",166.7198614717361,"[30.70474911127355, 32.8301920900568, 34.85917637]","[10.119661026482456, 12.542040466278163, 14.748005721579814, 24.564631217475704]",58.17302777739348
78,credible,True,1.5354434229771363,0.23334811243493236,0.43615498160622895,31.837616283767716,3.0628444458011046,235,16,9,7,"[33.462913703350154, 34.411814519222446, 35.614437525]","[10.0, 10.13091988542271, 11.294266171319872, 15.010923358545345]",116.39276901688181,"[30.6746588676868, 32.892003438666094, 34.965401695]","[10.907868590412203, 12.789910090449979, 14.830518008640436, 22.786860916627475]",64.4011093793951
79,credible,True,1.919757075297714,0.19584379807610225,0.3049200447078155,31.84762813306825,2.9233356757750015,235,16,9,7,"[31.68233867197855, 33.6181502639047, 35.6267205521325]","[10.0, 11.402356964038896, 12.989240895690536, 19.385218051175187]",62.892576470345574,"[30.85879222242155, 33.6181502639047, 35.6267205521325]","[12.164951860087003, 14.672334543777463, 17.075121704675354, 24.823224762202297]",46.37975278805703
80,credible,True,1.453117296607951,0.37543945727652284,0.5033336763273419,31.79523118285811,3.2307269866670394,235,16,9,7,"[33.10679237030455, 33.75308582329245, 35.15935371]","[10.0, 10.365097545372235, 12.071808794227506, 22.65629997472695]",220.66107031899176,"[29.6275526687715, 30.3186894146128, 31.22346805]","[10.0, 10.712942242024434, 11.915504281420645, 24.475578135329087]",328.2841501538779
81,credible,True,1.668589412234241,0.36291792611069734,0.38558148482837185,31.96880510192359,3.222083844937722,235,16,9,7,"[33.028798761774055, 33.91226361784895, 35.00033464]","[10.0, 11.11330125248512, 12.642031788135377, 20.349943270921333]",201.88169529140555,"[30.19918794558565, 30.89358230054825, 32.008569118137004]","[10.0, 10.799675386927907, 12.298954145781837, 22.470642882623135]",287.3363439781968
82,credible,True,1.531221942881615,0.2770576584449619,0.4558525627556197,31.879980124355253,2.983615550638834,235,16,9,7,"[33.38110521706205, 34.10245052764635, 35.78833718]","[10.0, 10.639624228264196, 11.973811742911295, 18.728435434145265]",124.74501885790617,"[29.517415993195698, 30.91927853781495, 32.542167035]","[10.0, 11.164100812056123, 13.243369903149002, 24.750318223462312]",138.34445716443028
83,credible,True,2.035342618169688,0.21726522652063027,0.21467180267373537,31.589933675942554,3.1218778243160705,235,16,9,7,"[31.567498865352803, 33.61878387388505, 35.93974384]","[10.0, 11.460311972923108, 13.119951938505949, 18.68772561672633]",78.91088439117644,"[30.70173971, 32.7642609869354, 34.965401695]","[11.347491081137239, 13.126947237641767, 15.256635656366928, 23.835015601001224]",64.95850829538571
84,credible,True,1.8552102572963434,0.13471696499812202,0.34534973592593543,31.864176842325246,2.57267932725643,235,16,9,7,"[31.65839805197855, 33.65155807608805, 35.55795257478585]","[10.0, 11.072957457048622, 12.162286119463934, 14.657940301083892]",38.276934500821696,"[30.7981037518733, 33.4651615552023, 35.55795257478585]","[12.70363434448988, 14.707693113823558, 16.222656582718823, 20.006452089392916]",26.22551488158956
85,credible,True,1.986978735531061,0.2157702805337421,0.2697127178750893,31.713760566184554,3.0079412440847886,235,16,9,7,"[31.373618482277948, 33.5885526, 35.81474854]","[10.0, 11.6311480958839, 13.731013653669844, 19.398772293036547]",60.5498465946484,"[30.7981037518733, 32.643977997384354, 34.258432214678805]","[12.177670316453112, 13.879233146942978, 15.785141235427494, 24.141394298011598]",53.281468462429395
86,credible,True,1.841000570446241,0.13195447512925726,0.3194458261948417,31.989974889366938,3.2182446704052214,235,16,9,7,"[32.741668448490245, 34.187725467824, 36.09730783]","[10.0, 10.602586004418544, 11.4235794965029, 16.719475193358292]",45.913604730477,"[30.67039543933135, 33.0606690944397, 36.09730783]","[11.954553883490611, 13.126445979627121, 14.762686606933286, 21.663362987734804]",23.867979980543275
87,credible,True,1.6645265415801411,0.22991773332515353,0.36517646505221296,31.630432454070622,2.621263958350254,235,16,9,7,"[33.2143814486214, 34.056319955, 35.642604625000004]","[10.0, 10.631030881122006, 12.077723045379638, 16.651611487005937]",93.8332476994423,"[30.79587317513085, 33.6163850333305, 35.642604625000004]","[10.64411461336779, 13.684543929647775, 16.618306685924143, 22.39056416571189]",36.88387330654153
88,credible,True,1.893892543542222,0.23275341587888526,0.3605285765090021,31.859193306766436,2.904448885341153,235,16,9,7,"[31.345370364218198, 34.258432214678805, 36.32668681]","[10.0, 12.783292875406493, 15.622952702605854, 19.637121599265363]",67.44874522492668,"[29.525661425178548, 30.7981037518733, 32.2768860333865]","[12.067398172206, 13.31442559648347, 14.895164509042855, 22.676241195067604]",106.97221363608912
89,credible,True,1.5736300535895675,0.3656222841530803,0.48468716719585714,31.874135026828075,3.0090965040181623,235,16,9,7,"[32.65507661899595, 34.42010653732065, 36.09730783]","[10.0, 12.302608120952165, 15.02278017518839, 22.846581430164093]",159.28243350309015,"[29.2908193387951, 29.862609685, 30.6453224487093]","[10.080697148027472, 10.88288955127505, 11.822567557216132, 24.574863873959394]",291.498967231858
90,credible,True,1.2134133678860946,0.4346721871481439,0.6112948623471738,31.78350156327172,3.1860894955348282,235,16,9,7,"[33.43796273185215, 34.09516117264635, 35.444663407132495]","[10.0, 10.553763430733687, 12.44085361295138, 24.54951684583738]",266.24536545964895,"[29.749820315464298, 30.11360183, 30.46963577]","[10.0, 10.23640822441151, 10.77465249801187, 23.71210275770168]",448.9038431842576
91,credible,True,1.9420889864544264,0.09236254686326024,0.3136822793821161,31.742986179810213,2.771832086455126,235,16,9,7,"[30.21148293921325, 32.224071465460554, 34.827108005]","[10.100326713377626, 10.76833892554047, 11.594167478120058, 13.522434127432659]",23.321185873304405,"[30.68221255328655, 32.65676332192605, 34.827108005]","[13.32097164053015, 14.202303584107415, 15.147432139357042, 17.871430683398465]",19.083626941573993
92,credible,True,1.844850180337975,0.29867684905321373,0.30949179674875993,31.79774252441797,3.332099580411425,235,16,9,7,"[32.3934766705951, 33.92505103026795, 36.270103745]","[10.0, 11.227232794351162, 13.777773617951949, 22.435788964560768]",124.27894477273584,"[29.525661425178548, 31.021087095, 32.5830326425095]","[10.091101377501555, 11.361803826245236, 13.313431744243122, 24.126404444700665]",165.9338402877421
93,credible,True,1.6216362581295078,0.30782931392329205,0.3819714801528079,31.779124912987818,3.1918076131372293,235,16,9,7,"[33.307927785000004, 34.150535677646346, 36.307053295]","[10.0, 10.519225089370508, 12.386193511261553, 19.247097713153842]",134.195654831387,"[30.65373823440025, 32.18924892207405, 33.75308582329245]","[10.339247101828187, 12.021129485475294, 13.852751125093574, 24.202528234272737]",99.37480105618835
94,credible,True,1.8406750258240934,0.30211083667489347,0.30150006008258984,31.765152023503497,2.9962615036271067,235,16,9,7,"[32.542167035, 34.2304863568548, 36.39922521]","[10.0, 11.837623286444703, 14.129058441658012, 22.262688401340608]",112.54247789185895,"[29.92762346, 31.39737659841255, 33.01379810004135]","[10.0, 11.596643707704187, 13.41595585809095, 24.2644763140366]",124.69962819844633
95,credible,True,1.7860552902286129,0.21877968570893375,0.3401082409562778,31.82333813204946,2.667702038898188,235,16,9,7,"[32.642336522060546, 33.82618036210485, 35.5985534521325]","[10.0, 10.98370262020379, 12.40199939812704, 17.424279138102424]",84.6854458368941,"[30.69418602440025, 32.99721444489545, 35.362169727132496]","[11.271292106269723, 13.659990729728715, 16.34074612334865, 22.98910100463593]",54.02891623835701
96,credible,True,1.5512681762700817,0.33236452185910126,0.3600263105861219,31.79988490212752,2.959986318549913,235,16,9,7,"[30.406106735, 34.27500685232065, 35.784493075]","[10.0, 10.0, 11.493185102764496, 18.043119548636874]",179.48860617074328,"[31.54083685733135, 32.825957630000005, 34.27500685232065]","[10.0, 11.532810341699266, 13.134307892660942, 24.160537916006056]",114.29804313913215
97,credible,True,1.9131477065121365,0.031861854479960684,0.28317249474010214,31.41387768371829,2.665502671561489,235,16,9,7,"[31.54083685733135, 33.3978292790151, 35.00033464]","[10.0, 10.23701655490523, 10.410326398635307, 10.76129694521767]",8.154592451132896,"[30.8131747718733, 33.24811706996741, 35.00033464]","[12.491979057378447, 12.87788375920159, 13.129837085224345, 13.747423046323044]",4.744049460184122
98,credible,True,1.26497088469118,0.284478855218504,0.5982061163704192,31.904536805912365,2.7195616137430245,235,16,9,7,"[33.787778067737904, 34.392796086077254, 35.913889964999996]","[10.0, 10.16128310653552, 12.058279913196666, 16.960984570813416]",135.5744481319344,"[30.280535884063298, 31.84840334540425, 33.787778067737904]","[10.93859163566286, 12.817710292389604, 15.611311780939149, 23.168200316634852]",95.8008310597659
99,credible,True,1.745888038096375,0.08274871344192467,0.40628609287742584,31.71293930202842,2.6529068742137807,235,16,9,7,"[31.8879833079447, 33.6163850333305, 35.55795257478585]","[10.0, 10.54745918814869, 11.153451540242864, 12.465009038574143]",22.66366574129002,"[30.90865332054825, 33.43571488, 35.55795257478585]","[13.515427070562307, 14.663401050527037, 15.64300246331997, 17.652396108714804]",15.071834873900348
100,credible,True,1.8233904948055464,0.24072378493994745,0.3414647939175258,31.69370660451206,2.8810735851745655,235,16,9,7,"[32.09129040207405, 33.6521916860684, 35.64644873]","[10.0, 11.40164640575393, 13.461773927523971, 20.132704965345575]",81.6282284693792,"[29.92762346, 31.5045234250675, 33.968836534999994]","[11.158142024675225, 12.636533365349152, 15.271316631915134, 24.47096218864346]",70.47183935038748
101,credible,True,1.4250731074031693,0.35184034278013826,0.488028903738131,31.587801150404673,2.664857318667828,235,16,9,7,"[33.24811706996741, 33.9632508881169, 35.18843456]","[10.0, 10.934441289493954, 12.839917156548651, 21.61166186045155]",161.46571362332946,"[30.163447343292603, 30.456294565, 31.25304275444175]","[10.0, 10.447317362252846, 11.570850537923969, 24.453710061306897]",197.19204153384396
102,credible,True,1.8171951319079078,0.256743536924408,0.28122584404256845,32.09073390053334,2.8543030665227356,235,16,9,7,"[33.41899081804695, 34.618823985000006, 36.43617476]","[10.0, 11.088260611388732, 12.784416675649654, 17.165830236367288]",92.85891658307104,"[30.96463170281495, 33.329890218046955, 36.09730783]","[10.010762641828016, 12.41250583711962, 15.695574666165703, 23.54696396697579]",39.64546684671305
103,credible,True,1.2873519582447146,0.3312121655998458,0.573654569258669,31.56296587849409,3.07550088671583,235,16,9,7,"[33.3598934990151, 34.10245052764635, 35.444663407132495]","[10.0, 10.407001756825862, 11.817485148094669, 20.208987745449004]",174.55491513268078,"[29.46600999140705, 30.7981037518733, 32.44832318267055]","[10.06556819088616, 11.556587491515883, 14.017394248262912, 23.68020936743255]",194.28901575884365
104,credible,True,1.3182176990918129,0.1469101683354627,0.5411451350865996,31.90759546139445,3.1419736663384565,235,16,9,7,"[29.10705821745655, 33.337644175911, 35.78833718]","[10.0, 10.0, 10.0, 11.180281999157208]",120.27635484165134,"[30.7981037518733, 33.6163850333305, 35.78833718]","[11.480296977351196, 13.149483617643462, 14.603170904394304, 22.61450405469807]",27.167974562568553
105,credible,True,1.8656700086525673,0.2812996612991852,0.3168473787388428,31.87337647987552,3.248582633859822,235,16,9,7,"[32.0931884444288, 33.77288982997105, 36.8111298]","[10.0, 11.254443074649624, 13.943290326586657, 22.34722716215709]",106.99706926493218,"[29.5060182137715, 30.97970272281495, 33.022817517519755]","[10.447487505823869, 11.767559479096171, 13.944886846527034, 24.658465077700377]",125.60290917685792
106,credible,True,1.678204083389067,0.31488074608979943,0.33321783052080656,32.040117462412795,3.159725233142488,235,16,9,7,"[33.51725612668065, 34.61093289232065, 36.587414455]","[10.0, 10.84523348022742, 12.543416221943868, 21.036726586809543]",158.4135595256581,"[31.13775394781495, 32.63123790044895, 34.01253445026795]","[10.0, 11.626698447450474, 13.357080306168593, 22.64345860765998]",128.6660672883986
107,credible,True,1.8536754795079677,0.058331833690767936,0.3225657418861712,32.22123498958616,2.79604009572434,235,16,9,7,"[32.63123790044895, 34.1751118518548, 35.78833718]","[10.0, 10.298594495535, 10.700031451420397, 11.571786599866003]",19.2532050779963,"[30.90865332054825, 33.6163850333305, 35.78833718]","[12.552010494530656, 13.283342912217302, 13.904992453235211, 15.616700387300524]",11.519459067061977
108,credible,True,1.970846605446618,0.23749427760535527,0.24660619325050395,31.754206471742172,3.032268222084283,235,16,9,7,"[31.95259136745955, 33.71727917055455, 36.067052364999995]","[10.0, 11.38770438353657, 13.357706845278893, 17.744170165796824]",87.36843105256264,"[30.76801350828655, 33.5885526, 36.067052364999995]","[11.16902515295242, 13.962521035929372, 16.674758465381036, 23.792393304148472]",66.84374841153021
109,credible,True,1.7868959616795488,0.283604645445843,0.29747575976206375,31.935232880847952,3.068763909299664,235,16,9,7,"[33.2382855636214, 34.42799763, 36.09730783]","[10.0, 10.964193997525518, 12.68793882273509, 21.100436407890314]",126.69972091349618,"[30.65373823440025, 32.224071465460554, 33.91226361784895]","[10.03763650811614, 11.597241454768373, 13.67689632951585, 24.498854869293428]",103.03563310605857
110,credible,True,1.261581935859632,0.30805860119327255,0.5308369145882729,31.815656719402508,2.6220377570552995,235,16,9,7,"[29.525661425178548, 34.150535677646346, 35.55795257478585]","[10.0, 10.0, 10.78479338759476, 17.03559856881675]",190.3212562144007,"[31.021087095, 32.18924892207405, 33.035066021815396]","[10.0, 11.769130844782053, 13.039471725593659, 21.123572351004828]",145.09978664696962
111,credible,True,1.6698636272157752,0.2437002156236933,0.36025267000141453,31.756003361905258,2.9100433953698874,235,16,9,7,"[33.24811706996741, 34.42799763, 36.09730783]","[10.0, 10.60481729757995, 12.043453439691502, 16.269805571138857]",105.52407738617195,"[31.021087095, 33.6521916860684, 36.09730783]","[10.694649320687681, 13.321549536363177, 16.28885403377537, 22.051154734977807]",51.289864720178954
112,credible,True,1.5951320676308376,0.25473447078668393,0.40181411094278313,31.869158323439876,2.9253642791319665,235,16,9,7,"[33.6163850333305, 34.42010653732065, 36.307053295]","[10.0, 10.40184634900567, 12.002802180227139, 16.232606702905223]",106.11811838413016,"[31.03269094054825, 34.139640317824, 36.307053295]","[10.697909058532483, 14.190756319729985, 16.904500959239403, 22.765668519222324]",47.9130671043513
113,credible,True,1.560422793932895,0.2740964664415005,0.4307766623263718,31.733133474416928,3.0840451691873576,235,16,9,7,"[33.332582615, 33.91226361784895, 36.153890895]","[10.0, 10.320801841855388, 12.163506419548863, 18.258489902905325]",143.91133539670415,"[29.92762346, 31.5045234250675, 33.48942369335015]","[10.294904376597023, 11.763026180116773, 14.195500503966132, 23.735917458878355]",118.62774099287392
114,credible,True,1.8850846412809223,0.27176120374190227,0.3445496209488905,31.974406265424687,3.1971486284538275,235,16,9,7,"[31.84840334540425, 34.139640317824, 36.43617476]","[10.0, 12.388409131208094, 14.488828001523736, 23.131760699697583]",102.78524397401495,"[29.525661425178548, 30.70173971, 32.5362559933577]","[11.294435181158025, 12.371538837303104, 14.52164330079921, 24.595347055668036]",152.49998639872138
115,credible,True,1.9594741811572722,0.11515360098299801,0.27659318990533516,31.917650181297812,2.6878104045477165,235,16,9,7,"[31.5045234250675, 33.61878387388505, 35.444663407132495]","[10.0, 11.039206549603684, 11.880069755413087, 14.07026230778624]",28.6654449015195,"[30.66624308199585, 32.86919610593305, 35.444663407132495]","[12.245229661079161, 13.399842526668476, 14.870887085218339, 17.769581967232504]",19.16639031144826
116,credible,True,1.4530833189927919,0.02193740816853687,0.4761687768685659,31.81508592605884,3.1530408014461884,235,16,9,7,"[30.102058579967398, 30.536487856629748, 32.331969244999996]","[10.0, 10.0, 10.0, 10.0]",89.61514732016983,"[30.3186894146128, 32.331969244999996, 36.067052364999995]","[12.029385614639901, 12.193959075661004, 12.47190491868853, 13.342404287282912]",3.6263319845854394
117,credible,True,1.4734874050820501,0.18712392031829672,0.44068685777931826,31.889804577956475,2.9435393192527264,235,16,9,7,"[32.13576459650285, 34.3202115368548, 36.09730783]","[10.0, 10.0, 10.238804007417476, 12.879248426839835]",114.93721140630167,"[30.69410274884015, 33.6163850333305, 36.09730783]","[10.472952043048016, 12.65896033387352, 14.872504211303072, 18.411650726345727]",32.14755252310279
118,credible,True,1.9074523852309064,0.2247246374355085,0.31705437584054474,31.84250092490764,3.1044358283141666,235,16,9,7,"[31.65839805197855, 33.6163850333305, 35.58841657265335]","[10.0, 11.64529002479687, 13.136120593700756, 17.755096460676683]",83.00088387028588,"[30.7025185345311, 32.70496857986549, 34.492691086543104]","[12.252225984100553, 14.188850974437194, 16.05277407671558, 22.96064292012509]",81.72893380565695
119,credible,True,1.8592662338579375,0.269974485507506,0.31612471244979445,32.01193398904219,3.2500336787585895,235,16,9,7,"[32.44832318267055, 34.358327215144655, 36.624364005000004]","[10.0, 11.603394171124306, 13.72368781883699, 21.22464925027919]",112.98254202035386,"[29.92762346, 31.45196235277445, 33.24764125298945]","[10.663969855318257, 12.106637338489906, 13.965160208733515, 23.55752433382165]",133.58388204006744
120,credible,True,1.5463506327457552,0.23006361960806998,0.42699329682715503,31.825287970229525,2.834138182345954,235,16,9,7,"[33.35885589395795, 34.24950479, 36.067052364999995]","[10.0, 10.02017118771752, 11.478416455064771, 15.56814276554152]",112.23847006687654,"[30.79587317513085, 33.5885526, 36.067052364999995]","[10.757489847321699, 13.604647266827818, 16.335192527038377, 22.009814386725303]",49.161700692843674
121,credible,True,1.7912957014942876,0.0,0.3565601472303086,31.76402641655778,3.2505805516074733,235,16,9,7,"[28.136300130000002, 28.995840137890752, 29.398260685]","[10.0, 10.0, 10.0, 10.0]",8.761229879562078,"[28.136300130000002, 28.995840137890752, 29.398260685]","[13.127882721529986, 13.127882721529986, 13.127882721529986, 13.127882721529986]",0.0
122,credible,True,1.7995803818398775,0.1715333152859257,0.27471952978816183,31.794552039744165,2.918932011276797,235,16,9,7,"[33.4900573033305, 34.10245052764635, 35.5839735271325]","[10.0, 10.103770864543996, 11.03405039067546, 12.097482457287018]",91.08446882048544,"[30.97970272281495, 33.35454504804695, 35.5839735271325]","[10.326640921697182, 11.941161132000893, 13.787527089774391, 24.003811254498345]",37.04128702220821
123,credible,True,1.5895582748293333,0.24873585713210258,0.4537912497316588,31.660297235323114,2.890455520210175,235,16,9,7,"[32.96101950177405, 34.27400418922245, 35.756325974999996]","[10.0, 11.197885487891016, 12.42223444951835, 17.531758693832664]",95.6337574888854,"[29.273641159999997, 31.03269094054825, 33.85248154497105]","[10.691407567073586, 12.293448175182752, 15.34028157621465, 24.071602447426795]",78.42053673892863
124,credible,True,1.5333423363195986,0.32438359430569075,0.42791866378238114,31.9796679713113,3.419097373535148,235,16,9,7,"[33.411452741852145, 34.258432214678805, 35.65718455]","[10.0, 10.205148703759036, 11.17208440778292, 19.98454855570659]",180.56699398152506,"[30.63776876310955, 32.18924892207405, 33.80869648270895]","[10.28202182951349, 11.945684204713688, 13.593995874570352, 22.166659881111332]",166.97134487214535
125,credible,True,1.4162251337394804,0.34929737782387205,0.42987231664684755,31.742367154275012,2.5395653335402244,235,16,9,7,"[33.411452741852145, 34.104405105, 35.661028654999996]","[10.0, 10.133645308188829, 12.23621929707255, 16.04316518479343]",154.01164085627653,"[31.48284534932605, 33.61878387388505, 35.02655091]","[10.0, 13.329927104824234, 16.438787424429094, 22.734403830205025]",62.28179349209708
126,credible,True,1.3062117438376188,0.48461711238278055,0.49623503943787933,31.846256032025288,2.820186441658907,235,16,9,7,"[33.3086785, 33.92505103026795, 35.5839735271325]","[10.0, 10.135721220119597, 12.636943244881547, 24.8856157120369]",281.9778046892966,"[30.521331102512548, 31.255424249441752, 32.031642343137]","[10.0, 10.0, 11.279317387783378, 23.87453085850608]",362.3186493045091
127,credible,True,1.549919638718446,0.2909810678732994,0.4589906414220114,32.22384795431994,3.0928412454661665,235,16,9,7,"[33.6163850333305, 34.40108810417545, 36.696902405]","[10.0, 10.66122105530066, 12.337022654469823, 20.581447586709416]",130.86915498487554,"[30.66624308199585, 32.18924892207405, 33.80998091497105]","[10.964668756731724, 12.701328854215893, 14.58759272209383, 24.76491109700599]",130.5160295271129
128,credible,True,1.7854410329872281,0.2104861120170517,0.3264471598909119,31.847060615213586,2.9426221243736688,235,16,9,7,"[32.9759465231214, 34.22124242450115, 35.818592644999995]","[10.0, 10.82885799254426, 12.215533051356418, 15.978652427065397]",74.89192845548118,"[30.90865332054825, 33.6181502639047, 35.818592644999995]","[11.172064938272406, 13.627183357835655, 15.940840376214998, 23.73450027165562]",39.62335297866714
129,credible,True,1.7170078993316558,0.28089644180516943,0.3431218376277836,31.831712474115907,2.906356825183709,235,16,9,7,"[33.24764125298945, 34.392796086077254, 35.689195755]","[10.0, 11.19978144203397, 12.552687824028077, 19.995545054046477]",127.44728813715975,"[30.65373823440025, 32.146672769999995, 34.01253445026795]","[10.387334386438699, 12.047351533005994, 14.202153241599486, 24.359701289753144]",105.57454553099352
130,credible,True,1.8661271016270298,0.22168343764894255,0.355035278699759,31.744212646446467,3.0978066276894793,235,16,9,7,"[31.426179554571, 33.6163850333305, 35.784493075]","[10.0, 11.73660211528586, 13.657481548987608, 20.7007935062002]",77.59278590866947,"[30.233931533346897, 31.7344276729447, 33.411452741852145]","[12.515798745172164, 13.919222192291198, 15.66253177495183, 22.97721271061496]",96.34467739463793
131,credible,True,1.4153301914534693,0.3022267696749842,0.46855029433881556,31.672978360950484,3.0662454480698953,235,16,9,7,"[30.0681944749674, 34.01253445026795, 35.78833718]","[10.0, 10.0, 11.296265584414094, 18.161069028158124]",160.55086591522644,"[30.70173971, 32.642336522060546, 33.80998091497105]","[10.252944047122405, 12.53555640918469, 14.105642456086192, 24.454436819970383]",105.62750925777858
132,credible,True,1.7580792722926357,0.2092148719864795,0.34864150405010264,31.76893670878235,2.8584105913141284,235,16,9,7,"[32.88265373593305, 34.178481535470354, 35.642604625000004]","[10.0, 11.034987655318288, 12.167699754550931, 15.907129375635732]",78.5771333640012,"[30.6746588676868, 32.76497852, 35.2208681140727]","[11.347060687813295, 13.22568814058853, 15.491352731629904, 21.660636216298887]",46.22344969663821
133,credible,True,0.8778268576809031,0.09833250040146564,0.6493356239647018,31.430187617432555,2.5815607586924276,235,16,9,7,"[28.689339826379502, 29.26078585201715, 32.008569118137004]","[10.0, 10.0, 10.0, 10.0]",210.77033851506133,"[31.60634821, 33.4900573033305, 34.968266275000005]","[10.0, 10.773123818194836, 11.450106425078769, 13.34142422715126]",15.500308209829159
134,credible,True,1.9309644331512197,0.15772583491200248,0.27121370202806033,31.89146134620135,2.8034637917352487,235,16,9,7,"[32.090620644428796, 33.7752886705256, 36.116941345]","[10.0, 10.862250121739276, 12.37384227152054, 15.10379570992649]",44.779302844494936,"[30.90865332054825, 33.6181502639047, 36.116941345]","[11.636471838972767, 13.534322583904473, 15.665889798859983, 18.98810787937095]",25.188556020101252
135,credible,True,1.6072101026952712,0.1763957293094,0.3816540663690313,31.959958028522447,2.666216537358898,235,16,9,7,"[32.423729663906755, 34.10245052764635, 35.64644873]","[10.0, 10.0, 10.305091827233353, 13.763892889427057]",100.78385180615265,"[30.7981037518733, 33.27660692890045, 35.64644873]","[10.467935946655173, 12.444748035372038, 14.04312482620955, 21.171625583582802]",33.52062121334683
136,credible,True,1.7815051907683808,0.24165693872526556,0.41673415605221353,31.95277659419073,3.2230043152490335,235,16,9,7,"[31.776818202459552, 33.9632508881169, 36.32668681]","[10.0, 11.899265366174983, 13.910933225605001, 19.54989857798269]",79.62360861909411,"[29.55072956140705, 30.89358230054825, 32.53430712084605]","[12.263676263463017, 13.56705934223301, 15.307423243840269, 24.364498905120612]",122.042699112401
137,credible,True,1.5908421133660093,0.26264375873198453,0.38112909761711017,31.742834459963902,3.304785177510488,235,16,9,7,"[29.152824510000002, 34.35003519704645, 36.116941345]","[10.0, 10.0, 11.310499203761895, 16.222954627034706]",129.60435378739373,"[30.96463170281495, 32.94474097177405, 35.43452652765335]","[10.392801715843772, 12.251044771293238, 14.611798635237495, 23.91546570580983]",68.1724202102769
138,credible,True,1.5790893981676584,0.3284436161409526,0.46091786099162324,31.92797320534842,3.0788083624766114,235,16,9,7,"[32.9759465231214, 34.411814519222446, 35.78833718]","[10.0, 11.540751158460463, 13.59591652344703, 22.06376533735301]",143.59293763571702,"[29.9478781980224, 31.62856574, 33.48942369335015]","[10.59778141780803, 12.62607617020669, 15.514135839056323, 23.66311480177293]",168.96761992343727
139,credible,True,1.998529270022991,0.20217432163651702,0.26379661919731406,32.09838927405402,3.1056665055716346,235,16,9,7,"[31.5975026520864, 33.99974703784895, 36.696902405]","[10.0, 11.525066241200737, 13.936668649394722, 16.999446619491767]",57.47794118763737,"[30.7981037518733, 33.61575142335015, 36.696902405]","[11.858144264526473, 14.274075443567071, 17.260903804812358, 23.719022163424846]",42.858068396331106
140,credible,True,1.793587134202836,0.18748397888847887,0.33050137824203035,31.931365784618098,2.9802080396503077,235,16,9,7,"[32.9759465231214, 34.358327215144655, 35.78833718]","[10.0, 10.732715625293697, 11.971670086428416, 16.9559624318961]",78.10726387255124,"[30.231074160082798, 31.62856574, 34.358327215144655]","[11.058353030448245, 11.975623244832361, 14.041081456937519, 22.167629452160433]",58.25591568937077
141,credible,True,1.3849841939041962,0.14616790537640348,0.5096781849383953,31.896339301325288,3.2201052134234462,235,16,9,7,"[30.117807535, 33.35454504804695, 36.270103745]","[10.0, 10.0, 10.0, 11.332934783369932]",114.08157628163417,"[30.91927853781495, 33.462913703350154, 36.270103745]","[11.48123674048697, 12.995355390483006, 14.53927376685163, 22.173131897422362]",27.969184303155945
142,credible,True,1.8186021317759007,0.20758597131589807,0.29157493798758516,31.77943956756406,2.9856834171008177,235,16,9,7,"[33.12659584177405, 34.132350962824006, 35.78833718]","[10.0, 10.617824232968225, 12.114191843625495, 16.510323503680983]",87.50162289209979,"[30.79587317513085, 33.6521916860684, 35.78833718]","[10.688100617564992, 13.030535800684085, 15.35374029173798, 22.41142426081831]",46.608360178430274
143,credible,True,1.7143605080494881,0.290811501194247,0.3008819120954784,31.44501840087055,2.617265860766418,235,16,9,7,"[33.17799903161085, 34.01253445026795, 35.35203284765335]","[10.0, 10.934517153801798, 12.129134907421028, 16.135141623386165]",116.69705116710105,"[31.0253201733632, 32.817956918624745, 35.35203284765335]","[10.0, 12.177180191747055, 15.480863310395897, 23.732919747952547]",48.5926664300253
144,credible,True,1.7888487371077926,0.27229348796767355,0.29647688203209965,31.5829449921463,2.969789559397409,235,16,9,7,"[32.9759465231214, 34.492691086543104, 36.43617476]","[10.0, 11.313118084310345, 13.843393480112274, 18.04829218375567]",96.58332691532863,"[30.2989175471691, 32.3035709155951, 35.1443427240727]","[10.0, 11.923531534485187, 15.302032302593295, 23.290103226961367]",43.17560569362401
145,credible,True,1.2157014865687117,0.3071306778383547,0.5629268805444525,31.82859451421419,2.7159976035230313,235,16,9,7,"[28.689339826379502, 34.3202115368548, 35.78833718]","[10.0, 10.0, 11.311768055021158, 15.770365307770874]",187.47680366104785,"[30.84796485, 32.7794053198655, 34.3202115368548]","[10.164170873221899, 12.622744333922231, 14.959078929631525, 24.8940042770488]",110.67754994477613
146,credible,True,1.577685239282468,0.4030552744664964,0.40793185540417637,31.64960569066916,2.7708849570909755,235,16,9,7,"[32.9759465231214, 34.2304863568548, 35.78833718]","[10.0, 11.710568114812617, 15.07721765196065, 23.323947857452104]",194.14144734653064,"[30.3804461322209, 30.70173971, 31.27458389444175]","[10.0, 10.232780210950725, 11.217265874802697, 23.311821884467754]",250.89106465743282
147,credible,True,1.729261028197843,0.24352751343108534,0.40136119622802974,31.629049771403857,2.922668036784428,235,16,9,7,"[32.224071465460554, 33.6163850333305, 35.55795257478585]","[10.0, 11.332480719826338, 12.948642052309198, 21.70525640057597]",87.59557155708703,"[29.525661425178548, 30.6787279494622, 32.008569118137004]","[11.292501348749418, 12.375023541261449, 13.940558188937175, 24.2115540365681]",139.5221865442131
148,credible,True,1.6181573305794983,0.44176002715622364,0.3831719716447012,32.48650602623161,3.3863842950873053,235,16,9,7,"[33.48942369335015, 34.104405105, 35.65718455]","[10.0, 10.384584033819708, 12.417942011716631, 23.278987416084565]",224.0373781320206,[],[],
149,credible,True,1.805919479905206,0.16340823524322087,0.3534125198130137,31.910088383528496,2.9155324360676547,235,16,9,7,"[32.46810561226445, 34.277450647824, 36.270103745]","[10.0, 11.136312195366886, 12.278848484019498, 15.031643319319352]",49.83224532104761,"[30.89358230054825, 33.6163850333305, 36.09730783]","[12.324726562663859, 14.334922112137658, 16.35397582926784, 20.981114430237675]",31.79207732825428
150,credible,True,1.7325600521752482,0.29477870230537095,0.38467163032912416,31.95078154469034,3.290218426627136,235,16,9,7,"[32.73998174556015, 34.411814519222446, 36.39922521]","[10.0, 11.64784940335334, 13.478640183832384, 21.943451030892817]",116.58371843541454,"[29.6041775587715, 31.4807653089329, 33.332582615]","[10.463296666476824, 12.366426779922346, 14.530612809617649, 24.64469281204846]",134.39602940593244
151,credible,True,1.5123588849328427,0.45423683863316394,0.3752499483040464,31.923079715937693,3.50437599301817,235,16,9,7,"[28.6711006063795, 34.150535677646346, 35.444663407132495]","[10.0, 10.0, 11.371018907479664, 19.503507010462823]",303.02423473510504,"[31.145124715, 31.8879833079447, 32.5830326425095]","[10.0, 10.123799062454413, 11.25679244214577, 24.4863407634926]",340.84797339541774
152,credible,True,1.618405707861748,0.18263909806483808,0.4770448747000316,31.688431965595708,3.059207141613487,235,16,9,7,"[32.3833811999637, 34.01253445026795, 36.43617476]","[10.0, 10.902058306102884, 12.601332804648221, 16.186962849299327]",64.04119737989507,"[30.63776876310955, 32.2768860333865, 34.178481535470354]","[13.380034736003061, 14.701308507896703, 16.496592479322164, 23.832644517241263]",50.47159043723266
153,credible,True,1.8572129579281578,0.19250353026615566,0.367898429561843,31.91877950690996,3.299370391362029,235,16,9,7,"[31.3691284803528, 33.830278697737896, 36.32668681]","[10.0, 11.585581788300475, 13.199110185521912, 22.86139875719153]",64.85782144962383,"[29.525661425178548, 30.927611047945803, 34.01253445026795]","[12.39134694635862, 13.34735443843649, 15.964426330188324, 24.61032604398676]",81.28165855931077
154,credible,True,1.6605500709905219,0.23915821146373306,0.36618729003792017,31.61938715873559,2.8582246319754767,235,16,9,7,"[33.38110521706205, 34.3202115368548, 35.78833718]","[10.0, 10.813090303518733, 12.197781726250216, 16.407724956080493]",104.10208522385136,"[30.84796485, 32.9081672631214, 35.78833718]","[10.829847374264624, 12.730593930877802, 16.415178872312328, 22.375973011481598]",48.96898971283882
155,credible,True,1.77729176132553,0.34844756190261544,0.4244097722189138,32.10284899070815,3.0800134277655324,235,16,9,7,"[31.83326575245955, 33.6534761183305, 35.661028654999996]","[10.0, 11.937915700832837, 14.777746289422934, 24.049505922814415]",118.9208642209136,"[28.821843131379502, 29.41349474024325, 30.060693649999997]","[10.268490545826296, 11.048697841052768, 11.90323876325691, 24.735979138971143]",330.21708338604407
156,credible,True,1.7266732418950572,0.252007586329462,0.35611358775246865,32.00515210808035,3.1040190899180558,235,16,9,7,"[33.2390362786214, 34.824950689999994, 36.270103745]","[10.0, 11.279442362162065, 12.61940659833959, 17.826218680705704]",112.36184229248893,"[30.7981037518733, 32.65507661899595, 35.00033464]","[10.956612830757996, 12.72118374132664, 15.327033687620494, 23.794479544508736]",85.75222308343078
157,credible,True,1.7460620212995182,0.26727416247028435,0.31339823031079034,31.786809365638035,2.9697661281984526,235,16,9,7,"[33.35454504804695, 34.411814519222446, 35.756325974999996]","[10.0, 10.958196511254982, 12.416282615787017, 17.407294479351513]",134.41400108520307,"[30.68221255328655, 32.642336522060546, 34.50058217922245]","[10.148863324126758, 12.083286278271048, 14.129033739682558, 22.444227091815527]",96.81080372564668
158,credible,True,1.5158935014445962,0.30495387238811406,0.36605673003578904,31.687262182419502,2.845109046692072,235,16,9,7,"[29.0455820628869, 34.22124242450115, 35.756325974999996]","[10.0, 10.0, 11.44039457642456, 16.81952230821563]",161.46311060927692,"[31.709000680000003, 33.48942369335015, 34.968266275000005]","[10.0, 12.152818243471582, 14.090565409920886, 22.672510866152322]",72.27613006918077
159,credible,True,1.5793742988286295,0.3361877685628057,0.3734370960119655,31.832078671909137,2.778453960273321,235,16,9,7,"[33.35885589395795, 34.50887419732065, 35.78833718]","[10.0, 10.791033192923434, 12.890499653444571, 19.258214744756458]",154.57667707560307,"[31.16620753, 32.5649606829373, 33.903468815238995]","[10.0, 11.83739661159828, 13.966908772018497, 24.90010701108553]",105.07509437767555
160,credible,True,1.4006899084562365,0.28405254310975997,0.4271224680276834,31.774146080799927,2.907853293255753,235,16,9,7,"[30.6453224487093, 34.492691086543104, 35.784493075]","[10.0, 10.0, 10.627205747295008, 15.06940437038137]",157.28758817079012,"[31.59542261169325, 33.65155807608805, 35.784493075]","[10.0, 12.142012500645624, 15.026026662332656, 21.639933557967044]",53.64161154966156
161,credible,True,1.4808071112658607,0.24080772945441978,0.4834032642562628,32.07753394316965,3.2749199743787982,235,16,9,7,"[33.96154718, 35.41665096172605, 36.8111298]","[10.0, 10.650978721295372, 11.678925576159477, 16.7230646158185]",120.32091244664751,"[30.899751381101503, 32.86919610593305, 35.41665096172605]","[11.31033366397216, 13.209529447912809, 15.762884593269796, 24.749250231614518]",77.59920175648563
162,credible,True,1.9527472196515954,0.23804229300696647,0.28962176743657314,32.25982865585171,3.329027605579005,235,16,9,7,"[31.872845715, 33.6163850333305, 35.689195755]","[10.0, 11.218046984429416, 12.812395468929827, 19.860074630461007]",87.20926335517294,"[30.644725759916298, 32.63123790044895, 33.86868099210485]","[11.696139840385944, 13.604915181466646, 14.78329592546253, 23.3937650173547]",97.59648110242962
163,credible,True,1.4445439939103615,0.35379799890868796,0.41558148652376026,31.902550378664426,3.083134296757641,235,16,9,7,"[28.60860758525625, 34.258432214678805, 35.65718455]","[10.0, 10.0, 10.957597995028696, 17.63317334186866]",193.6737278959456,"[31.636180521978552, 33.43571488, 34.3202115368548]","[10.0, 12.46401167302726, 13.778463187379451, 24.699662056993482]",129.7096330482625
164,credible,True,1.8911475442478598,0.20793505200961804,0.29133518969712013,31.988364374043655,2.9578073805936302,235,16,9,7,"[32.3549828705588, 33.75308582329245, 36.067052364999995]","[10.0, 10.94967873174183, 12.31298023336436, 16.412170025604514]",67.47658547334575,"[30.68221255328655, 32.60649538, 35.43452652765335]","[11.297386545110273, 12.888559995205654, 15.530684728175926, 20.81001266315929]",45.00463058904288
165,credible,True,1.776389590331886,0.22447789416377936,0.407653181248999,31.870650394475096,2.8144985816252412,235,16,9,7,"[31.8879833079447, 33.6163850333305, 35.64644873]","[10.0, 11.683494310785537, 13.341837810457687, 18.807074092033442]",73.40669673206459,"[29.94361332905565, 31.5045234250675, 33.3978292790151]","[12.22058469329889, 13.78331483996846, 16.260768813631095, 24.685594572276177]",86.95013088541954
166,credible,True,1.5720396564865755,0.3370366125019113,0.3995380794389958,31.712755181434694,3.1184387245232905,235,16,9,7,"[33.0606690944397, 33.6163850333305, 34.965401695]","[10.0, 10.067042992208046, 11.08587627321782, 23.197024482823846]",213.8997353396873,"[30.521331102512548, 31.8918976429447, 33.01379810004135]","[10.03836506288366, 11.612664065911716, 13.087825302850602, 24.229946481058406]",230.86638945357623
167,credible,True,1.9452159042579942,0.16655683966864335,0.2797360294093396,31.883278157962348,3.0169120881487426,235,16,9,7,"[31.7233121545789, 33.61878387388505, 35.614437525]","[10.0, 11.093143011008705, 12.242822181428773, 16.260832513712543]",52.567973821989554,"[30.70173971, 33.028798761774055, 34.824950689999994]","[11.962370221015812, 13.614821330944793, 15.127532998918749, 20.40144438901299]",44.086755336149814
168,credible,True,1.8837528290978687,0.26816750573002823,0.30627130205297354,31.860442032243842,3.3857243760684703,235,16,9,7,"[32.3035709155951, 34.411814519222446, 36.32668681]","[10.0, 11.961377835602626, 13.898573249932241, 20.962946257003292]",96.85624102637934,"[29.5060182137715, 31.50660346546065, 33.8470987770759]","[10.565529620061847, 12.295196305438585, 14.701924408677638, 24.837607337099417]",102.74357841387362
169,credible,True,1.8596916567665658,0.2791654299701811,0.3283170359605457,32.04789559574594,3.1594999206990155,235,16,9,7,"[32.224071465460554, 34.187725467824, 36.43617476]","[10.0, 11.804181608528925, 13.969989888681184, 20.690878952413488]",103.77445587313252,"[30.70474911127355, 32.65507661899595, 33.787778067737904]","[11.490821686412763, 13.820435573528298, 15.31438200974589, 24.765997707368232]",108.63498916705696
170,credible,True,1.6379482019858496,0.3927145793186095,0.31890813461156303,31.583034364476212,2.8863270820806015,235,16,9,7,"[33.20719191798945, 34.104405105, 35.55795257478585]","[10.0, 10.807081777078793, 13.01654973992973, 22.881046612469557]",192.3663631761225,"[31.255424249441752, 31.84840334540425, 32.547191500448946]","[10.0, 10.610640693081931, 11.626635256699572, 22.269790502724454]",197.04093205006458
171,credible,True,1.8297318660454802,0.11653050504295598,0.34635124095412867,31.52306767952124,2.737127869659779,235,16,9,7,"[31.758368292944702, 33.61575142335015, 35.02941549]","[10.0, 10.824263317628528, 11.644390900203113, 13.596141865394285]",37.41986933957978,"[30.79587317513085, 33.375579955911, 35.02941549]","[12.762097218259465, 14.333742736306803, 15.420399612221862, 18.45194572167319]",28.71011364984566
172,credible,True,1.6432444561341333,0.3318285956290289,0.454276664826423,32.22618778938426,3.122876065412641,235,16,9,7,"[32.7659476898655, 34.150535677646346, 35.971755044999995]","[10.0, 11.459277106839023, 13.847536054823085, 22.504996977260973]",144.0385249735179,"[29.23587997, 29.92335859103325, 30.72266034328655]","[10.14092205509407, 10.856470597078372, 11.863961041058067, 24.035521223620382]",301.62266735742736
173,credible,True,1.7563935293255286,0.18624083765816962,0.3613482608685332,31.470778664147335,2.701905593295807,235,16,9,7,"[32.32391072355615, 33.82618036210485, 35.65718455]","[10.0, 10.927178269322166, 12.432005541223562, 15.55645392778541]",72.22710000202133,"[30.0196636680224, 31.956505702459552, 34.60264087422245]","[11.4266631409557, 13.002310930626143, 15.420659504274177, 20.853125048205]",46.40591409241024
174,credible,True,1.6914676822828751,0.32558310903980614,0.3926210163602162,32.175191549119795,3.3942997852295194,235,16,9,7,"[33.12659584177405, 34.411814519222446, 36.56778094]","[10.0, 11.294833394297184, 12.95140949128278, 20.077346300289776]",142.67307912310926,"[29.862609685, 31.03269094054825, 32.423729663906755]","[10.20176224065956, 11.306641436902273, 13.096673608140078, 24.623023538114637]",197.6778756336943
175,credible,True,1.508448015003208,0.1450662365585046,0.38449665178229614,31.795671530413752,2.8209146292711944,235,16,9,7,"[28.56652825177255, 31.4807653089329, 35.614437525]","[10.0, 10.0, 10.0, 11.247860395906537]",124.71671536967224,"[31.0253201733632, 33.156741649365756, 35.614437525]","[10.0, 11.149508184358522, 12.50454392183059, 15.476056354477796]",22.34291343132169
176,credible,True,1.717173824302276,0.16938440946266758,0.33942628708428985,31.748999390052422,2.9886548389831042,235,16,9,7,"[33.51725612668065, 34.618823985000006, 36.270103745]","[10.0, 10.30228996588943, 11.143033370532292, 13.568271599634492]",79.4404699420943,"[30.90865332054825, 33.6521916860684, 36.270103745]","[10.990966666518236, 12.881261245645774, 14.673828387052769, 19.98145786805054]",29.23277804060507
177,credible,True,1.2049255798345546,0.480397340695317,0.5147257613198241,31.937263613641196,3.2388215553961848,235,16,9,7,"[28.849602095, 34.111694459999995, 36.09730783]","[10.0, 10.0, 11.888380650666189, 22.98678744058291]",310.5534177845435,"[29.172108809999997, 31.5452813353528, 32.090620644428796]","[10.0, 10.0, 10.507020899079683, 22.57494794631761]",405.4455463387411
178,credible,True,1.6029446362354878,0.19471765741313257,0.44169988590711984,31.98808713758902,3.0591839274180104,235,16,9,7,"[33.4651615552023, 34.178481535470354, 35.784493075]","[10.0, 10.458113524834229, 11.329686029626155, 20.955063053212548]",85.14156482482092,"[29.5907377837715, 31.5045234250675, 33.91226361784895]","[11.109004386917245, 12.509384094129219, 14.45080407366679, 23.46528384102795]",75.71383881929285
179,credible,True,1.953707752976454,0.015349154788217396,0.3241943314864702,31.396593967438452,2.5604596027676427,235,16,9,7,"[29.776315304263953, 31.79903573245955, 34.60264087422245]","[10.925245268855345, 11.048810498558993, 11.228398795950554, 11.449435235786012]",3.708309788779701,"[29.629245695, 31.601903731978553, 34.60264087422245]","[14.215312403726255, 14.373502870386014, 14.621442431748605, 15.011951438809529]",3.0568212278746287
180,credible,True,1.6242322357277925,0.28511736201366933,0.45806302800189885,31.647117783724347,2.9160482001019523,235,16,9,7,"[32.489931172488355, 34.258432214678805, 36.270103745]","[10.0, 11.905287670738316, 14.02209316596716, 19.92927365085378]",100.61274142071764,"[29.531086350000002, 30.97970272281495, 33.3086785]","[11.114918410266379, 12.707848412403154, 15.924730336582273, 24.10697251429126]",104.57017750488548
181,credible,True,1.7011024967752133,0.16280692155584048,0.3767051219966561,31.81417087423131,2.706933289701819,235,16,9,7,"[33.329890218046955, 34.358327215144655, 35.913889964999996]","[10.0, 10.520765141912767, 11.577967324997916, 14.36978680928841]",62.193994087267896,"[30.7981037518733, 33.48942369335015, 35.913889964999996]","[11.563906013705584, 13.63766279833386, 15.74457979575032, 19.67140574412414]",25.300294954943773
182,credible,True,1.5951013487395747,0.19634099515972556,0.4313492766905668,31.695272450854638,2.869392987690299,235,16,9,7,"[33.35454504804695, 34.10245052764635, 35.81474854]","[10.0, 10.476577295890959, 11.48668548342846, 14.920277608707407]",89.1760059425819,"[30.90865332054825, 33.6163850333305, 35.81474854]","[11.786930359810306, 14.265746986627505, 16.574640333348395, 22.66002437784975]",45.68501666409221
183,credible,True,1.7685149506435363,0.15519097234848134,0.38371459537943664,31.8833660859842,3.1033750760665,235,16,9,7,"[32.14410497, 33.6181502639047, 35.689195755]","[10.0, 10.664367707996535, 11.829385057318873, 14.460875222540835]",46.604196679234875,"[30.85879222242155, 33.6181502639047, 35.689195755]","[12.691973017400816, 14.644366924596197, 16.37711018377119, 20.582337452327916]",31.170740088834535
184,credible,True,1.7373118740883304,0.27724777316476523,0.32778542210546446,31.798053180818478,2.9242994784848775,235,16,9,7,"[33.06560747004135, 33.91226361784895, 36.09730783]","[10.0, 10.432184508500487, 12.834815693164732, 17.987508486213454]",112.70634284333869,"[30.90865332054825, 33.59095144055455, 36.09730783]","[10.408758087889751, 13.516412956065722, 16.891440368600424, 23.78313922348292]",61.31159371468022
185,credible,True,1.8723808930786732,0.24826663030257187,0.3083983248160995,31.83000982361689,3.0822096359573092,235,16,9,7,"[32.293475444963704, 34.139640317824, 36.270103745]","[10.0, 11.717458681558277, 13.455319831886854, 18.20646226199154]",90.26723323060746,"[30.66624308199585, 32.14410497, 34.50887419732065]","[11.477104738524954, 12.983686506167816, 15.313572697692301, 23.379653150469476]",78.48774582157759
186,credible,True,1.7534957485653702,0.2589896650068241,0.32890893309217545,32.22270587161357,3.36378482518962,235,16,9,7,"[33.61878387388505, 34.827108005, 37.157963695]","[10.0, 10.723300682172946, 12.460896332951286, 24.33455234734146]",117.06105736392905,"[30.81094419513085, 32.92347305, 34.277450647824]","[10.497500250304867, 12.359492832084257, 13.789414567019929, 23.62258142326795]",102.68793441369664
187,credible,True,1.8045458815990882,0.29004004779390247,0.3432338928991609,31.906972787120896,3.1465496987524535,235,16,9,7,"[32.38715388355615, 33.61575142335015, 35.65718455]","[10.0, 11.163412545498018, 13.003809924663615, 20.886844810353814]",112.48016307055238,"[29.2908193387951, 30.8131747718733, 32.41381647855615]","[10.042958074320689, 11.48383561542847, 13.476328481935294, 20.876728166293237]",166.39689187104645
188,credible,True,1.9338522949389712,0.18906498828873117,0.25959468169706507,31.46260966495871,3.369292122284401,235,16,9,7,"[31.95259136745955, 33.75437025555455, 35.78833718]","[10.0, 10.978447695180689, 12.501956098578157, 17.05361529115393]",62.37152812980764,"[30.7981037518733, 33.6163850333305, 35.78833718]","[11.580138390964605, 13.550822163763794, 15.505514236969859, 21.04947024169125]",39.845155926496005
189,credible,True,1.9120638351997545,0.17828764278449444,0.3445378685299804,32.066669655389546,2.6406047301705065,235,16,9,7,"[31.269159645000002, 33.5885526, 35.913889964999996]","[10.0, 11.708254821062576, 13.558612233479217, 16.922017692748067]",43.57666001169123,"[30.90865332054825, 33.5885526, 35.913889964999996]","[13.107478889038147, 15.66272820081388, 18.349687636873977, 22.956993104852867]",31.59464281248332
190,credible,True,1.8891442869986326,0.2830427319750483,0.3219296381713377,32.018862202738674,2.9035807466266674,235,16,9,7,"[32.023073225000005, 33.75308582329245, 36.43617476]","[10.0, 11.607704319463565, 14.77364784675627, 22.803900201270356]",100.43225899003875,"[29.525661425178548, 30.98707349, 32.65507661899595]","[10.413077505052609, 11.846648624828351, 14.021287378517838, 22.429939211268813]",138.0894460325042
191,credible,True,1.7249903734240675,0.19943848758561625,0.33848653314126287,31.7187554636095,2.6870042789971604,235,16,9,7,"[33.35885589395795, 34.2304863568548, 35.5985534521325]","[10.0, 10.67895816065288, 11.581103280188845, 15.569465187488628]",80.26487029214302,"[30.81094419513085, 33.0737436031214, 35.41665096172605]","[10.831061198873366, 12.717667398615871, 14.982732987270618, 20.512282508282567]",31.827353852744494
192,credible,True,1.6766733435796102,0.297616756587972,0.3600194859514334,32.04580152437232,2.786200741986864,235,16,9,7,"[33.462913703350154, 34.618823985000006, 36.307053295]","[10.0, 11.208619052734946, 12.876500136988508, 19.122618611931543]",125.66083834742375,"[30.644725759916298, 32.1885791644288, 33.751971415]","[10.0, 11.795921672342844, 13.596064012632143, 24.652299542579417]",100.06688022906971
193,credible,True,1.751973021933376,0.40155298631344855,0.4230199654613846,32.20555920149372,3.021351725498615,235,16,9,7,"[32.09129040207405, 32.9729787859744, 33.99974703784895]","[10.0, 11.097220282630234, 12.919336577892503, 20.373655397913765]",241.08786883711235,[],[],
194,credible,True,0.9237091019640383,0.06396852144742249,0.6734198925240024,31.68247612460242,2.911893958161916,235,16,9,7,"[29.398260685, 32.5830326425095, 33.80998091497105]","[10.0, 10.0, 10.0, 10.0]",186.1863452644427,"[30.731123403709297, 33.61575142335015, 35.689195755]","[10.772722093847381, 11.468795259751117, 12.040520463362453, 13.07565486237814]",9.618866563007897
195,credible,True,1.939736730219637,0.19772135309308408,0.27375158291617185,31.84414272198368,3.042975301813651,235,16,9,7,"[31.84840334540425, 33.05934021, 35.987544455000005]","[10.0, 10.76292876092927, 12.070822310034872, 17.429565035608775]",64.84577279366269,"[30.72266034328655, 32.9759465231214, 35.987544455000005]","[11.61128627136586, 13.435251292121217, 15.58788981614598, 23.214429937703876]",43.984592292051076
196,credible,True,1.8605684980404902,0.29774440580115646,0.37172173417083554,31.983418131534687,3.3340388166888935,235,16,9,7,"[31.642877214578903, 33.75308582329245, 36.39922521]","[10.0, 12.139172704992765, 14.497355526527343, 24.36056430345569]",108.89896919387769,"[29.2798208, 30.521331102512548, 31.31656740805975]","[11.267730035910526, 12.722152577615255, 13.598946490732182, 23.310303652055133]",216.56113215268647
197,credible,True,1.7763642199791903,0.3195739619154805,0.3364893328117067,31.86376832786857,2.8883705961020127,235,16,9,7,"[32.65676332192605, 34.178481535470354, 35.65718455]","[10.0, 11.653084406073335, 14.160358454197699, 21.45221232926159]",120.4975709050823,"[30.0196636680224, 30.802611685000002, 31.95259136745955]","[10.0, 10.883983618873293, 12.266334854439387, 22.5593580248439]",183.0790114733439
198,credible,True,1.8114287810625556,0.31691423663155016,0.3665926193482792,32.274593550641754,3.264043961069803,235,16,9,7,"[32.49373470890675, 34.40108810417545, 36.696902405]","[10.0, 11.880883110637276, 14.96421864032822, 21.827084613699643]",114.02853585948296,"[29.2908193387951, 30.54263037933135, 31.247618505]","[10.084413114169914, 11.491196293276284, 12.362263397192722, 22.285591009325593]",219.8230468686269
199,credible,True,1.374582956759386,0.274873487385635,0.5188849496227977,32.135200658129094,2.988270493651099,235,16,9,7,"[30.8131747718733, 34.492691086543104, 35.967910939999996]","[10.0, 10.0, 10.561270905982381, 15.488006414380447]",141.63836198109155,"[31.04216991, 33.0606690944397, 35.16221829]","[10.836956902337366, 13.190096653019758, 15.983444224294537, 23.901277039866013]",72.00698432136949
200,credible,True,1.754555422195077,0.2724054925677669,0.39380226584946315,32.173234768077656,3.1905224937839436,235,16,9,7,"[32.54021816248835, 34.35003519704645, 36.999319045]","[10.0, 11.538593341329825, 14.181617235234459, 19.69853974966133]",107.11213497050873,"[29.273641159999997, 30.97970272281495, 33.3978292790151]","[10.596636065514561, 12.037315498694173, 15.0060507853973, 24.936714486289937]",119.50809885782334
201,credible,True,1.5824962601152956,0.1993123001831533,0.43708562533658013,32.07699188350399,2.834477319037584,235,16,9,7,"[33.59095144055455, 34.965401695, 36.09730783]","[10.0, 10.901252988023185, 11.65922565362985, 14.827377234450976]",85.37592889778062,"[30.97970272281495, 33.59095144055455, 36.09730783]","[11.49901383442988, 13.772816730916098, 16.618951634393976, 22.414928244455133]",36.47662727343193
202,credible,True,1.4527641857523295,0.06376221402466489,0.4457846052615343,31.729873344317387,2.6490794860062876,235,16,9,7,"[29.46600999140705, 32.0931884444288, 33.39248082804695]","[10.0, 10.0, 10.0, 10.0]",108.16047493097355,"[30.70173971, 32.7794053198655, 35.35203284765335]","[11.047953101987883, 11.603769872652911, 12.234717884312603, 13.613872202775593]",10.699905665066325
203,credible,True,1.6772045261418171,0.19023205816123723,0.4284315674249637,31.571555556810424,2.656320636296404,235,16,9,7,"[32.2768860333865, 33.61878387388505, 35.392633724999996]","[10.0, 10.993522977230546, 12.390047240846375, 14.595477591875067]",75.06626556016353,"[30.69418602440025, 32.626213435, 34.42799763]","[12.676051281172533, 14.560409867255947, 16.378818578686342, 22.58923818760205]",58.03997728772439
204,credible,True,1.8792068934652852,0.12057883455500824,0.31654542584289824,31.826167796581725,3.1230478510603272,235,16,9,7,"[31.8879833079447, 33.91226361784895, 36.153890895]","[10.0, 10.795744826713092, 11.78741688008843, 14.546573917601773]",36.37735577313303,"[30.89358230054825, 33.6521916860684, 36.153890895]","[12.499493475525496, 13.942892772845441, 15.354128847464487, 21.81708426391436]",23.55972365212118
205,credible,True,1.5157301276443462,0.21810335391733382,0.4414412874705951,31.408922919956574,2.559465318560959,235,16,9,7,"[30.4768398, 33.564441450554554, 35.07972461]","[10.0, 10.0, 10.926442971455645, 15.959187023838552]",115.82118775615487,"[30.7981037518733, 32.80167838862475, 35.07972461]","[11.196239922935607, 13.285492044814232, 15.650592262228571, 23.530308412440508]",48.62566895189013
206,credible,True,1.361216008349644,0.25773249729345693,0.5202614768142237,31.95532246918001,2.8628923897667464,235,16,9,7,"[28.71709879, 34.492691086543104, 35.5839735271325]","[10.0, 10.0, 10.829244101091508, 16.762355115376412]",139.58586459991878,"[30.3483792711496, 32.18924892207405, 34.01253445026795]","[10.368590619345019, 12.336023971935486, 14.52851450088278, 23.404676197047642]",88.72076504955446
207,credible,True,2.006710790363676,0.23565877278839453,0.24489344722138368,31.778407608585937,3.27452891295741,235,16,9,7,"[31.65839805197855, 33.96154718, 36.624364005000004]","[10.0, 11.746662492443484, 13.781442162637923, 19.064944479974713]",77.44981703134275,"[30.8131747718733, 33.1577184559062, 35.1705589940727]","[11.693174895486928, 13.855845663987683, 15.988152095654808, 24.97829611096609]",66.69101565244348
208,credible,True,1.5910349388112952,0.293463841398977,0.4463053145476664,32.126550934109176,3.2952806397838503,235,16,9,7,"[33.59095144055455, 34.965401695, 36.587414455]","[10.0, 11.483429153032128, 12.734763640478727, 17.049160027828155]",127.30260007689174,"[30.787540665, 33.2720211849674, 35.02655091]","[11.305782086242731, 14.28703040978635, 16.804188759103685, 24.484087151485546]",107.66692263924736
209,credible,True,1.6892114522506507,0.20693243780934417,0.3220780436130007,31.665282715783107,2.876082806443459,235,16,9,7,"[29.05951596, 33.82618036210485, 34.827108005]","[10.0, 10.0, 10.378469034160513, 15.569949558306705]",122.20761416345707,"[30.68221255328655, 32.642336522060546, 33.82618036210485]","[10.082481694716174, 11.717914324633611, 12.80081835063683, 20.217034956882546]",69.59398708578475
210,credible,True,1.7387916451511245,0.3082731610374473,0.3480401907487664,31.863577806731037,2.8071591091419004,235,16,9,7,"[32.7659476898655, 33.61575142335015, 35.818592644999995]","[10.0, 10.833916294619163, 12.619016347533446, 20.068188005281485]",127.48308128864076,"[30.19918794558565, 31.426179554571, 33.028798761774055]","[10.010283626494287, 11.428759823652483, 13.60826635713198, 22.121736123621396]",136.65087482394176
211,credible,True,1.316105865931771,0.3217760469575023,0.4453802200177798,32.13938311537346,3.3035568563258733,235,16,9,7,"[29.2908193387951, 34.824950689999994, 36.696902405]","[10.0, 10.0, 10.433152815827503, 24.155455965707326]",201.1219231844324,"[32.3383934589816, 33.178474848588806, 34.111694459999995]","[10.0, 10.90773669922202, 11.865105588212948, 23.82397467946958]",127.87007966195836
212,credible,True,1.3878947806214474,0.39069954927945844,0.5380251435947253,31.87157570108493,3.439841252915409,235,16,9,7,"[33.411452741852145, 34.619493755, 36.738591400000004]","[10.0, 11.178964943731945, 13.322421159917733, 19.643008239365987]",168.9885637591742,"[28.33249185, 29.334636189999998, 29.8182661822407]","[10.0, 10.0, 10.339957204558003, 24.18090766770892]",339.3277034808132
213,credible,True,1.7404991927710156,0.14926174329810887,0.34205317613907643,32.035494956058656,2.8896359147016004,235,16,9,7,"[33.7506869827379, 34.82428092, 35.913889964999996]","[10.0, 10.402418474674816, 11.009954016279101, 13.221398036892603]",67.10782442299,"[30.7981037518733, 33.6163850333305, 35.913889964999996]","[11.155064309779668, 12.923250408983431, 14.551400715676136, 17.591536541923293]",27.94269679610896
214,credible,True,1.5742741598656098,0.16616222830889285,0.4268542239072537,31.93714464289043,2.980504531367214,235,16,9,7,"[29.20491842677795, 34.618823985000006, 36.32668681]","[10.0, 10.0, 10.90704431938849, 13.048628567652758]",87.2434551505072,"[30.7981037518733, 33.61878387388505, 36.09730783]","[11.37163130944795, 13.329849577327517, 15.204003428896597, 18.44571373722386]",33.562946250908595
215,credible,True,1.6474547013784198,0.1404632728616789,0.4173241499253846,31.828759997384722,3.0472527215981526,235,16,9,7,"[33.3978292790151, 34.10245052764635, 35.818592644999995]","[10.0, 10.260815358334009, 11.005040588816986, 16.984825342905783]",66.49682490395982,"[30.85879222242155, 33.6181502639047, 35.818592644999995]","[12.21169607326812, 13.931610344751455, 15.459729104389448, 23.825134185892445]",26.558573901894206
216,credible,True,1.8636498588810702,0.14408932605282807,0.35065403114972954,31.51198298633457,2.788717019292248,235,16,9,7,"[31.066704545548248, 32.93512720905445, 35.2208681140727]","[10.0, 11.067430659089265, 12.131916211566002, 15.550034717752768]",42.14293909009191,"[30.79587317513085, 33.6163850333305, 35.2208681140727]","[13.209780323345672, 15.339239899198748, 16.68486543457006, 21.754736839430688]",37.48676720017242
217,credible,True,1.9201174646120989,0.3413880463497573,0.29278393889408194,32.07238391708097,3.1472418828843254,235,16,9,7,"[32.0931884444288, 33.5885526, 35.78833718]","[10.0, 11.459343207942121, 14.561954295207178, 24.55562798472527]",134.1157372664417,"[29.92762346, 31.373618482277948, 32.3668140755951]","[10.091966443432003, 11.886467302847429, 13.369668086660221, 22.643917246544014]",228.66458893472986
218,credible,True,1.6023007068875865,0.3223728041122625,0.41124146532191636,31.953280571678246,3.121494928396788,235,16,9,7,"[33.4243392690151, 34.618823985000006, 36.696902405]","[10.0, 11.026251318034642, 13.174857208282283, 20.444677643267468]",120.6245826361068,"[30.060693649999997, 30.7981037518733, 31.83326575245955]","[10.0, 10.770182369831407, 11.954958045787937, 24.26352616230986]",158.29915330064017
219,credible,True,1.7371400827791896,0.2895882978802176,0.3720318645883057,31.79520754104234,2.9358680675263864,235,16,9,7,"[32.64566470031445, 34.24950479, 36.116941345]","[10.0, 11.583199411385516, 13.976262201918846, 21.668136185951404]",117.72725533867009,"[29.4923478569672, 30.787540665, 32.0931884444288]","[10.143321082163723, 11.433491959021325, 13.128401906600931, 22.123516041969552]",154.46233943540182
220,credible,True,1.7898028870289113,0.2999243613655424,0.30284325248758537,31.36842188049383,2.810588008655289,235,16,9,7,"[32.44832318267055, 33.38110521706205, 35.614437525]","[10.0, 11.179157281850525, 13.33047469415883, 19.584267123676675]",124.47705354131918,"[30.2187791664552, 31.59542261169325, 33.24811706996741]","[10.112847790298598, 11.691308425387335, 14.029861704580233, 21.915546667870657]",102.20775812960943
221,credible,True,1.727817225177243,0.17580813145267202,0.3521328159109023,31.83444166978314,2.6730680128319535,235,16,9,7,"[33.35454504804695, 34.42010653732065, 35.78833718]","[10.0, 10.618414296811775, 11.707225257716944, 14.640019410807417]",74.39209749132348,"[30.7981037518733, 33.6163850333305, 35.78833718]","[11.16359405638647, 13.465279164153827, 15.576468331730108, 19.939088166645572]",35.36835543223853
222,credible,True,1.591482878653403,0.22853135468633154,0.4215047618808938,31.906799921394256,2.9844087061181264,235,16,9,7,"[33.61575142335015, 34.392796086077254, 36.09730783]","[10.0, 10.453312959981073, 11.772239839270695, 16.54607107708241]",102.79701870879688,"[30.63776876310955, 32.2768860333865, 34.492691086543104]","[11.10771997362577, 12.532107779517277, 14.712977177260221, 23.288498781431286]",60.40061375049449
223,credible,True,1.310482805830018,0.3303010371072734,0.5133544330290533,31.614535384616634,2.953439109464538,235,16,9,7,"[28.813373329999997, 34.01253445026795, 35.3033617940727]","[10.0, 10.0, 11.035507444964452, 17.84800180375111]",183.27742285174338,"[30.613978178040647, 32.1885791644288, 33.3086785]","[10.049387718218137, 12.021629316163233, 13.593201449575917, 21.611734266825536]",150.59971512587106
224,credible,True,1.6868986519667997,0.30540694216840564,0.34720016495358846,31.942118167889202,3.0544279652953565,235,16,9,7,"[33.48942369335015, 34.3202115368548, 35.78658144]","[10.0, 10.91306172315644, 12.056401178103295, 19.841051193424505]",143.7558967468905,"[30.69418602440025, 32.642336522060546, 33.80998091497105]","[10.0, 12.321615478304528, 13.562844709713104, 23.339861022211274]",128.93735054744963
225,credible,True,1.274498432441673,0.1634636681125894,0.4552095170214437,31.560980056771907,2.6908042901161866,235,16,9,7,"[28.436481376772548, 30.46963577, 35.43452652765335]","[10.0, 10.0, 10.0, 10.290194752385652]",172.6752587419791,"[32.146672769999995, 34.056319955, 35.43452652765335]","[10.0, 11.244225385249544, 12.194145922007863, 15.430087128653684]",32.90071611820338
226,credible,True,1.8102888967717838,0.088394544456578,0.3495547371269675,31.64504291743133,2.932240550211693,235,16,9,7,"[32.224071465460554, 33.83156313, 35.78833718]","[10.0, 10.465212021985625, 11.162127878010205, 12.366508439781457]",27.354190589972305,"[30.7981037518733, 33.6163850333305, 35.78833718]","[12.716227612646803, 13.880886141648373, 14.856522492889267, 17.019808850955044]",16.34147365523603
227,credible,True,1.7056028708070274,0.2789736965834306,0.39368562685530084,31.988175538333927,3.1547138439996822,235,16,9,7,"[32.86919610593305, 34.258432214678805, 36.09730783]","[10.0, 11.22493380442198, 13.109398284951896, 19.532860345772118]",115.17839508973313,"[30.69418602440025, 32.7032818769354, 33.91226361784895]","[11.44472343609171, 13.766537154533959, 15.431904738625276, 24.96301828975997]",108.11303800101811
228,credible,True,1.5931042788693015,0.3219206280140356,0.4263622525303815,31.85064228483755,3.1696591669828416,235,16,9,7,"[33.173932113621404, 33.99974703784895, 35.689195755]","[10.0, 10.816145421576508, 12.427302400317414, 18.93406617110053]",162.34105082070442,"[29.89542649103325, 30.90865332054825, 32.855693790000004]","[10.197694694408037, 11.17158207458393, 13.705656106712215, 24.757241935849194]",191.11136644117903
229,credible,True,1.7863359169300468,0.29986989331454045,0.2881601347932566,31.87927991234656,2.7994826329729467,235,16,9,7,"[33.161785373895654, 34.411814519222446, 35.913889964999996]","[10.0, 11.243472227920458, 13.296066747713189, 19.373603444357478]",108.14654297285804,"[31.0253201733632, 33.463547313330494, 35.913889964999996]","[10.0, 12.96517452969397, 16.897747400102407, 24.893180462007006]",51.20311790761018
230,credible,True,1.7995651653528952,0.3047748708336577,0.3252568249755638,32.19232211188345,3.1311642365987735,235,16,9,7,"[32.92347305, 34.187725467824, 36.70164185]","[10.0, 11.08826257521969, 13.225444650095202, 20.571503229656244]",119.26934798480417,"[30.70173971, 32.62426456248835, 34.619493755]","[10.450338255887559, 12.636269433824824, 15.046901496403402, 24.686725461769033]",107.19374357442237
231,credible,True,1.8066644996012837,0.18249733551447753,0.34156484813820653,31.730175172429643,2.8581594825956955,235,16,9,7,"[32.3035709155951, 33.6163850333305, 35.392633724999996]","[10.0, 10.831319201075136, 11.658491874498328, 15.857654178072151]",67.3656285489198,"[30.7309928534174, 32.7794053198655, 35.392633724999996]","[11.912039146181364, 13.61138555646192, 15.379263666634502, 23.512454182678425]",43.861937055540885
232,credible,True,1.7376980105456812,0.2977215220338067,0.33959176516792255,32.0061158563933,3.185644630205161,235,16,9,7,"[33.2720211849674, 34.618823985000006, 36.116941345]","[10.0, 11.131151375341414, 12.769487117915414, 19.462580684496146]",124.58329733662354,"[30.71007222013085, 32.547191500448946, 33.85248154497105]","[10.400490862435612, 12.462362237056707, 14.160928204695407, 23.70582915291296]",112.05306196647241
233,credible,True,1.4188716817270999,0.23990531342586655,0.48609870212212114,31.76124031738334,2.843333901679232,235,16,9,7,"[30.435518495, 34.258432214678805, 35.78833718]","[10.0, 10.0, 11.208019798492135, 15.13488192998197]",126.78313148821199,"[30.8131747718733, 33.6163850333305, 35.78833718]","[10.783700132959744, 13.791693777371867, 16.664522414531984, 24.37993224456893]",49.73287258693409
234,credible,True,1.6893170352858564,0.34602020827912133,0.3372365549840631,31.734321106945053,3.1169766259734604,235,16,9,7,"[33.243574335000005, 34.366218307824, 35.78833718]","[10.0, 10.961204577891527, 13.318874970721945, 21.972164029509088]",150.13542630326154,"[30.623805126629748, 31.331634968659948, 32.41381647855615]","[10.0, 10.767542406341647, 12.159142476103387, 24.2608044639267]",167.03214000990363
235,credible,True,1.7574526397964385,0.18629498613532522,0.36823253641292725,31.753931733737254,3.088157783060459,235,16,9,7,"[32.65676332192605, 34.411814519222446, 35.78833718]","[10.0, 11.093779611795313, 12.244741909592895, 17.00858103803189]",75.68540075372272,"[30.68221255328655, 32.9759465231214, 35.16221829]","[12.031281988246024, 13.838736740837325, 15.77366130994813, 22.9273122375563]",53.776875878801256
236,credible,True,1.4341098651383788,0.173485176943276,0.4681397979381365,31.48472120083615,2.6352837081261544,235,16,9,7,"[30.534848816629747, 33.9068808499538, 35.614437525]","[10.0, 10.0, 10.311916906607024, 12.774177562022013]",114.330601884154,"[30.937212391873302, 33.43796273185215, 35.614437525]","[11.062652071458535, 13.150261847019157, 15.108877313339566, 19.63571643477316]",29.943898184661627
237,credible,True,1.9045850125023311,0.17789361078513827,0.36609149343696634,31.572693493941628,2.8063324854331695,235,16,9,7,"[30.927611047945803, 33.43796273185215, 35.630564657132496]","[10.38681724110073, 12.2527006560117, 13.867605509007005, 17.3507140063389]",52.24578198999738,"[30.927611047945803, 33.6163850333305, 35.630564657132496]","[14.012062099021575, 16.831742618631363, 19.316381365780675, 23.39146171899241]",46.727220409934205
238,credible,True,1.4909958316861025,0.27990014996884843,0.4467569626724854,31.549075459301402,2.8436890886819803,235,16,9,7,"[33.332582615, 34.492691086543104, 35.78833718]","[10.0, 10.56804020957568, 12.293184954456525, 14.519186861466732]",134.44431053838505,"[30.8131747718733, 33.5885526, 35.1414781440727]","[10.676541542132595, 14.060783639597695, 16.64386429287451, 20.8584622014904]",73.73985795033161
239,credible,True,1.5775355446358001,0.272618926455346,0.3738785505872714,31.796491020018234,2.657197680701342,235,16,9,7,"[33.787778067737904, 34.50887419732065, 35.65718455]","[10.0, 10.732885434217772, 11.632461936810133, 14.25030511151751]",119.28129829652144,"[31.15692568281495, 33.61575142335015, 35.65718455]","[10.0, 12.904676097281333, 15.752341902745618, 23.401340002044652]",38.1256217502911
240,credible,True,1.4530977242297363,0.2981760151070404,0.5000576235929135,31.97523305426202,2.747689199420814,235,16,9,7,"[33.61575142335015, 34.3202115368548, 35.689195755]","[10.0, 10.819855747689612, 12.675421460965518, 18.226425837894617]",132.3933407051676,"[30.66624308199585, 32.18924892207405, 33.75308582329245]","[10.91286536598602, 12.889127495291818, 14.998308651669692, 22.84343074551301]",113.42322200361096
241,credible,True,1.1588813592730476,0.333425750922036,0.5423457309750959,31.862819321140133,3.2055056129259993,235,16,9,7,"[28.376274255, 30.435518495, 35.913889964999996]","[10.0, 10.0, 10.0, 14.65148974346876]",222.4097455886881,"[31.601903731978553, 33.43796273185215, 34.35003519704645]","[10.0, 12.225141084579054, 13.322558106143713, 22.74502772910031]",132.43138019124652
242,credible,True,1.758319018933685,0.13546841146553243,0.3672779375029788,31.894818134124804,2.8474031234299457,235,16,9,7,"[32.86919610593305, 34.42010653732065, 35.78833718]","[10.0, 10.697001169411955, 11.4876187744227, 13.734140012955242]",52.22798981276149,"[30.89358230054825, 33.56429046185215, 35.78833718]","[12.226946586065715, 13.924901034797138, 15.473155269870707, 19.249964551516584]",30.42305724111111
243,credible,True,1.725651397087527,0.11554661493755927,0.36219451440859923,31.65653538667533,2.668245038244193,235,16,9,7,"[33.38110521706205, 34.42010653732065, 35.614437525]","[10.0, 10.291981102294013, 10.98212522381901, 12.723623058135095]",53.44533259908591,"[30.79587317513085, 33.61878387388505, 35.614437525]","[11.83038622110197, 13.384358240203479, 14.744371094728244, 17.225656936064492]",19.55268813802636
244,credible,True,1.7999955830408412,0.16768861170975272,0.30295914033991345,31.875245872338944,2.9664290223771257,235,16,9,7,"[33.48942369335015, 34.35003519704645, 35.78833718]","[10.0, 10.411047773164228, 11.364948041780764, 14.010650765594487]",74.04213585895302,"[30.8131747718733, 33.61575142335015, 35.78833718]","[10.882648494542533, 12.788881108609695, 14.529958286140694, 19.865484795655313]",35.09557062460591
245,credible,True,1.662871896050409,0.33025281123284994,0.36890320309906444,31.842547730222005,2.8859670895283376,235,16,9,7,"[33.173932113621404, 34.258432214678805, 35.689195755]","[10.0, 11.228152332873895, 13.04323507072186, 19.831071575504357]",160.691230150232,"[30.66624308199585, 32.642336522060546, 33.91226361784895]","[10.108485652921583, 12.822980499527635, 14.823037934283379, 22.12897141972637]",142.23772173081102
246,credible,True,1.737752777766587,0.2582651993601146,0.3022673308934186,31.62582583864629,3.2449047827714184,235,16,9,7,"[33.38110521706205, 34.3202115368548, 35.78833718]","[10.0, 10.559149209741198, 11.598847653204874, 18.420327294306272]",135.25908203895324,"[30.6746588676868, 32.65676332192605, 34.3202115368548]","[10.072502327850934, 11.812699433716132, 13.492182177906692, 23.536973168460293]",90.9975524148328
247,credible,True,1.658994680548402,0.22671956050143752,0.34139138871468344,31.77155306542925,2.6700010818951827,235,16,9,7,"[33.21173465295685, 33.9632508881169, 35.4572518390727]","[10.0, 10.009931449858147, 11.031358257713633, 13.476043916519574]",128.43167669678587,"[30.8131747718733, 33.6181502639047, 35.65718455]","[10.0, 12.701558552670486, 14.827969531740175, 24.631029715278707]",57.3449188753917
248,credible,True,1.4056763730292925,0.4012395463651874,0.5141229359377509,32.03902667703555,3.1692917480473253,235,16,9,7,"[33.6163850333305, 34.42010653732065, 35.55795257478585]","[10.0, 10.879651902783372, 12.60303225913412, 23.191880569482045]",237.60093594226691,"[30.2187791664552, 30.76801350828655, 32.13576459650285]","[10.0, 10.557663832851778, 12.631848747200646, 24.537245957632194]",338.62201710620116
249,credible,True,1.769687552053608,0.29853919847305865,0.35366249343480594,31.519817199149756,2.897938747753843,235,16,9,7,"[32.224071465460554, 33.6163850333305, 35.5839735271325]","[10.0, 11.54944741609023, 13.32623318045267, 21.363472287595176]",110.61969114164054,"[29.2908193387951, 30.92984162468825, 33.028798761774055]","[10.020387746255212, 11.68516527018379, 14.624607121681995, 23.133128998408047]",119.11409915723827
250,credible,True,1.67161143926963,0.27879938198852927,0.46000516441316003,31.823935908850117,3.033909980152646,235,16,9,7,"[32.18924892207405, 34.2304863568548, 36.09730783]","[10.0, 12.14260097682995, 14.20197164943058, 21.61456902037511]",93.84277922422417,"[29.23587997, 30.536487856629748, 31.27458389444175]","[11.406841838984095, 12.909647123401497, 13.86828512841686, 24.100893111040598]",181.06758008310257
251,credible,True,1.738759934766151,0.2966486342120348,0.40684635411692754,32.05065118182093,3.087700512658413,235,16,9,7,"[32.44832318267055, 34.40108810417545, 36.39922521]","[10.0, 12.034156018898813, 14.454703912417648, 23.934739540243974]",102.96932417159606,"[29.50395123401475, 30.787540665, 32.41381647855615]","[10.79586941387802, 12.155230959252373, 13.90515944446874, 23.01452566719292]",158.4004239417653
252,credible,True,0.9600267352280472,0.5016806791450824,0.6255779539447806,31.672703452642907,3.028441496469572,235,16,9,7,"[30.85879222242155, 34.258432214678805, 36.116941345]","[10.0, 10.0, 11.972958052943218, 21.489285834913563]",265.35294765306617,"[28.7651952263795, 29.152824510000002, 30.119388745000002]","[10.0, 10.0, 10.0, 24.48418482001717]",424.58969882146954
253,credible,True,1.5198140326283938,0.0,0.4635076923695784,31.343502729543694,2.587381878351776,235,16,9,7,"[28.64505664525625, 30.060693649999997, 32.090620644428796]","[10.0, 10.0, 10.0, 10.0]",68.02997942210239,"[28.46808443177255, 28.995840137890752, 29.44429980024325]","[12.657431665193693, 12.657431665193693, 12.657431665193693, 12.657431665193693]",0.0
254,credible,True,1.8555143201615227,0.25104452704258234,0.32553892033167675,31.83901872990567,2.7892215011296493,235,16,9,7,"[32.090620644428796, 33.80998091497105, 35.913889964999996]","[10.0, 11.488002401230611, 14.02186952009287, 19.408664802942116]",74.73726638543586,"[29.531086350000002, 30.97970272281495, 32.5649606829373]","[10.510038801121553, 11.805444170521957, 13.891049131727387, 23.960205052451197]",90.8772038714351
255,credible,True,2.0893520825918923,0.11318171823217477,0.2489128309536084,31.686385091018586,2.793828298709952,235,16,9,7,"[30.613978178040647, 32.96671152593305, 35.444663407132495]","[10.707419223966825, 11.796580173616476, 12.902284077116123, 15.443347360187408]",28.567160021167723,"[30.6746588676868, 32.86919610593305, 35.444663407132495]","[13.275659886788063, 14.465075348128392, 15.968819594228787, 19.006722812546396]",20.645919046272425
256,credible,True,2.024174351893664,0.1225980816790819,0.21025816089380667,31.73602217749663,2.7378872108760093,235,16,9,7,"[31.6993715345789, 33.0599213759062, 35.362169727132496]","[10.0, 10.587646402045158, 11.466898033409931, 13.992778955207259]",37.80519092547947,"[30.72266034328655, 32.93512720905445, 35.362169727132496]","[11.359535894643447, 12.555923968600306, 13.73401870375289, 18.30055798701669]",22.180184517111385
257,credible,True,1.5238471939300668,0.26811850782172425,0.3589984896054533,31.73818659437668,2.7689221323301703,235,16,9,7,"[28.50632113, 34.3202115368548, 35.756325974999996]","[10.0, 10.0, 10.918038822613912, 15.4896789198273]",146.8858035170661,"[31.8879833079447, 33.61878387388505, 35.756325974999996]","[10.0, 11.880397881014837, 14.636263019614917, 22.78386083103644]",45.400465528490585
258,credible,True,1.6448184967268595,0.26037406846363276,0.44964780519109276,31.953056398202715,3.062732168171903,235,16,9,7,"[32.63700465942375, 34.42010653732065, 36.696902405]","[10.0, 11.474690769207788, 13.494949986280895, 19.375888451647818]",97.30243036422965,"[29.23587997, 30.613978178040647, 31.7686576929447]","[10.88444502839067, 12.278540668932498, 13.599218884123676, 24.35202456002436]",151.72232388412164
259,credible,True,1.8516415532512362,0.2548040301374468,0.31196078879006406,31.966792966287176,3.335197769556734,235,16,9,7,"[32.576059304548906, 34.392796086077254, 36.8111298]","[10.0, 11.423360683581969, 13.658709761358246, 18.327634483521383]",90.06287282918578,"[30.76801350828655, 33.6521916860684, 35.5985534521325]","[11.288211156523133, 14.034113834204984, 16.29132204932948, 23.603344823372954]",67.8002050469897
260,credible,True,0.6665005202551713,0.4734049647465311,0.686363748367456,31.595478634623948,2.6298816888784473,235,16,9,7,"[28.849602095, 32.04871425, 35.07686003]","[10.0, 10.0, 10.0, 13.990466336425872]",302.191417775464,"[32.4464685187638, 33.3978292790151, 34.01253445026795]","[10.0, 12.122505186480975, 13.505814928677855, 24.409422469601445]",186.15632509505426
261,credible,True,1.5110874416081368,0.283059204856698,0.4337448032528965,31.72592824115099,2.816705911285396,235,16,9,7,"[33.3598934990151, 33.9632508881169, 35.61658367265335]","[10.0, 10.172784329211346, 11.486270385889247, 17.451782453132502]",121.19074348144088,"[30.3338417815045, 32.18924892207405, 33.9632508881169]","[10.0, 12.137524710980864, 14.360481065829186, 24.808307001634088]",60.72133613458789
262,credible,True,1.8905144508894105,0.2216959702941744,0.2571049808835695,31.7625897094549,3.178045611804681,235,16,9,7,"[32.70331563206055, 33.751971415, 35.818592644999995]","[10.0, 10.593240307110175, 11.985224286620635, 16.966196160494338]",90.52519494920085,"[30.802611685000002, 33.5885526, 35.02941549]","[10.656611420678441, 13.008540793918614, 14.601036439266705, 22.40054597879479]",56.88166742235791
263,credible,True,1.965160614819825,0.22835516265771288,0.27350017848711666,32.17812614152561,3.27651453221207,235,16,9,7,"[32.14410497, 34.411814519222446, 36.696902405]","[10.0, 11.69897968782679, 13.885834259297056, 19.460856477826635]",76.88561541699394,"[30.672585426760598, 32.92347305, 35.07972461]","[11.553261181477167, 13.512164175536913, 15.284458873845766, 24.293155570015024]",71.12275236056824
264,credible,True,1.3556879295685729,0.43766522119912515,0.5218872314597801,31.985397318159244,3.261706199885348,235,16,9,7,"[33.3978292790151, 34.056319955, 36.09730783]","[10.0, 10.410923027283511, 12.075157460840996, 21.34794130036074]",215.79726184820584,"[28.65945323, 29.130029079670052, 30.0196636680224]","[10.0, 10.0, 10.0, 24.885137071773183]",433.1300847002953
265,credible,True,1.6284445284951976,0.22617095974195037,0.36876533824624325,31.737757376986156,2.9195047831737218,235,16,9,7,"[33.337644175911, 34.111694459999995, 36.09730783]","[10.0, 10.085289205363562, 11.07276909445842, 15.099218977421652]",106.89861863454436,"[30.72266034328655, 32.96101950177405, 35.35203284765335]","[10.396948042634103, 12.4062725706348, 14.67029458579274, 20.587979346120804]",44.752147976857
266,credible,True,1.8920346951509954,0.10155027671573451,0.32636317499346984,31.635666634335493,2.678697102764213,235,16,9,7,"[30.89358230054825, 32.82264379579855, 35.41665096172605]","[10.0, 10.763278861725485, 11.616964604375038, 13.758242048238237]",25.51526349216406,"[30.3338417815045, 32.82264379579855, 35.41665096172605]","[12.826648355632152, 14.051738024950936, 15.396550630436687, 18.07214615539979]",21.084140970499405
267,credible,True,1.6209936417790627,0.3081179944890492,0.3743877445738875,31.8018862515662,3.2790599096778457,235,16,9,7,"[33.43571488, 34.50887419732065, 36.682008335]","[10.0, 10.589133188888438, 12.251383272199803, 18.603494292928005]",126.68619614159323,"[30.70173971, 32.741668448490245, 33.9632508881169]","[10.119199168008965, 12.404399043241519, 13.933061049742728, 23.298032051954312]",85.01506130381416
268,credible,True,0.9872331235298701,0.2599762472437408,0.6872075859294905,31.599165183885276,2.6359671748036844,235,16,9,7,"[28.9759443680863, 30.85879222242155, 35.444663407132495]","[10.0, 10.0, 10.0, 14.361887885309748]",175.8655394017208,"[29.90056056682205, 31.0253201733632, 33.27154536798945]","[10.125019953885788, 11.120719732292152, 14.017126097884995, 24.083963176811306]",86.19646055567316
269,credible,True,1.8421586860993657,0.2643086210892053,0.33917104178118557,32.12855132846374,3.076579053212911,235,16,9,7,"[32.41381647855615, 34.40108810417545, 36.39922521]","[10.0, 11.720993306601123, 14.388988970709566, 21.887262154379762]",99.65173224776984,"[30.233931533346897, 31.83326575245955, 33.787778067737904]","[11.16217119649727, 12.749294406439516, 14.980533158336623, 24.622817889250147]",104.56026341312398
270,credible,True,2.001778543200468,0.23339319830016217,0.24348008847655098,31.912417590438675,3.1756312403833657,235,16,9,7,"[31.8879833079447, 34.01253445026795, 36.746059105]","[10.0, 11.625684028435758, 13.890128793648747, 20.42923706433447]",70.59334694348617,"[31.03269094054825, 33.75437025555455, 36.746059105]","[11.563834955409849, 14.163413869563815, 17.38459384350106, 24.888663658316702]",47.004921273388376
271,credible,True,1.7378718006969678,0.16666407424777385,0.39146196554466994,31.666498482938675,3.0172859897797926,235,16,9,7,"[32.240660877037755, 33.5885526, 35.689195755]","[10.0, 10.653973398557168, 11.795957677393735, 14.784044372825683]",60.287097284685316,"[30.97200247, 33.5885526, 35.689195755]","[12.63741627376933, 14.73150956357859, 16.697622201656234, 22.666474607733875]",41.56842056419861
272,credible,True,1.9243171340618401,0.18740652818088088,0.307358453530005,31.796501699427775,3.0852556629437133,235,16,9,7,"[31.4540423931676, 33.5885526, 35.971755044999995]","[10.0, 11.481791290443997, 12.966077246615813, 16.54885474539945]",56.89905142363558,"[30.85879222242155, 33.5885526, 35.971755044999995]","[12.42970658345297, 14.775994487741322, 16.903443220364583, 23.730584687553684]",44.53272614517997
273,credible,True,1.831292004243722,0.3178191525101045,0.3194648437806213,31.848583413544922,3.28684160091042,235,16,9,7,"[32.38541814915125, 33.61575142335015, 35.614437525]","[10.0, 11.089729456996542, 13.186557973140614, 23.852695003017715]",155.85975806954377,"[29.6275526687715, 30.5711615791423, 31.255424249441752]","[10.0, 11.04013644447656, 11.880374018922787, 24.048376142286806]",241.87122557108756
274,credible,True,1.7967638033926625,0.041430157260852245,0.36921417972709036,31.667237886725147,2.6054532223031917,235,16,9,7,"[31.8879833079447, 34.24026085764635, 35.689195755]","[10.0, 10.412514724363133, 10.709564290572152, 11.29497830679328]",11.233683223036962,"[30.90865332054825, 33.6163850333305, 35.689195755]","[13.343342472541202, 13.93830066055305, 14.447828634262603, 15.237586383222006]",6.98098886824679
275,credible,True,1.8525895834802724,0.25036966738989375,0.29394525396247195,31.625224740415614,2.876476021016932,235,16,9,7,"[32.395212404999995, 33.91226361784895, 35.78833718]","[10.0, 11.245606124637998, 13.50787452556381, 18.438964662873726]",86.20462918020229,"[30.90865332054825, 33.61878387388505, 35.78833718]","[11.082729263698962, 14.206955845355232, 17.235049981834987, 23.727928630217928]",50.98633150966748
276,credible,True,0.8982284076780067,0.49234939840913,0.6630928411351237,32.01775462831956,2.5705358850153264,235,16,9,7,"[31.66284253, 34.187725467824, 35.6267205521325]","[10.0, 10.0, 11.590724455646308, 21.58457718168659]",227.18435964142523,"[29.760862715000002, 31.66284253, 32.47401665390675]","[10.0, 10.0, 11.396499462638726, 24.22981280144766]",242.0975758661717
277,credible,True,1.9069190011107116,0.21824777050782376,0.29769292512181156,31.74654939677494,3.010198078260998,235,16,9,7,"[31.82297635245955, 33.61575142335015, 35.78833718]","[10.0, 11.256904722558536, 13.146976810374072, 18.691002158198952]",70.01613144156336,"[30.89358230054825, 33.173932113621404, 35.2208681140727]","[11.904270712662019, 14.123809464772409, 16.390764617490902, 23.794404028693005]",56.27364222023199
278,credible,True,1.7334963129429182,0.3633341330208757,0.36685612082097874,31.94594003143186,3.043781743446851,235,16,9,7,"[32.6389535319354, 33.65155807608805, 35.1414781440727]","[10.0, 11.178809826938311, 12.76951409380041, 22.225010685612737]",174.39748623389204,"[29.97147683, 30.7981037518733, 32.41381647855615]","[10.0, 10.85266508788943, 13.239742975806273, 23.911594280220527]",228.47923657309207
279,credible,True,1.479690304010514,0.34031344176344874,0.4256524479646667,32.208774165108416,2.902824065240257,235,16,9,7,"[30.456294565, 34.530056325000004, 36.32668681]","[10.0, 10.0, 11.909632027668085, 17.897849299403084]",173.983847427352,"[31.36167536363805, 32.54021816248835, 33.65284250835015]","[10.0, 11.477196203582873, 12.88680902425467, 23.580276683520413]",142.10267735906078
280,credible,True,1.5548105406143742,0.1958872681688585,0.420078100635989,31.945310513518745,2.957658214007965,235,16,9,7,"[33.6163850333305, 34.618823985000006, 36.270103745]","[10.0, 10.027462921490292, 10.857622259919495, 13.796394626428883]",99.636779262495,"[30.7981037518733, 33.6163850333305, 36.09730783]","[10.815626538320585, 13.069966602685804, 15.20752432701676, 20.500508043134854]",34.33284441839295
281,credible,True,1.9537355354597594,0.15859187292852003,0.2964285453867306,31.82843671059778,2.5607709928282474,235,16,9,7,"[31.145124715, 32.84223616, 35.109409779072706]","[10.0, 11.072575521134533, 12.335944232608266, 16.122428513196528]",44.795620836285444,"[30.426882804999998, 32.72724164862475, 35.109409779072706]","[12.192986572695093, 14.115938441571952, 15.967731259423708, 21.286615144726753]",31.700518546474513
282,credible,True,1.5693584955479283,0.19079670921411743,0.4562631594300683,31.650983244193966,2.7767334225215987,235,16,9,7,"[33.24811706996741, 33.99974703784895, 35.65718455]","[10.0, 10.526412380635747, 11.635565788251064, 15.29617608196436]",83.07269908762571,"[30.7981037518733, 33.65284250835015, 35.65718455]","[12.081096558705813, 14.70315760117616, 16.84517063006873, 23.454551796629488]",40.95711390474112
283,credible,True,1.7216852384391605,0.27319388107606934,0.3840182809822803,32.0941445561889,3.0573403733170172,235,16,9,7,"[32.96671152593305, 34.411814519222446, 36.696902405]","[10.0, 11.344463230104452, 13.139632762199872, 18.14015309938955]",93.03637662969967,"[30.6857702387093, 32.80167838862475, 35.00033464]","[11.248330655454158, 13.557055456752162, 16.44754660841289, 24.767688290494096]",62.961796678307294
284,credible,True,1.4956445754233378,0.003918000058440198,0.4821469195912252,31.9505871019722,3.134049646029036,235,16,9,7,"[28.94369672, 32.1885791644288, 33.6181502639047]","[10.0, 10.0, 10.0, 10.0]",67.27107857576289,"[30.6746588676868, 32.8449168645578, 36.270103745]","[12.847858369044461, 12.880696110322022, 12.929695925232693, 13.0831036261459]",0.7107471116951927
285,credible,True,1.1978206102803564,0.38380771583778267,0.5250365685590695,31.45247287417368,2.6231364997356814,235,16,9,7,"[33.21173465295685, 34.01982380526795, 35.10594088]","[10.0, 10.0, 11.415619910972941, 13.921670229617327]",180.47336396990505,"[31.27458389444175, 32.80821699593305, 34.618823985000006]","[10.0, 12.351394737034715, 15.732756338446945, 24.040776092877163]",74.40320007549998
286,credible,True,2.056126180139109,0.18097196048666123,0.2646610904616573,31.88984074561177,3.04225720031219,235,16,9,7,"[30.7981037518733, 32.855693790000004, 35.614437525]","[10.308456376059288, 11.645194946375899, 13.175393817518975, 18.424832022669243]",63.5966123485782,"[30.65373823440025, 32.60649538, 34.187725467824]","[12.827984357997654, 14.429787781345546, 15.89632224194182, 22.835606274859913]",67.14257552033614
287,credible,True,1.5188215422672595,0.3042939841703951,0.3973682782111568,32.086568968895094,2.9863337297156436,235,16,9,7,"[33.75308582329245, 34.619493755, 36.116941345]","[10.0, 10.13210295879312, 11.366273702174572, 16.525792650733283]",165.61681430160732,"[31.373618482277948, 33.0756697561724, 35.444663407132495]","[10.007880295636586, 11.806385658493513, 14.718723670992052, 24.83800962578706]",98.50351740212884
288,credible,True,1.8079489787813012,0.26613806241664134,0.3674912763483352,31.776609769587033,3.075193357403891,235,16,9,7,"[31.95259136745955, 33.61878387388505, 35.661028654999996]","[10.0, 11.490948577638756, 13.418582182733118, 19.466275943152716]",107.88140267117747,"[29.30367464677795, 30.97200247, 32.7659476898655]","[10.879818420143668, 12.459799221659255, 14.629397184543944, 24.609112506657194]",140.1022122358442
289,credible,True,1.5705477506032635,0.3432802647496823,0.4274365213816194,31.793171289928335,3.146581171279543,235,16,9,7,"[33.1981677909062, 34.258432214678805, 35.55795257478585]","[10.0, 11.142837402837037, 12.731753118419899, 19.73311139115246]",149.63594785022661,"[29.94361332905565, 30.97970272281495, 31.7686576929447]","[10.0, 11.0779771049976, 12.098476669667859, 22.194541290387317]",211.26017179663978
290,credible,True,1.583935979310747,0.23955714821866525,0.43137721347474006,31.681256892437382,2.6935901803513307,235,16,9,7,"[33.173932113621404, 33.9632508881169, 35.6267205521325]","[10.0, 10.625330365085109, 11.83638737250682, 17.211910954024486]",103.13130901682314,"[30.59489528328655, 32.788220758624746, 35.285644337132496]","[11.290177235634172, 13.600249635730194, 16.481192803429753, 24.767616191742906]",55.902190932742485
291,credible,True,1.7061308949029643,0.33577056350814605,0.434275832964028,32.02598184984817,3.506288308065525,235,16,9,7,"[32.30530665, 33.7506869827379, 35.5985534521325]","[10.0, 11.397113724131417, 13.739885821550924, 24.05293294066732]",168.74005509412734,"[28.75572777, 29.55072956140705, 30.4768398]","[10.341881020580287, 11.133835731570167, 12.31980559067723, 23.278490851024053]",348.23516134303736
292,credible,True,1.676424096365218,0.24273416219154612,0.37684137497043113,31.48848566304843,2.7994564713202603,235,16,9,7,"[32.825957630000005, 33.61878387388505, 35.07686003]","[10.0, 10.64806441965872, 11.930648208462738, 17.74915639469114]",107.0663089089587,"[30.5711615791423, 31.84840334540425, 33.75308582329245]","[11.176914320204705, 12.477855951699942, 14.520586833366425, 24.09320969534802]",76.12591180685189
293,credible,True,1.821633853331577,0.17325218474198656,0.36547818473860205,31.771476899674976,2.7172320108475176,235,16,9,7,"[31.84840334540425, 33.82618036210485, 36.270103745]","[10.0, 11.365517072087549, 13.097139229874054, 16.434461599717178]",47.66282139774458,"[30.92984162468825, 33.6181502639047, 36.09730783]","[12.770940870296037, 15.296794502188073, 17.61535791470328, 22.305401704522303]",31.27682517059887
294,credible,True,1.6050829565960356,0.28244336383499297,0.38586504362621027,31.387378555316165,2.5065440636942964,235,16,9,7,"[33.01379810004135, 33.80998091497105, 35.23874368]","[10.0, 11.054245435976943, 12.071579377930881, 19.921919827696037]",117.70149595643315,"[30.163447343292603, 31.4540423931676, 33.01379810004135]","[10.0, 11.443649767497615, 13.822234656417084, 22.535597451543765]",78.56772287201348
295,credible,True,1.3503178361864083,0.02005479857337354,0.4722539378021055,31.695617695274464,2.4208171965981555,235,16,9,7,"[29.749820315464298, 32.09129040207405, 33.1279444036214]","[10.0, 10.0, 10.0, 10.0]",133.76481026947462,"[30.69410274884015, 33.0606690944397, 35.41665096172605]","[10.782467165371129, 10.997974073541883, 11.187398747126378, 11.565620440864457]",2.8292778086943717
296,credible,True,1.5061335147357904,0.3187200557329009,0.42650784732302316,31.722375182261484,3.275371457483581,235,16,9,7,"[33.3642043449261, 34.258432214678805, 35.614437525]","[10.0, 10.142135054315725, 11.520388475120887, 20.350599606906055]",162.68937230674814,"[30.4015372572209, 31.50660346546065, 33.43571488]","[10.0, 11.095364850595663, 13.464091570499086, 24.06687848082169]",134.07103750279006
297,credible,True,1.9365466028922902,0.12251757352846515,0.31350142112820395,31.687862747782507,2.731483813466328,235,16,9,7,"[30.65373823440025, 33.06560747004135, 35.6267205521325]","[10.0, 11.13596873478169, 12.42363237101468, 14.962689690196925]",32.27284878553823,"[30.70173971, 32.86919610593305, 35.43452652765335]","[13.060342882477494, 14.382745590605948, 16.023962294577572, 19.431744606486934]",26.174824704008735
298,credible,True,1.855042487868855,0.26512249677656674,0.3220010812679323,31.98042651054187,2.899545854177522,235,16,9,7,"[32.240660877037755, 33.61878387388505, 36.09730783]","[10.0, 11.066431410737778, 13.353986489680205, 19.509381528566053]",91.21608795321907,"[29.97147683, 31.5045234250675, 33.80998091497105]","[10.586752253960405, 12.173576618580894, 14.733656181245216, 24.96563964832047]",83.2196689894227
299,credible,True,1.8071981451877404,0.30323975773201733,0.36084320812725035,31.91726245767638,3.209155558945758,235,16,9,7,"[32.2234017078153, 33.61878387388505, 36.70164185]","[10.0, 11.346812479029783, 14.160997735599908, 21.851425368837763]",119.15083744160792,"[28.870021235, 29.8481088598329, 30.7309928534174]","[10.0, 10.973220698648579, 11.940606777106083, 22.31517796611219]",235.89397442750547
300,credible,True,1.5878275310206564,0.29921455088328475,0.4279957034570498,32.021800137452544,2.842480663106658,235,16,9,7,"[33.4243392690151, 34.618823985000006, 36.09730783]","[10.0, 11.477421430016317, 13.298784962043134, 19.05862400569373]",136.23919723186174,"[29.9478781980224, 31.006016074999998, 32.642336522060546]","[10.0, 10.841979998226847, 13.070322550416737, 24.95974875757445]",147.74109163803135
301,credible,True,1.9536817774550108,0.22120020903661738,0.30147134172662143,31.61941197457814,2.8003497989365465,235,16,9,7,"[31.200221135, 33.243574335000005, 35.1705589940727]","[10.0, 11.798567314085682, 13.690489856237996, 18.50644375912286]",78.44246827147397,"[30.70474911127355, 33.05934021, 35.1705589940727]","[12.493281150205515, 15.066147360749788, 17.482032531923217, 24.789010512858287]",67.9666454082129
302,credible,True,1.3428511340357168,0.2622604302723986,0.44647645028928684,31.70655264524804,2.9753824442534524,235,16,9,7,"[33.05934021, 34.411814519222446, 36.116941345]","[10.0, 10.0, 10.02385942071811, 13.891784433083474]",184.3048869868539,"[31.68678315, 33.3978292790151, 35.10594088]","[10.0, 11.664779668289777, 13.65264028467341, 21.478939309405206]",80.36973950808272
303,credible,True,1.8774627259491856,0.14901639044303835,0.3186940672092055,31.888189383243255,3.14806773885539,235,16,9,7,"[31.82297635245955, 33.61575142335015, 35.913889964999996]","[10.0, 10.862749777635338, 11.869390588436934, 15.750441497393144]",45.724019988441135,"[30.81094419513085, 33.61575142335015, 35.913889964999996]","[12.319665948530574, 14.098116060941686, 15.717588217580266, 24.472367047992282]",28.555469666777782
304,credible,True,2.0705419838686923,0.24972435390581824,0.2043503269562007,32.23195423297892,3.603262581860307,235,16,9,7,"[31.82297635245955, 33.99974703784895, 37.0437363]","[10.0, 11.36752230208226, 13.944101865746983, 19.505690948905233]",93.4392031091364,"[30.69418602440025, 32.93512720905445, 34.96257461]","[10.993965787496027, 12.8895249086386, 14.376435324323586, 23.02130568663063]",89.3483001067059
305,credible,True,1.7206128335863042,0.23019377278935088,0.3812367914086718,31.49586315806574,2.7675778103303803,235,16,9,7,"[32.395212404999995, 33.61878387388505, 34.994482545]","[10.0, 11.114624725774846, 12.187164597161498, 17.069671921110658]",95.84488299589148,"[30.69418602440025, 32.7642609869354, 34.994482545]","[11.856133910909875, 14.11082514739396, 16.60227525291914, 24.718743672902345]",69.54513863611247
306,credible,True,1.7754962855424752,0.3105255510131902,0.3038341139747476,31.692879787384523,3.174429048162788,235,16,9,7,"[32.9759465231214, 34.3128454068688, 36.153890895]","[10.0, 11.134687262550692, 13.220073423305347, 18.288751652424743]",134.42485962760793,"[30.57397465, 32.2234017078153, 34.61093289232065]","[10.168329156771007, 11.859519140668416, 14.388492006048546, 23.39855973777467]",98.83887524520016
307,credible,True,1.6181945459735305,0.27414218708896737,0.4440080507240626,32.00680540575697,2.8201306710405603,235,16,9,7,"[32.93975158, 34.2304863568548, 35.78833718]","[10.0, 11.18069110816489, 13.23675655239845, 18.68009004683602]",103.64999783741126,"[29.858344816033252, 31.04216991, 32.7032818769354]","[10.755895487039526, 11.851656527808254, 14.116718626259688, 22.363297142324367]",118.7967614589295
308,credible,True,1.6612939711450858,0.33531354295861715,0.40262217598968014,31.968356770251038,2.929309972502367,235,16,9,7,"[32.93512720905445, 34.09516117264635, 35.689195755]","[10.0, 11.389013523456702, 13.103015249586361, 20.921106810055335]",170.41820129035068,"[29.890541785, 30.89358230054825, 32.741668448490245]","[10.0, 11.035497711469388, 13.590504936831234, 23.457359275458114]",226.35037765953683
309,credible,True,1.5472350716900256,0.21907427262108403,0.46165007702567434,31.80660463123656,2.738998610278741,235,16,9,7,"[33.38110521706205, 34.411814519222446, 35.74174605]","[10.0, 10.739774115076695, 12.038069796147685, 15.773254383450666]",92.11719742407965,"[30.90865332054825, 33.6521916860684, 35.74174605]","[11.792024829866767, 14.639111785589678, 17.548720310177067, 22.935403977973344]",47.31886002404954
310,credible,True,1.6225896232280255,0.2500512096046717,0.41856556756177515,31.615211007939376,2.811100112383413,235,16,9,7,"[32.93975158, 34.01253445026795, 35.64644873]","[10.0, 11.02244031843523, 12.841155528775444, 17.706824005048183]",91.3623589698839,"[30.71007222013085, 32.65507661899595, 34.01253445026795]","[11.478210256303782, 13.82022948418814, 15.536626324860434, 24.86292078425166]",55.07318482954958
311,credible,True,1.499734706343252,0.3417459858113247,0.4257102339310899,31.84818886868261,3.0110207369054893,235,16,9,7,"[33.35885589395795, 34.258432214678805, 35.661028654999996]","[10.0, 10.377981326224695, 12.302420933321848, 18.83849968432315]",174.0942080223752,"[30.7981037518733, 31.66284253, 32.395212404999995]","[10.0, 11.064887553864894, 12.106975990927566, 24.395791504067198]",198.10660880247735
312,credible,True,1.9113277133772735,0.16526686606864222,0.2631597189429113,31.688394647615134,2.614741721604833,235,16,9,7,"[32.395212404999995, 33.75308582329245, 35.444663407132495]","[10.0, 10.858082694781071, 12.048901499321909, 13.799888512978635]",53.661869913240665,"[30.7981037518733, 33.61878387388505, 35.772001515]","[11.171710621150087, 13.441056212669315, 15.16765922459133, 18.587519389323827]",27.2731905403515
313,credible,True,1.662518838542435,0.30624716617014247,0.3954960994994311,31.984618672223274,3.005253667549341,235,16,9,7,"[33.1279444036214, 34.411814519222446, 36.116941345]","[10.0, 11.258963245649628, 13.301969324969349, 19.2300507477729]",119.8259811487472,"[29.8481088598329, 30.68221255328655, 32.3549828705588]","[10.0, 10.789035568552745, 12.766782769515325, 24.58984073541542]",153.56569360091632
314,credible,True,1.2982603241216135,0.3868629769968214,0.5116812526102139,31.7611431770485,3.046150627145004,235,16,9,7,"[29.398260685, 34.35003519704645, 35.81474854]","[10.0, 10.0, 12.0433286252934, 19.013466650489423]",184.2661717008956,"[30.97970272281495, 32.093858202074045, 32.7032818769354]","[10.0, 11.690008897743073, 12.532545996745455, 22.755218511359573]",174.65160150770376
315,credible,True,1.6840415181998178,0.26825940197753534,0.31792645325623314,31.911837059929077,3.037906379960055,235,16,9,7,"[33.35885589395795, 34.42799763, 35.78833718]","[10.0, 10.259653193101881, 11.561065379402663, 17.308896730934553]",149.32338926172213,"[31.200221135, 32.93975158, 34.42799763]","[10.0, 11.630257539457423, 13.37767299881186, 22.399458818933436]",98.512451551817
316,credible,True,1.9313764127302526,0.20293129772870733,0.3262261894682325,31.888386569902096,2.9345338161983268,235,16,9,7,"[31.23327048, 33.624359252737904, 35.913889964999996]","[10.0, 11.800943120103923, 13.749648537650938, 17.90936949207414]",65.70861679189304,"[30.81094419513085, 33.624359252737904, 35.913889964999996]","[12.884572364981421, 15.559647424925831, 18.26208976177978, 24.995127524898766]",59.40072572294035
317,credible,True,2.069122029517718,0.09724260043029007,0.23637491108566816,31.439105791629103,2.5917536343122434,235,16,9,7,"[29.82601217103325, 31.65839805197855, 34.187725467824]","[10.185996057404585, 10.881382005463939, 11.8310254586807, 13.595138395375555]",25.877817564877304,"[30.7981037518733, 32.825957630000005, 35.3033617940727]","[12.890546417291743, 13.882339248877683, 15.243952295851495, 17.78175406978009]",17.871585658386437
318,credible,True,2.0153733292016427,0.11632142434187588,0.2544578766882004,31.568346675957738,3.2327106684675364,235,16,9,7,"[31.0253201733632, 33.80869648270895, 35.661028654999996]","[10.232280599729876, 11.39485813787526, 12.32116605362778, 14.534137392185274]",35.898563698346564,"[30.8565616456791, 33.6163850333305, 35.661028654999996]","[12.616075027389094, 14.023203429192085, 15.144935441821216, 21.267031855033487]",24.072950319250573
319,credible,True,1.3338590267891257,0.41986891264971976,0.5604878909742043,31.922958422983356,3.4872092119139646,235,16,9,7,"[33.272296082989456, 33.91226361784895, 35.41665096172605]","[10.0, 10.331883895165907, 11.237588079801348, 22.198426711210846]",251.1057227880515,"[29.8481088598329, 30.63776876310955, 31.5045234250675]","[10.00870291953994, 11.072249234480422, 12.096195090658574, 24.8203822986217]",385.854147521897
320,credible,True,1.8364662878441296,0.22940700999323596,0.2728770099885237,32.047801644774815,3.321024478184982,235,16,9,7,"[33.61575142335015, 34.85984614, 36.738591400000004]","[10.0, 10.862355603923996, 11.987957379009483, 22.382074546995153]",99.37320955244468,"[30.66624308199585, 32.64566470031445, 34.10245052764635]","[10.248017753880447, 11.766729270190128, 13.12183473244688, 21.404588239731552]",78.60716616135299
321,credible,True,1.9475547764564618,0.13991443508353496,0.33287747876272894,32.02170256294807,3.158513291965621,235,16,9,7,"[30.7981037518733, 33.0606690944397, 36.12363543]","[10.345169627799198, 11.366598558553926, 12.690328784094927, 15.35629258414545]",39.81670731331559,"[30.644725759916298, 32.6209221798655, 35.43452652765335]","[13.550996864702007, 14.830531825338023, 16.622888918438324, 20.11499860785471]",37.768964705169765
322,credible,True,1.6915390280711426,0.34436931234491097,0.32653724124924005,32.004698477090194,3.1891001567257895,235,16,9,7,"[33.4651615552023, 34.722222224999996, 36.999319045]","[10.0, 10.937515348130326, 13.49997563889871, 20.542994103164162]",158.21655129778765,"[31.16291194281495, 32.643977997384354, 34.10245052764635]","[10.0, 11.81277397321839, 13.59513856400771, 24.459358723689263]",122.66547545758887
323,credible,True,1.8271277191510125,0.18624021822296363,0.3435403362385604,31.828550331278514,2.7657002674582047,235,16,9,7,"[32.0931884444288, 33.43796273185215, 35.74174605]","[10.0, 10.83484607782104, 12.393278474775531, 16.16283273808139]",59.105040109076256,"[30.733223430159853, 33.12659584177405, 35.74174605]","[12.077934141748216, 14.237184702334515, 16.54440259873082, 23.139536749387982]",34.332387233027845
324,credible,True,1.3694221738235421,0.3190731113325388,0.5201554354894917,31.910536578965562,3.2745527711831706,235,16,9,7,"[30.115196215, 34.01253445026795, 35.43452652765335]","[10.0, 10.0, 10.92771441493975, 18.033592587205916]",191.15408481137337,"[30.21662261693255, 31.83326575245955, 33.3978292790151]","[10.28177470606577, 12.099196282169878, 14.179513265733524, 24.99546627625178]",173.75013553259834
325,credible,True,1.7607943518719276,0.2771791307723297,0.3296774999219521,31.428532004784795,3.1162309011553146,235,16,9,7,"[32.643977997384354, 33.919668262372795, 36.270103745]","[10.0, 11.33376496786239, 12.947317159139622, 19.93627732729287]",105.86103493283997,"[29.525661425178548, 31.0253201733632, 33.10621120439835]","[10.038528098023976, 11.29230623555473, 13.608077807404577, 24.17938776352037]",90.04095145087352
326,credible,True,0.936555179651488,0.4546998436462046,0.681606539230775,31.631769427722485,2.6563297985847862,235,16,9,7,"[28.33249185, 34.056319955, 35.16221829]","[10.0, 10.0, 11.537966633884743, 23.74250169913538]",218.02078929938642,"[28.33249185, 29.152824510000002, 30.483268680000002]","[10.0, 10.0, 10.0, 22.860024872389676]",342.99861444964506
327,credible,True,1.4072117456584676,0.29838515849697106,0.47509127375225607,31.97708353875315,2.6706119136946564,235,16,9,7,"[32.41381647855615, 34.258432214678805, 35.614437525]","[10.0, 10.0, 11.421220466915987, 17.890094775242247]",146.70222431047983,"[30.7527505868733, 31.82297635245955, 33.01379810004135]","[10.0, 11.228626311979795, 12.736021627447363, 21.00537604019171]",117.75985750618054
328,credible,True,1.8700961039315267,0.17964708644042995,0.28322820336509535,32.232131050318515,3.2912599496177015,235,16,9,7,"[33.24811706996741, 34.618823985000006, 37.0437363]","[10.0, 10.758213754450894, 11.767563869939961, 19.27288066776692]",67.752898153447,"[30.7981037518733, 33.61878387388505, 37.0437363]","[10.9895821926301, 12.845450188123312, 15.055530209082002, 24.249045825613273]",30.745688958859347
329,credible,True,1.7502782675541555,0.2597654915389075,0.44366490525188007,31.468760444643074,2.8240243681729456,235,16,9,7,"[31.27458389444175, 33.61575142335015, 36.09730783]","[10.0, 12.314575244352117, 15.17569678674231, 21.886557600249315]",88.50263465036664,"[29.26591345677795, 30.060693649999997, 30.519692062512547]","[12.34929263044577, 13.383016276719484, 13.935644359593052, 24.257006092629517]",170.48703646618824
330,credible,True,1.213848588210561,0.06278154397423248,0.5503703199588996,31.917833438911714,2.5211068069403813,235,16,9,7,"[28.938497648086297, 29.5060182137715, 31.3328724074796]","[10.0, 10.0, 10.0, 10.0]",143.82899332745887,"[30.84796485, 32.88265373593305, 35.327744679999995]","[10.924954321088702, 11.500356717158123, 12.097172159130231, 13.439176547867374]",9.126550384363632
331,credible,True,1.288737702355786,0.270645603029857,0.5908472309157704,32.04317157916697,2.9378053216240656,235,16,9,7,"[33.6163850333305, 34.50887419732065, 36.307053295]","[10.0, 10.133495683285105, 11.723893157172428, 16.063610347298326]",129.9125040307345,"[29.4752131537715, 30.93498181513085, 32.18924892207405]","[10.318711712525298, 11.700785316399756, 13.404005790270192, 24.24027533153957]",135.6823521387518
332,credible,True,1.897586698587621,0.3385799072026252,0.3353723138140835,31.97890048603037,3.198612537581742,235,16,9,7,"[31.7686576929447, 33.43571488, 34.994482545]","[10.0, 11.969507918859396, 14.195114528029594, 23.050532892385455]",165.6514582565672,"[29.26591345677795, 30.69418602440025, 32.3282979883502]","[10.31481736565332, 11.899756025422962, 14.329657634482293, 24.452658660263673]",225.9935641974088
333,credible,True,1.7391998659739227,0.08965891039152744,0.35749309071308194,31.53154227120667,2.7654030605680218,235,16,9,7,"[33.17799903161085, 33.92505103026795, 35.02941549]","[10.0, 10.03153345628479, 10.43221755009026, 11.966517903569189]",48.23680753784069,"[30.68221255328655, 32.6790363906853, 35.02941549]","[12.064110849371588, 12.846044974327471, 13.847982537967352, 16.064744826868104]",18.167244060208155
334,credible,True,1.7897513045802402,0.1885512054892182,0.38266523287978077,32.2436087911398,3.000155282256507,235,16,9,7,"[32.38541814915125, 34.411814519222446, 36.270103745]","[10.0, 11.401028518042017, 12.794343977734673, 15.860706521140372]",58.17719059342777,"[30.78308452828655, 33.61878387388505, 36.270103745]","[12.430254405402422, 14.865436784203377, 17.449622175277497, 22.7990392917566]",42.1797775081367
335,credible,True,1.4770105893755179,0.2856615132391612,0.4716994273898695,31.819484695666464,2.9650188368004677,235,16,9,7,"[33.39248082804695, 34.3202115368548, 35.614437525]","[10.0, 10.552871600179028, 12.06280605316184, 17.083681562700317]",135.9037759356442,"[30.5563661387093, 31.84840334540425, 33.24811706996741]","[10.797361559997743, 12.222112559370208, 13.970286023342034, 24.53534862618821]",116.77251162299711
336,credible,True,1.7478655999094723,0.07423361244451467,0.36757494686990927,31.790743064451664,2.9039862410361255,235,16,9,7,"[33.462913703350154, 34.50887419732065, 36.09730783]","[10.0, 10.150459266524855, 10.612768668541817, 11.539852509446131]",33.69417543290586,"[30.79587317513085, 33.61575142335015, 36.09730783]","[12.449950514633239, 13.395824010881892, 14.29822635840657, 15.547255242807212]",13.687586743878793
337,credible,True,1.4772258557591333,0.3439962160137999,0.4016560648379843,31.792247238762517,3.1634751039664364,235,16,9,7,"[28.995840137890752, 34.150535677646346, 36.32668681]","[10.0, 10.0, 11.92857471079313, 17.299228971592544]",157.39549574292403,"[31.39737659841255, 32.7777186169354, 34.24950479]","[10.0, 11.507753160079774, 13.533349981650543, 23.95978912060418]",74.28230867612388
338,credible,True,1.6953699841012555,0.25670447375334726,0.4281246172807169,32.00878262592861,2.836724489335396,235,16,9,7,"[32.51452469125215, 34.258432214678805, 36.32668681]","[10.0, 11.677595777926397, 13.757463522426368, 18.840326388356146]",86.46473834697736,"[29.26591345677795, 30.5580051787093, 31.83326575245955]","[10.763029310762175, 12.142276976321481, 13.555077521209768, 22.511646762236726]",138.26785365293654
339,credible,True,1.5102592942714406,0.44020840818347723,0.3811566085648215,31.77253647221906,2.9828419243368343,235,16,9,7,"[33.61575142335015, 34.492691086543104, 36.067052364999995]","[10.0, 11.154401832598339, 12.966544478873107, 22.141103227325377]",204.27286204385592,"[30.7309928534174, 31.83326575245955, 32.7032818769354]","[10.0, 10.260262671782506, 11.754524019423895, 23.62052130721407]",229.2909400666153
340,credible,True,1.7668749902294092,0.19086227680179207,0.3926854067924617,31.9377797523313,2.7792133410635005,235,16,9,7,"[32.090620644428796, 33.61878387388505, 35.689195755]","[10.0, 11.064101407075619, 12.694337874596549, 16.7265544963721]",56.147090063770335,"[30.8131747718733, 33.61878387388505, 35.689195755]","[12.551148439037592, 15.264541031551444, 17.796543899871143, 24.35824983359052]",34.86711142590225
341,credible,True,1.5248206823491135,0.25216045824622385,0.429200111922331,31.85419243489854,2.9056047063477326,235,16,9,7,"[29.748133, 34.01253445026795, 36.09730783]","[10.0, 10.0, 11.49745611420629, 15.702707383449594]",128.9010072529322,"[30.800227659948497, 34.01253445026795, 36.09730783]","[10.47409277032752, 13.954273235934116, 16.37023468908089, 24.21103246666531]",64.84417975238703
342,credible,True,1.8120105966494908,0.3085166582369549,0.3129691232467541,32.06980404718453,3.0738727744831853,235,16,9,7,"[32.88265373593305, 34.187725467824, 35.913889964999996]","[10.0, 11.44098093078795, 13.582213241223545, 21.23610634992702]",152.23643839479493,"[30.70173971, 32.642336522060546, 34.01253445026795]","[10.385665033086186, 12.729451127583708, 14.472228967272006, 24.769890325261432]",148.95708822687322
343,credible,True,1.250513212435819,0.2955240562267567,0.5260128224019722,31.764862560453018,3.0897030386573254,235,16,9,7,"[28.376274255, 34.258432214678805, 35.64644873]","[10.0, 10.0, 10.13974240591933, 14.889332259017282]",184.15641313020893,"[30.97970272281495, 32.63123790044895, 34.827108005]","[10.0, 11.812088655473739, 14.189676943704393, 24.70967323928422]",89.70496684837455
344,credible,True,1.6389206221243175,0.1509261852481579,0.4290759253991831,31.636952604819957,2.7843163235936172,235,16,9,7,"[33.081189297680254, 34.056319955, 35.642604625000004]","[10.0, 10.538240896827617, 11.398204940263579, 14.022137936713172]",60.82602472678609,"[30.79587317513085, 33.46579516518265, 35.642604625000004]","[12.41809144360923, 14.397194646408915, 16.34118130245822, 19.87537145261654]",30.819214101816613
345,credible,True,1.475903281899182,0.23259409236436687,0.40361841613577915,31.76591921403693,2.661216898008648,235,16,9,7,"[28.64505664525625, 34.258432214678805, 35.65718455]","[10.0, 10.0, 10.654478042351338, 12.407607221204273]",147.23910086133657,"[31.50660346546065, 33.61575142335015, 35.65718455]","[10.133591537199056, 12.179299880697611, 14.78017338796508, 20.520356966183062]",55.730712704280045
346,credible,True,1.9050470194411655,0.18842275440581632,0.33794215026759816,31.921496697692202,3.2560499616477583,235,16,9,7,"[31.198310055, 33.61575142335015, 36.307053295]","[10.0, 11.500353275427406, 13.241872764139252, 18.29411497746536]",61.6941597052175,"[30.68221255328655, 32.7642609869354, 34.96543919]","[12.982678548987636, 14.619525962581195, 16.377249644882063, 24.061833745880733]",62.78413609863479
347,credible,True,1.376949551008,0.29464610160034377,0.5585267688041107,31.8880113719975,3.014877948807051,235,16,9,7,"[33.3978292790151, 34.056319955, 35.614437525]","[10.0, 10.514938158896097, 11.714246922157688, 17.73991583825069]",153.63635017115027,"[29.525661425178548, 30.92984162468825, 31.8879833079447]","[10.613778336634654, 12.041503796632346, 13.254322462359656, 22.032670996858897]",218.08587557037112
348,credible,True,1.2181119937320841,0.28327614353715036,0.556620036127803,31.881678463330157,2.8694569696922154,235,16,9,7,"[28.60860758525625, 34.61093289232065, 36.09730783]","[10.0, 10.0, 10.524206763170037, 14.150962485715276]",173.73625911450983,"[30.92984162468825, 33.61575142335015, 36.09730783]","[10.005045249862228, 13.253902778457288, 16.52803476963783, 23.562115735153895]",79.33478493913334
349,credible,True,1.7011396226110622,0.2301109321108069,0.39590661369082947,31.80225250091704,2.8516272260517552,235,16,9,7,"[32.80167838862475, 34.22124242450115, 36.09730783]","[10.0, 11.30670050210719, 12.856704850119266, 16.88642822673499]",95.15947639158995,"[30.71007222013085, 32.80167838862475, 35.02941549]","[11.745015140356422, 13.917464782673116, 16.552763611475786, 23.651424378252294]",71.20226498122409
350,credible,True,1.4397417414353184,0.27327268438652985,0.4841202207161114,31.87178380391064,2.8869369204071518,235,16,9,7,"[33.411452741852145, 34.50058217922245, 36.067052364999995]","[10.0, 10.23386940834499, 11.844467868694247, 16.680118156812846]",137.55273207080668,"[30.71007222013085, 32.7642609869354, 34.50058217922245]","[10.718996783114369, 13.049977865023836, 15.154393122349267, 24.7000482211993]",83.59695134238808
351,credible,True,1.8506075435677851,0.1342007852658306,0.2987284788321041,32.07461673945183,3.0003225171023105,235,16,9,7,"[33.128525569527596, 34.35003519704645, 36.32668681]","[10.0, 10.435570709199434, 11.417027614663692, 13.218888292236397]",49.102007350568286,"[30.85879222242155, 33.6163850333305, 36.32668681]","[11.477760776630088, 12.978341957127114, 14.54654984366801, 17.59587870636225]",26.06070381905093
352,credible,True,1.5950152247914573,0.3478315504713311,0.4264799598118551,32.28645523837566,2.876356257435406,235,16,9,7,"[33.43796273185215, 34.61093289232065, 36.39922521]","[10.0, 11.164946113056214, 13.752781683377775, 20.438614311962883]",139.2507778575992,"[30.521331102512548, 31.426179554571, 32.3549828705588]","[10.067011474244962, 11.225826008011216, 12.512389031219215, 23.040154572822303]",205.94772253975614
353,credible,True,1.5486262001737614,0.20525358336657193,0.44457230555201943,31.777243857296135,2.6491461919123918,235,16,9,7,"[33.35885589395795, 34.056319955, 35.642604625000004]","[10.0, 10.251193059796472, 11.670624576299206, 15.18679638852233]",96.26120500445538,"[30.733223430159853, 32.80167838862475, 35.24057451265335]","[11.304340132532479, 13.290152017968746, 15.69782263557803, 21.778941301240955]",44.51084305909304
354,credible,True,1.7598880825311833,0.19579855257368967,0.32267918921366884,32.02270231956098,3.040939934573293,235,16,9,7,"[33.5885526, 34.42799763, 36.09730783]","[10.0, 10.4313689322045, 11.5137309715185, 14.525699989214669]",88.88210218368596,"[30.8131747718733, 33.5885526, 35.5985534521325]","[10.697227734725029, 12.88426159746543, 14.449330227813766, 21.231035384053786]",50.201292760993724
355,credible,True,1.8688130168915902,0.22169496192202542,0.3332927291648556,32.072050493723886,2.880777877267345,235,16,9,7,"[32.031642343137, 33.6163850333305, 35.78833718]","[10.0, 11.230100514323798, 13.042385191458095, 17.748615495887996]",78.25978113799306,"[30.81094419513085, 33.48942369335015, 35.10594088]","[11.994668084963052, 14.796658320756597, 16.8822441701356, 23.51252305579891]",64.94512194778714
356,credible,True,1.6545804339819579,0.34679754897705983,0.3911809887913088,32.03908389132182,3.300790974776524,235,16,9,7,"[33.2382855636214, 34.150535677646346, 35.630564657132496]","[10.0, 10.909833760366535, 12.483121331855086, 23.389913402288045]",182.2208900366756,"[30.0856258249674, 30.6508682826179, 31.7233121545789]","[10.0, 10.606405674337225, 11.904272970046426, 24.532533213143875]",267.26061118824083
357,credible,True,1.8016055709373362,0.28516007070012583,0.347858489480614,32.48373918573898,3.444878521152998,235,16,9,7,"[32.96671152593305, 34.35003519704645, 37.277296705]","[10.0, 11.01136682809665, 13.448837212167586, 20.081371905486897]",109.81660469399473,"[30.68221255328655, 32.55993621748835, 33.82618036210485]","[11.013613158292191, 12.946271108503536, 14.414538388479839, 22.881755625336368]",120.67859792467173
358,credible,True,1.7924767353416893,0.23090729098409593,0.33530017473518137,31.73549731249315,2.6727187303382576,235,16,9,7,"[32.46810561226445, 33.85248154497105, 35.65718455]","[10.0, 11.09484576097263, 12.987661469630813, 18.37539981080207]",87.6976781838473,"[30.70173971, 32.5649606829373, 34.132350962824006]","[11.25724275183837, 13.30986572609856, 15.032838150113806, 24.117020751593152]",60.64497446749239
359,credible,True,1.8761268574199519,0.21825642739084683,0.29141484663058936,31.86099808600982,3.201190839187281,235,16,9,7,"[32.5830326425095, 34.3202115368548, 35.971755044999995]","[10.0, 11.350855898445516, 12.641894729593737, 16.23950718933427]",76.229918321389,"[30.96463170281495, 33.3642043449261, 35.971755044999995]","[11.35346926482449, 13.487252750043789, 16.01191898644289, 21.77543660897078]",52.4363779709869
360,credible,True,1.8683081846253375,0.17537408439801128,0.3777620409036859,32.09747884765216,3.2100745376201587,235,16,9,7,"[31.066704545548248, 33.24811706996741, 36.270103745]","[10.0, 11.370939058074962, 12.816636542545881, 17.9146633159753]",53.499257571870494,"[30.65373823440025, 33.1622611908736, 35.475127404999995]","[13.528252065686681, 15.54275226498116, 17.338975179595018, 24.336035899447456]",50.49329517583327
361,credible,True,1.9457953299286672,0.15621260691012273,0.318924586432442,32.137476193789745,3.3712236052859086,235,16,9,7,"[30.97200247, 33.6181502639047, 36.70164185]","[10.080418824405761, 11.393418368570108, 12.767249190012562, 16.522716105198104]",46.32763492157992,"[30.6746588676868, 32.687192545, 34.930506245000004]","[13.064361449241565, 14.292322078532795, 15.749262562785106, 21.39937576105987]",46.358503481648384
362,credible,True,1.4310222347834065,0.2853818469401598,0.41639277506870165,31.76977821731583,2.987457542853915,235,16,9,7,"[30.46963577, 34.27400418922245, 36.32668681]","[10.0, 10.0, 11.100926315337723, 15.09273415045827]",171.24239788299377,"[31.4807653089329, 33.152198914398355, 35.02941549]","[10.0, 11.662404584915242, 14.120030752131608, 21.444525260730128]",75.35649925183284
363,credible,True,1.7037318638446814,0.2379960515488554,0.3931037008142399,32.14681509711933,3.0353579906520283,235,16,9,7,"[32.99721444489545, 34.1751118518548, 36.738591400000004]","[10.0, 10.775263189104589, 12.701060282124836, 16.421084340700016]",91.73229718311883,"[30.69418602440025, 32.7794053198655, 34.827777775]","[11.427632385121143, 13.459808947035429, 15.47725654968398, 22.58635151860475]",69.0502980854327
364,credible,True,1.662154430407972,0.3868974958257171,0.3713085638779536,31.858677619597263,3.014748994727251,235,16,9,7,"[32.84223616, 33.75437025555455, 34.82428092]","[10.0, 10.714431722144491, 12.733269129831962, 22.460914769147553]",208.2136329242595,"[30.48501834, 30.84796485, 31.66284253]","[10.0, 10.354583953379311, 11.48705967544352, 23.92967271487185]",268.56315308551785
365,credible,True,1.1951501056210887,0.31366762109083074,0.5808762533696048,31.726569323638376,2.8885497971919274,235,16,9,7,"[30.84796485, 34.178481535470354, 35.65718455]","[10.0, 10.0, 11.193852255536166, 15.488231870673543]",187.4358296011813,"[30.69410274884015, 32.788220758624746, 34.930506245000004]","[10.328211030267402, 12.978106702783867, 16.002409058521152, 24.8071174798473]",111.32092219390641
366,credible,True,1.8149194859229052,0.1758534861185632,0.3744284747328175,31.803645865220656,2.9213539635086083,235,16,9,7,"[31.709000680000003, 33.6163850333305, 35.55795257478585]","[10.0, 11.231474689175965, 12.510740478624284, 15.862801649837715]",63.97794848109953,"[30.3264149304613, 32.1814953133865, 34.82428092]","[12.632064447495395, 14.160753430168954, 16.24792159027906, 21.74630097502331]",59.216839225457015
367,credible,True,1.7951156285034615,0.0831345273617209,0.3786145595946171,31.91671648424024,2.670794947630218,235,16,9,7,"[31.758368292944702, 33.6163850333305, 35.5985534521325]","[10.0, 10.591261021774008, 11.199647151386879, 12.748907061199999]",22.953677091599374,"[30.54263037933135, 33.035066021815396, 35.35203284765335]","[13.162118413440053, 14.223565482589617, 15.224595728985689, 17.3306313466443]",16.22842172261234
368,credible,True,1.4985963869692338,0.2405553073685608,0.4356251098077404,31.681904792146025,2.9987047572048735,235,16,9,7,"[29.748133, 34.056319955, 35.55795257478585]","[10.0, 10.0, 10.818007205862731, 15.0863753498053]",135.91133908392842,"[29.975810298022402, 31.82297635245955, 34.85917637]","[10.0, 11.544921849282563, 14.10913267415587, 22.968898764758464]",72.35210464170854
369,credible,True,1.6711117480171374,0.1109299300309163,0.42040881843577216,31.736498081382404,2.67168720691599,235,16,9,7,"[33.1279444036214, 34.2304863568548, 35.689195755]","[10.0, 10.491286623524237, 11.16754623866971, 12.849416416399041]",43.62241185611157,"[30.90865332054825, 33.59095144055455, 35.689195755]","[12.769866774884944, 14.31267944446203, 15.704293224090756, 18.229948010388508]",19.136405972150804
370,credible,True,1.5307322867233966,0.11105838286721534,0.4793619324509473,32.03333253038019,3.074027547717281,235,16,9,7,"[29.749820315464298, 34.618823985000006, 35.65718455]","[10.0, 10.0, 10.102296256572982, 12.038248857220507]",69.4033449649063,"[30.70173971, 32.80167838862475, 35.65718455]","[12.522623814706513, 13.505454467987498, 14.778710268265712, 21.15407294271054]",23.18373204240698
371,credible,True,1.746710090753164,0.15990659328401507,0.44056221792975087,31.97781872927871,3.1184480419909755,235,16,9,7,"[31.30462428941985, 33.2720211849674, 35.971755044999995]","[10.0, 11.041265120988548, 12.336882094250926, 15.101777643388386]",51.614285746924104,"[30.285105361842398, 32.70331563206055, 35.23874368]","[13.698857715308872, 15.44822905474369, 17.629343479899852, 22.946830760883714]",50.85636124302143
372,credible,True,2.0593418618675634,0.1964023067991823,0.30359236239987675,31.677664957856386,3.163963837162286,235,16,9,7,"[30.519692062512547, 32.6389535319354, 35.43452652765335]","[10.842567224306864, 12.287777800569822, 14.2316313635561, 19.004289112375442]",62.840930172622286,"[30.3483792711496, 32.2768860333865, 34.824950689999994]","[13.869242971210909, 15.631308583625506, 18.02245500326791, 24.524882405767528]",60.69824313542065
373,credible,True,1.6851673896545358,0.29158656556092305,0.4177094616423457,32.09492205650719,3.399658703134802,235,16,9,7,"[32.80167838862475, 34.1824012068548, 35.614437525]","[10.0, 11.210283354404178, 12.963361346870087, 20.8929081457701]",121.88065566455495,"[29.5060182137715, 30.7981037518733, 32.18924892207405]","[10.70295339867117, 11.925889080253562, 13.447395338995527, 24.717441958799863]",187.8555953332207
374,credible,True,1.7213162424390533,0.25445762210631806,0.41654169651843026,31.723808185717587,2.6283021586320703,235,16,9,7,"[32.093858202074045, 33.6163850333305, 35.642604625000004]","[10.0, 11.504892282900212, 13.7540634895089, 20.464287353064698]",82.51280878752186,"[29.334636189999998, 30.81094419513085, 32.626213435]","[10.905222032298749, 12.560950298608908, 15.0703210229059, 23.876944813987986]",96.97760342297292
375,credible,True,1.861273525043911,0.1684709812418674,0.29283277852006206,31.573392112811703,2.8754372776579116,235,16,9,7,"[32.41381647855615, 33.6163850333305, 35.02941549]","[10.0, 10.706440848178918, 11.748817484090647, 15.05505459209018]",65.24921445387771,"[30.69418602440025, 33.2382855636214, 35.02941549]","[11.473913382376239, 13.263522751884212, 14.902825418042607, 20.216812371188144]",38.86935890755959
376,credible,True,1.9290986057682267,0.29663176055871143,0.2912740254941517,32.171368563778614,3.0816701919956957,235,16,9,7,"[32.18924892207405, 33.99974703784895, 37.157963695]","[10.0, 11.586612862867323, 15.264524610774565, 22.192891226725877]",109.2481502833477,"[29.525661425178548, 30.5924608559611, 31.636180521978552]","[10.01577477976881, 11.096073261871789, 12.322250580888396, 24.093330659411055]",181.58452505870343
377,credible,True,1.4466304274195039,0.314066020678086,0.49345929556174417,31.90727946105661,2.630309452068812,235,16,9,7,"[33.48942369335015, 34.258432214678805, 35.5839735271325]","[10.0, 10.893669579266591, 12.263556715721467, 19.979725714647426]",149.4769565605958,"[30.70173971, 32.66291330362475, 34.01253445026795]","[10.58373682101458, 13.439370215254861, 15.890328487386501, 23.644266972432522]",122.0537630872885
378,credible,True,1.4357932645333207,0.35318063081353884,0.5182415130914432,31.9712513931453,2.8755584475041416,235,16,9,7,"[33.3642043449261, 34.392796086077254, 35.78833718]","[10.0, 11.127557353629435, 13.4099622756111, 23.507785499604815]",144.13286508688475,"[29.890541785, 30.937212391873302, 32.55993621748835]","[10.0, 11.308758448072018, 13.844015378789765, 24.95269542593909]",191.27603416796867
379,credible,True,1.6111234820305704,0.21992594688236955,0.4396841774375705,31.799289957040443,3.2968527421345986,235,16,9,7,"[33.12659584177405, 34.22124242450115, 36.270103745]","[10.0, 10.58098868338064, 12.098881459812615, 16.069768996664184]",90.7917122408618,"[29.92335859103325, 31.84840334540425, 34.22124242450115]","[11.487152897912699, 12.962377247004087, 15.113857760950296, 22.954017827123526]",65.52538507679394
380,credible,True,1.7377241310967673,0.2191247672853158,0.3622115827802596,31.97347069357643,3.108149922680275,235,16,9,7,"[33.0756697561724, 34.42010653732065, 36.696902405]","[10.0, 10.738634483493255, 12.73244007575937, 15.587911905153339]",88.94663314420646,"[30.8131747718733, 33.6181502639047, 36.696902405]","[11.342051469054887, 13.874637805447227, 17.079542298768857, 24.030371345356127]",55.586368273051214
381,credible,True,1.853634344820153,0.2271016620888883,0.2886481912061046,31.743354452850664,2.995780399511658,235,16,9,7,"[32.63123790044895, 33.91226361784895, 35.614437525]","[10.0, 10.849168299859139, 12.707484879330119, 15.976268586433156]",83.39338551550463,"[30.6857702387093, 33.6163850333305, 35.614437525]","[10.85784009495453, 13.586065131988816, 16.083624088967362, 22.743163563312265]",48.04600578914172
382,credible,True,1.2791488673262665,0.40325636067946924,0.5311020850364839,32.00201802189854,3.1906874427168597,235,16,9,7,"[33.91226361784895, 35.10594088, 36.696902405]","[10.0, 10.868711952317916, 12.255715595861988, 18.878771941239478]",210.60453440417896,"[29.130029079670052, 30.613978178040647, 31.239727155]","[10.0, 10.0, 10.111561267893427, 22.52239592333204]",272.62360027901144
383,credible,True,1.9797056662010717,0.15356144836028454,0.28100385384168997,31.624447372793124,2.8180023294692282,235,16,9,7,"[31.03269094054825, 33.61575142335015, 35.3033617940727]","[10.0, 11.592263681336991, 12.887209563390739, 16.11718645911066]",41.40212137002601,"[30.7981037518733, 33.61575142335015, 35.3033617940727]","[12.615850486591029, 14.742381095080932, 16.389408321585286, 21.350724131483283]",33.406613380796145
384,credible,True,1.231933032272431,0.24450503870070764,0.5322275323390498,31.42861749947685,2.8508465732978903,235,16,9,7,"[30.131112910972853, 33.86868099210485, 35.642604625000004]","[10.0, 10.0, 10.010260143496232, 13.190645533366592]",173.35475553079266,"[30.69418602440025, 32.96671152593305, 35.642604625000004]","[10.167380582094678, 12.29984116638803, 15.412979347551072, 21.4222682040994]",64.75817868036773
385,credible,True,1.9109586344494442,0.20409997330746577,0.35613969967754133,32.134043369666756,3.0894775504999936,235,16,9,7,"[31.145124715, 33.751971415, 36.270103745]","[10.0, 11.89240524273108, 13.9511418580184, 18.792633923050353]",60.03324039716585,"[30.84796485, 32.65507661899595, 34.10245052764635]","[13.412448165913858, 15.202874493651075, 16.695932687066602, 23.736672923685877]",68.74096272065124
386,credible,True,1.7188614027312639,0.3274180873800943,0.3014710871577527,31.738242718222963,2.8892450854360434,235,16,9,7,"[33.337644175911, 34.492691086543104, 36.270103745]","[10.0, 11.218215664915567, 13.076268381032584, 18.369663970237763]",159.56998197127737,"[31.30462428941985, 33.2720211849674, 35.00033464]","[10.059546233585575, 12.63970548531649, 15.528821898362365, 23.457085919150117]",107.85341819593776
387,credible,True,1.792060587291062,0.0749743620190583,0.29870167867379693,31.608348777303938,2.6515604687882366,235,16,9,7,"[30.97970272281495, 34.01253445026795, 35.614437525]","[10.0, 10.0, 10.038903955578833, 11.174654763949261]",52.294178164694564,"[30.68221255328655, 32.60649538, 34.71433113232065]","[11.208347380030782, 11.838751402043394, 12.428542506136584, 14.323449351881576]",10.046631810819031
388,credible,True,1.1097054011606848,0.08199069788481429,0.5901275249307782,31.500327855017893,2.8716556595378813,235,16,9,7,"[28.62684680525625, 30.613978178040647, 31.426179554571]","[10.0, 10.0, 10.0, 10.0]",161.5005547642804,"[30.3264149304613, 32.65507661899595, 35.10594088]","[10.641339621358746, 11.38913528057667, 12.09113535443622, 14.196282371289191]",14.342800271367654
389,credible,True,1.6532859879294568,0.1332363273852637,0.3616603905937067,31.780637303054053,2.9178333007645554,235,16,9,7,"[28.62300417, 34.3202115368548, 35.913889964999996]","[10.0, 10.0, 10.12183356886865, 11.758311227615465]",85.56419069704808,"[30.97970272281495, 33.61575142335015, 35.784493075]","[10.972194114304285, 12.414131686409108, 13.491702755145457, 17.72509153188747]",26.886114858511466
390,credible,True,1.7784646687355319,0.2115387226179889,0.3926282624936544,31.802056866846062,2.9905032215543312,235,16,9,7,"[31.872845715, 33.6521916860684, 36.067052364999995]","[10.0, 11.26691027428217, 13.318582330131354, 17.344807008108383]",71.19343808041569,"[30.70173971, 32.891888733121405, 34.619493755]","[12.766738493245834, 14.966406646693907, 16.641316955644296, 23.847688049265706]",62.96551676220129
391,credible,True,1.6146395711134027,0.23297333551923624,0.4016195990402443,31.843328772531226,2.8221638020923887,235,16,9,7,"[33.56429046185215, 34.411814519222446, 35.689195755]","[10.0, 10.618827676090506, 11.908028383897365, 15.279180817717593]",109.74607334360569,"[30.2646582128532, 32.3667917883865, 35.3033617940727]","[10.469750230508177, 12.322615403380208, 15.676644090717902, 24.091468056584727]",65.69033774343673
392,credible,True,1.7638997846780868,0.15479128139820286,0.3439277380281296,32.15924131255005,3.0743978400642935,235,16,9,7,"[33.61878387388505, 34.618823985000006, 36.696902405]","[10.0, 10.490226354893824, 11.338482064544431, 13.468014877904093]",64.34274681977163,"[30.85879222242155, 33.61878387388505, 37.0437363]","[11.477538717204641, 13.179993301386318, 15.265165253077692, 23.694144765550174]",29.14061845129626
393,credible,True,1.7121448521965104,0.053410074120518125,0.3416491584058324,31.924779441134,2.562227834845897,235,16,9,7,"[28.75572777, 30.406106735, 35.689195755]","[10.0, 10.0, 10.0, 10.212649497124776]",58.55688617646601,"[30.6508682826179, 32.788220758624746, 35.444663407132495]","[11.387434687140322, 11.893881474758997, 12.515839006169822, 13.588179585932018]",8.580911842972881
394,credible,True,1.55772130756857,0.15248185995446403,0.4710620313392253,31.962587875469666,2.792740099857952,235,16,9,7,"[33.75308582329245, 34.50887419732065, 35.689195755]","[10.0, 10.386585469668463, 11.12666626829355, 13.083810595710448]",67.07926775191079,"[30.85879222242155, 33.6163850333305, 35.689195755]","[12.329249396582608, 14.447083504336813, 16.302900368266805, 19.955081073463557]",31.108667469646804
395,credible,True,1.6830700646282315,0.19464080648261745,0.37030705452474333,31.784132728480234,2.9437568213245853,235,16,9,7,"[33.2720211849674, 34.01253445026795, 35.10594088]","[10.0, 10.318091286735106, 11.074546509760397, 16.685800690838416]",98.43082242265491,"[29.99940893, 31.84840334540425, 34.178481535470354]","[10.62212918068457, 12.020834800300594, 13.932050397710928, 22.53007941980313]",62.99736454921599
396,credible,True,1.7316179588622818,0.37043791368120765,0.3666537609912571,31.78345005476262,2.8004585654500125,235,16,9,7,"[32.4662509483577, 33.61575142335015, 34.824950689999994]","[10.0, 11.542816360490606, 13.425864459165664, 24.86495792893775]",153.12113533817583,"[30.077126405, 30.536487856629748, 31.247618505]","[10.0, 10.64689591056944, 11.775782460549975, 23.62451716916322]",221.58157152303704
397,credible,True,1.6155485131748832,0.36166621217104333,0.42240285505665903,31.928031742538348,3.1478836081835415,235,16,9,7,"[33.028798761774055, 34.32208933922245, 36.307053295]","[10.0, 11.185802703163054, 14.233378135470371, 20.23723235292262]",182.42620167609533,"[29.92335859103325, 30.90865332054825, 32.031642343137]","[10.0, 11.132244633009881, 12.820321953263127, 23.493197352959232]",252.60757299665528
398,credible,True,1.7945057478897495,0.2606571586812921,0.3094533791543346,31.700762056307827,3.1169133414838743,235,16,9,7,"[32.89893226593305, 34.2304863568548, 36.999319045]","[10.0, 11.152172421703959, 13.517380155081916, 17.447126974036486]",101.60584705653551,"[30.69418602440025, 32.63123790044895, 35.1705589940727]","[10.712542194146604, 12.61325959823698, 15.288777202762034, 24.04811896123867]",60.60154861813572
399,credible,True,1.8798348401086105,0.09916697728223271,0.37420835031439537,31.862334885900257,3.0443697181002234,235,16,9,7,"[30.97970272281495, 33.11159518004135, 35.913889964999996]","[10.51921178707336, 11.27327887282895, 12.19356006363627, 14.026386139973194]",29.091133242899886,"[30.7981037518733, 33.4243392690151, 36.153890895]","[14.256934940903026, 15.575970589330112, 16.823310962334524, 22.86108171700335]",22.04971591494653
400,credible,True,1.614812219508252,0.3649582003013264,0.34794865845090134,31.5966964252465,3.1854166227537326,235,16,9,7,"[33.1306627597635, 33.830278697737896, 35.58841657265335]","[10.0, 10.083576540833292, 12.03067783723602, 24.282096837348078]",215.82400002342308,"[30.70173971, 31.247618505, 32.01915889]","[10.0, 10.343147842714414, 11.031665009672805, 23.917776244874513]",259.7820243721748
401,credible,True,1.8098539534892502,0.18209256614761063,0.32913007500190816,31.66544163384919,2.8570794535713286,235,16,9,7,"[32.44832318267055, 33.6163850333305, 35.913889964999996]","[10.0, 10.722351900561105, 11.927577269531016, 15.68710817322635]",69.08679571701,"[30.8565616456791, 33.6163850333305, 35.913889964999996]","[11.677631844746045, 14.002446273507239, 16.126520355539647, 23.021263363885627]",40.57739004076192
402,credible,True,1.7894591094682983,0.11084638753656087,0.3843547294797204,31.680581419354326,2.896675794724988,235,16,9,7,"[31.642877214578903, 33.61575142335015, 35.913889964999996]","[10.0, 10.81085485132852, 11.649816946651505, 13.570038803373482]",29.442768345444815,"[30.92984162468825, 33.451538092365254, 35.784493075]","[13.306932857603762, 14.769780622926353, 15.98931652962908, 19.25221983057077]",21.307625446917783
403,credible,True,1.5712672869227573,0.36777047798375584,0.370231184890754,32.01851612998283,2.834126845288027,235,16,9,7,"[33.6181502639047, 34.824950689999994, 36.307053295]","[10.0, 10.86627687617241, 13.924866886363098, 20.311983635988238]",175.29189546797915,"[31.255424249441752, 31.95259136745955, 32.44832318267055]","[10.0, 10.461383619123513, 11.360818561018776, 21.518042160010197]",191.9086512699141
404,credible,True,1.6189027369704543,0.38708162664978824,0.4119275559637514,31.93196601831576,2.997726845050098,235,16,9,7,"[33.035066021815396, 34.2304863568548, 35.5839735271325]","[10.0, 11.595234197923222, 13.283580498598806, 22.720227410313168]",185.8219104525238,"[30.267515586117298, 31.066704545548248, 32.9759465231214]","[10.0, 10.73058199776856, 14.088775930192746, 24.840788842179194]",215.50633292946014
405,credible,True,1.0106508818481665,0.5072302708231203,0.513087557028857,31.78144048882133,2.941149437020317,235,16,9,7,"[29.02344369, 31.237345660000003, 35.18843456]","[10.0, 10.0, 10.0, 20.46989682987227]",339.64268100747074,"[28.56652825177255, 30.5563661387093, 32.7032818769354]","[10.0, 10.0, 10.0, 21.93631835642564]",365.9168865924223
406,credible,True,1.8873019390175958,0.21458191618688202,0.3535887867512299,31.86453988010306,2.9659416986375278,235,16,9,7,"[31.3028320125015, 33.6163850333305, 35.818592644999995]","[10.0, 11.79593190675681, 13.675841829148897, 18.27045971921594]",70.15408618180052,"[30.69418602440025, 32.96671152593305, 35.02941549]","[12.954330215940272, 15.272648730157645, 17.918432699701285, 24.589371873814944]",67.48992311535582
407,credible,True,1.8337843231139155,0.1599538019751621,0.28694643217943855,32.05955400244924,3.097541509976323,235,16,9,7,"[33.6163850333305, 34.411814519222446, 36.067052364999995]","[10.0, 10.330119618781493, 11.18299271724595, 18.154423053487722]",72.76477283099287,"[30.89358230054825, 33.99974703784895, 36.067052364999995]","[10.835921063241052, 12.853036477118424, 14.180949558450063, 22.91078493876663]",31.299203990545696
408,credible,True,1.9843159515507223,0.19736974911727315,0.2959827312844631,31.960780695327294,3.157525945298322,235,16,9,7,"[30.97970272281495, 32.8634631098655, 35.971755044999995]","[10.0, 11.27344158496862, 13.260766513908795, 17.348829319787338]",59.065205158006066,"[30.8131747718733, 32.8634631098655, 35.971755044999995]","[12.791002244502264, 14.425913181189141, 17.196587603508824, 24.7290652659818]",52.59228045343464
409,credible,True,1.7826357138504618,0.241674783070562,0.31106849724317437,32.12700435102881,2.987002961207742,235,16,9,7,"[33.35454504804695, 34.187725467824, 36.39922521]","[10.0, 10.5404546006596, 12.119946391445268, 17.49755548087475]",110.48203200862241,"[30.60783565533905, 32.642336522060546, 34.258432214678805]","[10.220969520970513, 12.10913771825778, 13.564763574854844, 22.518023389723513]",82.0203101249221
410,credible,True,1.7950216729096016,0.23302325300874413,0.33364276669873866,31.7201055177413,2.666484231708251,235,16,9,7,"[32.642336522060546, 34.2304863568548, 35.58841657265335]","[10.0, 11.642870805745748, 13.095263302921065, 18.54384674169337]",81.59368915123855,"[30.85879222242155, 33.462913703350154, 35.10594088]","[11.246226258420917, 14.424931194833388, 16.591869224393683, 24.30541154613089]",48.52665393689733
411,credible,True,1.8333674678049467,0.189094280831082,0.35527894499099083,31.68937368417766,2.844712442772899,235,16,9,7,"[31.816398165000003, 33.61575142335015, 35.65718455]","[10.0, 11.325442152590893, 12.888552897432621, 16.9780968939123]",65.73824935727141,"[30.66624308199585, 32.73998174556015, 35.044791665000005]","[12.58942985804442, 14.419559757753962, 16.441137373330506, 23.94168246162903]",55.26591519244658
412,credible,True,1.3269804436293198,0.24626298443605749,0.48493159207985387,31.68780455774241,2.6295838706949035,235,16,9,7,"[28.436481376772548, 34.01253445026795, 35.444663407132495]","[10.0, 10.0, 10.121263794176521, 14.841960579269829]",155.66486230734512,"[30.96463170281495, 33.2727718999674, 35.444663407132495]","[10.0, 12.429357017992798, 14.99751045596326, 22.0265262506279]",48.091775921797776
413,credible,True,1.7423132333332627,0.28022399402461934,0.41922101772857084,31.971812954056567,3.358531177740748,235,16,9,7,"[32.09129040207405, 33.83156313, 35.689195755]","[10.0, 11.51652527769097, 13.761103429831044, 21.92962477895911]",117.35388473975414,"[29.525661425178548, 31.021087095, 32.423729663906755]","[11.560349607641614, 12.946692453447548, 14.543895986014617, 24.811429303637382]",186.2104815786198
414,credible,True,1.6500928222085418,0.35380481451980045,0.437332971675015,31.661136245531775,2.671859507075821,235,16,9,7,"[32.2768860333865, 33.6163850333305, 35.10594088]","[10.0, 11.914970407415252, 13.907309664542176, 20.05097579353138]",155.08747276630987,"[29.44870895640705, 30.60783565533905, 31.6993715345789]","[10.0, 11.646724115129626, 13.575890993933358, 24.996263059374705]",231.5034513447633
415,credible,True,1.809840256536811,0.15284811470498053,0.32458184774944815,31.639173150880715,2.962611381932977,235,16,9,7,"[32.72724164862475, 34.1751118518548, 35.78658144]","[10.0, 10.746220427090044, 11.73420766949553, 14.123151074748362]",58.86610928588625,"[30.70173971, 33.2720211849674, 35.78658144]","[11.720616274773562, 13.378062962182007, 15.267425957482812, 20.34466538706055]",33.73223805477395
416,credible,True,1.867046469102725,0.2354592609721033,0.35158269407046033,32.00756188957634,3.0669925238947275,235,16,9,7,"[31.7686576929447, 33.8470987770759, 36.32668681]","[10.0, 11.668438738651702, 13.908081758150885, 18.438871957233385]",73.14641979385479,"[30.79587317513085, 33.5885526, 35.02941549]","[12.45996892706533, 15.517938592603063, 17.62879743787118, 24.521985259381946]",67.74091689570989
417,credible,True,1.6978596963639259,0.30754399438101787,0.3319875715980021,32.13926364297929,3.0936094733345514,235,16,9,7,"[33.75308582329245, 34.492691086543104, 35.913889964999996]","[10.0, 10.729697739112634, 12.243778828652905, 19.169271726847388]",160.10524874833985,"[31.0253201733632, 32.642336522060546, 34.01253445026795]","[10.0, 11.754417914519323, 13.40303236818622, 23.08975169857147]",140.8203878871779
418,credible,True,1.92659843071911,0.12583246780525031,0.32020792066052955,31.940647907571048,2.729741310603955,235,16,9,7,"[31.03269094054825, 33.61575142335015, 35.614437525]","[10.00065921909909, 11.296702646796204, 12.412822159697479, 14.78278012778835]",30.45533017026512,"[30.7981037518733, 33.4651615552023, 35.614437525]","[12.976535497497423, 14.713746146723565, 16.216052698580008, 21.197790393965665]",22.57037224921233
419,credible,True,1.70444161590134,0.3641378027786027,0.4310679567490597,32.012364327172506,2.9483287234404263,235,16,9,7,"[32.44832318267055, 34.2304863568548, 35.614437525]","[10.0, 12.697391304061535, 15.466555260005762, 24.590495841204604]",139.2289096022902,"[29.26591345677795, 29.858344816033252, 30.456294565]","[10.0, 10.801796130380456, 11.595377853968028, 24.26427648637418]",294.581450253459
420,credible,True,1.9290256157654753,0.2424055993009579,0.2636221883555893,31.9593168939976,3.2408727997227667,235,16,9,7,"[32.3282979883502, 33.83156313, 36.43617476]","[10.0, 10.99295973558109, 12.992947935135719, 19.70018372771305]",98.79537663931694,"[30.81094419513085, 33.24811706996741, 34.721552450000004]","[11.05961388486912, 13.378874771208595, 15.101860227962536, 24.395706658129214]",85.92228928091637
421,credible,True,1.8944429691982358,0.18947069145092643,0.2941090914895524,31.5588456029643,2.8293050336477656,235,16,9,7,"[31.872845715, 33.61878387388505, 35.444663407132495]","[10.0, 11.25707988189671, 12.354338300911596, 16.611226424844315]",58.44903297108268,"[30.96463170281495, 33.61878387388505, 35.444663407132495]","[11.897900328316963, 14.32978419781696, 16.144426207307923, 24.090284751957178]",33.872653316947535
422,credible,True,1.7308971961653605,0.32921775916935286,0.37383315089576324,32.121168034738744,3.183258569975067,235,16,9,7,"[32.98221378316275, 34.618823985000006, 36.696902405]","[10.0, 11.77238941206364, 13.98884691855541, 24.074154977844174]",142.6996890769998,"[29.99940893, 31.38543347977265, 32.7032818769354]","[10.102233457237668, 11.730531507222107, 13.449091157145771, 24.92678315921018]",187.75244372001978
423,credible,True,1.4232837681847126,0.4398682532117419,0.4985905309310062,32.15974832272516,3.074875551221553,235,16,9,7,"[33.61878387388505, 34.61093289232065, 36.8111298]","[10.0, 11.02964047180287, 13.73466266353243, 23.01644838757805]",230.86369098569799,[],[],
424,credible,True,1.7000070023551253,0.3592083197553267,0.3541238110940048,31.89982044915589,3.3491347515020395,235,16,9,7,"[33.178474848588806, 34.22124242450115, 36.886309245]","[10.0, 11.174223485416713, 13.80039401164845, 24.07569399917511]",171.11919923653844,"[29.172108809999997, 30.18303856416215, 30.75052001013085]","[10.0, 10.0, 10.435978664660455, 24.36704360253836]",288.5851023317432
425,credible,True,1.3712937801157468,0.45975821969178987,0.4495455568614935,31.68079395442407,3.179675915274802,235,16,9,7,"[33.128525569527596, 34.01253445026795, 36.696902405]","[10.0, 10.090831673156526, 13.126565665496482, 24.963289517760455]",254.77418884019306,"[29.35954207201715, 29.78295940879965, 30.48501834]","[10.0, 10.0, 10.0, 23.812164969807988]",391.64618174458775
426,credible,True,1.5862604489435455,0.14330717142064006,0.4254232553628373,31.767238706085987,2.7314624519507915,235,16,9,7,"[30.2187791664552, 34.3202115368548, 35.55795257478585]","[10.0, 10.0, 10.470366688427227, 12.974856008292667]",76.30306184313187,"[30.79587317513085, 33.6163850333305, 35.55795257478585]","[11.630618226989268, 13.506575023877465, 14.862133347426614, 18.473379539515545]",26.274799796935334
427,credible,True,1.8039280354076381,0.24482240983459988,0.338700203860489,31.715926275710018,2.6515355878224742,235,16,9,7,"[32.240660877037755, 33.5885526, 35.43452652765335]","[10.0, 11.275886635341907, 13.157444598419367, 19.28366914954535]",76.11612971713748,"[29.23587997, 30.97200247, 33.1577184559062]","[10.0, 11.684005972858726, 14.402262072845751, 23.999576980872362]",74.07728807497104
428,credible,True,1.6120235529623457,0.29775352206696604,0.42910945120971944,32.048924142560345,3.06168176138347,235,16,9,7,"[33.20719191798945, 34.366218307824, 36.43617476]","[10.0, 10.852477082527903, 13.194860181256619, 19.957620162021218]",122.75863781124298,"[29.6041775587715, 30.90865332054825, 32.7777186169354]","[10.0, 11.352203042715841, 13.527973740608962, 24.259657870258792]",141.93575572041723
429,credible,True,1.4597585202823002,0.32853972370595025,0.4559832131401616,32.23190889259874,3.1068469204220537,235,16,9,7,"[31.27458389444175, 34.618823985000006, 36.32668681]","[10.0, 10.0, 11.994441492669205, 18.689727203348557]",173.0577820592634,"[31.021087095, 32.642336522060546, 33.8470987770759]","[10.0, 12.140537188600026, 13.430263725438339, 24.761964198985588]",133.1717925887657
430,credible,True,1.4727693561441881,0.22681283084624,0.42124144129173074,31.646754366709047,2.8162520461831497,235,16,9,7,"[28.51016376525625, 34.258432214678805, 35.5839735271325]","[10.0, 10.0, 10.37478833168477, 13.622784545575755]",121.93246503578291,"[30.66624308199585, 32.82264379579855, 35.43452652765335]","[10.0, 11.846511042339415, 14.420485619224086, 19.811392040762]",31.077774184267692
431,credible,True,1.8904288620872403,0.29458429257890895,0.29835257096191015,31.94360991229628,3.1601214888978273,235,16,9,7,"[32.2768860333865, 34.111694459999995, 35.65718455]","[10.0, 11.81768528256072, 14.013411923530633, 23.585787874410194]",122.20335565102134,"[29.525661425178548, 31.03269094054825, 33.337644175911]","[10.048686921170411, 11.42666983382833, 14.222336001776988, 24.99482110139701]",146.91373346307165
432,credible,True,1.5586066576565172,0.14464331411876682,0.3838570931658252,31.970705923650026,2.9572192582912646,235,16,9,7,"[30.094557755, 31.5045234250675, 36.43617476]","[10.0, 10.0, 10.0, 11.58068744578651]",110.19794499806326,"[30.90865332054825, 33.56429046185215, 36.086685880000005]","[10.328578940348224, 11.73705916223336, 13.191012485208148, 17.290604335937253]",25.165586343498802
433,credible,True,1.7808860161940228,0.2489039169112281,0.31457595185754084,32.20923098662903,3.1506595948712017,235,16,9,7,"[33.4651615552023, 34.411814519222446, 36.999319045]","[10.0, 10.708901864368434, 12.27127139553149, 18.577458688899267]",109.49248434647578,"[30.70173971, 32.70496857986549, 34.492691086543104]","[10.325133120934733, 12.132532475070645, 13.976065191887436, 23.97587441337065]",75.72078482315716
434,credible,True,1.5740187840017272,0.18484827953920085,0.4589112339019697,31.657891185941818,2.9209011255430184,235,16,9,7,"[33.2727718999674, 34.32208933922245, 35.818592644999995]","[10.0, 10.558255095311397, 11.722572730556902, 14.657665601219824]",73.91840075363044,"[30.72266034328655, 32.9729787859744, 35.818592644999995]","[12.280605416457657, 14.121532830442995, 16.976259886505794, 21.458307374338464]",36.686610326731
435,credible,True,1.6555309975067556,0.2300816792172334,0.3601016859006517,31.668721073920892,2.858565857325354,235,16,9,7,"[28.71709879, 33.956164412104854, 35.913889964999996]","[10.0, 10.0, 11.57356354790905, 15.76334224602938]",107.59269738363159,"[30.90865332054825, 33.65284250835015, 35.913889964999996]","[10.56127922674463, 13.252046788948206, 15.84995333335395, 24.742088933322364]",43.47722006391367
436,credible,True,1.5115808353819062,0.36553638814336403,0.3889058257959815,31.89367767967072,3.084390491334749,235,16,9,7,"[33.3642043449261, 34.35003519704645, 36.270103745]","[10.0, 10.146079478827088, 12.102357741797118, 20.65207718029941]",203.10025340374014,"[31.45196235277445, 32.51452469125215, 33.080608131774056]","[10.0, 11.349020492170737, 12.17743200489862, 23.500449434480988]",186.65294109967635
437,credible,True,1.352017198062498,0.2765793545338917,0.4754208502655063,32.04267775137145,3.0198217641076486,235,16,9,7,"[31.0253201733632, 34.824950689999994, 36.855547055]","[10.0, 10.0, 10.680481948646618, 14.338342093130958]",156.1290618402583,"[31.3238292242182, 33.48942369335015, 36.153890895]","[10.0, 12.217954940362668, 15.617764529515815, 21.08306996831608]",60.18360297387363
438,credible,True,1.9697223675849447,0.14765238012700038,0.2600784725158147,31.79727875115212,3.2812455512845085,235,16,9,7,"[31.5975026520864, 33.88126596800585, 36.43617476]","[10.0, 11.015692674850362, 12.250571395548356, 14.96342946555747]",42.7897524783651,"[31.0253201733632, 33.5885526, 36.43617476]","[12.08467175824072, 13.603048439501924, 15.298848164621456, 22.977198221583297]",28.090422874784778
439,credible,True,1.7587928636048313,0.16506386444656795,0.35365818356944034,31.773215062969197,2.830726275607791,235,16,9,7,"[32.80167838862475, 33.7506869827379, 35.689195755]","[10.0, 10.427684205247003, 11.478432213487926, 14.568060356212131]",60.74238141194806,"[30.7981037518733, 33.6163850333305, 35.689195755]","[11.712387852001301, 13.872794081845088, 15.529629504603271, 20.566143226517653]",30.531306578241093
440,credible,True,1.9181811292193878,0.18968115541592753,0.310201527159519,32.3293002902457,3.142498973801781,235,16,9,7,"[32.1814953133865, 34.2304863568548, 36.696902405]","[10.0, 11.482266848665315, 12.823084063039179, 16.769626626779004]",55.38807551248016,"[31.006016074999998, 33.6163850333305, 36.379591695]","[12.116367246014628, 14.338204727352796, 16.49073619631231, 22.90014664116118]",42.696711904324346
441,credible,True,1.0926484973584696,0.32889847291008106,0.5966053180886617,31.327674564210497,2.6187891399453336,235,16,9,7,"[30.521331102512548, 33.75437025555455, 35.3033617940727]","[10.0, 10.0, 10.178144934155963, 16.92820243494332]",184.71292359123916,"[30.68221255328655, 32.18924892207405, 33.332582615]","[10.0, 12.106694343253661, 14.014424584762533, 23.392841030819124]",89.20044542810797
442,credible,True,1.7974106109131853,0.23542497080205418,0.31453279411862306,31.709198445608322,2.926874344102765,235,16,9,7,"[32.84223616, 34.277450647824, 35.689195755]","[10.0, 11.198505513583862, 12.760995031075213, 16.96949459813792]",82.21084304124625,"[30.72266034328655, 32.84223616, 35.2208681140727]","[10.915392404655883, 12.894265313659224, 15.60895994845101, 21.928936940536413]",44.250046572160734
443,credible,True,1.3606282096026105,0.4202995375853451,0.47697306783868754,31.828273351229136,3.126204880351554,235,16,9,7,"[33.4243392690151, 34.82428092, 36.32668681]","[10.0, 10.410601421321738, 13.686243303833603, 20.628346376000625]",211.26919860238144,"[31.10374034281495, 31.6993715345789, 32.240660877037755]","[10.0, 10.841885924265515, 11.587135450827754, 23.174073397126648]",237.9364697539007
444,credible,True,1.740480601362239,0.2878048430381798,0.3607154717526587,32.05403156395447,2.919386006307316,235,16,9,7,"[32.88265373593305, 34.32208933922245, 36.32668681]","[10.0, 11.197709117098656, 13.331108015854932, 20.853647635347027]",109.24040626054821,"[29.97147683, 31.50660346546065, 33.2076677349674]","[10.04408265914191, 11.676362488502397, 13.97497817732904, 23.86182363613088]",118.87503492529648
445,credible,True,1.4326746126893326,0.35296125040797854,0.5188639911534894,31.958472467604253,3.123414464184546,235,16,9,7,"[33.4243392690151, 34.3202115368548, 35.913889964999996]","[10.0, 10.912006438488659, 12.934231131906778, 21.679041402585053]",191.04241295429927,"[29.652620804999998, 30.7981037518733, 32.146672769999995]","[10.0, 11.295905496135418, 13.232063259703372, 23.934047057442765]",281.86791548479073
446,credible,True,1.6351765912244824,0.3027622928227106,0.42199188619698,31.952001957179668,3.126149525073874,235,16,9,7,"[33.028798761774055, 34.2304863568548, 36.226429295]","[10.0, 11.081614387113188, 13.111244374373952, 20.348784256360045]",133.0766311361589,"[29.54245914524325, 30.7981037518733, 32.788220758624746]","[10.100219898847978, 11.373808047381615, 13.798731560936073, 24.538436117127794]",166.0959374537976
447,credible,True,1.9033481477260448,0.23735257643477256,0.3448846064481694,31.58277198953789,2.926249997450254,235,16,9,7,"[31.0253201733632, 32.7794053198655, 35.43452652765335]","[10.0, 11.582793187794433, 13.490085298844427, 19.97957904804274]",59.83043734618161,"[29.26078585201715, 30.70173971, 31.66284253]","[11.73647310522897, 13.247433279900617, 14.300137347368715, 22.73975727640602]",103.9385428657483
448,credible,True,1.6094250774879433,0.24030671907641174,0.4199980800144675,31.688955638373002,2.998934753107954,235,16,9,7,"[33.2720211849674, 34.42010653732065, 35.818592644999995]","[10.0, 10.813339263064943, 12.244162963935354, 16.26463043960257]",86.23068949828304,"[30.2989175471691, 32.80167838862475, 35.818592644999995]","[11.027417086588732, 13.346867971761597, 17.16878416832165, 23.157128888882266]",38.536477775198854
449,credible,True,1.649570256375056,0.32955191662523875,0.31279024913783204,31.896219368033403,2.9143264900139645,235,16,9,7,"[33.71727917055455, 34.3202115368548, 35.43452652765335]","[10.0, 10.372446462220417, 11.60961624569842, 18.223213760855145]",141.43557076740575,"[31.84840334540425, 33.6163850333305, 35.43452652765335]","[10.0, 12.247922259656082, 14.961568387001808, 23.910046094952218]",68.03652398637172
450,credible,True,1.8287453180665145,0.28821081644223717,0.32348193542569625,31.73145582683429,2.825415552575948,235,16,9,7,"[32.38715388355615, 34.277450647824, 36.32668681]","[10.0, 12.077490525603118, 14.603977362716668, 20.764594243004424]",87.32613565116455,"[29.58754444640705, 30.90865332054825, 32.4464685187638]","[10.034128151885065, 11.411392059471618, 13.524400777310875, 22.344623423083558]",101.51702713362828
451,credible,True,1.4668319721194938,0.1719751529967362,0.4333435580919833,31.709170410366493,2.5467999153479317,235,16,9,7,"[29.46600999140705, 31.8918976429447, 35.57383664765335]","[10.0, 10.0, 10.0, 13.06026994639681]",115.46944915025342,"[30.6746588676868, 32.80167838862475, 34.88825722]","[10.302830251535873, 11.926262901015392, 13.549980598205194, 18.580247611120964]",24.1124896173927
452,credible,True,1.7505952961353397,0.2149816729821028,0.3549160037567581,31.859096581521996,2.8051997191666773,235,16,9,7,"[32.820957092868454, 34.22124242450115, 36.32668681]","[10.0, 10.9905310703222, 12.634544514661469, 15.74816319932329]",74.16110510852391,"[30.85879222242155, 33.6163850333305, 36.116941345]","[11.429317732600994, 14.070312255295775, 16.848250143629052, 21.975577118657856]",36.88869924398201
453,credible,True,1.7213896076219986,0.2329145546448815,0.3578486673382381,31.672514892482663,3.1051238552055596,235,16,9,7,"[33.06560747004135, 34.22124242450115, 35.784493075]","[10.0, 10.833149385790186, 12.042972116331905, 17.33101584177693]",94.54132893618547,"[30.79587317513085, 33.4651615552023, 35.784493075]","[11.228443300525932, 13.778153916616604, 16.1408486735606, 24.960086876632467]",55.518720632993215
454,credible,True,2.025033162531889,0.19589809937597397,0.2312575788611873,31.70571759761957,2.607675826260184,235,16,9,7,"[31.59542261169325, 33.6163850333305, 35.46054748]","[10.0, 11.753985057047164, 13.304395663348929, 17.986144330502206]",59.8695999128019,"[30.3338417815045, 32.6389535319354, 35.46054748]","[11.14384489942357, 13.289288691479243, 16.133160626161956, 23.727920075127088]",36.94601931423196
455,credible,True,1.2721874683796444,0.3760838415822816,0.4741086116354205,31.810728410868677,2.7973616878467142,235,16,9,7,"[29.716817785, 34.392796086077254, 35.614437525]","[10.0, 10.0, 11.380078307017062, 18.494506625510862]",213.90623667341703,"[31.68678315, 32.3549828705588, 32.84223616]","[10.0, 10.866929046404321, 11.428084433724202, 24.986985729486037]",173.76098718362783
456,credible,True,1.492121496893223,0.287183039554334,0.45864641561679104,31.861672024933334,2.8710444339636263,235,16,9,7,"[33.5885526, 34.258432214678805, 35.5839735271325]","[10.0, 10.466654524441632, 11.869732556283008, 17.42589574221396]",134.96664042018637,"[30.66624308199585, 32.18924892207405, 33.71727917055455]","[10.598553629045275, 12.407773435686206, 14.112728088457397, 24.743894113422375]",105.42182125218733
457,credible,True,1.7104198346506585,0.16478848529630674,0.324368106055804,31.747305837146634,2.9625978485350357,235,16,9,7,"[28.785614366379498, 34.61160266232065, 36.39922521]","[10.0, 10.0, 10.795563980374792, 13.201233260299501]",87.92073997687638,"[30.747092875, 33.59095144055455, 35.991388560000004]","[10.515244528204958, 12.320511213587679, 14.043718382224261, 17.173202117344324]",28.993324786740292
458,credible,True,1.904863069661365,0.14809242131942388,0.3100976934338755,31.912284893850707,2.9319948974315957,235,16,9,7,"[31.7233121545789, 33.89068140282, 35.78833718]","[10.0, 11.119145023959872, 12.421156012951755, 15.646446604094011]",46.67316958631393,"[30.81094419513085, 33.61878387388505, 35.55795257478585]","[12.346778448745493, 14.298233370598332, 15.643681518240903, 21.15630325190294]",40.48119625528136
459,credible,True,1.8720689337321779,0.22943168493718258,0.33982395160458806,32.01035867505981,3.1585737364586945,235,16,9,7,"[31.642877214578903, 32.89893226593305, 35.02655091]","[10.0, 10.808815470338287, 12.29959108716146, 18.794573540521196]",95.57830507464999,"[30.712302796873303, 32.54021816248835, 33.61575142335015]","[12.266698719378569, 14.1346621827231, 15.244194831640169, 24.75782739153637]",107.10689915939602
460,credible,True,1.7038966458649383,0.2951734584256413,0.43430840632156664,31.832827006587223,3.229769671851516,235,16,9,7,"[32.18924892207405, 33.86868099210485, 35.661028654999996]","[10.0, 11.588850383280182, 14.090408071206648, 23.47451722864999]",128.78942164175686,"[29.20214229677795, 30.536487856629748, 31.601903731978553]","[11.053366369624422, 12.59757987458229, 13.577396385486136, 23.499327387282953]",232.7708399277737
461,credible,True,1.709234481498126,0.36863055772564574,0.31819503055022724,32.01733479844681,3.1815453092749584,235,16,9,7,"[33.6163850333305, 34.722222224999996, 36.999319045]","[10.0, 11.451434451584714, 14.20979898083644, 22.005594315589978]",147.69574861140254,"[28.274426294999998, 30.7309928534174, 32.008569118137004]","[10.0, 10.0, 10.982388743172287, 24.81048162800753]",201.13399764015338
462,credible,True,1.5267009638930529,0.32290891259064275,0.41304559888794884,31.875591885538952,2.9908691874875815,235,16,9,7,"[33.80869648270895, 34.50887419732065, 36.067052364999995]","[10.0, 10.815317025262921, 12.23795256698075, 17.885099426799915]",143.7724983044242,"[30.7981037518733, 32.14410497, 33.85248154497105]","[10.0, 11.551801446124156, 13.428441486334634, 24.476137438836602]",97.30230813580339
463,credible,True,1.726279003085054,0.27250075394006884,0.3803646417427988,31.9218632139771,3.3454942820203026,235,16,9,7,"[32.817956918624745, 34.392796086077254, 36.43617476]","[10.0, 11.255931253571674, 12.937421700601746, 20.162740802850543]",105.0147574403055,"[29.26591345677795, 30.96463170281495, 33.35454504804695]","[10.330846436373397, 11.682799227479908, 14.387909534686484, 23.645419282839296]",120.77915609361531
464,credible,True,1.0030767979628261,0.3279551508554175,0.5323964504471741,31.68808754594296,2.6612814882331763,235,16,9,7,"[29.749820315464298, 32.0931884444288, 35.23874368]","[10.0, 10.0, 10.0, 13.952275087476462]",240.01704303419731,"[32.854151861746146, 33.99974703784895, 35.23874368]","[10.0, 11.483681370882382, 13.30128586562625, 22.447138501989908]",81.76700327834543
465,credible,True,1.2399271901047333,0.3918677520452426,0.581858170343868,31.781936439703994,3.312564316337532,235,16,9,7,"[30.2646582128532, 33.85248154497105, 35.55795257478585]","[10.0, 10.0, 11.238618806236758, 18.49298508651803]",238.25486430833968,"[29.96721196103325, 30.6857702387093, 31.95259136745955]","[10.0, 10.733564894380338, 12.26733499719605, 23.809181150782397]",304.25244605713976
466,credible,True,1.8094757614836745,0.23496377791681883,0.3325972150278852,32.13490024976085,3.185607421168102,235,16,9,7,"[32.891888733121405, 34.411814519222446, 36.32668681]","[10.0, 11.229459852702197, 12.58401447728108, 18.806841228996092]",85.14485305986662,"[30.70173971, 32.687192545, 35.5839735271325]","[11.217840633459959, 12.95437018733712, 16.000935764833695, 24.629227077520785]",62.19176711754858
467,credible,True,1.3159423435228303,0.3664755320675407,0.5255136969917897,31.61135706133278,2.9594198056123093,235,16,9,7,"[28.5703708870288, 33.86868099210485, 36.09730783]","[10.0, 10.0, 12.22969187964906, 20.02202053000466]",198.22660810158584,"[30.2989175471691, 31.0253201733632, 32.566909555448945]","[10.0, 10.782739557170213, 13.223211762553264, 23.90065377937016]",201.3906910919803
468,credible,True,1.8039897318304163,0.2525745868564667,0.3024197001069859,31.796349693248537,3.1225826661697784,235,16,9,7,"[33.035066021815396, 34.3202115368548, 35.5839735271325]","[10.0, 11.083347865079464, 12.284619856935597, 18.137685702186563]",107.85558566374706,"[30.6453224487093, 32.3549828705588, 34.411814519222446]","[10.60400981336482, 12.13364249681336, 14.29118845252815, 23.17868553699731]",78.61110025841501
469,credible,True,1.9722042703560154,0.053000023425995677,0.29626185257420107,31.80462992680711,2.7556988102827114,235,16,9,7,"[30.0681944749674, 31.8879833079447, 34.70603911422245]","[10.418706344102866, 10.723653651386172, 11.274060156318644, 12.042271705257136]",14.032609701095314,"[30.79587317513085, 33.61878387388505, 35.78833718]","[13.433433541682435, 14.190311778749438, 14.830888681428124, 15.916499327321558]",11.353141179602261
470,credible,True,1.8503334894666315,0.28296638559363535,0.3354198564021038,31.51792514787263,2.876238622005936,235,16,9,7,"[31.84840334540425, 33.6521916860684, 35.07972461]","[10.0, 12.050114525343467, 13.87978364698336, 21.445612101009207]",114.66911049805239,"[29.9478781980224, 31.48284534932605, 32.86919610593305]","[11.17411322886, 12.962166686041122, 14.962210630543385, 23.4590121191602]",143.94743729234986
471,credible,True,1.6343951566917805,0.18569711190118732,0.4104257599719359,31.86940653353704,2.864813363524072,235,16,9,7,"[33.61575142335015, 34.722222224999996, 35.65718455]","[10.0, 10.627659088816825, 11.493715862704876, 14.510371568883443]",75.56404502080562,"[30.8565616456791, 33.61575142335015, 35.65718455]","[11.535188249328904, 13.887471320324787, 16.032647139350825, 20.262230953253848]",33.60975202697318
472,credible,True,1.672497621136013,0.2096980529680773,0.3473405714260227,31.679173394505057,2.705897714448759,235,16,9,7,"[33.21173465295685, 33.85248154497105, 35.46054748]","[10.0, 10.150503084298746, 11.091737305149687, 15.370708864491844]",103.61064408688081,"[30.7981037518733, 33.375579955911, 35.46054748]","[10.412560368202731, 12.863764122301685, 14.700322155556478, 20.39744907050309]",44.387014595551065
473,credible,True,1.2965111921005108,0.1299805631914309,0.4149071514353396,31.787429168207353,2.809170962952638,235,16,9,7,"[29.32178088201715, 30.406106735, 33.71727917055455]","[10.0, 10.0, 10.0, 10.0]",181.11619283506394,"[33.71727917055455, 34.4089791968548, 35.689195755]","[10.0, 10.180868682020348, 10.854250434270773, 12.78809940269713]",33.24835487899472
474,credible,True,1.5701125441343595,0.33033391859328637,0.4229185242129331,31.681406302054416,2.715380287258495,235,16,9,7,"[33.0606690944397, 34.132350962824006, 35.57383664765335]","[10.0, 11.28128630620084, 13.185621602605277, 21.4596784475799]",127.83917128505617,"[30.231074160082798, 31.50660346546065, 33.26747845]","[10.057452137090467, 11.652333279389557, 14.489631920324339, 24.088751315673324]",113.74077925546759
475,credible,True,1.8076426105885035,0.21278895270615308,0.3325791340140427,31.77143688565679,2.8423326586847066,235,16,9,7,"[32.46810561226445, 33.6163850333305, 35.10594088]","[10.0, 10.864633802157678, 11.85844740905566, 16.98742115062899]",88.93883922068345,"[30.6746588676868, 32.62426456248835, 34.3202115368548]","[11.49540853344713, 13.291014229106706, 15.029204970277947, 22.24620888514685]",73.86432321674127
476,credible,True,1.7111815853079304,0.15836553702306974,0.3878790105161311,31.627968335977787,2.6608548325691577,235,16,9,7,"[32.7794053198655, 33.91226361784895, 35.442671914072704]","[10.0, 10.778112494591666, 11.533827796269959, 14.837668124231268]",61.71641807101285,"[30.3017749204332, 32.2234017078153, 34.722222224999996]","[11.847181967690211, 13.284540932533664, 15.074790127170688, 20.494965595114966]",33.42759966559001
477,credible,True,1.8227108341619092,0.1745980734433173,0.3324265572189945,32.13787239200859,3.057373852242262,235,16,9,7,"[32.70331563206055, 34.411814519222446, 36.70164185]","[10.0, 10.881497887042467, 12.151612756978807, 14.771233296349692]",59.00817752519512,"[30.739539189400247, 33.2720211849674, 36.067052364999995]","[11.68879307929699, 13.51102758266089, 15.655635259828138, 20.287701704238057]",40.25697555751436
478,credible,True,1.9081807658258894,0.21893703816010393,0.3294784172388007,32.083147389836384,3.3994905827991055,235,16,9,7,"[31.4807653089329, 33.61575142335015, 36.738591400000004]","[10.0, 11.305338731603921, 13.321445747066644, 19.063194336023226]",73.63334502309229,"[30.70173971, 32.7777186169354, 35.00033464]","[12.541898203184326, 14.29128284414712, 16.69843371325841, 24.901884467164205]",75.82800362127097
479,credible,True,1.255836997544523,0.13847174309586693,0.563984229807623,31.63329849312763,2.4868737538226204,235,16,9,7,"[29.890541785, 33.2390362786214, 35.43452652765335]","[10.0, 10.0, 10.0, 11.288543882911362]",124.29075562510775,"[30.712302796873303, 32.64566470031445, 35.43452652765335]","[11.362203519276148, 12.666310811278052, 14.619519903484841, 17.834597475684717]",22.68794203239
480,credible,True,1.7824620208094748,0.1568166804013347,0.3443377349283256,31.754475101007706,2.7183137277386105,235,16,9,7,"[32.82264379579855, 34.3202115368548, 35.689195755]","[10.0, 10.995745671788093, 11.961002689874277, 14.508489472759726]",52.57742372159216,"[30.7981037518733, 32.82264379579855, 35.1414781440727]","[11.842083802396937, 13.241461982263509, 15.031955631607898, 19.400649740116197]",24.140198388975698
481,credible,True,1.9255701461171353,0.18887842132173444,0.27973428251543664,31.723358367349732,2.893083765991783,235,16,9,7,"[31.956505702459552, 33.8470987770759, 35.78833718]","[10.0, 11.267712818003162, 12.975311789770936, 16.40831176357393]",55.00761422673118,"[30.7981037518733, 33.61575142335015, 35.78833718]","[11.698605995952903, 14.127001772411411, 16.33468986205113, 21.968195532365712]",31.055652801713688
482,credible,True,1.8969192066480232,0.20501839603580735,0.35955483580296765,32.16645549560181,3.36292198533245,235,16,9,7,"[31.15692568281495, 33.59095144055455, 36.696902405]","[10.0, 11.622707421214937, 13.597627240408316, 17.83875024478675]",66.72682682716682,"[30.747092875, 33.402089945911, 35.1705589940727]","[13.244076498996098, 15.653518475708482, 17.38526264549676, 23.877747347521087]",71.09745263611845
483,credible,True,1.425329301947247,0.3493453911436904,0.5072114671688546,31.73405664368123,2.858587849120769,235,16,9,7,"[33.27154536798945, 33.91226361784895, 35.07972461]","[10.0, 10.800733774187277, 11.805269060493407, 23.466216303608878]",185.45091212682755,"[29.8481088598329, 30.66624308199585, 31.95259136745955]","[10.0, 10.977175631873948, 12.645443597720256, 23.790588295405442]",275.75895931337897
484,credible,True,1.7838189161261222,0.19550631854060704,0.4017683391376138,31.795012520339164,2.974785743294999,235,16,9,7,"[31.601903731978553, 33.4900573033305, 35.971755044999995]","[10.0, 11.32809735096816, 12.823215875047806, 16.85779562584773]",66.21035570940384,"[30.69418602440025, 32.9081672631214, 35.50713861]","[13.202122485145106, 15.263271571928119, 17.762035712534082, 23.569873358214004]",58.84836858865432
485,credible,True,1.8203694993992654,0.22062819861247368,0.35090467202355186,31.752189515286116,3.1771746070823825,235,16,9,7,"[32.09129040207405, 33.824895929842754, 35.689195755]","[10.0, 11.249375791391302, 12.86701660053752, 19.26389199577443]",76.73685432983831,"[29.26078585201715, 30.8565616456791, 33.75308582329245]","[11.131015037559912, 12.2252715618737, 14.976042019237015, 23.896657865148658]",75.81015919913828
486,credible,True,1.2792931884015364,0.4397330218675313,0.49058907269525154,31.958680965514766,2.9050823850611214,235,16,9,7,"[29.720750905, 34.277450647824, 36.067052364999995]","[10.0, 10.0, 12.366128208836033, 24.47208788215331]",249.47479417383832,"[31.247618505, 31.8879833079447, 32.542167035]","[10.0, 10.206839815361398, 11.48192253648223, 23.672556088294737]",291.70120891814565
487,credible,True,1.5595905971251702,0.14952051041083717,0.4477276603909628,31.669494644143636,2.7060780558366906,235,16,9,7,"[30.68221255328655, 34.1751118518548, 35.5985534521325]","[10.0, 10.0, 10.728767197749358, 13.38509183390706]",81.05624451275595,"[30.97200247, 33.329890218046955, 35.5985534521325]","[11.99126222085539, 13.769550823632928, 15.535773155201706, 19.24434836795698]",31.95720803249646
488,credible,True,1.4535691824237835,0.1431823921110875,0.5259271096489393,31.61192059544761,3.0426757848286505,235,16,9,7,"[30.521331102512548, 34.01253445026795, 35.756325974999996]","[10.0, 10.0, 10.674679348355413, 12.652432673894864]",77.94727450939305,"[30.802611685000002, 33.5666893024067, 35.756325974999996]","[12.886708867907714, 14.732925623703892, 16.392332522411277, 20.29529420207238]",34.021858385004094
489,credible,True,1.8677900476657352,0.12854441272512102,0.3715538032921182,31.969408603227425,2.975782169714239,235,16,9,7,"[30.5924608559611, 32.93975158, 35.756325974999996]","[10.003735076174658, 11.049863915991263, 12.313065769308047, 14.782988791092802]",34.587764215936026,"[30.70173971, 32.84223616, 35.43452652765335]","[13.726845940932296, 15.023294197552117, 16.692840405285068, 20.10416239529531]",31.812505667158234
490,credible,True,1.6869368041918948,0.2042356852559711,0.3412662776126283,31.827940972639087,3.0921943418316844,235,16,9,7,"[33.39248082804695, 34.277450647824, 35.78833718]","[10.0, 10.1029386076703, 11.101326333314642, 14.206395523564238]",108.11868279690533,"[30.7981037518733, 33.06560747004135, 34.930506245000004]","[10.514608933504348, 12.226211204403354, 13.843983684304513, 21.1438891312378]",55.75139819477356
491,credible,True,2.0724894860474623,0.05708181902928069,0.2513988923687022,31.378028711787366,2.993361755215945,235,16,9,7,"[30.2187791664552, 32.6192354769354, 35.3118606071325]","[10.915282331911087, 11.401478082891408, 11.95149520887073, 13.057953682411782]",14.248677836884932,"[29.9478781980224, 32.224071465460554, 35.3118606071325]","[13.383609869342354, 13.965369871597762, 14.769426396270877, 16.312392541553578]",9.863685482820497
492,credible,True,1.604667811689134,0.25425263418351574,0.3743824294482439,31.915015958016514,3.051608128134756,235,16,9,7,"[33.6521916860684, 34.411814519222446, 36.09730783]","[10.0, 10.200967728147104, 11.455247342095028, 15.473781920039801]",126.83993238387315,"[30.89358230054825, 33.6521916860684, 36.09730783]","[10.151178059521824, 12.829693736853859, 15.518702859675992, 24.41687954942485]",56.64075479303001
493,credible,True,1.8791924571853982,0.23121846377544064,0.3110601775530277,31.79697484517887,3.012320095477593,235,16,9,7,"[31.872845715, 33.6181502639047, 35.65718455]","[10.0, 11.148292276854972, 13.209382373791076, 20.635438811840203]",93.15733608098421,"[29.525661425178548, 30.98707349, 33.86868099210485]","[10.767763127347662, 11.925761149869262, 14.678919761212839, 24.604514557090674]",94.12519962237768
494,credible,True,1.8788396050374883,0.20562868317025104,0.31723432581049044,31.74391833442829,2.9391757401270984,235,16,9,7,"[31.84840334540425, 33.7752886705256, 36.379591695]","[10.0, 11.399092426587082, 13.05137910517604, 19.59901697444938]",56.843490618794846,"[29.34081583, 31.4807653089329, 33.86868099210485]","[10.951137410651903, 12.678175722838311, 14.878175809863235, 23.645302214758726]",50.85156316245979
495,credible,True,1.6935560118160764,0.1817824196465465,0.40743779037042016,31.979440692763387,3.1216790494944506,235,16,9,7,"[32.96671152593305, 34.40108810417545, 36.43617476]","[10.0, 10.683632551880002, 12.05233518041169, 14.655276031608707]",63.204003293962145,"[30.84796485, 33.5885526, 36.43617476]","[12.25456418255173, 14.40576629874848, 17.11211410861655, 22.6874032316117]",33.99686852808806
496,credible,True,1.7629563825224146,0.17587503155322087,0.36460337645294,31.983782372743562,3.018558321907109,235,16,9,7,"[32.89893226593305, 34.411814519222446, 36.32668681]","[10.0, 10.89969499819595, 12.129339042102588, 15.54174824981655]",64.87622650927202,"[30.79587317513085, 33.6163850333305, 36.32668681]","[11.891206269571942, 14.058191357136684, 16.302119448087463, 22.134473413690465]",38.89727713327484
497,credible,True,1.5488430439759218,0.1838956353447853,0.4302925919697252,31.653710258807795,2.5369349891717374,235,16,9,7,"[29.35954207201715, 33.8470987770759, 34.824950689999994]","[10.0, 10.0, 10.503898088573115, 14.498029993331025]",100.83958067655028,"[30.75052001013085, 33.1306627597635, 34.824950689999994]","[11.127931956192409, 13.283326090817566, 14.889908467664572, 21.088011429747667]",39.8374270674753
498,credible,True,1.9472523536758808,0.16539750379260942,0.3046217696775671,32.100667031148625,2.745020042819962,235,16,9,7,"[31.50660346546065, 33.61575142335015, 35.991388560000004]","[10.0, 11.482789665456812, 12.854036055366846, 16.360812671061353]",51.66600400614651,"[30.90865332054825, 33.61575142335015, 35.991388560000004]","[12.495014709889963, 14.742831755254326, 16.620318314585074, 23.58933287690771]",42.69772703778065
499,credible,True,1.6548002845761267,0.32189333858772956,0.3777177379767403,31.785349257291195,2.9042281572978794,235,16,9,7,"[33.1577184559062, 34.24026085764635, 35.913889964999996]","[10.0, 11.227892485350708, 13.620029449346688, 19.964621756462805]",136.31066234370604,"[30.3338417815045, 31.8879833079447, 33.10621120439835]","[10.0, 11.928402104499844, 13.757472156192925, 21.87039024157788]",131.5317138457349
