seed,fold,model,nll,success,brier_12,brier_14,brier_16,brier_18,brier_20,mean_brier
20252904,0,bmi_only,0.6145924220652972,True,0.2327528914649939,0.09525566887692472,0.07214343419932608,0.05674166082752375,0.05691757858436951,0.10276224679062758
20252904,0,bmi_age_height,0.6100401062448549,True,0.22976609979327073,0.09432774895387541,0.07082183214165809,0.05623139094827381,0.05653846552343202,0.10153710747210201
20252904,0,bmi_full,0.6021312837992788,True,0.22784745112034563,0.09327039629788371,0.07078489255609759,0.05633579189544392,0.05670981654146319,0.1009896696822468
20252904,0,weight_height_full,0.6006493720668025,True,0.22621994116864513,0.09241990509018475,0.07018187786009038,0.05612542609151136,0.056557321293167664,0.10030089430071987
20252904,1,bmi_only,0.7692638140589045,True,0.29477784991237227,0.06202254312324154,0.05692074962155018,0.03518556794029699,0.0349391321838747,0.09676916855626713
20252904,1,bmi_age_height,0.7859339247355296,True,0.30426619501501256,0.059287458468307234,0.054588118355835165,0.03461040807930107,0.03464560191582931,0.09747955636685707
20252904,1,bmi_full,0.7977948105920362,True,0.3170743067137582,0.06068895263845155,0.055238398165419346,0.03618069803937849,0.03589254563101552,0.10101498023760462
20252904,1,weight_height_full,0.7958949695128692,True,0.315813960395962,0.059975671692656406,0.05472434256838622,0.03591153028028386,0.035696896661630645,0.10042448031978382
20252904,2,bmi_only,0.6030574700841826,True,0.2812474768775634,0.07677271508637763,0.05687235101965097,0.004682276700436784,0.002343842444472999,0.08438373242570037
20252904,2,bmi_age_height,0.6151951824996078,True,0.28942083308243616,0.08080166393606186,0.059740476731772636,0.00506794084681015,0.002537381783538069,0.08751365927612378
20252904,2,bmi_full,0.614022638306716,True,0.28701115066272004,0.08152785257816199,0.060871283602486476,0.00579541760586155,0.0029536063835255725,0.08763186216655112
20252904,2,weight_height_full,0.6134434087197969,True,0.28830015096746164,0.08184705320036911,0.061098257286557225,0.006061134649481713,0.0031256903048161775,0.08808645728173717
20252904,3,bmi_only,0.7835890932678687,True,0.40303173539154924,0.0909543054824779,0.06419765478057182,0.05683877650724884,0.03902389706360825,0.1308092738450912
20252904,3,bmi_age_height,0.7864531175289536,True,0.4061966641271576,0.09161961916579378,0.06463893869966066,0.057138083219495574,0.0390595551288097,0.13173057206818345
20252904,3,bmi_full,1.1517710516574815,True,0.4241994748053793,0.09720857686499061,0.06812417145019961,0.05924510251657396,0.03917484668076957,0.1375904344635826
20252904,3,weight_height_full,1.1918864890252785,True,0.4218205406224829,0.09704160510887465,0.06799308993445095,0.059354211045996995,0.039247832294121425,0.1370914558011854
20252904,4,bmi_only,0.6656568419420865,True,0.23764001092309694,0.11779567393910481,0.11106947842761888,0.02412042089228333,0.00226506499583314,0.09857812983558742
20252904,4,bmi_age_height,0.6716394519552956,True,0.23931891863327126,0.11899901624515985,0.11172397216652491,0.023750298998953617,0.0022780889521473407,0.09921405899921139
20252904,4,bmi_full,0.6695806201162968,True,0.2399362047190642,0.11864131149827196,0.1109671994917337,0.02363135089310267,0.0021603332098491666,0.09906727996240433
20252904,4,weight_height_full,0.6685266907295377,True,0.23919069404273738,0.11851644867200706,0.11086429831639587,0.023668061126948314,0.002114976598725863,0.0988708957513629
20252905,0,bmi_only,0.5965852292204202,True,0.22883693955159537,0.07829244659263605,0.07099532840753599,0.022982879670327354,0.002850218909699188,0.08079156262635878
20252905,0,bmi_age_height,0.5951748808260734,True,0.22602154922797446,0.07803577214523719,0.0707294210880784,0.02281710277637803,0.0028415473549316785,0.08008907851851996
20252905,0,bmi_full,0.9894236449056487,True,0.24685635550417656,0.08640518900015583,0.07573678602810377,0.026395310807338063,0.0033039089142139285,0.08773951005079764
20252905,0,weight_height_full,0.9669092637609922,True,0.24586852815447996,0.0860823657225539,0.07544083986316479,0.026428349666210348,0.0033196898401874155,0.08742795464931928
20252905,1,bmi_only,0.6655045852711365,True,0.2243567906352401,0.0855729891889445,0.0660144524569159,0.033680756624266124,0.033564725907961654,0.08863794296266567
20252905,1,bmi_age_height,0.6651643102587563,True,0.22446326709407932,0.08330852267979927,0.06380870960551185,0.031625593619453864,0.032067020348827566,0.08705462266953437
20252905,1,bmi_full,0.6922606067259965,True,0.245376016130213,0.09338750170866614,0.07042482168371554,0.03702064308761403,0.035859624319625534,0.09641372138596685
20252905,1,weight_height_full,0.6832031332280302,True,0.2417491849109727,0.09172382879563538,0.06931356956540272,0.03639837077554181,0.03543610401676162,0.09492421161286284
20252905,2,bmi_only,0.8533123496683702,True,0.34101714163643015,0.11511044090670038,0.09766612767410239,0.0947057041781923,0.07759346106726608,0.14521857509253827
20252905,2,bmi_age_height,0.8483036256393125,True,0.33484337338267794,0.11424517294758718,0.09615020917901379,0.09358709027819515,0.07700173887853035,0.14316551693320087
20252905,2,bmi_full,0.8483647898722604,True,0.33894599206339393,0.11415873026887062,0.0963344627210215,0.09382516226919946,0.07712984306529472,0.14407883807755603
20252905,2,weight_height_full,0.8503719515779704,True,0.3386609058714888,0.11348779515550522,0.0964826423657143,0.09394410215075004,0.07716749054023408,0.14394858721673848
20252905,3,bmi_only,0.5645853829491817,True,0.25287696643820834,0.051215729426124755,0.04383899238959769,0.005485954056228132,0.0028002022169339824,0.07124356890541858
20252905,3,bmi_age_height,0.5617926385026579,True,0.25352165975954083,0.050518951416190054,0.04298035522501847,0.005632069683132817,0.0028942839466621867,0.07110946400610887
20252905,3,bmi_full,0.5706174583110316,True,0.2616598417988141,0.051788754996908395,0.04313443788308187,0.00643762564248715,0.003392232641289557,0.07328257859251622
20252905,3,weight_height_full,0.5707288715036575,True,0.2618830571487293,0.052337344645434415,0.043466454175803464,0.0069039663451926385,0.0037013845700044424,0.07365844137703285
20252905,4,bmi_only,0.7777331187511735,True,0.41403050640034866,0.11707964542580017,0.083731000895149,0.02278719697141435,0.02077966436734241,0.1316816028120109
20252905,4,bmi_age_height,0.7873003577469544,True,0.4242724834584647,0.1162892702295685,0.08326579309738201,0.021815273245007018,0.020184326495646044,0.13316542930521363
20252905,4,bmi_full,0.7913694930320432,True,0.42110105720534263,0.1152009254127629,0.08418185524950529,0.022324177678756257,0.020480337664518483,0.13265767064217712
20252905,4,weight_height_full,0.7898368734426557,True,0.4197784168186755,0.11518127988016207,0.08412194854983408,0.022371080584652408,0.020512600407303978,0.1323930652481256
20252906,0,bmi_only,0.679015138962617,True,0.28948470918553865,0.10694669573870534,0.09308865841175867,0.006641563639170091,0.003925917355319931,0.10001750886609853
20252906,0,bmi_age_height,0.7254713917908066,True,0.31880088787364574,0.11392371128824688,0.09728951071081017,0.0070332761245395685,0.0039789714322800455,0.10820527148590449
20252906,0,bmi_full,0.721587098273522,True,0.3187293473637956,0.11399628196003224,0.09668348120677063,0.0072475457511123305,0.003993999833687123,0.10813013122307957
20252906,0,weight_height_full,0.7179038980645501,True,0.3192626817838253,0.11417888687738671,0.09671056567104076,0.007592994696234738,0.0042085392015192204,0.10839073364600134
20252906,1,bmi_only,0.8254556420818605,True,0.28430791196529137,0.10005916545415429,0.06547433126331388,0.05836634597622926,0.03966785795864717,0.10957512252352719
20252906,1,bmi_age_height,0.840498782931048,True,0.28754785882206096,0.10265545916665544,0.06710519485508117,0.059534232776060306,0.04036726256335589,0.11144200163664275
20252906,1,bmi_full,0.8771920346845008,True,0.2864940182147855,0.1096068101952168,0.0734126151247461,0.06342840471822545,0.04264494985726532,0.11511735962204783
20252906,1,weight_height_full,0.8767042774669003,True,0.2857173289373822,0.10954711119654298,0.0732714555865281,0.06349136820883095,0.04264803688740985,0.1149350601633388
20252906,2,bmi_only,0.5965631705707367,True,0.24918115743524685,0.07583873045325745,0.07074089413487392,0.021315738313380853,0.019436880891295253,0.08730268024561087
20252906,2,bmi_age_height,0.5923081026530569,True,0.24497765417413989,0.07401922193575187,0.06912572631155058,0.020927912220833,0.019168802495373224,0.0856438634275297
20252906,2,bmi_full,0.5883027388445216,True,0.2484478719216509,0.07276199912724915,0.06786594852917412,0.02086599494490162,0.019103610098026674,0.0858090849242005
20252906,2,weight_height_full,0.5865840064595854,True,0.24657711646562128,0.0722851800713916,0.06748653888287241,0.020886753288481948,0.01911497486475203,0.08527011271462386
20252906,3,bmi_only,0.7015102168264782,True,0.34427656731642886,0.07111345721546297,0.05987556144838981,0.05359296362278053,0.05451614030438529,0.1166749379814895
20252906,3,bmi_age_height,0.7142499998459156,True,0.3477490127631244,0.07238645968419898,0.059982523038397864,0.053626422116352324,0.05450720242581671,0.11765032400557807
20252906,3,bmi_full,0.707986285925594,True,0.3454436869611833,0.07217631848630518,0.06079595387169424,0.05433633611936812,0.05514558424367324,0.11757957593644482
20252906,3,weight_height_full,0.7076659426287764,True,0.34483761931163925,0.07146072370989826,0.060412625670096406,0.05409273382637104,0.05497431079777514,0.11715560266315603
20252906,4,bmi_only,0.6439001345128615,True,0.25451301663992776,0.09020066473287347,0.07155444494305978,0.03713216237346181,0.01836260067638097,0.09435257787314075
20252906,4,bmi_age_height,0.640106761931054,True,0.2540839915836358,0.08877662484018227,0.07008610090844018,0.03623033705539377,0.0179526714604824,0.09342594516962689
20252906,4,bmi_full,1.0748782414853213,True,0.28558499660533915,0.09902817579003642,0.0766506686708513,0.04049490857454949,0.019060088622740185,0.10416376765270333
20252906,4,weight_height_full,1.0410153777599194,True,0.2842908801720597,0.09858541995145674,0.07633720300603018,0.04025760040340181,0.01888713901590802,0.10367164850977131
20252907,0,bmi_only,0.6762220468321184,True,0.27783563598830097,0.09089789280077858,0.08700282636958344,0.0529686829673494,0.05449305582659017,0.11263961879052051
20252907,0,bmi_age_height,0.674564117760331,True,0.27694982241979094,0.09044486551433373,0.08659580097723503,0.052739602026368314,0.054323052127286525,0.1122106286130029
20252907,0,bmi_full,0.7005716458700041,True,0.288788542157029,0.09634583688089818,0.09072501983148296,0.05686316478965397,0.05723266683339389,0.11799104609849158
20252907,0,weight_height_full,0.6976125530126369,True,0.2872754296588329,0.09577661011262517,0.09017340995962382,0.05646980708015488,0.056958942396689895,0.11733083984158532
20252907,1,bmi_only,0.5748778827710802,True,0.25726819882931506,0.060023855354124404,0.03101552563491545,0.006987338796327137,0.0035381255737145343,0.07176660883767931
20252907,1,bmi_age_height,0.5853534616280579,True,0.2628163812251304,0.06279600715994975,0.03271977832562723,0.008098922130050503,0.004207234441962011,0.07412766465654398
20252907,1,bmi_full,0.6032537553614451,True,0.26513985793212835,0.06719959225882001,0.03569105453811069,0.01015511831881055,0.00548693623612007,0.07673451185679793
20252907,1,weight_height_full,0.6040486564904606,True,0.2650425534522578,0.06808372732998673,0.0363816666435583,0.010924386410905863,0.006011698061831096,0.07728880637970796
20252907,2,bmi_only,0.7059625958613143,True,0.32967720881512147,0.11058132389554527,0.09363205001834324,0.0411172200444382,0.020786458300680724,0.11915885221482576
20252907,2,bmi_age_height,0.7043666462123788,True,0.32766592770176184,0.11091972249386244,0.09368639287821207,0.04036111135211569,0.02044673290883206,0.11861597746695682
20252907,2,bmi_full,1.0816114705653053,True,0.3441382728398891,0.11435448996586728,0.09573235599012771,0.04214001925547089,0.020062804671497424,0.12328558854457047
20252907,2,weight_height_full,1.0760238034807412,True,0.34299867068532147,0.11376280409309926,0.09534559004097103,0.042140888753804444,0.020073846728167356,0.12286436006027271
20252907,3,bmi_only,0.8211013183348295,True,0.2993752048226121,0.09691598181738303,0.07817105188759459,0.05513320971294305,0.055739525941383226,0.11706699483638319
20252907,3,bmi_age_height,0.8351878594008176,True,0.3032776170529827,0.09829288735130524,0.07854911133016101,0.055119568155186496,0.05577776143466336,0.11820338906485976
20252907,3,bmi_full,0.8580285989534762,True,0.3221950001799283,0.10304160158013544,0.08011484201711118,0.05602666699337708,0.05620727826750141,0.12351707780761068
20252907,3,weight_height_full,0.8599072386160064,True,0.3220947197002069,0.10300897602814457,0.08005914331680142,0.05608947645336602,0.05625653912963479,0.12350177092563075
20252907,4,bmi_only,0.6459977137715632,True,0.24066549405779908,0.08829157833017302,0.07360671252560393,0.023274956717299306,0.0025398753813092585,0.08567572340243691
20252907,4,bmi_age_height,0.6498330309313429,True,0.2430920843256953,0.08908347410213514,0.07362160802217127,0.023404278431308264,0.002833957884207408,0.08640708055310348
20252907,4,bmi_full,0.6494250071525952,True,0.24107718548435955,0.08903920927071932,0.07267221958673008,0.02347323622514086,0.002787214070007836,0.08580981292739152
20252907,4,weight_height_full,0.6495887747025341,True,0.24075378521790197,0.08868428319887128,0.07234677670184027,0.023537515793399345,0.00275247084695913,0.0856149663517944
20252908,0,bmi_only,0.654654230886662,True,0.3048559311380984,0.09319252368887712,0.08886454189340769,0.005838506653277883,0.0029846337046238185,0.09914722741565699
20252908,0,bmi_age_height,0.6760580261210827,True,0.32850956236982876,0.09655772947648836,0.09109671762442413,0.005448411812521034,0.0027605535354414566,0.10487459496374074
20252908,0,bmi_full,0.7041554341314482,True,0.35430164720774837,0.10023188198080273,0.09241954363306294,0.007081693180484589,0.0037013158447151483,0.11154721636936275
20252908,0,weight_height_full,0.7026337238794312,True,0.35388401973149775,0.10035711560832675,0.09246857623290651,0.007410107100989622,0.0039058956622836263,0.11160514286720084
20252908,1,bmi_only,0.45510151452462855,True,0.2811850788449575,0.03912376795617966,0.00993901827120374,0.004582296614469526,0.0023779819420335704,0.06744162872576881
20252908,1,bmi_age_height,0.4516104976488963,True,0.2842736532761757,0.038737612976903014,0.009257957667617764,0.00419798771738453,0.002142508533312783,0.06772194403427877
20252908,1,bmi_full,0.4577227677869992,True,0.2882837722399781,0.03999601291052105,0.010647751461016817,0.0048778490819743215,0.0024781700480069006,0.06925671114829943
20252908,1,weight_height_full,0.45647245058729513,True,0.28721100688333134,0.039600299930631355,0.010566445824987664,0.004833023568572374,0.0024564390482130593,0.06893344305114715
20252908,2,bmi_only,0.7039977131765521,True,0.23055925729829752,0.09323237018903704,0.08988956962515009,0.038395308609250146,0.037457338380251545,0.09790676882039728
20252908,2,bmi_age_height,0.7039294666988132,True,0.23157918218479898,0.09315404973223357,0.08994953896933203,0.03835826329041195,0.037460257676088064,0.0981002583705729
20252908,2,bmi_full,0.7021528319094947,True,0.23229078902464936,0.09354873675189004,0.09059989862184764,0.03819323155943232,0.037370584892551996,0.09840064817007428
20252908,2,weight_height_full,0.7003331517108479,True,0.23156681290976305,0.09316281579030883,0.09039568335506035,0.0381101506874914,0.03733599701339288,0.09811429195120332
20252908,3,bmi_only,0.5267877489351397,True,0.1790048092457186,0.062302116008331104,0.0405763143457824,0.03587203151756437,0.018293121304355526,0.06720967848435039
20252908,3,bmi_age_height,0.5386771020454235,True,0.18411669866841796,0.06356342659258689,0.03997063664778908,0.03472361061459699,0.01791091823643665,0.06805705815196553
20252908,3,bmi_full,1.0247488061648116,True,0.21797245861194856,0.07375350955295595,0.04696759180335195,0.03930662771629664,0.018809472918967816,0.07936193212070418
20252908,3,weight_height_full,0.9632900608950661,True,0.21762472098966046,0.07345765533113123,0.04663326668458576,0.03903229991855946,0.018586207577152417,0.07906683010021787
20252908,4,bmi_only,1.1909913844002735,True,0.42863303422132054,0.1836965582679239,0.14608849062764864,0.10062879099237239,0.08021031775499744,0.1878514383728526
20252908,4,bmi_age_height,1.1844916569619333,True,0.4223559533596711,0.18149200558741643,0.1443177401731141,0.10017247586781637,0.08001892580163009,0.18567142015792965
20252908,4,bmi_full,1.208291912616239,True,0.424057182006373,0.18349820697786592,0.14508234707776257,0.10261611710432592,0.0815405234805726,0.18735887532938
20252908,4,weight_height_full,1.2101565070929237,True,0.4218803605692158,0.18262828138075976,0.14426073293248562,0.10262767832951124,0.08148460218980047,0.1865763310803546
20252909,0,bmi_only,0.7697071960818559,True,0.3099381642794002,0.1053156692378884,0.10432170034281375,0.05753343023312597,0.03976266450441403,0.12337432571952847
20252909,0,bmi_age_height,0.7755330250609404,True,0.31021127334968024,0.10689186498478113,0.10561572088375759,0.05815983522585351,0.03993565370758793,0.1241628696303321
20252909,0,bmi_full,1.1515921261278335,True,0.32054380283627426,0.1090186177375884,0.10629615167626084,0.05905627722228891,0.039569981023980676,0.12689696609927864
20252909,0,weight_height_full,1.159114893287308,True,0.32040107632521225,0.1082824958252987,0.1056226842354577,0.0590383994173169,0.039572934152371536,0.1265835179911314
20252909,1,bmi_only,0.6505781815601708,True,0.26115944194540697,0.09569899134145929,0.07297322956010006,0.03895226343189322,0.019227275369071924,0.0976022403295863
20252909,1,bmi_age_height,0.6546460640270841,True,0.262038284302893,0.09585658368352537,0.07263665415299253,0.0381735745501371,0.01894526177823759,0.09753007169355711
20252909,1,bmi_full,0.6462429616545956,True,0.2635193161696255,0.095718692458743,0.07231155576344993,0.03868866094835481,0.019455455446833782,0.09793873615740141
20252909,1,weight_height_full,0.6450918014663215,True,0.2626524825625781,0.09545698472589,0.07198172078249349,0.038502675394418595,0.019245678782874132,0.09756790844965087
20252909,2,bmi_only,0.5415936784752254,True,0.23973822872457598,0.05444302208979004,0.044446625330045675,0.00612675290758254,0.0031119422978977537,0.0695733142699784
20252909,2,bmi_age_height,0.5373210272379272,True,0.24219484739978883,0.054039885562228086,0.044453080121704146,0.006023089024862725,0.0030640696266003176,0.06995499434703681
20252909,2,bmi_full,0.5461675793259461,True,0.24248719681715564,0.056568716670278636,0.04592299020166372,0.00672615305114807,0.003453068165708049,0.07103162498119082
20252909,2,weight_height_full,0.54615736238538,True,0.2420990646473652,0.056953069905029685,0.046197238331551066,0.007015449126597803,0.003630912120811588,0.07117914682627106
20252909,3,bmi_only,0.6552243084594433,True,0.2795639278404765,0.08041928006039611,0.059565814631963365,0.03680230063537798,0.03656365972180113,0.09858299657800303
20252909,3,bmi_age_height,0.6520509970941045,True,0.2720464395596982,0.07856072917945146,0.05788892683746285,0.034887624325870815,0.035084436673497935,0.09569363131519625
20252909,3,bmi_full,0.663745017755022,True,0.28027483198220104,0.08353272227992584,0.06133035856761338,0.03755179101487715,0.0370090839578599,0.09993975756049546
20252909,3,weight_height_full,0.6605266102482198,True,0.2769053337608446,0.08284751887651323,0.06081429620419531,0.03742536693920411,0.036901657899621035,0.09897883473607565
20252909,4,bmi_only,0.8300056487045049,True,0.30938475174072216,0.10324794104545551,0.07737000823774741,0.03856138077700399,0.03716493054287428,0.11314580246876067
20252909,4,bmi_age_height,0.8677009848859453,True,0.3227217345983077,0.10758777310907534,0.07876176933657976,0.039605649119033096,0.03786948324462017,0.1173092818815232
20252909,4,bmi_full,0.9117342042336984,True,0.34190241888146955,0.10891745760782569,0.08024233063609897,0.03963568780514344,0.03779677156409364,0.12169893329892627
20252909,4,weight_height_full,0.9136837273307028,True,0.3430778033301083,0.10911856654441286,0.08044402680610943,0.03967168716905025,0.03783090660433658,0.12202859809080349
20252910,0,bmi_only,0.6906203912209415,True,0.241255380656227,0.0822165213142127,0.057575257386499636,0.039120904343003034,0.03696320505692063,0.09142625375137262
20252910,0,bmi_age_height,0.6964905097490423,True,0.24627726268441186,0.08346843165057027,0.05815787312435354,0.039000030814162666,0.036781609371577595,0.09273704152901519
20252910,0,bmi_full,0.7063088700313751,True,0.2510097797279609,0.09010330906520846,0.061173217518212725,0.0398740284692984,0.037060213235310176,0.09584410960319813
20252910,0,weight_height_full,0.7109308649475714,True,0.25405014959126704,0.09122547360233672,0.061917928507756716,0.04033590605023545,0.03735427249966608,0.09697674605025242
20252910,1,bmi_only,0.6798012798508098,True,0.2656547447935517,0.08014575212008057,0.07482696185960405,0.02069325129683246,0.018584875774667428,0.09198111716894726
20252910,1,bmi_age_height,0.6964553125449927,True,0.2843987346233696,0.08054008565294783,0.07459285703434256,0.019189540081337667,0.017557982961735122,0.09525584007074656
20252910,1,bmi_full,0.6916841663931818,True,0.28926712243085534,0.079906871760848,0.0748687592782198,0.019974608661168576,0.018375191829923584,0.09647851079220306
20252910,1,weight_height_full,0.689778790537192,True,0.28791385540094555,0.07949347797968076,0.07456001018021333,0.019748833869299542,0.018202289080264576,0.09598369330208076
20252910,2,bmi_only,0.7144828499679144,True,0.3171273051184409,0.09614795966886064,0.09108630675577689,0.038072642452443704,0.0187445286398484,0.11223574852707412
20252910,2,bmi_age_height,0.7142972218994742,True,0.3134075380320862,0.09492410035977278,0.08926753898473916,0.03704766128715215,0.0182634834246371,0.11058206441767748
20252910,2,bmi_full,0.7714159404802771,True,0.34046914092378466,0.10402177344177967,0.09627543363549422,0.042246513369199414,0.021893354108810742,0.12098124309581373
20252910,2,weight_height_full,0.7699196044772909,True,0.3389022772228504,0.10348301474760828,0.09577327500734509,0.042003689359385615,0.021637696931681133,0.12035999065377409
20252910,3,bmi_only,0.59647427989582,True,0.25868327955242143,0.08529569519760834,0.05952520358724867,0.03884855615939849,0.02036093763694728,0.09254273442672484
20252910,3,bmi_age_height,0.6096071213392514,True,0.2710346362921132,0.08825824611163319,0.06133606895979873,0.03993965458150133,0.02064554752563405,0.09624283069413611
20252910,3,bmi_full,1.0563770518816828,True,0.29607090587970736,0.09425176256934,0.06401499963436498,0.04120576175362211,0.020131427275960217,0.10313497142259893
20252910,3,weight_height_full,1.025673352895302,True,0.2952728225288129,0.09375583248444035,0.06358726599500922,0.04113163602240212,0.02008414870813265,0.10276634114775944
20252910,4,bmi_only,0.7324286363635691,True,0.34183248056813825,0.09783134881566186,0.07735373693902134,0.03923870804334167,0.038957976202062296,0.11904285011364509
20252910,4,bmi_age_height,0.7776514184283478,True,0.354915939843295,0.0999370532020987,0.07881910760677618,0.04048878538165182,0.03990469773977099,0.12281311675471854
20252910,4,bmi_full,0.7689729156080116,True,0.34488051432234107,0.09890265791175824,0.07741161974946019,0.040383086771582456,0.03969204913554467,0.12025398557813731
20252910,4,weight_height_full,0.764359465845105,True,0.34260960371918764,0.0984242499008655,0.07718873238578565,0.0404923377613899,0.03977812169966017,0.11969860909337779
20252911,0,bmi_only,0.7101100253934239,True,0.3270009852484867,0.09584979000629616,0.07567719587335876,0.05427168122781506,0.053916615164682644,0.12134325350412785
20252911,0,bmi_age_height,0.7053095324528532,True,0.3251736452089553,0.09491847005609529,0.07491149758152653,0.05367896095376045,0.05348469998677495,0.12043345475742251
20252911,0,bmi_full,0.7566375735812119,True,0.3607807609190644,0.10279110977557203,0.08019076000008922,0.05651620148349461,0.0555037365321862,0.1311565137420813
20252911,0,weight_height_full,0.7546704490666456,True,0.35829297128577214,0.10221608613221511,0.07977593236401243,0.05630869273839542,0.05536487744467706,0.13039171199301444
20252911,1,bmi_only,0.8068353805529035,True,0.28053761352248413,0.12541587061524975,0.10557462860701157,0.05799836100796756,0.019821343290780415,0.1178695634086987
20252911,1,bmi_age_height,0.8190658094164982,True,0.2851109172854562,0.12472863250046003,0.10411775457400284,0.05573101939175094,0.019482617155142736,0.11783418818136256
20252911,1,bmi_full,1.1918392462503817,True,0.3092118100746965,0.13374879547764043,0.11045265098025844,0.060385149483417284,0.020516334609837223,0.12686294812517002
20252911,1,weight_height_full,1.1866860785051738,True,0.30941222602567503,0.1335491412218734,0.11029675828683237,0.06043810218063848,0.020463220333333792,0.12683188960967062
20252911,2,bmi_only,0.8365244606938099,True,0.37294645164745344,0.11562526832359053,0.09811002768242481,0.022138615150028292,0.020339021498396417,0.1258318768603787
20252911,2,bmi_age_height,0.8701744019766924,True,0.38016886577409054,0.11543913622159138,0.09647390238760528,0.024037628725016004,0.021643015141682233,0.1275525096499971
20252911,2,bmi_full,0.874242207399505,True,0.39118230876427657,0.11528905461504249,0.09601277510511436,0.023120558887389286,0.021162896360016312,0.12935351874636783
20252911,2,weight_height_full,0.8717684854861324,True,0.38823949962823173,0.11457430174207142,0.09542199576998782,0.023231071590368392,0.021230408545103115,0.1285394554551525
20252911,3,bmi_only,0.4871442416090761,True,0.19836810813159023,0.04735420616537514,0.03988318782964138,0.03600645389027973,0.03576411938385039,0.07147521508014737
20252911,3,bmi_age_height,0.49137023740947194,True,0.20447900889937998,0.04748941138729229,0.04001279743747857,0.03607526529903691,0.03583075544423108,0.07277744769348378
20252911,3,bmi_full,0.49049361088551474,True,0.20583255963187777,0.04728299082147487,0.03954184795952228,0.03565559381851372,0.035474141662541495,0.07275742677878602
20252911,3,weight_height_full,0.49036700278245576,True,0.20618585167474704,0.04708681668627556,0.039440428999501946,0.03560493437439214,0.035459637819481915,0.07275553391087972
20252911,4,bmi_only,0.5972388114818943,True,0.2444049461878303,0.06780212344561033,0.04543578786967968,0.006013373593434404,0.0030029120330609784,0.07333182862592313
20252911,4,bmi_age_height,0.5966676540908947,True,0.24587616725029104,0.06871638331102971,0.0459700863749841,0.005952958334823321,0.0029323524046825644,0.07388958953516216
20252911,4,bmi_full,0.5935995000498567,True,0.24206633069171493,0.06963307684494724,0.047049658650602094,0.007046783433755944,0.0035577705998505013,0.07387072404417414
20252911,4,weight_height_full,0.5944167907813869,True,0.24213135162524502,0.06976876613507486,0.04716983294462641,0.00701200187341887,0.003532476283392072,0.07392288577235145
20252912,0,bmi_only,0.696071782629822,True,0.2333191740806191,0.09533605487471619,0.05954283403759802,0.03866808413719992,0.019932260255116085,0.08935968147704985
20252912,0,bmi_age_height,0.6941544093429213,True,0.23241947668470334,0.09483312075616154,0.05916336770702017,0.038384445811286756,0.01977097752914715,0.08891427769766379
20252912,0,bmi_full,0.6903964426318324,True,0.2328297938250131,0.09318463476869045,0.05897905561279405,0.0384185402672132,0.019762780343373528,0.08863496096341686
20252912,0,weight_height_full,0.6896349816208495,True,0.2323613269678797,0.09295174935669166,0.05904009737691771,0.0384237696901145,0.019722873167153418,0.0884999633117514
20252912,1,bmi_only,0.8197162510190777,True,0.309591747215372,0.10579398104408151,0.08500113266869617,0.023227414158201506,0.02067390233973436,0.1088576354852171
20252912,1,bmi_age_height,0.8518727204157186,True,0.31804691039899907,0.11078856128895956,0.08760331332303899,0.026151196616789343,0.022506711642865794,0.11301933865413054
20252912,1,bmi_full,0.8550666047752027,True,0.3161571334381586,0.11191897756077211,0.08706483090065426,0.027306360009310294,0.02313430594481845,0.11311632157074274
20252912,1,weight_height_full,0.8572087353687242,True,0.3144078999065859,0.11178724648900419,0.08692384387033482,0.027848534128790316,0.023481209946553422,0.11288974686825373
20252912,2,bmi_only,0.6022897542575093,True,0.2671451552488666,0.06200304503797688,0.05560107033383216,0.03683849051842223,0.01848703582960587,0.08801495939374075
20252912,2,bmi_age_height,0.5996112058486112,True,0.268291560126684,0.06065049540046974,0.05452002301355823,0.03605260587053264,0.017959200256564244,0.08749477693356177
20252912,2,bmi_full,1.0104154518329012,True,0.29813366058239005,0.06751827277495075,0.05929851277609333,0.03984944054530055,0.019099283303310444,0.09677983399640902
20252912,2,weight_height_full,0.9722577137063836,True,0.2992438484210156,0.06747788755134854,0.059215441127153545,0.03974798237879901,0.018995354328292097,0.09693610276132175
20252912,3,bmi_only,0.7422010631099731,True,0.353313910910385,0.09221217589867711,0.06481954186513644,0.02439577640466513,0.021847162671851737,0.11131771355014308
20252912,3,bmi_age_height,0.7625754716783572,True,0.36854743872835455,0.09187672649783668,0.0635869741671802,0.023303608378358653,0.021110470514568748,0.11368504365725976
20252912,3,bmi_full,0.7581874645801424,True,0.36854482543819006,0.09060297991225745,0.06251047972462792,0.023144335259103865,0.02105967977191285,0.11317246002121843
20252912,3,weight_height_full,0.7548635979713776,True,0.367514270227246,0.09006937203871868,0.06211834431646519,0.023128286898866913,0.02106010885359576,0.1127780764669785
20252912,4,bmi_only,0.6079060095375569,True,0.25642749919291813,0.09648095615988535,0.09776167510906422,0.05537774863687416,0.05467647609413153,0.11214487103857466
20252912,4,bmi_age_height,0.6025182103309614,True,0.25139307350871803,0.09551772804320018,0.09695472606157153,0.054749639449820836,0.05422261097955882,0.11056755560857387
20252912,4,bmi_full,0.6123381564055228,True,0.25491017156948087,0.09813007410534247,0.0981699265065284,0.05555022929064686,0.05466710094657067,0.11228550048371386
20252912,4,weight_height_full,0.6105983118978751,True,0.2534876649060528,0.09752677990218662,0.09770532308274243,0.05539511001761317,0.054569323855824865,0.11173684035288398
20252913,0,bmi_only,0.7045718768220526,True,0.2762465783251089,0.07018419301959901,0.06193919712004221,0.02447388110310195,0.0035800707586586718,0.08728478406530214
20252913,0,bmi_age_height,0.7200645530794686,True,0.2879422781177936,0.07127813168820281,0.061986080441929936,0.023115254750407984,0.0031818388764628196,0.08950071677495944
20252913,0,bmi_full,0.7180668537589016,True,0.28856307831821854,0.07193768701416783,0.062258416706372596,0.023221474100173868,0.0030884238890949668,0.08981381600560558
20252913,0,weight_height_full,0.7172200003750753,True,0.2891943803254025,0.07185752193477077,0.06220256489702022,0.023153674307123086,0.0029905303937416434,0.08987973437161163
20252913,1,bmi_only,0.634892175791746,True,0.29841364086391786,0.057819670869753766,0.041590557358566475,0.004051857083637121,0.001994180010828798,0.08077398123734081
20252913,1,bmi_age_height,0.6414159225443493,True,0.3061536480822288,0.05773235032149011,0.040985944620460825,0.00409184933513636,0.0020065264648402906,0.08219406376483127
20252913,1,bmi_full,0.635688319452062,True,0.29750933260746104,0.056648475264485514,0.0410385653937122,0.004573792977638976,0.0022844980349090416,0.08041093285564135
20252913,1,weight_height_full,0.6351142825635547,True,0.29766118285089593,0.056359241503120765,0.040913358046793274,0.004524287087372132,0.0022562034184434917,0.08034285458132513
20252913,2,bmi_only,0.5908730345089871,True,0.25654273568762576,0.08200093104544356,0.07592164415284042,0.04011400396445769,0.038363647462700406,0.09858859246261358
20252913,2,bmi_age_height,0.5861438789427643,True,0.2510939091031234,0.08134860006768346,0.07528807215959726,0.0390106640557619,0.03752757383823491,0.09685376384488019
20252913,2,bmi_full,0.5962214097802431,True,0.25329734017407546,0.08551871145520931,0.07777992740271876,0.04102001296348305,0.03872836097232769,0.09926887059356285
20252913,2,weight_height_full,0.5943782548674065,True,0.25024336092269833,0.08510252981393769,0.07753910704512638,0.041198528957631014,0.038834472691773855,0.09858359988623347
20252913,3,bmi_only,0.90383198637029,True,0.31373053899405834,0.14384830619445163,0.09256379029353816,0.07357499414234261,0.07290906914509443,0.13932533975389702
20252913,3,bmi_age_height,0.902124649143437,True,0.31114370396539887,0.14245141097010164,0.09170361779966087,0.07343021831579605,0.07283141593623295,0.1383120733974381
20252913,3,bmi_full,0.9367144269991275,True,0.33336366258910327,0.14808959466411306,0.09434558120432236,0.07557038500379003,0.07428653879522124,0.14513115245130997
20252913,3,weight_height_full,0.933525763157438,True,0.3313196626894517,0.14734152032154285,0.0936859269428115,0.0753357813506211,0.07413983186343348,0.14436454463357212
20252913,4,bmi_only,0.6323144138660816,True,0.276403325929325,0.0954884474659312,0.09488385569702429,0.04016388218170092,0.02047734573005128,0.10548337140080655
20252913,4,bmi_age_height,0.6403173608266847,True,0.27865343060706643,0.09783293539351838,0.09653593635623565,0.04113885010193478,0.02097815723866654,0.10702786193948437
20252913,4,bmi_full,1.0509103623821774,True,0.30832140539086417,0.10475567406196795,0.10102114992424195,0.04418234114002224,0.021664621119840462,0.11598903832738736
20252913,4,weight_height_full,1.0684379493320937,True,0.31046810980646616,0.10555046178754572,0.10158693193265063,0.044727943374818446,0.02201232608933072,0.11686915459816234
20252914,0,bmi_only,0.5718544433498338,True,0.2050268394375777,0.04372898884205697,0.027158199903184573,0.021860275046474677,0.01984958964129052,0.0635247785741169
20252914,0,bmi_age_height,0.5676273377579741,True,0.20242809105798273,0.042103168417266974,0.02557241467683934,0.020679398906616173,0.01898150250193686,0.061952915112128415
20252914,0,bmi_full,0.5703617714001755,True,0.20347352410155475,0.04271597297033863,0.02643067788618444,0.021248502693012566,0.019354169106199404,0.06264456935145796
20252914,0,weight_height_full,0.5693104973468789,True,0.20274898989822854,0.042391429854828216,0.02618801718654691,0.021143403033770554,0.01928730835707274,0.062351829666089396
20252914,1,bmi_only,0.8169803950199991,True,0.30266205499797727,0.08253973849045664,0.07709284715409395,0.03795662750857855,0.019743044022114676,0.10399886243464422
20252914,1,bmi_age_height,0.8165718585859567,True,0.30245292779393157,0.08253481726152957,0.07724600726890131,0.03809636359225034,0.019799831226260833,0.10402598942857473
20252914,1,bmi_full,1.2300900497048388,True,0.3217935281896491,0.08983187734821955,0.08161457616421693,0.04056552852406012,0.020178459983693126,0.11079679404196778
20252914,1,weight_height_full,1.2117977201308818,True,0.3208717026133859,0.0894432786095239,0.08132364940606769,0.04047307980997233,0.02013197286015352,0.11044873665982066
20252914,2,bmi_only,0.9081849784403306,True,0.46483345817474847,0.1660764929485875,0.14911349518880535,0.06150203722738193,0.05810957757441374,0.1799270122227874
20252914,2,bmi_age_height,1.0143402924539566,True,0.5003500127241455,0.17304050625443,0.15183600065995637,0.06125193545059515,0.057731644353549105,0.18884201988853522
20252914,2,bmi_full,1.0037260663602183,True,0.5024850564718027,0.17296212202141611,0.15201821744521604,0.06166651919638706,0.05815009525367606,0.18945640207769962
20252914,2,weight_height_full,0.9997822910778523,True,0.5006555316729083,0.17216523137207937,0.15128979528986947,0.06145492457527617,0.05800349024160569,0.1887137946303478
20252914,3,bmi_only,0.5158665502041165,True,0.237502470066776,0.06446694636673556,0.05562439865059135,0.02021428039086296,0.018456333248987374,0.07925288574479065
20252914,3,bmi_age_height,0.5303068274347346,True,0.24558559446847295,0.06747708114034381,0.056632270048971624,0.020196308944024546,0.0180756075098667,0.08159337242233591
20252914,3,bmi_full,0.549410076117699,True,0.2529799667886013,0.07494257202293582,0.06168066199040016,0.02355953718354359,0.020419527067933874,0.08671645301068295
20252914,3,weight_height_full,0.5494668909885194,True,0.25389756597490243,0.07532124823276454,0.061829376591025886,0.02362267320382059,0.020410847595967077,0.0870163423196961
20252914,4,bmi_only,0.6294954188295596,True,0.2424854009467499,0.09074696418335941,0.060729390374083016,0.040682571346883065,0.020904177202702233,0.09110970081075552
20252914,4,bmi_age_height,0.6256948962524904,True,0.24061192032283202,0.08998025593365964,0.06011000225807774,0.04037319433094467,0.020771347017774295,0.09036934397265767
20252914,4,bmi_full,0.6477714896100538,True,0.25196116876804264,0.09800970549129139,0.06462226613129084,0.04328661294032882,0.02243044907272803,0.09606204048073634
20252914,4,weight_height_full,0.6466419814956003,True,0.25075162689116726,0.09771461877441368,0.06440184208588683,0.04327549651924667,0.022370140741086456,0.09570274500236017
20252915,0,bmi_only,0.8232882591363732,True,0.3830998832944006,0.09498864046010981,0.08936816361851624,0.020289495533871257,0.018894499177850053,0.12132813641694959
20252915,0,bmi_age_height,0.8288095194037874,True,0.3854175004194139,0.09321543103235395,0.08762208644545601,0.019183252929758914,0.018040821980180134,0.12069581856143256
20252915,0,bmi_full,0.838144346399403,True,0.392265474741525,0.09609723849789872,0.08942115577398621,0.0212009702797129,0.01948642011777717,0.12369425188218
20252915,0,weight_height_full,0.8351090691286822,True,0.38884741487751606,0.09528178978902486,0.08878956461870181,0.021096736041684275,0.019396549911502144,0.12268241104768585
20252915,1,bmi_only,0.6771129348560746,True,0.3043481410054854,0.11258906322871388,0.09159345024603077,0.023323930759108776,0.0025979635359681414,0.1068905097550614
20252915,1,bmi_age_height,0.6740113766869418,True,0.3018962881819699,0.11098622670590554,0.09027393945055788,0.022630994695643187,0.0025181066363851113,0.10566111113409231
20252915,1,bmi_full,1.0792263642328603,True,0.32615993184442565,0.11508847458964999,0.09284635945703613,0.025405766002152053,0.0024971388945710924,0.11239953415756698
20252915,1,weight_height_full,1.0965303417612002,True,0.3244917942722863,0.11458984773340172,0.09256929278753862,0.025352974246672353,0.0024689123464136055,0.11189456427726249
20252915,2,bmi_only,0.6669715298533897,True,0.29318179633096514,0.09904990120451174,0.09088956693409049,0.05773944667827454,0.05716887393949655,0.1196059170174677
20252915,2,bmi_age_height,0.6816617953685656,True,0.29796179724370503,0.09882393335033303,0.08956124033484435,0.05625501777804884,0.05605092899801431,0.11973058354098912
20252915,2,bmi_full,0.6855165145597657,True,0.2982123092267444,0.10035921601169606,0.09072839952143187,0.057573700203308445,0.05693173228483617,0.1207610714496034
20252915,2,weight_height_full,0.6857658759957401,True,0.2977686074531678,0.09993295310760493,0.09051603535806957,0.057538589183230966,0.056917027916495645,0.12053464260371378
20252915,3,bmi_only,0.7922953522843359,True,0.29798615390353855,0.10147629455055528,0.06191216934703718,0.05557733266556928,0.03659858665554033,0.11071010742444813
20252915,3,bmi_age_height,0.794017151885226,True,0.29940049841473876,0.10244557220499773,0.06143620504281055,0.055096839879866376,0.03630053302960602,0.11093592971440389
20252915,3,bmi_full,0.812139080101364,True,0.3113459346168967,0.10909521970323155,0.06406771731996473,0.05695329704968177,0.0376015202475087,0.11581273778745668
20252915,3,weight_height_full,0.8157926319961062,True,0.3135080191866045,0.11006554103827003,0.06459599428358623,0.05722604693509673,0.03764478401977169,0.11660807709266582
20252915,4,bmi_only,0.48647642208172337,True,0.17095979875657086,0.033369226321498566,0.02442505754658954,0.020284555335420194,0.0189630049458077,0.05360032858117738
20252915,4,bmi_age_height,0.48138464784227547,True,0.16961203660747168,0.032259427400899335,0.02370291388249432,0.01983957209030042,0.018674962283969098,0.05281778245302697
20252915,4,bmi_full,0.4737038954023094,True,0.1680423407363997,0.03058503661846226,0.02291979675163354,0.019431110097716718,0.018480124233607124,0.051891681687563876
20252915,4,weight_height_full,0.4742998817724135,True,0.16875437874350366,0.030394191538083946,0.02281444830015895,0.019380567268927344,0.018461174472682244,0.05196095206467123
20252916,0,bmi_only,0.6718220234237149,True,0.25561775803704917,0.09029781651272853,0.08835057086049199,0.03744738357362048,0.019036965670084085,0.09815009893079485
20252916,0,bmi_age_height,0.6697604072823209,True,0.2500374364284494,0.08978746672004208,0.08710610291919668,0.03658897806330417,0.018795102982461752,0.09646301742269081
20252916,0,bmi_full,1.0804441962719893,True,0.2859041679881138,0.10348128996399175,0.09602261647249492,0.042977720283192876,0.02102827722948322,0.10988281438745531
20252916,0,weight_height_full,1.067692676928866,True,0.2856207554361257,0.10287815580391917,0.09546424294717032,0.04299386318048571,0.02100905528931237,0.10959321453140267
20252916,1,bmi_only,0.623097179564405,True,0.28850829642282855,0.10054052477652245,0.05719405286561398,0.022149613447399474,0.0021215615204355333,0.09410280980656
20252916,1,bmi_age_height,0.6323951636682149,True,0.29438522126591715,0.10201373782641626,0.05645978171430013,0.02217157745700558,0.002320618799842201,0.09547018741269626
20252916,1,bmi_full,0.6303334986475141,True,0.2954116603862234,0.10251560987374059,0.0553196436134414,0.02169954110232726,0.002146327735354926,0.09541855654221751
20252916,1,weight_height_full,0.628752326580979,True,0.29331681209540966,0.1023969764742273,0.055211115749936104,0.021856523790839383,0.0021811797828761945,0.09499252157865773
20252916,2,bmi_only,0.7305588552105696,True,0.37012422681587975,0.07566629193887278,0.06300763522221484,0.004666944123006241,0.0024155268633159538,0.10317612499265791
20252916,2,bmi_age_height,0.7572297446028754,True,0.405001739917195,0.07897780191522595,0.06519833985152115,0.0037635905169201337,0.001856246764875093,0.11095954379314746
20252916,2,bmi_full,0.7635312062719996,True,0.4096764094937113,0.08025608826128194,0.06615225790936875,0.004127486512275916,0.0020590852379813764,0.11245426548292385
20252916,2,weight_height_full,0.7613596842389959,True,0.40738728347802977,0.08001938729618616,0.0660450044844343,0.004103988759301431,0.0020445363006525567,0.11192004006372085
20252916,3,bmi_only,0.8930290029091255,True,0.24654761394224872,0.1138441601679804,0.09544150393395699,0.05632895680458619,0.055982146235822136,0.11362887621691889
20252916,3,bmi_age_height,0.9077684993415994,True,0.2515037778370053,0.11439057077578833,0.09550435904659661,0.056221384390682604,0.056011102386033615,0.11472623888722129
20252916,3,bmi_full,0.9098044809350073,True,0.2514181314771805,0.11410405381170659,0.09481353961662642,0.05557832801617647,0.05556012149650069,0.11429483488363815
20252916,3,weight_height_full,0.9113625108083028,True,0.25186309654314665,0.11402118648143775,0.0947855682274913,0.05559590241764563,0.055600410143495774,0.11437323276264344
20252916,4,bmi_only,0.5432412443726202,True,0.32960472086300246,0.06446832080590942,0.056007941721176346,0.05385581379694821,0.05338263865429901,0.11146388716826709
20252916,4,bmi_age_height,0.5426738471698618,True,0.33092522674508335,0.0635712275683708,0.05534806760473907,0.05340467875035921,0.05308279463441144,0.1112663990605928
20252916,4,bmi_full,0.5445921405240688,True,0.33918766449930504,0.06453406725392867,0.05670851962570498,0.05471233356790197,0.05421361931457398,0.11387124085228295
20252916,4,weight_height_full,0.545006465681956,True,0.3384964317467864,0.06414021891599321,0.05636305502934209,0.05444331558294909,0.05401183678006719,0.11349097161102759
20252917,0,bmi_only,0.7786604400351406,True,0.25731421800124504,0.0775024424159869,0.05557258912608704,0.03583899700389141,0.03547869591275211,0.0923413884919925
20252917,0,bmi_age_height,0.7765353200730316,True,0.255796306555874,0.07732600984647822,0.055305781351518334,0.035864407179824656,0.035457738986825506,0.09195004878410415
20252917,0,bmi_full,0.7991739564073528,True,0.27164159286665085,0.08316537543364635,0.05901151508292765,0.03799624366185423,0.036909768418754436,0.09774489909276671
20252917,0,weight_height_full,0.7988314812594344,True,0.2706061433638948,0.08275688490951824,0.05842532333472578,0.03808140540370559,0.03691872996747943,0.09735769739586476
20252917,1,bmi_only,0.7443650489680996,True,0.2690515929049906,0.11615205126494373,0.10576987609857345,0.02055103307197622,0.019026799738905375,0.10611027061587788
20252917,1,bmi_age_height,0.794766519274596,True,0.28951422086675177,0.12172062346553587,0.10836099475726703,0.01899358316946811,0.01771202198939073,0.11126028884968268
20252917,1,bmi_full,0.7947356624003757,True,0.2890355578862003,0.12198901340265118,0.1081870634436246,0.020446847774298206,0.01878483187987894,0.11168866287733062
20252917,1,weight_height_full,0.7918160817801058,True,0.2885342086813749,0.12169724432926415,0.107863999935616,0.020272630517339074,0.018653953096597408,0.11140440731203831
20252917,2,bmi_only,0.7051297797980276,True,0.32168441766888645,0.09477526381955459,0.05977420187134196,0.05570210787432038,0.03703257449904452,0.11379371314662959
20252917,2,bmi_age_height,0.7075838264152795,True,0.3220311886105667,0.09523276671187231,0.059717846275296006,0.0557179765498625,0.037375280079460546,0.11401501164541161
20252917,2,bmi_full,1.0980596180026847,True,0.34608699386587805,0.10139111380524944,0.063141268075741,0.05771656395513353,0.03704908240440891,0.12107700442128219
20252917,2,weight_height_full,1.1041974945563728,True,0.34725231351917085,0.10136536493174264,0.06309090333584524,0.05770317060670095,0.03706042408338466,0.12129443529536885
20252917,3,bmi_only,0.4147093302906359,True,0.17397088272557104,0.060475884667631624,0.054507483315337175,0.020969500199932486,0.019827714681704526,0.06595029311803538
20252917,3,bmi_age_height,0.4171986374465167,True,0.17248552351064472,0.06060369967308558,0.054236457078143493,0.02086894272085515,0.01968785927284812,0.0655764964511154
20252917,3,bmi_full,0.41347061611219316,True,0.1787900989860921,0.06011410785226385,0.05389648039461107,0.021070255118309966,0.01982606365787301,0.06673940120183
20252917,3,weight_height_full,0.41300257405700497,True,0.17821735126774582,0.05996782905114191,0.05379962539660491,0.02104901864197452,0.019820389100111732,0.06657084269151578
20252917,4,bmi_only,0.7971191563220309,True,0.37224805850298026,0.09695856712957514,0.08420083214893326,0.041692611435035706,0.021364347073250006,0.12329288325795487
20252917,4,bmi_age_height,0.7962557756557279,True,0.3770515262865966,0.09462408220591567,0.0821408734756502,0.03976490596449679,0.02023440773579553,0.12276315913369096
20252917,4,bmi_full,0.8013994555813552,True,0.3741718680339539,0.09859651602221774,0.08525551067118473,0.04104351904473843,0.020959643354001523,0.12400541142521929
20252917,4,weight_height_full,0.7997750116966155,True,0.37155587410647767,0.09853480521172134,0.08533534323830744,0.04117056684819541,0.020979377945186277,0.12351519346997761
20252918,0,bmi_only,0.5273082798763347,True,0.22091774039397793,0.07701498635477415,0.07108776600530148,0.03772090508268125,0.03623327934789055,0.08859493543692507
20252918,0,bmi_age_height,0.5239002792704185,True,0.21927794159284222,0.07597375594755289,0.070384880652017,0.037362722416196016,0.03601125152284757,0.08780211042629114
20252918,0,bmi_full,0.5531465446436333,True,0.2367124031392327,0.08400620679933937,0.07532076752846971,0.041444530578418515,0.03860784848484048,0.09521835130606016
20252918,0,weight_height_full,0.5495200856686269,True,0.2324585602240917,0.08272018106286123,0.07430841384263646,0.04110405771060691,0.03837988862190707,0.09379422029242068
20252918,1,bmi_only,0.7441937158221175,True,0.36946913709673845,0.0903090340680249,0.05961830552445,0.054553938350199574,0.03655264497370495,0.12210061200262359
20252918,1,bmi_age_height,0.7429112871763613,True,0.36889353829462085,0.08887618808769429,0.05783416044227883,0.05306334187579932,0.03597851893732234,0.12092914952754312
20252918,1,bmi_full,1.1064215367427996,True,0.388554067475947,0.09599207166863351,0.061226660026138933,0.055059490994693684,0.03525815712343196,0.127218089457769
20252918,1,weight_height_full,1.1057903851588686,True,0.39020936790187266,0.09607261837756663,0.06131476247056178,0.055121884076957714,0.03532088921661504,0.12760790440871478
20252918,2,bmi_only,0.676718957333455,True,0.27872610319333885,0.06827706346064595,0.06183796909986311,0.02177952659054498,0.020241133725112218,0.09017235921390102
20252918,2,bmi_age_height,0.7366881154450917,True,0.29604296872874186,0.07270122147055685,0.06514481506450898,0.02351751860050146,0.02153764071702611,0.09578883291626705
20252918,2,bmi_full,0.7274384865584009,True,0.29159337340419966,0.07135360080952284,0.06444660960575768,0.023605670433859603,0.021587935598491335,0.09451743797036623
20252918,2,weight_height_full,0.7242669138837756,True,0.2893869314963751,0.0710344718925669,0.06429736494543652,0.02373080470057671,0.02166991106774192,0.09402389682053944
20252918,3,bmi_only,0.7216164384386007,True,0.2553017451755641,0.08440955285779103,0.05915545062455046,0.03774983498027693,0.019164098475379605,0.09115613642271242
20252918,3,bmi_age_height,0.7243851232605142,True,0.25681759937591747,0.0842420248675972,0.058854827544603174,0.03743418054317706,0.019043778062205682,0.09127848207870012
20252918,3,bmi_full,0.7456587419733177,True,0.27177456759785573,0.08543717569070929,0.06175359568777967,0.03937202359892699,0.020519115651255415,0.09577129564530543
20252918,3,weight_height_full,0.7445998430866181,True,0.27122389261422114,0.08504617521187936,0.061553548641193466,0.039197740207314036,0.02033220755507948,0.09547071284593749
20252918,4,bmi_only,0.7597455749638714,True,0.30701248094413186,0.12270085058589945,0.10576902124238725,0.0224585376354216,0.020478498992102703,0.1156838778799886
20252918,4,bmi_age_height,0.7686269716109824,True,0.3114659943430698,0.12360407803237385,0.10562750468758673,0.021521973294740197,0.019614875448316613,0.11636688516121743
20252918,4,bmi_full,0.7656156125155987,True,0.3101828891065719,0.12347277093377511,0.10554177435035719,0.02171512132598624,0.01974463104014484,0.11613143735136704
20252918,4,weight_height_full,0.7653056384127499,True,0.31128906028514836,0.12390442189933855,0.10584613675191908,0.02201303975597371,0.019928128280812807,0.1165961573946385
20252919,0,bmi_only,0.6366888768046756,True,0.23063492802444233,0.09897491322721683,0.07244505793540747,0.037238855388584534,0.03602135402073584,0.0950630217192774
20252919,0,bmi_age_height,0.6766306929512267,True,0.24612388176142785,0.10427374680532729,0.07507414751022873,0.038161477687668664,0.03635233774633849,0.0999971183021982
20252919,0,bmi_full,0.6886932276628973,True,0.25615356635821834,0.10890902732827672,0.07774233510276188,0.040407192933562625,0.03769160172185407,0.10418074468893472
20252919,0,weight_height_full,0.6860696560690811,True,0.2543557394714567,0.10863210971418136,0.07747670296152995,0.04030241615437499,0.03760104995252152,0.1036736036508129
20252919,1,bmi_only,0.7381461681552695,True,0.3376080832730911,0.10877655895077343,0.09369314810494464,0.023574490772346492,0.020624897490583726,0.11685543571834789
20252919,1,bmi_age_height,0.7387707091491919,True,0.33337932134966275,0.10700038559830582,0.0917869274977664,0.022060766117012586,0.019507466187076553,0.11474697334996482
20252919,1,bmi_full,0.7455285824604653,True,0.3256147632260724,0.1085843837659612,0.09184795184514377,0.02260754902221485,0.019774867951543172,0.11368590316218707
20252919,1,weight_height_full,0.7435101737042563,True,0.3227349684060925,0.10782077040025802,0.09115632621861276,0.02256481624551263,0.01974042939004126,0.11280346213210343
20252919,2,bmi_only,0.9123853147776064,True,0.41716911279890484,0.09292614867588034,0.08534994201308856,0.05696291079495866,0.02059080068888973,0.1345997829943444
20252919,2,bmi_age_height,0.9193019924658637,True,0.4209401589151343,0.09248322088997238,0.08498595306812229,0.05666570537139026,0.02068221063794495,0.13515144977651283
20252919,2,bmi_full,1.2879857495107636,True,0.4395066865400224,0.09896148463249506,0.08900462259433471,0.0590365180956707,0.020726403781029103,0.14144714312871037
20252919,2,weight_height_full,1.2816449020631266,True,0.4409529283960424,0.09838544326562443,0.08868697382031707,0.0589100473652966,0.020606057276288975,0.1415082900247139
20252919,3,bmi_only,0.7028861606892373,True,0.294694119318547,0.09082633449567065,0.08450054181536498,0.03769946525069365,0.036670790768295894,0.10887825032971443
20252919,3,bmi_age_height,0.6991279651492528,True,0.2943107828251401,0.08918775086812528,0.08316814911735658,0.03727914894185463,0.036347854036197814,0.10805873715773487
20252919,3,bmi_full,0.7129314663386773,True,0.3089509516982807,0.09122732536114966,0.08406384497825795,0.038604043175658645,0.0373444622893331,0.112038125500536
20252919,3,weight_height_full,0.7116628444580423,True,0.30683583149312227,0.09085686459292404,0.08371571300420408,0.038466427099474496,0.037230907067162866,0.11142114865137756
20252919,4,bmi_only,0.4939479898943261,True,0.192867413365042,0.05758568589133688,0.026888723226053995,0.021840747230743824,0.020322132818695673,0.06390094050637447
20252919,4,bmi_age_height,0.49315509999852514,True,0.1940121969068274,0.05806813901109426,0.026728240833120098,0.021646675835476987,0.020161106561116617,0.06412327182952707
20252919,4,bmi_full,0.4829195288089788,True,0.18800586068395042,0.05699588917102406,0.026517874782224195,0.021614265873608332,0.020182569951773647,0.06266329209251612
20252919,4,weight_height_full,0.48408644347472507,True,0.19004944834224413,0.05734557160533142,0.02684550253489459,0.021832682354090558,0.020328833311741637,0.06328040762966047
20252920,0,bmi_only,0.4502093249370712,True,0.21851901925340553,0.07102134019456602,0.042910788240664036,0.0050790674022119725,0.0023267228528857102,0.06797138758874664
20252920,0,bmi_age_height,0.4511906682691294,True,0.21923711158152162,0.06976609203455346,0.04159949819379932,0.004811158677133966,0.0021997429139939506,0.06752272068020046
20252920,0,bmi_full,0.4584673311264349,True,0.22510852580328494,0.07061133543251236,0.042005780007086005,0.005712054576146026,0.0026637685874625334,0.06922029288129837
20252920,0,weight_height_full,0.45748214667829434,True,0.22339951982687917,0.07017536346105116,0.04149097510502001,0.005662955870133928,0.002634730491041086,0.06867270895082508
20252920,1,bmi_only,0.7619749260899911,True,0.345850950005225,0.10992543126751479,0.07625030187514294,0.022936028273121946,0.02046288584963243,0.1150851194541274
20252920,1,bmi_age_height,0.7589346918590992,True,0.34500421664776676,0.11020454187249273,0.07585423332720237,0.022442902359551493,0.020115470883047732,0.11472427301801222
20252920,1,bmi_full,0.764233980320133,True,0.3629797550730953,0.11105923684860143,0.07557115047339874,0.021447396325853615,0.019509179511409312,0.11811334364647166
20252920,1,weight_height_full,0.7629305851365301,True,0.3623241942510981,0.11067144211931636,0.07524196476131732,0.021504681476902918,0.019552819755430356,0.11785902047281298
20252920,2,bmi_only,0.9285670029028695,True,0.3509739261244997,0.10605864223086744,0.09384772794747774,0.05421820466137427,0.036117815857594576,0.12824326336436273
20252920,2,bmi_age_height,0.9251922292346387,True,0.3520727996457672,0.10490610110332473,0.0928448652314459,0.05279228517323989,0.03525667523593537,0.1275745452779426
20252920,2,bmi_full,0.9549580504084945,True,0.3553665961381406,0.11291951646620232,0.09826974774398071,0.056164200917303474,0.03736254158323717,0.13201652056977284
20252920,2,weight_height_full,0.9528236009753701,True,0.3545171125763279,0.1125339945652331,0.0978168064918242,0.05588531055652531,0.03706765465217815,0.13156417576841775
20252920,3,bmi_only,0.7407473703084179,True,0.26667190956938364,0.08344860660309089,0.08063573694881741,0.056359565456989016,0.03891911754623783,0.10520698722490376
20252920,3,bmi_age_height,0.7911686604566694,True,0.2805212969334777,0.09123660392752332,0.084291575653126,0.0591059354979393,0.04100370400183668,0.1112318232027806
20252920,3,bmi_full,1.265289323405975,True,0.30813726623454024,0.09996700398029369,0.08952137377544231,0.06245206742600047,0.041282521137513635,0.12027204651075807
20252920,3,weight_height_full,1.1992671046818228,True,0.3083841538114815,0.10091028102998258,0.09022853986202563,0.0629670982074066,0.04161738025527706,0.12082149063323466
20252920,4,bmi_only,0.5756265970982978,True,0.21830414443855878,0.0733690051394064,0.0689202086170939,0.03697039664501681,0.03598327133774,0.08670940523556318
20252920,4,bmi_age_height,0.5832622278389955,True,0.2216674631275311,0.0752995542218977,0.07009474531336803,0.03755727109711411,0.036365675049553105,0.08819694176189281
20252920,4,bmi_full,0.5876830652470802,True,0.22203484260824258,0.07632363307529633,0.07048992653002033,0.03866223711612715,0.037122440959981975,0.08892661605793367
20252920,4,weight_height_full,0.5851516614528288,True,0.2198999134368102,0.07568922175502527,0.07001953828877976,0.038388746626247756,0.03692430514353622,0.08818434505007985
20252921,0,bmi_only,0.7039228703882335,True,0.24323763145240648,0.11400740354343604,0.11683838326465572,0.03768713833447403,0.03649880621421006,0.10965387256183648
20252921,0,bmi_age_height,0.7148634947648831,True,0.24677332417505388,0.1148057541919183,0.11726028910713895,0.035866724661306415,0.03522385219825126,0.10998598886673379
20252921,0,bmi_full,0.7557039755402386,True,0.26841867083219734,0.12425463453571095,0.1233960634635667,0.040127687365351515,0.037881248645014534,0.11881566096836822
20252921,0,weight_height_full,0.7522019906314692,True,0.2662909515585479,0.12342212057280269,0.12276926933970791,0.039863501654006234,0.037702638555832134,0.11800969633617935
20252921,1,bmi_only,0.7460171702182413,True,0.3001947936975718,0.08955513326447917,0.07455008029288444,0.038222228329844225,0.01905217871811939,0.1043148828605798
20252921,1,bmi_age_height,0.7415129538316385,True,0.29840482441029453,0.08816904249709984,0.07318822776285543,0.037498828103700796,0.018748355906540205,0.10320185573609816
20252921,1,bmi_full,0.7417461768429782,True,0.30147624497471864,0.08972648655042502,0.07416207551157737,0.03873444241906498,0.019665351760855234,0.10475292024332825
20252921,1,weight_height_full,0.7400698216498048,True,0.2993980031981064,0.08941256197534071,0.0739968067487763,0.03870622773796386,0.01957991317571769,0.10421870256718099
20252921,2,bmi_only,0.7577831649131498,True,0.3748221548694944,0.08381990643736324,0.06489896765840142,0.02196474709083853,0.02010974073275578,0.11312310335777068
20252921,2,bmi_age_height,0.7620251692342894,True,0.3784884068076661,0.08311011024359753,0.06413361294548851,0.02116694779061041,0.019511458161900752,0.11328210718985265
20252921,2,bmi_full,0.7715115596345261,True,0.38191385211843404,0.0837124942564563,0.06470475553835525,0.02188932119353333,0.019876283556823464,0.11441934133272047
20252921,2,weight_height_full,0.7699297712173321,True,0.3817874927215316,0.08353807371217246,0.06447964015383847,0.02178838120796149,0.019809414582861663,0.11428060047567315
20252921,3,bmi_only,0.5573671967150706,True,0.22740525193248134,0.08188401341359315,0.039941854218984364,0.021563073270713405,0.019894346692331154,0.07813770790562068
20252921,3,bmi_age_height,0.578655048443314,True,0.23840289798191822,0.08570950690331727,0.0415593961213545,0.02394046197882009,0.021397546520400636,0.08220196190116216
20252921,3,bmi_full,0.5830464794169822,True,0.23982931873940028,0.08711875362284259,0.04247552487773743,0.024890862447824534,0.021856524278383724,0.08323419679323771
20252921,3,weight_height_full,0.5842303822347349,True,0.24183910440446826,0.08719681178847619,0.042458720263778844,0.025216244399368676,0.022073567175360232,0.08375688960629044
20252921,4,bmi_only,0.6738431670836059,True,0.28743651833597056,0.06983226096494795,0.06023938741131576,0.05611735939138559,0.03866096443506373,0.1024572981077367
20252921,4,bmi_age_height,0.6704255638504714,True,0.28397183260548137,0.06910829190372111,0.05992250554982479,0.05604157928074479,0.03863042918146636,0.10153492770424768
20252921,4,bmi_full,1.057621154560331,True,0.29547490670779997,0.07518765243094992,0.06357458478055984,0.058246682341552586,0.038631531242780216,0.10622307150072849
20252921,4,weight_height_full,1.1110920332884606,True,0.29404786182507303,0.07525328029947283,0.06367115316799417,0.05839252407476614,0.03873515836936308,0.10601999554733384
20252922,0,bmi_only,1.118729362742232,True,0.41552009720903,0.1770008310815909,0.1362899910965297,0.07517496238564811,0.05650159357874279,0.1720974950703083
20252922,0,bmi_age_height,1.1290300272754725,True,0.4074759625361007,0.17571289576961,0.1339670161275016,0.07389767012767057,0.05596845577833379,0.16940440006784332
20252922,0,bmi_full,1.5955478358692834,True,0.44637955993891754,0.19020388595014015,0.14134312342948835,0.07876332122466707,0.057628303908091365,0.1828636388902609
20252922,0,weight_height_full,1.613091699703274,True,0.44525248135510914,0.1899112909411631,0.14111324077692833,0.07868334160453909,0.0575681447319476,0.18250569988193743
20252922,1,bmi_only,0.43005168890007867,True,0.17820089728171734,0.02196551312524827,0.009868411072854945,0.0044861825264662526,0.0021073104012015857,0.04332566288149768
20252922,1,bmi_age_height,0.429797906028261,True,0.1820314162713068,0.02282750716992566,0.010239186924766039,0.004615707649934762,0.0021567185623829663,0.044374107315663255
20252922,1,bmi_full,0.4354546232021272,True,0.19277673322218436,0.0239359710851131,0.010883877930280748,0.004864571601340905,0.0023009043744401576,0.04695241164267186
20252922,1,weight_height_full,0.43453308425518933,True,0.19273085831050532,0.023536564512096035,0.010644787894941504,0.004735634458137665,0.00223003722082054,0.04677557647930021
20252922,2,bmi_only,0.53444639343289,True,0.23024155977221045,0.06661819210821003,0.057376538728878206,0.038660330919926295,0.036448112890447255,0.08586894688393445
20252922,2,bmi_age_height,0.5329555967215202,True,0.23455173252813527,0.06554637489005075,0.05678295068089807,0.03779198177647486,0.035901131352906415,0.08611483424569306
20252922,2,bmi_full,0.5254104229045394,True,0.22766054719832787,0.06546290536346959,0.056506219968785854,0.03769260492924352,0.03575949269244335,0.08461635403045403
20252922,2,weight_height_full,0.5265273287386519,True,0.2300833650113822,0.06585959634004858,0.056794585139455026,0.037879100397382126,0.0358814437275838,0.08529961812317034
20252922,3,bmi_only,0.8272639758588886,True,0.3378352921881169,0.14029831503852358,0.1291173302713103,0.041972943346865896,0.04119011681363717,0.13808279953169075
20252922,3,bmi_age_height,0.8240771573998796,True,0.3335551726044723,0.13828068910121097,0.12745621797639853,0.04125673013944511,0.0407107995629946,0.1362519218769043
20252922,3,bmi_full,0.8349375637938605,True,0.33614674880525536,0.13863200667943482,0.127193758003641,0.04182654562124484,0.041108504607917394,0.13698151274349868
20252922,3,weight_height_full,0.8343073689088326,True,0.33474334233061065,0.1379348421726641,0.12662242155355485,0.041790382656736715,0.04110364407937503,0.13643892655858827
20252922,4,bmi_only,0.6251906542918115,True,0.29147903581170737,0.06126627579417348,0.04567509904149221,0.023344145320105526,0.0025921596695556363,0.08487134312740684
20252922,4,bmi_age_height,0.6234526983312414,True,0.29260086170596655,0.06070963935902922,0.04508711357783172,0.022735228501243005,0.002468723487546903,0.08472031332632349
20252922,4,bmi_full,0.6329905756577315,True,0.299627385883555,0.06214399454217767,0.047327730941192664,0.02340770699548032,0.0029091439129934906,0.08708319245507984
20252922,4,weight_height_full,0.6343973020846387,True,0.30023603832483764,0.062485134873514585,0.047634057285210786,0.023585185779673962,0.0029429992812874508,0.08737668310890488
20252923,0,bmi_only,0.7163465534926217,True,0.27729476088082233,0.10022324767872273,0.091250066338715,0.07311986534587595,0.07208470793662779,0.12279452963615278
20252923,0,bmi_age_height,0.7277727078072522,True,0.2791286299512277,0.09984106192900094,0.09048792797449638,0.07154081189736852,0.0709355888991894,0.1223868041302566
20252923,0,bmi_full,0.7242550653332701,True,0.28177347785093343,0.10122118851618048,0.0912790719991085,0.07242077350092219,0.07161678271257427,0.12366225891594378
20252923,0,weight_height_full,0.722105704323429,True,0.279097881678222,0.10075658829918026,0.09096609635479996,0.07222734712756439,0.07147591344858578,0.12290476538167047
20252923,1,bmi_only,0.6461120694674389,True,0.3313754901355305,0.07432142045840005,0.07288349007903057,0.01976768432359585,0.01845027342517383,0.10335967168434616
20252923,1,bmi_age_height,0.6438752774819189,True,0.3257878803999419,0.07418665979317758,0.07256361969906389,0.019817010255587016,0.018434213712034322,0.10215787677196093
20252923,1,bmi_full,0.6644937268869202,True,0.33835878055638446,0.07558832493365393,0.0731437965225095,0.022068504233804326,0.020029324210392826,0.10583774609134902
20252923,1,weight_height_full,0.6619859543644822,True,0.3345886193676013,0.074537095517041,0.07222390150953066,0.021951826882809736,0.019925508428562264,0.10464539034110901
20252923,2,bmi_only,0.6495552293691922,True,0.21360070381979973,0.08894429016994176,0.07623936930013188,0.05704320163341127,0.02060773705627198,0.09128706039591132
20252923,2,bmi_age_height,0.6635099126779225,True,0.22376650016706257,0.09121797782195075,0.07735316562113591,0.05690101414977325,0.02083080453927308,0.09401389245983911
20252923,2,bmi_full,1.0630191147585948,True,0.23569583250804674,0.09474448711289435,0.07986111282144805,0.05855899996385405,0.020795705473843667,0.09793122757601738
20252923,2,weight_height_full,1.058470588492241,True,0.2343719243620352,0.09456954846100529,0.07973629560400176,0.05862136850000951,0.02078656648572158,0.09761714068255466
20252923,3,bmi_only,0.6488882536337822,True,0.2680711424971883,0.08838502764308002,0.06281355181288759,0.005180026056789774,0.002525927415859214,0.08539513508516099
20252923,3,bmi_age_height,0.6561612988717092,True,0.27713122927040135,0.0888213747623956,0.06245980782570945,0.005183647289808262,0.0025514392342663025,0.08722949967651619
20252923,3,bmi_full,0.6582483644886952,True,0.2818389681893587,0.08973960429613075,0.06290298632555989,0.005644143356586689,0.002846863883792015,0.08859451321028562
20252923,3,weight_height_full,0.6593736368341518,True,0.2842579950126732,0.09027611961918125,0.06322180866857217,0.005947479918447415,0.0030580500470103575,0.08935229065317687
20252923,4,bmi_only,0.7777641118022764,True,0.3470134448075877,0.09231916982770488,0.057612812231158356,0.02105896195861465,0.019246872418912986,0.10745025224879572
20252923,4,bmi_age_height,0.7776950945551356,True,0.3487508545311343,0.09198511255358159,0.0572393994609044,0.02048941730271673,0.01885770722844538,0.10746449821535649
20252923,4,bmi_full,0.7897890443585608,True,0.35252081398918395,0.09355717563156113,0.05822639128138508,0.020947614405466417,0.019016404208038983,0.10885367990312711
20252923,4,weight_height_full,0.7895232538120689,True,0.35307331921472823,0.09350044903746282,0.05816328586627906,0.020887202048865433,0.01899623519810581,0.10892409827308827
20252924,0,bmi_only,0.521485296188858,True,0.26188912993837077,0.05376399692289404,0.009400586139029441,0.004355665099292361,0.002074166127293831,0.06629670884537608
20252924,0,bmi_age_height,0.5208394659515952,True,0.26071358707042663,0.05463167303675003,0.009831102908030544,0.004554785545764424,0.0021644289170726027,0.06637911549560885
20252924,0,bmi_full,0.5470067597053051,True,0.27507503345660295,0.0606133873658399,0.012673880452380706,0.005915939624233515,0.0028714311254556127,0.07142993440490254
20252924,0,weight_height_full,0.5471541335398654,True,0.2756968849633344,0.060397522586160934,0.012491174979274369,0.00582343372959157,0.0028245648312097745,0.07144671621791421
20252924,1,bmi_only,0.8107257956272671,True,0.3521317291140697,0.11948756735753895,0.10717682771454667,0.05594103908190293,0.05580844625625635,0.13810912190486294
20252924,1,bmi_age_height,0.8079849957867692,True,0.35097426245410346,0.11944510693386834,0.10713051122609607,0.05545815306051712,0.055467852623591406,0.1376951772596353
20252924,1,bmi_full,0.8196329255249332,True,0.3642693504432631,0.12181203613511458,0.1084643075953581,0.056090394491057134,0.055949894112878935,0.14131719655553437
20252924,1,weight_height_full,0.8227463318974673,True,0.3668928988935499,0.12192041468581565,0.10839884516638314,0.05596984083318766,0.05582358481610408,0.1418011168790081
20252924,2,bmi_only,0.618984954736523,True,0.23582360939169753,0.07477639872336303,0.07145417947572681,0.05324300684649658,0.054221878283455364,0.09790381454414786
20252924,2,bmi_age_height,0.623199120629328,True,0.22985495911900894,0.07415023857366144,0.07045993681848926,0.05266223089322453,0.053655915309476644,0.09615665614277216
20252924,2,bmi_full,0.6264861804727687,True,0.23058100463566966,0.07568464142553571,0.07191448166586309,0.0543375878549748,0.054948048971115736,0.09749315291063179
20252924,2,weight_height_full,0.6240199862384257,True,0.22734407272667093,0.0751604768777636,0.07148406114110388,0.05415394054966318,0.05479173632985844,0.096586857525012
20252924,3,bmi_only,0.8645376410078207,True,0.2981419081423745,0.12897688147836217,0.10001969401306823,0.023184919084153897,0.0021421168671817733,0.11049310391702812
20252924,3,bmi_age_height,0.9169613263190535,True,0.3142956833553387,0.1359915436829542,0.10182353675257985,0.02311115817740307,0.0024096063569424304,0.11552630566504365
20252924,3,bmi_full,1.2846173542859372,True,0.33380012508341794,0.14493952612993402,0.10819317538554127,0.026489522405138976,0.0024280967869879677,0.12317008915820404
20252924,3,weight_height_full,1.298626849305273,True,0.3321760727982874,0.14458571440012347,0.10807387239630853,0.026533405240242676,0.0024498645518694962,0.12276378587736632
20252924,4,bmi_only,0.6638485929810923,True,0.2906422287362131,0.07768051942263823,0.07410879270990571,0.039066869689873454,0.01988529878487026,0.10027674186870014
20252924,4,bmi_age_height,0.6620110294429978,True,0.29202865515374105,0.07656697276726046,0.07333130511369569,0.03870886769615529,0.01972979719889459,0.10007311958594942
20252924,4,bmi_full,0.6620613613715316,True,0.2930109785883672,0.07518048773389364,0.07171609443883449,0.03896476704284047,0.019906484943295367,0.09975576254944624
20252924,4,weight_height_full,0.6619907783557625,True,0.2923208994077149,0.07480990646649936,0.07136559863061882,0.03903914745355713,0.019904840669550325,0.09948807852558811
20252925,0,bmi_only,0.6433739472835354,True,0.2320516605109413,0.10024359352019419,0.07557285222989939,0.04101537248510251,0.020839028059273013,0.09394450136108208
20252925,0,bmi_age_height,0.6511843336412285,True,0.23507186951896758,0.10152408040094009,0.07679201540656912,0.04160699304875572,0.0211221781551575,0.095223427306078
20252925,0,bmi_full,0.6578173183055244,True,0.2318164901050963,0.10492374546427241,0.0785947246149943,0.04333364500969314,0.02203789402235658,0.09614129984328254
20252925,0,weight_height_full,0.6570545899035537,True,0.23099524574918465,0.10475634422165594,0.07851117147246627,0.04331463528867486,0.021984426141567093,0.09591236457470977
20252925,1,bmi_only,0.6833288650564293,True,0.25989040531569013,0.08077849869675235,0.06439441284332902,0.04030241744268396,0.021379739914623413,0.09334909484261578
20252925,1,bmi_age_height,0.6918311410291665,True,0.26834848856283056,0.0823634864626865,0.06467026662293064,0.040286698844878045,0.021080978526535264,0.09534998380397221
20252925,1,bmi_full,1.0344980021736678,True,0.292783671234687,0.08823757920782452,0.06816390045001079,0.042200896661012316,0.020940384399958285,0.10246528639069859
20252925,1,weight_height_full,1.054543681162698,True,0.2929961731875393,0.08828392080936873,0.06810700788832569,0.042184876075432774,0.020926503768961317,0.10249969634592555
20252925,2,bmi_only,0.7726266092072851,True,0.30794334956658403,0.10640062531184888,0.09130514221972334,0.05440522282679544,0.05374695767850714,0.12276025952069174
20252925,2,bmi_age_height,0.7727979777656865,True,0.3081821781686984,0.1062326861372287,0.09134729620589851,0.054313193723503614,0.05369051786319409,0.12275317441970468
20252925,2,bmi_full,0.8186482404179388,True,0.3274244288667466,0.11533235611849602,0.09761248068115617,0.058390973535252896,0.056402244594886915,0.13103249675930773
20252925,2,weight_height_full,0.815218188000751,True,0.32524053200937497,0.11467756401339776,0.09710682487675623,0.058193245627516946,0.05626076365853188,0.13029578603711556
20252925,3,bmi_only,0.4912423881860924,True,0.2112758623989302,0.06452884966518681,0.0553554969579924,0.038291084178215015,0.03751178955247486,0.08139261655055986
20252925,3,bmi_age_height,0.5403838537721378,True,0.24439163590429583,0.07114598753220666,0.057802993295868674,0.041299709137527583,0.03923511199557318,0.09077508757309438
20252925,3,bmi_full,0.5502269559917219,True,0.2691062804808913,0.07505099903537539,0.06059603023601695,0.04261912194831753,0.04007345005946815,0.09748917635201386
20252925,3,weight_height_full,0.5538848283015771,True,0.2716610130266402,0.07581561530355249,0.06098880922125862,0.043238162126596084,0.04047368955861122,0.09843545784733172
20252925,4,bmi_only,0.8850145658573898,True,0.4033613248442774,0.0956663799008781,0.07772682919446025,0.0031200678495166482,0.0016870465069424294,0.11631232965921497
20252925,4,bmi_age_height,0.9246571292740606,True,0.42119323978367457,0.10221687588014929,0.08224417259295802,0.0029772508499298815,0.0015566639429816054,0.12203764060993867
20252925,4,bmi_full,0.9137243268721751,True,0.41707101226903615,0.10065561647062418,0.08169098082606427,0.0029658524354653254,0.0015656539798663833,0.12078982319621127
20252925,4,weight_height_full,0.9077307500113023,True,0.41589039693035856,0.10038550366365717,0.08146508927933539,0.002969368379740913,0.0015655916248533928,0.12045518997558909
20252926,0,bmi_only,0.8701493807722904,True,0.3303616477259533,0.1002223193337822,0.09309177204063067,0.022480442011539793,0.002530647410210664,0.10973736570442331
20252926,0,bmi_age_height,0.8706122504691273,True,0.3272026536443989,0.10152540418931409,0.09361874291262098,0.022216585154723884,0.0028897572495779913,0.10949062863012718
20252926,0,bmi_full,1.203884797573663,True,0.33725311822537507,0.10847712604830718,0.09825630882542757,0.02670988076606925,0.0037369774136492497,0.11488668225576566
20252926,0,weight_height_full,1.214852344554836,True,0.3363328215617342,0.10880793529423474,0.0985111846396106,0.027305539312964044,0.004137364592368013,0.11501896908018235
20252926,1,bmi_only,0.5399654063819467,True,0.18645221721940008,0.08238889518228418,0.05584668839717872,0.022288816799274455,0.02026398387366841,0.07344812029436118
20252926,1,bmi_age_height,0.5597862283746375,True,0.19931667176680995,0.08302994565768397,0.05567983449252318,0.02323725241388793,0.0210160108860627,0.07645594304339354
20252926,1,bmi_full,0.54948612618393,True,0.19479728337776153,0.08132452577166008,0.055113833607435006,0.02326496889540298,0.021029596735534457,0.07510604167755881
20252926,1,weight_height_full,0.5488192222859373,True,0.19415884033891806,0.08126641907519093,0.05501771968565289,0.023233138964710395,0.02101582346731957,0.07493838830635838
20252926,2,bmi_only,0.5937016989094577,True,0.26134192730470035,0.054646498506057066,0.03070598353577809,0.024296690058267397,0.0031669814766477665,0.07483161617629014
20252926,2,bmi_age_height,0.5912752214230512,True,0.2639695881314259,0.054378349008867406,0.029920578430428776,0.023690588219830673,0.003090942462411916,0.07501000925059294
20252926,2,bmi_full,0.5848752637752868,True,0.2663214229580117,0.05239689967525549,0.02885243227573464,0.0228958333946871,0.002731794805234044,0.07463967662178458
20252926,2,weight_height_full,0.5869086141335965,True,0.2664668519544008,0.052762328566575284,0.029060474653730056,0.023074190285463096,0.0027508874489296604,0.07482294658181977
20252926,3,bmi_only,0.8042685570161412,True,0.3375316148782779,0.1108162887573598,0.11752650687193189,0.08716468797690574,0.09061323914750816,0.1487304675263967
20252926,3,bmi_age_height,0.8434364515983638,True,0.35962305852935567,0.11761515241640406,0.12247134807067636,0.08975899720190837,0.09237861545550297,0.1563694343347695
20252926,3,bmi_full,0.8861358518626961,True,0.3739009784887325,0.12566917182230564,0.1273642771708775,0.09348921059305952,0.09471734862615926,0.16302819734022686
20252926,3,weight_height_full,0.8813386362594086,True,0.37065944330737177,0.12452402588584353,0.12650541559171868,0.09313255195091204,0.09448849261939603,0.16186198587104844
20252926,4,bmi_only,0.6537302300937138,True,0.2978035264683605,0.09245244354699336,0.06185368619330507,0.021565414124401026,0.019672665532388216,0.09866954717308964
20252926,4,bmi_age_height,0.6795864425184029,True,0.3190690070635721,0.09479754476198486,0.06275026539478587,0.02026016126167587,0.01870314602920423,0.10311602490224459
20252926,4,bmi_full,0.7016479691071449,True,0.3315168177729063,0.1011786969445774,0.06453874726521777,0.020429244805035746,0.018492980949126627,0.10723129754737278
20252926,4,weight_height_full,0.6991793090546269,True,0.33118549112878515,0.10098587920380339,0.06430765956338992,0.020379821349268662,0.018463963599307645,0.10706456296891095
20252927,0,bmi_only,0.6554978313818677,True,0.2799466668457403,0.08388878461149052,0.0782513415459972,0.004728531408874215,0.00230502992484898,0.08982407086739025
20252927,0,bmi_age_height,0.6752558907586762,True,0.28449727203633834,0.08422443114108791,0.07809124317298254,0.004472902254526929,0.0021536828781954596,0.09068790629662624
20252927,0,bmi_full,0.6722812398116529,True,0.28961288887511855,0.08374629938427249,0.07776560901237223,0.004536242845950718,0.002196729125419292,0.09157155384862666
20252927,0,weight_height_full,0.6691247490499501,True,0.28833612015443044,0.08326169247616559,0.07743135942510268,0.00447815739395944,0.0021626100117892923,0.09113398789228949
20252927,1,bmi_only,0.7623313287687231,True,0.31030640349743205,0.12739361163309393,0.11731641080512374,0.07443362024117493,0.07344144793219747,0.14057829882180442
20252927,1,bmi_age_height,0.7637418578120416,True,0.3041586670173832,0.1259407571772878,0.11602402463113946,0.07327129970717489,0.07261786262279259,0.1384025222311556
20252927,1,bmi_full,0.7581042928366567,True,0.2998371934629913,0.12536396607656297,0.11540279599301212,0.07362624500650848,0.07288065402349342,0.13742217091251366
20252927,1,weight_height_full,0.7568608738953443,True,0.2974828140808805,0.1250255532752218,0.11510986757854838,0.07345154127946177,0.07275655184418753,0.13676526561165997
20252927,2,bmi_only,0.6246454973500462,True,0.2613505784367534,0.07708656566948244,0.045713908008818874,0.02377629215723999,0.020760909497867883,0.08573765075403252
20252927,2,bmi_age_height,0.6272936345139392,True,0.2667344832447357,0.07871104184371362,0.046002463713205925,0.02388629336125654,0.0206267696381739,0.08719221036021714
20252927,2,bmi_full,0.6293920593668003,True,0.2812840150665631,0.08230566666651286,0.04697192315865233,0.023587155868273844,0.02024105242543047,0.09087796263708652
20252927,2,weight_height_full,0.6293353667448722,True,0.281297446793276,0.08308803464101154,0.04753176871265197,0.02417363846758061,0.02059204256581459,0.09133658623606696
20252927,3,bmi_only,0.7834064802018894,True,0.3559643361235876,0.08949536605326161,0.07705367177154494,0.03971189690746588,0.0206299691238849,0.116571047995949
20252927,3,bmi_age_height,0.7792467287888124,True,0.3568292132668507,0.08737832316856543,0.0750446769148338,0.038728498210607955,0.02022274721325579,0.11564069175482275
20252927,3,bmi_full,0.7963754824407208,True,0.3607387725741908,0.08775625684167718,0.07472500089075906,0.03981680353927049,0.020824152845861667,0.11677219733835184
20252927,3,weight_height_full,0.7957098985647449,True,0.3602365036090543,0.0872247193554471,0.07435295246490016,0.03987228036605546,0.020820211683187026,0.11650133349572882
20252927,4,bmi_only,0.6126232155803786,True,0.21823455106803305,0.05996166614173768,0.038993906275132766,0.03539921411547543,0.018080373395726924,0.07413394219922118
20252927,4,bmi_age_height,0.6096169204709116,True,0.2171359245787137,0.05907624829053376,0.03827140950885611,0.03487562431434351,0.017953241826429198,0.07346248970377525
20252927,4,bmi_full,1.0082943870813597,True,0.2342382770663964,0.06763336386198385,0.04467520140912934,0.03917822420434457,0.019151684636494797,0.08097535023566979
20252927,4,weight_height_full,0.993421763682827,True,0.23394619044421078,0.06698718160604468,0.044152522221367986,0.0388341266053372,0.01889678064521503,0.08056336030443514
20252928,0,bmi_only,0.6914038526830368,True,0.26475029382537757,0.08321933257803708,0.05636150929691969,0.020404777331843652,0.018959293868914876,0.08873904138021857
20252928,0,bmi_age_height,0.6957173878696724,True,0.26736903229357945,0.0830000380566795,0.054753537409811766,0.01988532390388435,0.01846586133899449,0.08869475860058991
20252928,0,bmi_full,0.7247446431277846,True,0.29245795029265187,0.08559264492240308,0.05920634403282645,0.021993170181425877,0.019935623389183026,0.09583714656369806
20252928,0,weight_height_full,0.723381049407534,True,0.29212629664546824,0.08503984187835499,0.05882917838978683,0.02192262963526526,0.019861042521212784,0.09555579781401763
20252928,1,bmi_only,0.788113009735325,True,0.3296713322695793,0.08357298070029502,0.05971490705744791,0.023762175756505733,0.003461874836924796,0.10003665412415055
20252928,1,bmi_age_height,0.7854601614929902,True,0.3297362151095953,0.08225916791536193,0.05848690014450908,0.023228686845886908,0.003471017121870597,0.09943639742744476
20252928,1,bmi_full,1.1656251760243914,True,0.34181650204396624,0.09064843413928572,0.06303105174523889,0.027299673511707874,0.004233714597485023,0.10540587520753675
20252928,1,weight_height_full,1.1617479815562595,True,0.3395011766597652,0.09060725303858644,0.06302158126796494,0.027414172487729222,0.0042965849340355754,0.10496815367761628
20252928,2,bmi_only,0.6634931594012847,True,0.2900471551338751,0.07817429584720417,0.07625079196518214,0.05387151693891854,0.03685075065115415,0.10703890210726683
20252928,2,bmi_age_height,0.7219036589342643,True,0.3109404841036843,0.0820652714354617,0.0781158189071285,0.05411579852065866,0.037747166179079965,0.11259690782920262
20252928,2,bmi_full,0.7459355192533276,True,0.3233981423261457,0.08727143141002455,0.08148885103333936,0.05701028783799761,0.039698195461706894,0.11777338161384285
20252928,2,weight_height_full,0.7426970439571362,True,0.32200057926798265,0.08668823458465168,0.08113449641298583,0.05701156257929232,0.03965158796339872,0.11729729216166225
20252928,3,bmi_only,0.9792866573617666,True,0.3633325647820334,0.15909263337515395,0.1606008227013438,0.08084850588415214,0.08038220575617551,0.16885134649977177
20252928,3,bmi_age_height,0.9850789492577442,True,0.3662540776206894,0.15991160462831736,0.16116127741453157,0.08127735085831146,0.08064789793739259,0.16985044169184846
20252928,3,bmi_full,0.9896203461871625,True,0.3664965176291981,0.15958024582594157,0.1612912382037952,0.08137556754825692,0.08077877804122462,0.16990446944968327
20252928,3,weight_height_full,0.9939425980194225,True,0.3667715785657796,0.15931269022308142,0.1611725030882074,0.08137966632909291,0.08080658212942898,0.16988860406711806
20252928,4,bmi_only,0.4125862062066091,True,0.16393360599228662,0.04704924163084978,0.00979477264191077,0.004593221022373133,0.0024447747929136083,0.045563123216066787
20252928,4,bmi_age_height,0.42059157891636006,True,0.17929482424516702,0.047116023092514066,0.009272548383591607,0.004216528500610276,0.002168161674963236,0.048413617179369234
20252928,4,bmi_full,0.4307208298788057,True,0.1855781735582409,0.052521983236026144,0.012239476125171104,0.005887877416293597,0.003043610708025745,0.0518542242087515
20252928,4,weight_height_full,0.4301813461129345,True,0.18569025030196004,0.052570742535132185,0.01223343426492087,0.005884817732707621,0.0030404713063375698,0.051883943228211646
20252929,0,bmi_only,0.5581250195789997,True,0.26091697236414285,0.04711648926558835,0.040060495529054115,0.021075245212036006,0.01948512004354189,0.07773086448287266
20252929,0,bmi_age_height,0.5810099035028433,True,0.2796085231706246,0.04684581154808185,0.040008090850801335,0.02206445282505831,0.020329802367055866,0.08177133615232439
20252929,0,bmi_full,0.5718818353946957,True,0.2720783897393174,0.04582780693291687,0.0392140714476042,0.0220232493175208,0.020299990444540825,0.07988870157638003
20252929,0,weight_height_full,0.5709241112220683,True,0.27019717538731225,0.045320825839539204,0.03880343692163061,0.022016414025551018,0.020297383807861485,0.07932704719637892
20252929,1,bmi_only,0.7999069882120203,True,0.350302914852209,0.12601954083632516,0.09283045580271508,0.05615680443417314,0.019097809762847372,0.12888150513765395
20252929,1,bmi_age_height,0.8098225519310217,True,0.3545949175155182,0.12757438240997618,0.09223746436042846,0.054362119082890265,0.018474161695853527,0.1294486090129333
20252929,1,bmi_full,1.2136652733270172,True,0.39269937534684873,0.13577020757099123,0.09900699187371866,0.05950000648183873,0.020595282697864113,0.1415143727942523
20252929,1,weight_height_full,1.219932503994446,True,0.39219273138335325,0.1358596839718043,0.09900680961302928,0.05961115646031158,0.02057312672194498,0.14144870163008869
20252929,2,bmi_only,0.8670530915420575,True,0.2974153791906307,0.14184145274450086,0.12433163079305226,0.05882778469856349,0.057172084434679624,0.13591766637228536
20252929,2,bmi_age_height,0.8649886334800106,True,0.29676418732650395,0.14147084034416482,0.124162676689914,0.05845778630852183,0.05693067936132655,0.13555723400608624
20252929,2,bmi_full,0.8739236559981354,True,0.30181360081308795,0.14458514374077056,0.12633467118227867,0.06048235606737386,0.058276710403140176,0.13829849644133024
20252929,2,weight_height_full,0.873931672317361,True,0.300912982993649,0.14405372381929873,0.12580123324878476,0.06008434620220732,0.05799470178356465,0.1377693976095009
20252929,3,bmi_only,0.7120853460359615,True,0.29310475990202667,0.08539635442629687,0.07916250066963477,0.0385597357617538,0.03791995880789241,0.10682866191352092
20252929,3,bmi_age_height,0.7066619005971523,True,0.29234254607263044,0.0843913118356231,0.07831984309832525,0.037844000762541755,0.03746019854958153,0.1060715800637404
20252929,3,bmi_full,0.7081519854679923,True,0.29196574453514057,0.08268359120268716,0.07681209299469768,0.03656144128250988,0.03655968229161385,0.10491651046132981
20252929,3,weight_height_full,0.7089303185625706,True,0.29345570615957234,0.08245606749990676,0.07667656704178306,0.03655709381741123,0.036584397255847376,0.10514596635490414
20252929,4,bmi_only,0.5028385755912622,True,0.20414271484968669,0.036514036712159297,0.026003678710048314,0.005530708182925008,0.002723340665651617,0.05498289582409418
20252929,4,bmi_age_height,0.521862832940928,True,0.2130387348267523,0.03789391841646944,0.02642522412710215,0.006137696085759953,0.0030708210838182246,0.05731327890798042
20252929,4,bmi_full,0.5311837146727522,True,0.2241476389142031,0.04115622491446544,0.028193101749991633,0.0072754839845044815,0.003701616464257547,0.06089481320548444
20252929,4,weight_height_full,0.5290748807831775,True,0.22170573862160028,0.04078685719576185,0.027952881576806296,0.007314213420318499,0.003729205183982055,0.0602977791996938
20252930,0,bmi_only,0.8891049393566535,True,0.29738116185193686,0.14311788391436256,0.15208660595614312,0.07403446403471146,0.07334254839984748,0.1479925328314003
20252930,0,bmi_age_height,0.9226258934165841,True,0.30543071064551763,0.14673561727532225,0.1538736488002788,0.07375609301201475,0.07299623084095988,0.15055846011481863
20252930,0,bmi_full,0.9375870105095614,True,0.31036378348271304,0.14944467800632183,0.15581838464050518,0.07506646543822415,0.07390445885142717,0.15291955408383825
20252930,0,weight_height_full,0.9344822025324763,True,0.3083581572093132,0.1488921988809204,0.15544905828057862,0.07486136521407138,0.07377861582439711,0.15226787908185616
20252930,1,bmi_only,0.5729960279231083,True,0.2048406818133503,0.04179585273583648,0.026572648845138432,0.021211016235952784,0.01966017560556594,0.06281607504716878
20252930,1,bmi_age_height,0.5717454601058248,True,0.19991694384070138,0.041672250849935616,0.025630666103067235,0.020417269214181452,0.019018643565127856,0.06133115471460271
20252930,1,bmi_full,0.5798909803952634,True,0.20138150711051603,0.04222195854836489,0.02678010202688913,0.020866716772769953,0.019262537638449522,0.06210256441939791
20252930,1,weight_height_full,0.579426797402641,True,0.20146128752128048,0.042002502678422954,0.026634083240523975,0.020783512374809913,0.019213813080217898,0.062019039779051044
20252930,2,bmi_only,0.8044810504879489,True,0.41907528375355885,0.12000094732501124,0.0782721957102939,0.022257070691741168,0.020919217487130413,0.1321049429935471
20252930,2,bmi_age_height,0.8052922220482216,True,0.42363404116929176,0.11866603689311732,0.07612473526768553,0.02168731862629243,0.020491564871526775,0.13212073936558277
20252930,2,bmi_full,0.8004543693461504,True,0.4293069404166505,0.11521995440191321,0.07331900592079175,0.021238874718741182,0.020149397192405903,0.13184683453010054
20252930,2,weight_height_full,0.7998944189047428,True,0.42876205676043866,0.11466539067025623,0.07278286124479505,0.021226238161340893,0.02015133388521692,0.13151757614440956
20252930,3,bmi_only,0.5858354564982222,True,0.27777091310161967,0.0723359659747741,0.06429296316431299,0.02450362950654756,0.0032119767785167845,0.08842308970515422
20252930,3,bmi_age_height,0.5809315456187322,True,0.2751521734228932,0.07128717340869647,0.06385321833890753,0.023849334126013595,0.003048666055908267,0.08743811307048382
20252930,3,bmi_full,0.5709959837935915,True,0.27097771351925837,0.06965030073773656,0.06298688853247933,0.02363151408887341,0.0028991765198093174,0.08602911867963141
20252930,3,weight_height_full,0.5700862645098069,True,0.2684801649712282,0.06926019932754611,0.06277428516179623,0.023841952949402816,0.002972699831233685,0.0854658604482414
20252930,4,bmi_only,0.6389228236719222,True,0.2773353970432113,0.07096457351113643,0.04337683386018777,0.039951960677159386,0.020163811810127462,0.09035851538036446
20252930,4,bmi_age_height,0.6355613188237887,True,0.28019662199818673,0.07041839982222553,0.04275015068021786,0.03943964919750354,0.020075002200618083,0.09057596477975036
20252930,4,bmi_full,1.0584400663877598,True,0.30680339208730933,0.08002914071740659,0.04802754803264937,0.042631212515660606,0.020403643473944442,0.09957898736539407
20252930,4,weight_height_full,1.0175993603077216,True,0.30958481595490056,0.0809215127794949,0.048662551489850464,0.043102671422280504,0.020734300599870546,0.10060117044927941
20252931,0,bmi_only,0.7745206107782698,True,0.38115417309019145,0.10645487129353516,0.10326531014979703,0.08635705331640439,0.07091713148504214,0.14962970786699406
20252931,0,bmi_age_height,0.773084379055023,True,0.3756098841131108,0.10494183049827188,0.10176219133486145,0.08519881540218047,0.06997942356018459,0.14749842898172183
20252931,0,bmi_full,1.182690894238365,True,0.4042712430700877,0.11113479724780458,0.10590432360864539,0.088840843970294,0.07137179215831285,0.15630460001102892
20252931,0,weight_height_full,1.1723024964840483,True,0.40234076311544814,0.11060426379416241,0.1054652806963838,0.08850847945635969,0.07110567677279928,0.15560489276703066
20252931,1,bmi_only,0.7190108611001572,True,0.3026729334771722,0.1010194389560413,0.07675912843061115,0.022428331721848025,0.02044371928263487,0.10466471037366151
20252931,1,bmi_age_height,0.7246506027322174,True,0.30267518590718007,0.10295560018482612,0.07713511225138692,0.02193759541214485,0.0200572597639528,0.10495215070389814
20252931,1,bmi_full,0.7354703970220043,True,0.31556284516200495,0.10758829516938233,0.07833960109967507,0.022429239862944,0.020302667762631173,0.10884452981132749
20252931,1,weight_height_full,0.7338645166607786,True,0.3143150263835928,0.10698010302135315,0.07782756812025839,0.022427315001696344,0.02030566774931735,0.1083711360552436
20252931,2,bmi_only,0.6022022309071186,True,0.29567735444435156,0.06833076367158863,0.04388780388975171,0.005938793713817282,0.0029832392789650953,0.08336359099969486
20252931,2,bmi_age_height,0.5983083985723334,True,0.29457360211369804,0.06763881501422996,0.043362733673265284,0.005856107135729511,0.0029330057071110067,0.08287285272880676
20252931,2,bmi_full,0.6135940169957519,True,0.2977624444241093,0.07300156271160965,0.04581501560588336,0.007294293699625602,0.0036758180367283313,0.08550982689559125
20252931,2,weight_height_full,0.612578265004675,True,0.295609355578026,0.07305921245043083,0.04586897982303556,0.007481606505760218,0.003789341659614909,0.0851616992033735
20252931,3,bmi_only,0.49320762069810337,True,0.1641592916826804,0.05281981307422342,0.025798187446105073,0.020881081252144808,0.019432419656425108,0.05661815862231576
20252931,3,bmi_age_height,0.4940983773415035,True,0.16502689089740313,0.05235765704479843,0.02543701224765191,0.020522534496608145,0.019174825551655124,0.05650378404762335
20252931,3,bmi_full,0.49805955943700536,True,0.17192552316343426,0.05396378347394801,0.02644555913658542,0.021156141585444287,0.019572463030846112,0.05861269407805161
20252931,3,weight_height_full,0.49769845206546026,True,0.17161437195921522,0.053557507118569166,0.026221822754031825,0.02104772716502712,0.01952600697229134,0.058393487193826935
20252931,4,bmi_only,0.8619833030379849,True,0.3046236629280209,0.11693195475879328,0.11438121025696996,0.041575548261178874,0.0210743009701464,0.11971733543502187
20252931,4,bmi_age_height,0.8678695166687623,True,0.30509200365236905,0.11645049271709759,0.11328637577349789,0.040833644924627266,0.02087671264681639,0.11930784594288162
20252931,4,bmi_full,0.8877561402126072,True,0.30751079395614783,0.11755643282272857,0.11427561336572785,0.041721200785509054,0.021293011525918736,0.12047141049120642
20252931,4,weight_height_full,0.8871505008942607,True,0.3077409713672968,0.11776031914587042,0.11425934501086664,0.04184721431387371,0.02132135086609619,0.12058584014080076
20252932,0,bmi_only,0.6222121218211065,True,0.26383981138808693,0.073009099936057,0.055955850718863616,0.0521760183913961,0.035511912523511865,0.09609853859158311
20252932,0,bmi_age_height,0.6210767414174511,True,0.26512308540016133,0.07245728662850574,0.05527158909035949,0.05171290913507249,0.03505062498209816,0.09592309904723945
20252932,0,bmi_full,1.0497493415547743,True,0.29138570842141354,0.0804495403665899,0.05913269670955819,0.05426238377421172,0.035415263323687884,0.10412911851909223
20252932,0,weight_height_full,0.9962198790871396,True,0.29100614577966644,0.08007763054988734,0.058849975967147375,0.05406484698093199,0.03527668541305637,0.1038550569381379
20252932,1,bmi_only,0.7086380832499335,True,0.28625915061061125,0.09315057322007643,0.07467656391571383,0.02252037620245096,0.0202328426697566,0.09936790132372181
20252932,1,bmi_age_height,0.7058283140419431,True,0.28519293849429855,0.09152398283113429,0.0733209846417174,0.021045497780189576,0.019159823502421694,0.0980486454499523
20252932,1,bmi_full,0.7089966730424955,True,0.2869690925760448,0.09043239819422977,0.07357900265956538,0.022108086774209067,0.01978931045445748,0.09857557813170129
20252932,1,weight_height_full,0.7073420493537155,True,0.2850319943856185,0.0899936420006554,0.07321513613060994,0.02198667232205687,0.019710172744658368,0.09798752351671981
20252932,2,bmi_only,0.7638884478076488,True,0.40599903881629484,0.1287469068539505,0.09838470210197905,0.043020974085466526,0.02135322699684132,0.13950096977090645
20252932,2,bmi_age_height,0.7613163019935206,True,0.39908366158788255,0.1269690703081031,0.09685198285557013,0.04231883725196182,0.02107470401451959,0.13725965120360745
20252932,2,bmi_full,0.755320229851297,True,0.40352324759444547,0.12597558658529998,0.09583026947758391,0.0420619810029191,0.02094628596346652,0.13766747412474298
20252932,2,weight_height_full,0.7565510285106462,True,0.4023568633735943,0.12583098148765642,0.09556246506718159,0.04224771424735779,0.02099571238811324,0.13739874731278068
20252932,3,bmi_only,0.6570580191644563,True,0.22582702168848612,0.09697198316430751,0.09043123501897256,0.03857406834604634,0.037391396922846994,0.09783914102813189
20252932,3,bmi_age_height,0.7100042700755786,True,0.2410778760261611,0.1043937130600368,0.09315826361052566,0.03951437316109857,0.03772039407257887,0.1031729239860802
20252932,3,bmi_full,0.7898832060341491,True,0.285663780514045,0.1344840574676836,0.11746817869465094,0.05758296576209505,0.049851078027538784,0.12901001209320268
20252932,3,weight_height_full,0.7874682375356029,True,0.2851031555069129,0.1340882641086873,0.11719627313577692,0.057457939877277174,0.049759478152365026,0.12872102215620387
20252932,4,bmi_only,0.698520832851027,True,0.2855117983735891,0.05578721116687655,0.045738374937043025,0.022058739870197328,0.020248904631176783,0.08586900579577657
20252932,4,bmi_age_height,0.6945525617694642,True,0.28575588982213085,0.05564915842907215,0.04566173964281467,0.022066389869972836,0.020223869501818995,0.08587140945316189
20252932,4,bmi_full,0.6932991591847546,True,0.27864162821935484,0.05583542511559445,0.045802652342599955,0.022034186401807005,0.02011860374981546,0.08448649916583434
20252932,4,weight_height_full,0.6945705416680305,True,0.2794152191882695,0.05674387671483672,0.046552563337471146,0.0228298444236541,0.020677403412487503,0.0852437814153438
20252933,0,bmi_only,0.5774319001761496,True,0.25077768189025873,0.05146221618162137,0.041052978431460996,0.02013220905089976,0.018969310359215508,0.07647887918269128
20252933,0,bmi_age_height,0.589304078516081,True,0.25828147581912786,0.054647557904967725,0.04282196672727918,0.020738219778021448,0.019282891506137326,0.0791544223471067
20252933,0,bmi_full,0.6166001145304392,True,0.27606051519066627,0.06163784441137982,0.046780676190771316,0.02328628523902075,0.02084894187605866,0.08572285258157937
20252933,0,weight_height_full,0.617968280378671,True,0.27883616946305956,0.06227064892829501,0.04723446561784465,0.023675715751336177,0.021137977634083486,0.08663099547892379
20252933,1,bmi_only,0.8870647515472015,True,0.40059861553573833,0.13340825517441293,0.1289864975579314,0.07660038548789014,0.04038834232270914,0.1559964192157364
20252933,1,bmi_age_height,0.9188485121399161,True,0.4149180087299572,0.13805489480721098,0.13216049040437816,0.07868936122625066,0.041301596202825315,0.1610248702741245
20252933,1,bmi_full,1.3554500677504988,True,0.4257352981185371,0.14071109417032282,0.13403331660300302,0.08017502094181983,0.041440406397753905,0.16441902724628735
20252933,1,weight_height_full,1.3145325259625769,True,0.4219805576364505,0.14023645038358093,0.13348207536487508,0.08029979065367904,0.04144276881699026,0.16348832857111514
20252933,2,bmi_only,0.6039346383781838,True,0.2189988252591073,0.06794785923168815,0.0443694729628945,0.037675090181608945,0.03560797825401934,0.08091984517786364
20252933,2,bmi_age_height,0.6077652708670667,True,0.2248217566133519,0.06650650417294203,0.042527252794008874,0.03632756606529242,0.03465838801209297,0.08096829353153764
20252933,2,bmi_full,0.6272101878163959,True,0.24826407539187692,0.07127990969088076,0.044982578800985946,0.037862483032135,0.035858415316661854,0.08764949244650809
20252933,2,weight_height_full,0.6260875480115007,True,0.24703876063623142,0.07104316570531438,0.04474771507177272,0.03770961815072777,0.03574398093858066,0.08725664810052539
20252933,3,bmi_only,0.49349623108718627,True,0.19680606562441486,0.06270753044506296,0.039977341639280524,0.02082364316719741,0.019683800045393537,0.06799967618426986
20252933,3,bmi_age_height,0.5099736737669283,True,0.20267608472416715,0.06499836817317367,0.041155297684069427,0.02273947056129763,0.020942421018867816,0.07050232843231516
20252933,3,bmi_full,0.5017377745729775,True,0.1967197860963252,0.06349733390531984,0.03984187961451241,0.02263352019198065,0.020847398321409454,0.06870798362590952
20252933,3,weight_height_full,0.5009103089862131,True,0.19634451653118634,0.06321317332177083,0.039696503765975534,0.02258894760185979,0.020828135540610436,0.0685342553522806
20252933,4,bmi_only,0.8796023782208207,True,0.3620579092231576,0.12902075858176104,0.10939503515555911,0.021464985679337422,0.019444899283154033,0.12827671758459386
20252933,4,bmi_age_height,0.8880715843065208,True,0.36355199798159604,0.1291464121279118,0.10844260564710902,0.020246991130106484,0.018534494113706345,0.12798450020008595
20252933,4,bmi_full,0.9071485786348027,True,0.36521758262951837,0.12902345767435025,0.11047443894181318,0.023092035291499082,0.02043432054653057,0.1296483670167423
20252933,4,weight_height_full,0.9054803435681976,True,0.3642775003429008,0.1283214573992506,0.10975422691476436,0.022809363141075144,0.02023793790780575,0.12908009714115934
20252934,0,bmi_only,0.5012920437606544,True,0.16587575406632177,0.06124325091628398,0.055853520091142805,0.021705136007806186,0.019656989092455845,0.06486693003480211
20252934,0,bmi_age_height,0.5164298004477009,True,0.1744748938409729,0.06249328546123528,0.055563115784822224,0.021516971062853184,0.01931429860598665,0.06667251295117405
20252934,0,bmi_full,0.5077053930653556,True,0.16995328748641775,0.06078098168000927,0.054069450738089136,0.02123494528348943,0.019136517202292886,0.0650350364780597
20252934,0,weight_height_full,0.5075330089385109,True,0.16933979287562087,0.060339762136626285,0.053639249373150795,0.021228382923385424,0.019133565493418967,0.06473615056044048
20252934,1,bmi_only,0.8818766018541516,True,0.3240048251071379,0.12996219748318635,0.12185798883425251,0.056355533303264004,0.03780884453003957,0.13399787785157607
20252934,1,bmi_age_height,0.9247334629671314,True,0.33168718935923464,0.1333602954987467,0.12218738061587608,0.055940764554902225,0.03815849412030215,0.13626682482981237
20252934,1,bmi_full,0.9391051003302328,True,0.33412221799252195,0.13654708654562445,0.12409636413554286,0.05827966573971134,0.03958007301923045,0.1385250814865262
20252934,1,weight_height_full,0.9361871957963778,True,0.3331146308935365,0.1363112242306699,0.12375167364065696,0.05830548888298896,0.039539219746656425,0.13820444747890176
20252934,2,bmi_only,0.6804463642327772,True,0.25870619510294196,0.0722407724076503,0.04137791293509846,0.036719309229446946,0.03573196101038922,0.08895523013710538
20252934,2,bmi_age_height,0.684593131397032,True,0.262013436606249,0.0715854536657039,0.041005051858789464,0.03644575097077468,0.035592603657193446,0.08932845935174209
20252934,2,bmi_full,0.6947940766959929,True,0.2698402795628249,0.07411145989157372,0.044576304162692565,0.03906230214558556,0.03734495774936751,0.09298706070240884
20252934,2,weight_height_full,0.6926221793990109,True,0.2680609985097582,0.07360928054919792,0.044076042424924314,0.03870388583684693,0.037079041329519564,0.09230584973004938
20252934,3,bmi_only,0.6002878293431927,True,0.38137015210182,0.08087611448077504,0.06077612329513819,0.021551274581125948,0.020491565163663922,0.1130130459245046
20252934,3,bmi_age_height,0.6047333113250832,True,0.38690458598344646,0.08109942070127661,0.060806537392677655,0.02157768283265195,0.020475996975053985,0.11417284477702132
20252934,3,bmi_full,0.598657305639775,True,0.3745177093266354,0.08029280480709372,0.060075633857895654,0.02169388696155773,0.020507433446306057,0.1114174936798977
20252934,3,weight_height_full,0.6019872081362999,True,0.37629714163775246,0.08051324124804413,0.060200145106427426,0.02179243919572549,0.02057705475700649,0.11187600438899119
20252934,4,bmi_only,0.7585493863379851,True,0.30693792721273466,0.101962463288056,0.07994462837849158,0.03990206236698651,0.020090048089221997,0.10976742586709813
20252934,4,bmi_age_height,0.7948875182695049,True,0.32537705020904595,0.10478035431821431,0.08120888556799005,0.04079702289280278,0.020533298031762192,0.11453932220396304
20252934,4,bmi_full,1.2590161611065311,True,0.3790833221978336,0.11975999240829084,0.09015635185490214,0.04427900816194618,0.021516419403517322,0.130959018805298
20252934,4,weight_height_full,1.3015620649315538,True,0.3796267563672424,0.12016875971652673,0.09054036587987632,0.04457980058244182,0.021741825810801207,0.1313315016713777
20252935,0,bmi_only,0.5771675988540638,True,0.2369813158018637,0.07152262987208728,0.05783835538175539,0.02150096588060408,0.002075018962833774,0.07798365717982886
20252935,0,bmi_age_height,0.5726720249745936,True,0.23472432318927935,0.0708642644017699,0.057050694433501185,0.021179791633379717,0.00201378005923581,0.0771665707434332
20252935,0,bmi_full,0.5721389592492466,True,0.24163227806972137,0.0717407877676113,0.056814966970502645,0.021255057460861117,0.0020600358543056085,0.07870062522460039
20252935,0,weight_height_full,0.5728228898444636,True,0.24234408779846547,0.07161521512063763,0.05679032521419209,0.021284364404670103,0.0020170951615384766,0.07881021753990076
20252935,1,bmi_only,0.5891419267266281,True,0.26435330342922764,0.08579316330130995,0.04514519625258678,0.023123547939679887,0.020896774198275434,0.08786239702421596
20252935,1,bmi_age_height,0.5845561345511392,True,0.264454151857282,0.08476215596480607,0.04434666677423357,0.022661805192332168,0.02057700346468409,0.08736035665066758
20252935,1,bmi_full,0.5785695717051061,True,0.2537147288043909,0.0843009812031179,0.04494886092915319,0.0231205853226776,0.02081475094662837,0.08537998144119359
20252935,1,weight_height_full,0.5792586449835153,True,0.25343726077969275,0.0842795212542475,0.04489362906326534,0.023031574013468968,0.020775489617830923,0.08528349494570109
20252935,2,bmi_only,0.7247052984136494,True,0.2842978370451898,0.06167317541588619,0.058086518378400384,0.021092821446724596,0.019753020146423578,0.08898067448652491
20252935,2,bmi_age_height,0.7445890406314687,True,0.29340140558891253,0.0600266176339028,0.05636837452199791,0.022018653589376578,0.020574693398135516,0.09047794894646508
20252935,2,bmi_full,0.7455764397723789,True,0.2998947831435727,0.05608072604806393,0.053215713582503515,0.021465652241508003,0.020260932232559124,0.09018356144964144
20252935,2,weight_height_full,0.7441022502038036,True,0.2981780849724911,0.05540128053028168,0.05264633612884063,0.021473446324572827,0.02026775593958742,0.08959338077915473
20252935,3,bmi_only,0.9537307400976074,True,0.3220782509670031,0.13075537352674707,0.11438605681192135,0.09288931830221302,0.07621577937645169,0.14726495579686727
20252935,3,bmi_age_height,0.9520154362957822,True,0.32127929337692857,0.1305745284738656,0.11417872991234139,0.09274933625315689,0.07607712060789264,0.14697180172483698
20252935,3,bmi_full,1.3484864679004718,True,0.3362847911538964,0.13621711286148716,0.1167140873888659,0.09447046748699782,0.0760667571743621,0.15195064321312188
20252935,3,weight_height_full,1.3507000680465526,True,0.334810234237558,0.1355932519906873,0.11625015619651397,0.09424964431783701,0.07590632317141358,0.15136192198280196
20252935,4,bmi_only,0.6024476886544272,True,0.3160995746961411,0.09772105105697988,0.0897763271534227,0.021330685904773376,0.01905351749882665,0.10879623126202873
20252935,4,bmi_age_height,0.6263545000999832,True,0.3314340936783322,0.10286339547264622,0.09294142405038569,0.020529646356982276,0.018356113894530426,0.11322493469057537
20252935,4,bmi_full,0.6427017301865842,True,0.3360470282261493,0.10861606037492999,0.09816401653803172,0.023971052351765137,0.02052496665763442,0.1174646248297021
20252935,4,weight_height_full,0.6400905794640125,True,0.33490750360514343,0.10857915112097594,0.09805452793966746,0.024121716851914537,0.020592111388671692,0.1172510021812746
20252936,0,bmi_only,0.6199601286413438,True,0.3027785442664891,0.07572718917642038,0.05942262323972139,0.038432511958369144,0.037373510014490116,0.10274687573109802
20252936,0,bmi_age_height,0.6188135495665308,True,0.30767166993748973,0.07501997049008027,0.05852094127860671,0.03769273347149386,0.036882443803356736,0.10315755179620545
20252936,0,bmi_full,0.6279932662416338,True,0.3052092111300758,0.0801654423688681,0.05999016165549881,0.038282955174541555,0.03690014261944356,0.10410958258968557
20252936,0,weight_height_full,0.6273408430824815,True,0.30466961917399726,0.08008162788918355,0.059934266396266575,0.03829993120419388,0.03692438433535594,0.10398196579979943
20252936,1,bmi_only,0.8167352242318222,True,0.28554053390751144,0.11903221839481246,0.11886920286955777,0.05466599167466839,0.05356393419113874,0.12633437620753774
20252936,1,bmi_age_height,0.8248829969968479,True,0.288489351991341,0.11815958372009563,0.11754955532740882,0.05105618255626726,0.050968088489545954,0.12524455241693172
20252936,1,bmi_full,0.8445328498449894,True,0.29772731254048407,0.1224295303785043,0.12138473296655945,0.0539220056704128,0.053148630382439374,0.12972244238768
20252936,1,weight_height_full,0.837393797952281,True,0.29495928018517903,0.12152298580008528,0.12075074505936632,0.05355917145432114,0.052898501413975146,0.12873813678258536
20252936,2,bmi_only,0.6967198509196565,True,0.31983882275379855,0.10504499097906332,0.09243833802829148,0.04021088423442208,0.002042208368574387,0.11191504887282996
20252936,2,bmi_age_height,0.7036980568696304,True,0.3226729456947556,0.10664095516863441,0.09360726688511967,0.04038354538236347,0.002134030914946212,0.11308774880916388
20252936,2,bmi_full,1.0903505059443086,True,0.33594613337115464,0.11133278438997075,0.09667854557920623,0.04260295514956569,0.002229687641792538,0.11775802122633797
20252936,2,weight_height_full,1.1214173477897134,True,0.33548349147021683,0.11078627094913428,0.0962270469486179,0.04259914059422023,0.0021746827998230275,0.11745412655240246
20252936,3,bmi_only,0.6138926017923366,True,0.23963449537238352,0.07035954043312143,0.0577795083457824,0.03809897118358139,0.037353011160878385,0.08864510529914942
20252936,3,bmi_age_height,0.6275247434229883,True,0.23999522022427583,0.07137918934037124,0.0576368746951566,0.0391037748300305,0.037923718496274905,0.0892077555172218
20252936,3,bmi_full,0.6159096564764912,True,0.2323682287060259,0.06994918793918083,0.05744503051252062,0.0398400971238798,0.038499333813835086,0.08762037561908845
20252936,3,weight_height_full,0.6143618545548695,True,0.23097702554997496,0.06960881395565469,0.057289129025313364,0.03985525108619312,0.038467919938205336,0.08723962791106829
20252936,4,bmi_only,0.7101558823063654,True,0.27529749516824215,0.06850127390284626,0.02383988479523701,0.004425876894161511,0.0023933180050710007,0.07489156975311159
20252936,4,bmi_age_height,0.71385679771997,True,0.2738264262158532,0.0711638832635401,0.025138478905501905,0.005176116748714304,0.0027887334515065386,0.07561872771702322
20252936,4,bmi_full,0.7183579374537679,True,0.28214855105570097,0.0703348369435421,0.024185187236702276,0.004772062622709382,0.002559106805955417,0.07679994893292202
20252936,4,weight_height_full,0.7191778069579553,True,0.28157726059335747,0.07021203683170693,0.023997389602193785,0.0048214058254844455,0.0025972569359320606,0.07664106995773493
20252937,0,bmi_only,0.8196676120474139,True,0.3570024430829073,0.12072303575038228,0.1049712270202122,0.05705096895826668,0.03677916750748445,0.13530536846385058
20252937,0,bmi_age_height,0.8241371588174884,True,0.36117651893193103,0.1206228278501336,0.10522250353620988,0.05692030597206123,0.03672918352706688,0.13613426796348052
20252937,0,bmi_full,0.8374856255764485,True,0.3752581317999084,0.12225557836836187,0.10564536666781982,0.05760214157976755,0.03739680488028694,0.13963160465922891
20252937,0,weight_height_full,0.8367069638838763,True,0.37290386269338177,0.12167466271598236,0.10515250588713224,0.057566633496973225,0.03730637787458149,0.13892080853361022
20252937,1,bmi_only,0.7672004438775973,True,0.2838929988605481,0.10387714809637022,0.090327041209076,0.055175257141835764,0.053987400168764944,0.117451969095319
20252937,1,bmi_age_height,0.803081259284643,True,0.2933704955190508,0.10572571624730354,0.08955866546287061,0.052821376673437316,0.051964380929111265,0.11868812696635471
20252937,1,bmi_full,0.8068694212283717,True,0.3062962493482498,0.10853677014122694,0.09122367622322482,0.05441436699342042,0.05323673748863559,0.1227415600389515
20252937,1,weight_height_full,0.8050037389166328,True,0.3062678460735774,0.1083469860796351,0.09099438717446487,0.05427744557142871,0.053110408494238835,0.12259941467866897
20252937,2,bmi_only,0.7013686217977596,True,0.23823596627898497,0.07477546598818398,0.04645874989368645,0.005211590896617112,0.0025915836956362857,0.07345467135062175
20252937,2,bmi_age_height,0.7114503193680605,True,0.23927568263363178,0.07474656001719591,0.0457515734458122,0.005289444999550377,0.0026373843279726417,0.07354012908483258
20252937,2,bmi_full,0.7032945370655669,True,0.23710191621836044,0.0732612267264839,0.045447125100704304,0.005762238212859487,0.0029123825617204386,0.07289697776402572
20252937,2,weight_height_full,0.7011189927675849,True,0.23488292150792717,0.07292582626454805,0.04515805278120899,0.005875003363917869,0.002996408925960399,0.0723676425687125
20252937,3,bmi_only,0.503175180539456,True,0.27429747154896744,0.0669515361699524,0.05872658346159443,0.020504713595086543,0.01909413959600624,0.08791488887432142
20252937,3,bmi_age_height,0.5087944486204471,True,0.27561339823860875,0.0671922036702589,0.05865663519689212,0.020611391127547875,0.01912138845877918,0.08823900333841737
20252937,3,bmi_full,0.5163298150874488,True,0.28079376332326655,0.06714921396779172,0.05848037603220937,0.02001397671022081,0.018670693721265848,0.08902160475095086
20252937,3,weight_height_full,0.5160043984080391,True,0.2826222792981514,0.06709277996788596,0.05849374532826058,0.020000022159298872,0.018683388528950285,0.08937844305650942
20252937,4,bmi_only,0.6232863934930741,True,0.2809933366879502,0.07537182320923344,0.05828836840580062,0.03777127546706609,0.019768390788889086,0.0944386389117879
20252937,4,bmi_age_height,0.6190783747022703,True,0.278926930516884,0.07425475873775486,0.0574410678015328,0.03731453935887054,0.019618148951265988,0.09351108907326164
20252937,4,bmi_full,0.9837983682177337,True,0.2903495538017748,0.07857093455576572,0.060825883041761765,0.039807053951110755,0.0196221636317141,0.09783511779642544
20252937,4,weight_height_full,0.9745861640929916,True,0.289817375263254,0.07851486423685253,0.060726498153157525,0.03982950876896404,0.0196379822743211,0.09770524573930983
20252938,0,bmi_only,0.5620413469381853,True,0.28638925965433437,0.058994056881674674,0.029431986197972333,0.006745262404287461,0.003436568205867679,0.07699942666882731
20252938,0,bmi_age_height,0.5581811318005485,True,0.2838462863265713,0.05894180079666169,0.029425594851747672,0.007010207127604463,0.0036081114855831178,0.07656640011763363
20252938,0,bmi_full,0.553657539458001,True,0.28275390873212225,0.05908909790874415,0.02986423751465375,0.007313084293110724,0.0038434504132964756,0.07657275577238547
20252938,0,weight_height_full,0.5548869050870655,True,0.284869691744116,0.05988599646578091,0.03045915027078259,0.007722076915412962,0.004127479877306715,0.07741287905467985
20252938,1,bmi_only,0.7285135055285076,True,0.3086701462323916,0.0987527834261507,0.08555593358085212,0.0372658104110535,0.036104178299664655,0.1132697703900225
20252938,1,bmi_age_height,0.7364660449817684,True,0.3160728769586194,0.09775911764200007,0.08410731643501841,0.03612265741758573,0.03520641404319223,0.11385367649928317
20252938,1,bmi_full,0.7336868804334271,True,0.3126553227641095,0.09875713762797604,0.08442662845712648,0.037266697789132046,0.03604023491416639,0.1138292043105021
20252938,1,weight_height_full,0.7313742993009785,True,0.31113771351884945,0.09829637019636106,0.08405271479305693,0.03708058116752254,0.035905149619749305,0.11329450585910786
20252938,2,bmi_only,0.7443640125310433,True,0.306747550159896,0.084169667250916,0.06281108132882689,0.02094538662741932,0.01903419354861347,0.09874157578313433
20252938,2,bmi_age_height,0.7485881954650055,True,0.3107500478707866,0.08582630107167845,0.06386537421825025,0.020592735297820852,0.018804035210236308,0.0999676987337545
20252938,2,bmi_full,0.7781210013706815,True,0.3241253558569941,0.0890542759565523,0.06474711526331699,0.020983998744297936,0.019008115094634213,0.1035837721831591
20252938,2,weight_height_full,0.7789941876489563,True,0.3251838535031862,0.08894264878132577,0.0646925049281829,0.020956814737904752,0.019006861588317065,0.10375653670778333
20252938,3,bmi_only,0.6547393471874696,True,0.2658070956585435,0.09423614462350603,0.07734045999271245,0.040163683008608564,0.0208105680512693,0.09967159026692797
20252938,3,bmi_age_height,0.652175191006209,True,0.26490632508142836,0.0941711146559588,0.07732222649248689,0.039686680974229255,0.020424843991421006,0.09930223823910486
20252938,3,bmi_full,1.0623476334265587,True,0.2810793980574926,0.10465813620936303,0.08478724110239526,0.04435658372250975,0.02156757402722574,0.10728978662379729
20252938,3,weight_height_full,1.0350132246145751,True,0.27769909894847083,0.10422636951781568,0.08443599508599554,0.04449205857054478,0.021650714301884602,0.10650084728494227
20252938,4,bmi_only,0.7783210915216253,True,0.2653562708304914,0.11672206338793814,0.10909947227466703,0.0754841152517654,0.058899909797525414,0.1251123663084775
20252938,4,bmi_age_height,0.7812044893674535,True,0.2600034395156118,0.11388491676099048,0.10607956243599971,0.07492421181042395,0.05883263672696518,0.12274495344999821
20252938,4,bmi_full,0.7767598215075462,True,0.26251968164726847,0.11171167829427747,0.1052062291596272,0.0754750038238597,0.05927044114126981,0.12283660681326052
20252938,4,weight_height_full,0.7749730680033363,True,0.2607292676926668,0.110786893609316,0.10468910440968339,0.07537986598844415,0.05914856422732889,0.12214673918548784
20252939,0,bmi_only,0.7077971942548296,True,0.24059620833155126,0.09305183218615443,0.08931760324656456,0.0389215690439533,0.020304056324623555,0.09643825382656943
20252939,0,bmi_age_height,0.7023657719103217,True,0.23738155310040784,0.09157152453374207,0.08801840904959304,0.039273687160870596,0.020828291003699623,0.09541469296966262
20252939,0,bmi_full,1.0814384541603534,True,0.2634252990302924,0.09654616158615592,0.09124004799334283,0.04158691571075781,0.020777841241055067,0.1027152531123208
20252939,0,weight_height_full,1.083545916810466,True,0.26331728091607526,0.09672175057048861,0.09121356367781418,0.04202184474837653,0.021058400584947727,0.10286656809954045
20252939,1,bmi_only,0.6799499404413617,True,0.3027871755273846,0.08499745258730312,0.058996833257686176,0.03677943202369037,0.03664390724251831,0.1040409601277165
20252939,1,bmi_age_height,0.6813266214854623,True,0.3037494241416695,0.0858073267786288,0.05885334666751383,0.03628951243472342,0.036281967916195604,0.10419631558774625
20252939,1,bmi_full,0.6699102553756489,True,0.2978222878595847,0.08286332443099417,0.05806058608450846,0.03586542083673518,0.035999331875979854,0.10212219021756046
20252939,1,weight_height_full,0.6689776575959201,True,0.2969262069429796,0.08252901157118438,0.058039743175513116,0.035869487985529726,0.03601505870350686,0.10187590167574274
20252939,2,bmi_only,0.6856658055718924,True,0.3683938460333408,0.07402883730001901,0.04412980933327798,0.004055243042008302,0.00292482218048227,0.09870651157782569
20252939,2,bmi_age_height,0.6819765681842709,True,0.3696700736373163,0.0734269946637062,0.043522743050633174,0.0035615955462908982,0.00252965118181384,0.09854221161595209
20252939,2,bmi_full,0.6995790728879692,True,0.3812630275046845,0.07779621225700388,0.0456073950606462,0.004650947088467272,0.002945802588076881,0.10245267689977573
20252939,2,weight_height_full,0.6970890612697974,True,0.3807755568135536,0.07740043764986747,0.045166818850336486,0.00436232427042137,0.0027208223613518732,0.10208519198910615
20252939,3,bmi_only,0.7861681948002662,True,0.4088844110247193,0.11311977856203427,0.09071477243023385,0.05852002388658018,0.05582940976090182,0.14541367913289388
20252939,3,bmi_age_height,0.7852015797554962,True,0.4051967082093495,0.1114014977579296,0.08902348241197856,0.05608127452343823,0.05402227616620513,0.1431450478137802
20252939,3,bmi_full,0.7860449134088745,True,0.40974268342510617,0.1151985573757859,0.09175797878192933,0.0582520142514964,0.05562617706101376,0.14611548217906634
20252939,3,weight_height_full,0.7850880639871486,True,0.4074686483560031,0.1148985335443746,0.0914804436529602,0.05803661639908689,0.055454912858548894,0.1454678309621947
20252939,4,bmi_only,0.5817114907368445,True,0.17941424564881692,0.0786820785822496,0.07406899130635934,0.03861323702314048,0.019051420567346367,0.07796599462558254
20252939,4,bmi_age_height,0.5849517559172432,True,0.18218518938869696,0.0774557886046154,0.07267339702079047,0.037048878769254806,0.018305438551182433,0.07753373846690802
20252939,4,bmi_full,0.5988956189462474,True,0.18453573554297617,0.08326712091038638,0.07635736531467534,0.04001588003334223,0.02030693451680954,0.08089660726363793
20252939,4,weight_height_full,0.5956593780708603,True,0.1831015625745981,0.08266303750676561,0.07588680524849578,0.03990935845457552,0.020164077373248802,0.08034496823153678
20252940,0,bmi_only,0.6266504399367688,True,0.2332483636532338,0.06317761633429257,0.05473366962842765,0.019209947440166554,0.017847207825455423,0.07764336097631519
20252940,0,bmi_age_height,0.6322855963179045,True,0.23610737444424082,0.06467944755677944,0.055566862614764755,0.018506249716174657,0.017279457746874664,0.07842787841576686
20252940,0,bmi_full,0.6593153175991091,True,0.2640662466122914,0.07332118569057057,0.06121605016522227,0.0215066930297503,0.019274034704564676,0.08787684204047982
20252940,0,weight_height_full,0.6559068669087538,True,0.26229864889743687,0.07237592688055033,0.06057790071291992,0.021224024987412802,0.0190753176012881,0.0871103638159216
20252940,1,bmi_only,0.593404229283328,True,0.26654477970716,0.06757517894332153,0.06254199253388187,0.0048246248958018784,0.002382879517832937,0.08077389111959965
20252940,1,bmi_age_height,0.6151325700830051,True,0.28832651663730524,0.06888126038837347,0.0625914838567718,0.005092301655867857,0.0025692869484681426,0.08549216989735732
20252940,1,bmi_full,0.640947846741038,True,0.3069577580746817,0.07333190588134318,0.0644922667437733,0.006544293590600699,0.003406748950642141,0.0909465946482082
20252940,1,weight_height_full,0.6420595271417165,True,0.3099133914234407,0.07380591238453665,0.06484776225666565,0.006841226612993164,0.00361892592857062,0.09180544372124136
20252940,2,bmi_only,0.5888703201721108,True,0.22600957836050725,0.07575990487370651,0.07250211156843059,0.037477934907729445,0.03750645362653604,0.08985119666738198
20252940,2,bmi_age_height,0.6036086710120195,True,0.2224736051274474,0.07750755730260624,0.07289728527350063,0.038691692530520766,0.03820208480374056,0.08995444500756311
20252940,2,bmi_full,0.5971513404044585,True,0.21513294558405854,0.07724826009389171,0.07254156683483372,0.03910375522903025,0.03844008460622714,0.08849332246960825
20252940,2,weight_height_full,0.5966636424809871,True,0.21445016770642386,0.07693243287506478,0.07238216795944177,0.03920615264805141,0.038515623572444334,0.08829730895228523
20252940,3,bmi_only,0.9804191554643191,True,0.3834050921099781,0.1539600614365109,0.1000375508455643,0.07633515675535935,0.05741999667597004,0.15423157156467654
20252940,3,bmi_age_height,1.016280152335946,True,0.39972515602355435,0.16131985459603218,0.10217750958735385,0.07702335401927163,0.05728874238583443,0.1595069233224093
20252940,3,bmi_full,1.40444265335523,True,0.40615069120629976,0.16236572591641668,0.10374699653669528,0.07828688860263619,0.05726258830273624,0.16156257811295682
20252940,3,weight_height_full,1.4293424443123346,True,0.4031407509335057,0.16139198280373004,0.10337695358475343,0.0780729809282807,0.05709861916619011,0.160616257483292
20252940,4,bmi_only,0.668721299883722,True,0.33646674416504696,0.09411565970393039,0.074333808398334,0.04171493891441279,0.02076261578554953,0.11347875339345473
20252940,4,bmi_age_height,0.6692248526280634,True,0.3326818877155526,0.09440459765778104,0.07425949122950885,0.04187433736899719,0.02087422214463967,0.11281890722329586
20252940,4,bmi_full,0.6726998027285058,True,0.33122043578508353,0.095062891500022,0.07384197152620328,0.042778406028295496,0.021335581897868952,0.11284785734749467
20252940,4,weight_height_full,0.6719138377151913,True,0.32822057890596246,0.09468988876690053,0.07348519272755077,0.04292055416256417,0.02136935020319229,0.11213711295323406
20252941,0,bmi_only,0.7677815655550075,True,0.2726532268049081,0.09301918359003096,0.044438756750815565,0.0049605492065205176,0.0027942917359610182,0.08357320161764722
20252941,0,bmi_age_height,0.7700286211224237,True,0.2759726838215143,0.09250605621719363,0.042658226276056484,0.0049455887660162625,0.002710036951528138,0.08375851840646177
20252941,0,bmi_full,0.7865373729378793,True,0.2946258231321456,0.09884072835611452,0.043703925024970405,0.005256525999331466,0.002713881684995543,0.0890281768395115
20252941,0,weight_height_full,0.786035264775105,True,0.29397319212343687,0.09887485901681108,0.043695854165188106,0.005300590322457647,0.0027376171723029496,0.08891642256003934
20252941,1,bmi_only,0.5093090527873699,True,0.21782834804236653,0.07419093256648793,0.0542835996157922,0.018965153864838002,0.01797901728752363,0.07664941027540166
20252941,1,bmi_age_height,0.5107274992138747,True,0.2197800427199978,0.0735025511310716,0.05387876029006211,0.018106325981362328,0.01735355449801617,0.076524246924102
20252941,1,bmi_full,0.5442378261079625,True,0.2502636397678172,0.08043641650248445,0.0592584291920756,0.02060118408783006,0.01914353513766386,0.08594064093757423
20252941,1,weight_height_full,0.541695391810984,True,0.24911794145927801,0.07986720567284408,0.058845733231825396,0.020302450463983397,0.01894042969116779,0.08541475210381974
20252941,2,bmi_only,0.7946291871322558,True,0.3147444244205443,0.1333278787072692,0.1386460931885486,0.07627827091881903,0.05847621224385336,0.14429457589580688
20252941,2,bmi_age_height,0.835051060485454,True,0.31996121719334436,0.13554521058372734,0.13885574387928176,0.07532481511599885,0.05824552840542433,0.14558650303555534
20252941,2,bmi_full,1.2354314147565104,True,0.3378235192797866,0.14125466202191905,0.14277977519314514,0.07873311107879517,0.058788795477365485,0.1518759726102023
20252941,2,weight_height_full,1.2141925905570154,True,0.3358003308126328,0.14064668065612868,0.14232247007552792,0.0785462152228867,0.058644414687451324,0.1511920222909255
20252941,3,bmi_only,0.6560140389391873,True,0.29586368777417194,0.06867759689275499,0.05990562388982168,0.022744731685530584,0.020704485040572682,0.09357922505657038
20252941,3,bmi_age_height,0.65153064047743,True,0.29137828888933204,0.06801505133829709,0.05887866621127399,0.022140489633053952,0.020230375006483437,0.0921285742156881
20252941,3,bmi_full,0.6553606185949149,True,0.29058789515464106,0.06837222550716525,0.05852023857553561,0.023316178105359818,0.020998048946523157,0.09235891725784498
20252941,3,weight_height_full,0.6551901849385933,True,0.28914970197668166,0.06799932257717584,0.05803845092860726,0.023362873496105243,0.02102362942815702,0.09191479568134539
20252941,4,bmi_only,0.714325702818081,True,0.3012595083618806,0.06829565548455672,0.05985957044258716,0.054134197556698585,0.03696351507227214,0.10410248938359905
20252941,4,bmi_age_height,0.7110437590648365,True,0.30055541695408977,0.06758569733359991,0.05938215408163405,0.05381762880895876,0.036795014136582885,0.10362718226297307
20252941,4,bmi_full,0.7251893805450826,True,0.30547484951618853,0.06880536300485052,0.05957193016610268,0.05373019572909789,0.03672504759206143,0.10486147720166021
20252941,4,weight_height_full,0.7279664842563836,True,0.30697059236092694,0.06956526317911332,0.06013469130147087,0.05417536627005492,0.03696181239524698,0.10556154510136259
20252942,0,bmi_only,0.9041439670080512,True,0.3603078114403846,0.10764818761230929,0.09847594382167,0.03955900896470443,0.0380103491756269,0.12880026020293905
20252942,0,bmi_age_height,0.9750414691859969,True,0.3979257247674985,0.11500152579131187,0.10357030372983635,0.04095713666709267,0.038965662380438464,0.13928407066723555
20252942,0,bmi_full,0.9875611762777865,True,0.3959428373253326,0.11599070783784382,0.10421675202595733,0.041158113236728223,0.03909208224932369,0.13928009853503714
20252942,0,weight_height_full,0.9861558967371031,True,0.3969247567763301,0.11642876658209349,0.10469741698201811,0.041591939662522705,0.03941837544635621,0.13981225108986411
20252942,1,bmi_only,0.6713122178517602,True,0.24873195441007656,0.09159536634225816,0.08777086458082513,0.054975546757150114,0.019537389669257676,0.10052222435191353
20252942,1,bmi_age_height,0.6769556930429267,True,0.25010461315677684,0.09193431373427496,0.08779113262412436,0.05546172763147628,0.019875207930642604,0.101033399015459
20252942,1,bmi_full,1.0903833783934695,True,0.26588058018451954,0.09888914478119935,0.09116688833295783,0.0578279648591881,0.020428515104364272,0.10683861865244582
20252942,1,weight_height_full,1.107907114035964,True,0.26324211390134983,0.0984733236494902,0.09083776237346827,0.057924603355242556,0.020435726453223894,0.10618270594655495
20252942,2,bmi_only,0.832500855507768,True,0.37970783177157036,0.1091316953125745,0.08146891296336202,0.04008666368959879,0.038233616210541624,0.12972574398952946
20252942,2,bmi_age_height,0.8284771333429305,True,0.37787687922408003,0.10795738035192791,0.07955960669809603,0.03827676227555203,0.03692148835254674,0.12811842338044055
20252942,2,bmi_full,0.8431270561900025,True,0.38780464619910304,0.11604222956488006,0.0853186221558294,0.042226204440526806,0.039595676073548594,0.1341974756867776
20252942,2,weight_height_full,0.8405024461198941,True,0.3865822952538175,0.11545503905393711,0.08475963236510152,0.04193590696284302,0.03938611420188415,0.13362379756751666
20252942,3,bmi_only,0.4507902993791311,True,0.20339669387053286,0.04480709615612067,0.025927938711610435,0.02167466557039829,0.020009716459873476,0.06316322215370715
20252942,3,bmi_age_height,0.4493192069586064,True,0.20070488162238814,0.04410415583400506,0.025295295232573754,0.021183324500195572,0.019651220338249786,0.062187775505482455
20252942,3,bmi_full,0.4427678804594309,True,0.2049698333359217,0.04244699651997739,0.02413334558295717,0.02061318262762218,0.019310219524753484,0.06229471551824638
20252942,3,weight_height_full,0.44259824197173125,True,0.20454419381978733,0.0424108236019137,0.024121092106716226,0.020665173642183312,0.019347841828914254,0.06221782499990296
20252942,4,bmi_only,0.6286896991389487,True,0.23242174776503463,0.0998269069632152,0.07119880683644605,0.02005026151015988,0.01895697473580238,0.08849093956213164
20252942,4,bmi_age_height,0.6236548494253435,True,0.2288821411909639,0.098592275591043,0.06998574156907146,0.019639483068702182,0.018616309816784207,0.08714319024731294
20252942,4,bmi_full,0.641133217418084,True,0.2485483887453626,0.10195864475575822,0.07329297183039414,0.021462462377024278,0.0199023816421886,0.09303296987014556
20252942,4,weight_height_full,0.639888903494157,True,0.248065022002904,0.10142450040926429,0.0727596038261747,0.02116399334359326,0.019683866465829737,0.0926193972095532
20252943,0,bmi_only,0.6652683135777755,True,0.30645428970797545,0.09144424455174738,0.0610746286033599,0.021169951641760405,0.020209136449892792,0.10007045019094718
20252943,0,bmi_age_height,0.6828458266446465,True,0.3092654147503469,0.0955224876124759,0.06389571744730986,0.022581777918780573,0.02113284250361356,0.10247964804650536
20252943,0,bmi_full,0.6924998415011656,True,0.32562756451378133,0.09673536865466432,0.06412190904383455,0.022172528810511155,0.020760998058482905,0.10588367381625483
20252943,0,weight_height_full,0.6919280225699792,True,0.3250906665591262,0.09650774075356057,0.06388145463359844,0.022093538904978866,0.020708423453654555,0.10565636486098373
20252943,1,bmi_only,0.7413085575229166,True,0.2836881305489557,0.11876715605931387,0.10513097708613772,0.021475243970872467,0.01925730239741602,0.10966376201253913
20252943,1,bmi_age_height,0.7551889889404815,True,0.2921374246137151,0.11879424749058343,0.10485670171742066,0.020123464471695888,0.018165948039993794,0.11081555726668177
20252943,1,bmi_full,0.7764753690944799,True,0.29769614456729804,0.12627806887689905,0.10925715860598877,0.023606074290185016,0.020327188827819233,0.11543292703363801
20252943,1,weight_height_full,0.7721865040231077,True,0.2939890044275166,0.1255243092269806,0.10861941477294641,0.02341736403609872,0.02016032689427979,0.11434208387156444
20252943,2,bmi_only,0.487098950894357,True,0.17145450404296472,0.058071558720856814,0.04386666738049337,0.03906681171585797,0.02045883765253629,0.06658367590254184
20252943,2,bmi_age_height,0.4919346841814552,True,0.1731874746951604,0.05849071141575538,0.04318784805740311,0.03829210959311991,0.02038942201974734,0.06670951315623723
20252943,2,bmi_full,0.8802430133736202,True,0.19680401124072153,0.06500367055338314,0.047919168223084244,0.04139121476158904,0.02040087390594493,0.07430378773694457
20252943,2,weight_height_full,0.8458101132107619,True,0.1972888077093141,0.06527541029687882,0.04826920729194406,0.041610186478639365,0.020544305726781845,0.07459758350071163
20252943,3,bmi_only,0.8701243790851122,True,0.34884272346129586,0.09920035489441373,0.07625592395792145,0.055525070436515514,0.03635282998699012,0.12323538054742733
20252943,3,bmi_age_height,0.8711480993806067,True,0.35132686431811827,0.09809543531082263,0.07551742616449432,0.055180969171892864,0.036219065218762114,0.12326795203681802
20252943,3,bmi_full,0.8781878950460236,True,0.3587066143724205,0.09905563827155266,0.07521745825741508,0.05624003833774473,0.037108401341052935,0.1252656301160372
20252943,3,weight_height_full,0.8791895776360276,True,0.3585998819379257,0.09819162085744358,0.0744844088915905,0.05605911072543439,0.036921630142529124,0.12485133051098465
20252943,4,bmi_only,0.6567159938680306,True,0.2998977295415501,0.07426254966960599,0.07240728768337805,0.03753359428737623,0.03668260380189918,0.1041567529967619
20252943,4,bmi_age_height,0.6690267869736397,True,0.30678061723713457,0.07649484031180134,0.07405251727429484,0.038345919815420036,0.03723473884765571,0.10658172669726129
20252943,4,bmi_full,0.662190912392446,True,0.3042629305662647,0.07471108586341298,0.07300472907200935,0.038122363479228,0.03713449445033433,0.10544712068624987
20252943,4,weight_height_full,0.6613837345377094,True,0.3035673204809085,0.07451596377015193,0.0729097222986476,0.03815276760874143,0.03716039878845027,0.10526123458937994
20252944,0,bmi_only,0.7400537859850056,True,0.30924187807100273,0.07711972778107053,0.06420687240111449,0.0407529581266626,0.03867051152376467,0.10599838958072301
20252944,0,bmi_age_height,0.7415639608789549,True,0.30957799126283847,0.07721432738313706,0.06429332932443167,0.040755832846583705,0.0386787485985199,0.10610404588310215
20252944,0,bmi_full,0.743779813564161,True,0.3034420298298622,0.07787221266890317,0.06494656346237418,0.0415008568562517,0.039213439196890035,0.10539502040285624
20252944,0,weight_height_full,0.7448445394292516,True,0.3036468964486654,0.07841853413381053,0.06536690658130365,0.04198767438296037,0.039540681788743315,0.10579213866709662
20252944,1,bmi_only,0.5786784151298675,True,0.26999006367643086,0.0757924091761473,0.061823158790299926,0.024207301679481957,0.003305303780845194,0.08702364742064105
20252944,1,bmi_age_height,0.575206521921846,True,0.2681657038229089,0.07494737960036056,0.060823504934456984,0.023841565365658946,0.003221237125786615,0.0861998781698344
20252944,1,bmi_full,0.5860105971398585,True,0.2897249618126286,0.07571055805798513,0.05934285058844782,0.022881736068490546,0.0026124528312011326,0.09005451187175065
20252944,1,weight_height_full,0.58516489469592,True,0.2883996378258623,0.07522979614055737,0.058890687387578765,0.022924951281139656,0.0025781830519815588,0.08960465113742391
20252944,2,bmi_only,0.6965198669793946,True,0.26708161345347575,0.07956522364701216,0.05681076320227508,0.02107151143323997,0.018874266903823107,0.08868067572796522
20252944,2,bmi_age_height,0.7587564586704502,True,0.2910140785969235,0.09143522462829451,0.0636654203361391,0.02460837655492193,0.020913374476172215,0.09832729491849025
20252944,2,bmi_full,0.8341339346895195,True,0.34294702999361115,0.12292393622310374,0.08397817728334922,0.03862320170618074,0.02986534983923835,0.12366753900909663
20252944,2,weight_height_full,0.8350712076484139,True,0.34398640126408514,0.12302557731755641,0.08399745298443313,0.03862674158049117,0.02985256099376908,0.123897746828067
20252944,3,bmi_only,0.7387688549035966,True,0.2506103415847168,0.11206630795351633,0.09201843462310805,0.055156570496666536,0.03749639283125086,0.1094696094978517
20252944,3,bmi_age_height,0.7575422692926328,True,0.26256448450336745,0.1150228759771121,0.09314890339895952,0.053433714841339304,0.036418691963571406,0.11211773413686996
20252944,3,bmi_full,1.1386911611468558,True,0.27580345130090206,0.12023374070703977,0.09794180961835695,0.056914062543952204,0.037195089720933466,0.11761763077823688
20252944,3,weight_height_full,1.2626890290613375,True,0.27450442912685846,0.11979320422970399,0.09765007428394497,0.056782161914669,0.037100043489529624,0.1171659826089412
20252944,4,bmi_only,0.7067057847823686,True,0.3479944944472171,0.10537760889439232,0.09002291152899534,0.03758147161724234,0.03770200010747378,0.12373569731906417
20252944,4,bmi_age_height,0.7022511715905991,True,0.34351979366451824,0.10398840620132081,0.08886648622748176,0.03711987427284741,0.03736189067444534,0.12217129020812272
20252944,4,bmi_full,0.7071734260356722,True,0.344307661077629,0.10480693667113644,0.08936446308792301,0.03842275843904939,0.03822273275079655,0.1230249104053069
20252944,4,weight_height_full,0.7042456475223988,True,0.34144565601866245,0.10398255858579972,0.08874436514582479,0.03818689927279388,0.03805512870170304,0.12208292154495677
20252945,0,bmi_only,0.6956043931740349,True,0.2780735852285334,0.08651470070181556,0.06681309060732972,0.026082639165430032,0.004795003423409635,0.09245580382530368
20252945,0,bmi_age_height,0.697273914026512,True,0.282891390224856,0.08516849338134282,0.0650441824045297,0.025599012139785566,0.0050047052627639,0.09274155668265559
20252945,0,bmi_full,1.0831599455815288,True,0.3104667866251033,0.09448061746613894,0.0708057681967915,0.029218931050073352,0.005399138279483914,0.10207424832351822
20252945,0,weight_height_full,1.1281011619015944,True,0.3109022414950988,0.09522316350240713,0.0712860625045006,0.030043485905628428,0.006009189471106705,0.10269282857574832
20252945,1,bmi_only,0.5161503897438079,True,0.21664394241655338,0.059698268103268066,0.053530299692991404,0.03524573727038898,0.03498303552959553,0.08002025660255947
20252945,1,bmi_age_height,0.5155497092055928,True,0.2131330844869971,0.058763077082710696,0.05232955610228459,0.03425823178814552,0.03414651236328879,0.07852609236468534
20252945,1,bmi_full,0.5205083453360765,True,0.22286403512240124,0.060808230788005756,0.05375615818728291,0.03534127799099027,0.03492178385156721,0.08153829718804947
20252945,1,weight_height_full,0.5189075528557564,True,0.22175543700190065,0.06024450234184111,0.05331618747084932,0.03503269091686034,0.034693336884587596,0.0810084309232078
20252945,2,bmi_only,0.49772397385234135,True,0.1983118257094974,0.06272947515967024,0.05664206292752506,0.0041014919299671064,0.0019933258057646197,0.06475563630648488
20252945,2,bmi_age_height,0.510921399467029,True,0.20973841529801526,0.06474866737484856,0.05837421732406902,0.0037002455682761176,0.0017805570007113096,0.06766842051318406
20252945,2,bmi_full,0.5073568518477763,True,0.20617628879418917,0.0645573784894748,0.05838943636345769,0.0036710811165663526,0.0017792728579641187,0.06691469152433042
20252945,2,weight_height_full,0.5051583947157985,True,0.2054296970433246,0.06424758541339423,0.05819390749107631,0.0036318221546483157,0.001755149798593073,0.06665163238020731
20252945,3,bmi_only,0.9223954607419315,True,0.3169183152176595,0.1200724363217189,0.06592906508620712,0.05858519207127108,0.03882191993272946,0.12006538572591721
20252945,3,bmi_age_height,0.9291685717982389,True,0.3194223392973236,0.12333768532602615,0.06574886215242066,0.05849221449053759,0.039066301213054766,0.12121348049587255
20252945,3,bmi_full,0.9407435611542289,True,0.3255638174839782,0.12533369399525066,0.06661260330247894,0.0587930757052316,0.039105027299253414,0.12308164355723857
20252945,3,weight_height_full,0.9425714767571153,True,0.3249155032408835,0.12526626249613984,0.06688858837596103,0.0590694013834734,0.03920148504488503,0.12306824810826855
20252945,4,bmi_only,0.8342401203205078,True,0.4173662538341746,0.12353759554641855,0.12133747916277786,0.05798268675686255,0.058128277495156894,0.15567045855907807
20252945,4,bmi_age_height,0.8422730791779391,True,0.41762422000295246,0.12359589357519747,0.12080864373300107,0.05722609067673084,0.0575422984555285,0.15535942928868204
20252945,4,bmi_full,0.8443227452501925,True,0.41288747705507955,0.12277889771346337,0.11939137515895613,0.05732686786151074,0.057476847167390155,0.15397229299127999
20252945,4,weight_height_full,0.8417612858467611,True,0.40990203401841807,0.12181645915750525,0.11873289786602863,0.057110069939597524,0.05734717518102589,0.15298172723251507
20252946,0,bmi_only,0.8239752210850855,True,0.35813464259749106,0.10500586803599397,0.09188539326410967,0.0716173388395822,0.05582286646295219,0.13649322184002582
20252946,0,bmi_age_height,0.8329978336434011,True,0.35802952104435465,0.10606199382992477,0.0925601640876905,0.07205785307620834,0.056201734709823835,0.1369822533496004
20252946,0,bmi_full,0.8340628733063319,True,0.3568854778230977,0.10624864074564555,0.0929918141891163,0.07299156391001922,0.056874236093808476,0.13719834655233748
20252946,0,weight_height_full,0.8334403230644857,True,0.3553088133083792,0.10582170175136053,0.092613551839915,0.07292942124440409,0.0567711667986899,0.13668893098854973
20252946,1,bmi_only,0.4031015086239379,True,0.22684540237248627,0.06491865803073785,0.04122737503362413,0.00460492024594177,0.0020515579721642734,0.06792958273099085
20252946,1,bmi_age_height,0.40173667128671303,True,0.22379565156560083,0.06444685032020954,0.040739152559323394,0.004337248432681537,0.0019033517615461555,0.06704445092787228
20252946,1,bmi_full,0.41995375637552274,True,0.24493773336681268,0.06818045338993976,0.041755845896040755,0.005286227392886188,0.0023645820614730307,0.07250496842143049
20252946,1,weight_height_full,0.41816842586627706,True,0.24326342944168955,0.06765592226164371,0.041414736152187354,0.005135560064871039,0.0022831401432258304,0.07195055761272351
20252946,2,bmi_only,0.697376380372723,True,0.26778588474187937,0.08952534841523628,0.08028029350518928,0.006681091513112816,0.0034992456270686793,0.08955437276049728
20252946,2,bmi_age_height,0.6975263518549324,True,0.27431203733188597,0.08984467171086663,0.08016143551143808,0.006102373617815692,0.003127634887756643,0.0907096306119526
20252946,2,bmi_full,0.7140234213790901,True,0.28245716977650165,0.09283912774177219,0.0822537090384127,0.006897651784630607,0.003577126139068324,0.09360495689607709
20252946,2,weight_height_full,0.7135067394935337,True,0.2822772207717976,0.09287802973086508,0.08220968131805534,0.006851368664949482,0.0035524538152185404,0.09355375086017721
20252946,3,bmi_only,1.0401178069554913,True,0.46825374752171117,0.1349691239391842,0.09932081915667033,0.056374024332142794,0.055024848060240016,0.1627885126019897
20252946,3,bmi_age_height,1.051334620192622,True,0.4736507317039051,0.13330392905171404,0.09669315897424348,0.05465896121965388,0.05369956745922923,0.16240126968174912
20252946,3,bmi_full,1.0585438790850492,True,0.4812326431674607,0.13835420789996017,0.09841275784929716,0.05542067336480673,0.054148890075020946,0.16551383447130916
20252946,3,weight_height_full,1.0558488368904304,True,0.47975525611975933,0.1377611421904196,0.0979200919443627,0.05533178278062903,0.05407762654386472,0.16496917991580706
20252946,4,bmi_only,0.5406993647395522,True,0.15545933172632206,0.06758955933908321,0.05904061239034036,0.03947244674568146,0.02037472984070889,0.0683873360084272
20252946,4,bmi_age_height,0.5370850862592689,True,0.15364918417654364,0.06611527376297649,0.057736012173084036,0.03825686305622983,0.019710858225096082,0.06709363827878602
20252946,4,bmi_full,0.8854626239813298,True,0.1713763568038577,0.07243609863802236,0.06230917075304902,0.040852729256380206,0.019613288333456203,0.0733175287569531
20252946,4,weight_height_full,0.8992329863650144,True,0.17266695684581543,0.07284612996727147,0.06260888033735151,0.04101356128768884,0.019714348595635905,0.07376997540675263
20252947,0,bmi_only,0.5890776158800409,True,0.26652563366634224,0.0697310510508262,0.04175762204589774,0.005003227223230606,0.0024893710788630573,0.07710138101303196
20252947,0,bmi_age_height,0.5862054703204079,True,0.26411276293396707,0.06967692110527743,0.040772356151666814,0.005002055796408539,0.0024822426397566096,0.07640926772541529
20252947,0,bmi_full,0.5856793465324207,True,0.25929181658701617,0.07023236258072067,0.04108678410666616,0.005836162562034723,0.0029611736762902674,0.07588165990254561
20252947,0,weight_height_full,0.5861781048369187,True,0.25868352153556456,0.06965568509654291,0.04066023478606364,0.005890833031528144,0.0029922021662163053,0.07557649532318311
20252947,1,bmi_only,0.5553786159514406,True,0.23850924635156381,0.07311415241495134,0.05450763860557245,0.020388614999254925,0.01859361293573587,0.08102265306141568
20252947,1,bmi_age_height,0.5557847740204536,True,0.2424636954163133,0.07240471448576226,0.05380838495074923,0.019923462523571054,0.018249539899938813,0.08136995945526694
20252947,1,bmi_full,0.5913919470487856,True,0.29420397620101596,0.08335506939837321,0.060387977214199716,0.02294229034778123,0.020108948732634527,0.09619965237880093
20252947,1,weight_height_full,0.5902424602123989,True,0.29341699214888045,0.08312497448085145,0.06021363372443596,0.022906027945067502,0.020091954809205323,0.09595071662168814
20252947,2,bmi_only,0.6418242594066665,True,0.29067014793843404,0.07778973032706572,0.06216607780858322,0.023369021685535108,0.021215131481219805,0.09504202184816758
20252947,2,bmi_age_height,0.6387916011076722,True,0.2919739903562341,0.07568456516130746,0.05983037467960528,0.02195000742820007,0.02014388616560722,0.09391656475819082
20252947,2,bmi_full,0.6305223624731476,True,0.296664823246274,0.07378324100797116,0.05778816526890911,0.021467349080678738,0.01976106325059474,0.09389292837088556
20252947,2,weight_height_full,0.630537124761344,True,0.2973342819998702,0.0740312617867803,0.05791039473261849,0.02166284505182982,0.019875275381653432,0.09416281179055046
20252947,3,bmi_only,0.8967951516230193,True,0.27641150970022255,0.13955199707993457,0.12668809257117528,0.09049391373664027,0.05615034133390292,0.13785917088437513
20252947,3,bmi_age_height,0.8983362301096337,True,0.2770758851138994,0.1398751389340149,0.12691414817422386,0.09066841250370387,0.05623705387802762,0.1381541277207739
20252947,3,bmi_full,1.3506041163469964,True,0.29351084016816414,0.15069384026991942,0.13407806352118976,0.0958505403414211,0.05862669689273195,0.14655199623868526
20252947,3,weight_height_full,1.3229667893046204,True,0.29057064038944663,0.1499818427203756,0.1335980875066228,0.0955598199527687,0.0583801006438243,0.1456180982426076
20252947,4,bmi_only,0.7930232025777016,True,0.3576717918780765,0.08584497269990453,0.07817968731525075,0.03856375755612759,0.03844034617560414,0.11974011112499269
20252947,4,bmi_age_height,0.8528121157015096,True,0.3746727728959533,0.09271178423523956,0.0818442266839713,0.03952732509207092,0.03899291386206208,0.12554980455385942
20252947,4,bmi_full,0.8921107068323317,True,0.39463171262297925,0.09940481188635579,0.08569649693132526,0.0414760182493737,0.04016097483314214,0.13227400290463526
20252947,4,weight_height_full,0.8843401363629808,True,0.39351769668716335,0.09888305912849488,0.08544490806437988,0.041433007640503415,0.04015025489602488,0.13188578528331327
20252948,0,bmi_only,0.7258940085408147,True,0.2638824180438974,0.11700330754364725,0.09384924488617459,0.03954180364108661,0.037890186321131274,0.11043339208718742
20252948,0,bmi_age_height,0.7425348797300578,True,0.269420477591732,0.12009310864302487,0.09481518738889098,0.038693961226244356,0.03720898578408452,0.11204634412679533
20252948,0,bmi_full,0.7458032178389347,True,0.267409126363489,0.12139359759514505,0.09589894394552996,0.039659368847736125,0.0378154379133955,0.11243529493305912
20252948,0,weight_height_full,0.74345966913648,True,0.26594615628909196,0.121315730491408,0.0958046512940207,0.03983115872515875,0.03791766830665523,0.11216307302126693
20252948,1,bmi_only,0.5920078978943044,True,0.2666401309419994,0.0719514605849288,0.0692182579415527,0.0362184475977272,0.03578073510449921,0.09596180643414146
20252948,1,bmi_age_height,0.6009970958957017,True,0.26982473109785077,0.07214035521405038,0.06921253474083779,0.036902292959438816,0.03624923362895159,0.09686582952822587
20252948,1,bmi_full,0.6083483219795089,True,0.27643067620949624,0.0768290536318067,0.07231777097329921,0.03849507650373308,0.037292257084275325,0.10027296688052212
20252948,1,weight_height_full,0.6062954979528911,True,0.2748600874912324,0.07618548320075279,0.07184098996574145,0.038154853314103405,0.03706060513892673,0.09962040382215136
20252948,2,bmi_only,0.47255682792671305,True,0.2070846525390515,0.045823227801236925,0.025991569702384594,0.021154847847391762,0.01959177313546009,0.06392921420510497
20252948,2,bmi_age_height,0.4798964718574357,True,0.22199184367825453,0.04687584227120317,0.025999136770978065,0.020997971052905167,0.01937578932008819,0.06704811661868583
20252948,2,bmi_full,0.4683727913179912,True,0.22280194338951856,0.04584735430462513,0.024886054430245493,0.020307683927858627,0.018846444947992032,0.06653789620004798
20252948,2,weight_height_full,0.4685598480885761,True,0.22243433566904705,0.04566731730552261,0.024811070893987364,0.020277801144065084,0.018844077366811155,0.06640692047588666
20252948,3,bmi_only,0.7209203487139066,True,0.30734741998188025,0.10520508131852986,0.08919431759828837,0.040180593426233584,0.020823153294007673,0.11255011312378793
20252948,3,bmi_age_height,0.7294852772512093,True,0.3127918521359851,0.10724707808877543,0.09076840568532038,0.040717769473412754,0.021094843811907953,0.11452398983908033
20252948,3,bmi_full,0.720261644899511,True,0.3105585187756389,0.10480508198220441,0.08937172838800674,0.04021229359603539,0.020862296977653943,0.11316198394390789
20252948,3,weight_height_full,0.7201559265385755,True,0.3113234164349143,0.1045446970961602,0.08908283430533973,0.04033775058767683,0.02089544112637104,0.11323682791009242
20252948,4,bmi_only,0.9387419106766848,True,0.3403296250103516,0.10618216853848249,0.08271839553893173,0.038844828086872354,0.019201137220722843,0.1174552308790722
20252948,4,bmi_age_height,0.9389786321502144,True,0.33948492228996524,0.1061256090374916,0.08212100769407403,0.037379087833421094,0.018466024894851843,0.11671533034996077
20252948,4,bmi_full,1.3501880045552752,True,0.3795029714749411,0.11867995697816293,0.09090039827838746,0.042867700559594345,0.02054427550767639,0.1304990605597524
20252948,4,weight_height_full,1.3593737376186639,True,0.3784334350912147,0.1182225311808234,0.09056894881346705,0.04263501913197064,0.02036175636150298,0.13004433811579574
20252949,0,bmi_only,0.6517516131377968,True,0.2989684546584177,0.0985060879124255,0.09164264008564821,0.022652157495474213,0.020000945353226322,0.10635405710103837
20252949,0,bmi_age_height,0.7623414370250025,True,0.3431024043719639,0.1103040134352982,0.09927304932744807,0.024785432614616906,0.021316576678432383,0.11975629528555187
20252949,0,bmi_full,0.760966858110057,True,0.3422905194404815,0.11068652283475021,0.09946271145244844,0.02457061796664395,0.021161893230198556,0.11963445298490454
20252949,0,weight_height_full,0.757303718324448,True,0.3410837653506645,0.11048582675639625,0.09939654473921689,0.024535049278560584,0.02114642630665653,0.11932952248629894
20252949,1,bmi_only,0.6883470968280844,True,0.3219224169485965,0.07794208795805206,0.07397386858607394,0.022011134540637828,0.020345535034921657,0.1032390086136564
20252949,1,bmi_age_height,0.6910769821503925,True,0.32428524179523927,0.07818818145188336,0.0740606265489366,0.022000888034058454,0.020337471454124078,0.10377448185684837
20252949,1,bmi_full,0.6837902141086502,True,0.3182842872834832,0.07726083128805966,0.07310789237931972,0.02206554613831668,0.020331792542989877,0.10221006992643382
20252949,1,weight_height_full,0.683264326806517,True,0.31726493797397887,0.07684427474289596,0.07286729464672834,0.02209586179629463,0.020356540425908714,0.10188578191716131
20252949,2,bmi_only,0.609355202012123,True,0.24685972235463366,0.05644712115700635,0.04700134908969953,0.022464086434673184,0.020555715320730934,0.07866559887134873
20252949,2,bmi_age_height,0.6156055217690598,True,0.2609809227599942,0.05532054076861252,0.04586634331915964,0.021589544499269253,0.02000176998062,0.08075182426553111
20252949,2,bmi_full,0.6187040301859202,True,0.2655283146772054,0.05581096047886549,0.046198144027629985,0.02144988835956523,0.019962036644786404,0.0817898688376105
20252949,2,weight_height_full,0.6202688921744205,True,0.26854213440950764,0.05651930960521327,0.04667140324679072,0.021771696593652835,0.02018698585208481,0.08273830594144986
20252949,3,bmi_only,0.6317227675511087,True,0.2865281811230782,0.0823892355964621,0.06918860821281331,0.03703726635887179,0.01861951388568923,0.09875256103538292
20252949,3,bmi_age_height,0.6275322737500177,True,0.2828014012087923,0.08095596954432233,0.06793077441624128,0.03625715020903964,0.01839206095296343,0.0972674712662718
20252949,3,bmi_full,1.061265497431604,True,0.33525051599049943,0.09309984571807176,0.0750970882439245,0.040340164697569285,0.01917821038263217,0.11259316500653942
20252949,3,weight_height_full,1.0323461793389968,True,0.3334896998223297,0.0923470692682177,0.07452327895444874,0.04011506827238331,0.019024450874826675,0.11189991343844122
20252949,4,bmi_only,0.8522909073398416,True,0.27855213668515044,0.1343723212358693,0.08108691407739049,0.07486982766163712,0.05700069542653297,0.12517637901731607
20252949,4,bmi_age_height,0.8822700042535603,True,0.29083671852796233,0.13900787892722186,0.08218869309104213,0.07531975457966819,0.05735128552580703,0.12894086613034034
20252949,4,bmi_full,0.8919875928421389,True,0.2956785809219777,0.14051293063471534,0.08408748733515257,0.07660056738765496,0.0582347412939663,0.1310228615146934
20252949,4,weight_height_full,0.8902867640814492,True,0.29319548195787415,0.13997815400937746,0.08374784827219123,0.07644039795876237,0.058049136308663894,0.13028220370137383
20252950,0,bmi_only,0.8347688683858947,True,0.37906662817454134,0.11446535792636327,0.11150465569265451,0.05991257090552157,0.04094066029646198,0.14117797459910852
20252950,0,bmi_age_height,0.8406633354051182,True,0.3830494150944238,0.11477423330509234,0.11133918358922693,0.05969706512698881,0.04074570636184185,0.14192112069551474
20252950,0,bmi_full,0.8445770367761719,True,0.3771535249217336,0.11609991584117112,0.11113001694635823,0.06101899370379111,0.04146624113081456,0.14137373850877372
20252950,0,weight_height_full,0.8425497826877817,True,0.3744889724414603,0.1151937687451345,0.11036467344460947,0.06115149363597165,0.04151424805788534,0.14054263126501226
20252950,1,bmi_only,0.7099723166643511,True,0.25761599729323503,0.0878653954918867,0.07238588562588644,0.05137595438370815,0.03536730835561764,0.1009221082300668
20252950,1,bmi_age_height,0.7193075360836575,True,0.26406792071940577,0.08749170842004057,0.07191212557864689,0.051497437501990324,0.035198139987708266,0.10203346644155835
20252950,1,bmi_full,1.1673363766967635,True,0.29388839471637823,0.09579125631945333,0.07697262453653164,0.05454619553419015,0.036236941577961625,0.11148708253690301
20252950,1,weight_height_full,1.1633089516031379,True,0.2934989621380324,0.09537481195100599,0.07658864011625034,0.05435558626992615,0.03609031834547483,0.11118166376413793
20252950,2,bmi_only,0.6325845637783278,True,0.2889262916157838,0.07381824948594003,0.07016364046853202,0.019849367074862657,0.017638737023054702,0.09407925713363464
20252950,2,bmi_age_height,0.6358563040201263,True,0.2994502233495592,0.07532764135980087,0.0712264812644243,0.019208528602601627,0.01708012651119334,0.09645860021751587
20252950,2,bmi_full,0.6475989454997232,True,0.31241748767460675,0.07847612477556258,0.07361439338207197,0.021133032963159333,0.01850589341632815,0.10082938644234576
20252950,2,weight_height_full,0.648536521416986,True,0.3139320133932294,0.07866096478605979,0.07366866458430986,0.02108152535851716,0.018429324248003805,0.101154498474024
20252950,3,bmi_only,0.5735215137217972,True,0.21299127067480775,0.0800727815331862,0.02876028084592202,0.00451247388930889,0.0027508193696050647,0.06581752526256598
20252950,3,bmi_age_height,0.5911538666576275,True,0.22071396918481462,0.08223436257978119,0.0291619135439082,0.004445661450815179,0.0025382880803809594,0.06781883896794003
20252950,3,bmi_full,0.5868332755131016,True,0.2184711805819104,0.08240837491382146,0.02861247353242367,0.0038500606102953154,0.002078437740508615,0.06708410547579188
20252950,3,weight_height_full,0.5865182123441967,True,0.21855315052306842,0.08231106876055973,0.028445515146193687,0.0037730258148268143,0.002025493792593038,0.06702165080744835
20252950,4,bmi_only,0.676137745174439,True,0.30514479643568315,0.08784433853410763,0.07609416725828601,0.03867024829681842,0.03840159681487092,0.1092310294679532
20252950,4,bmi_age_height,0.6831521387477822,True,0.3065218408551555,0.08842342884210677,0.07591969332662839,0.03897999567678525,0.038660770814889125,0.10970114590311301
20252950,4,bmi_full,0.6751104658689902,True,0.29804464062491115,0.08761249209750223,0.0758692937621554,0.03917948855654312,0.0387337819535837,0.1078879393989391
20252950,4,weight_height_full,0.6733117259410012,True,0.2948555668460551,0.0872467643404435,0.07578784700171752,0.03921322837390661,0.03875558766921614,0.10717179884626778
20252951,0,bmi_only,0.6246419179302459,True,0.3054063167508284,0.10062462715240851,0.061226940281752275,0.022875490317419485,0.020479543520084957,0.10212258360449873
20252951,0,bmi_age_height,0.6228470509906141,True,0.3043815924641222,0.10029903887095573,0.06117632061531078,0.022628433346317183,0.0203166275862885,0.10176040257659888
20252951,0,bmi_full,0.6238530796838334,True,0.30584100844229123,0.10238341233734868,0.06265480150440433,0.022992825080871523,0.020438725105557446,0.10286215449409467
20252951,0,weight_height_full,0.6266706937359677,True,0.30749660975929455,0.10235837892922933,0.06266995813422213,0.022923218316344064,0.020411935411380207,0.10317202011009408
20252951,1,bmi_only,0.7971902720364149,True,0.39569172696928,0.09030946536649563,0.08651419593447342,0.0536555881902396,0.03640128104900226,0.1325144515018982
20252951,1,bmi_age_height,0.792897456681983,True,0.3932329232766476,0.08885503945691628,0.08547504142165209,0.05316625823411925,0.03613061067074791,0.13137197461201663
20252951,1,bmi_full,0.7997033523193686,True,0.39614921050631147,0.09234691448866265,0.08795762225642192,0.054726316998476056,0.03728933760645226,0.1336938803712649
20252951,1,weight_height_full,0.7951603564744365,True,0.3915592774779658,0.09119056284551941,0.08712175951078807,0.054483242148195235,0.037056877791786305,0.13228234395485097
20252951,2,bmi_only,0.5052567385625264,True,0.17672262914037654,0.049573346233433846,0.025948549864371045,0.004847335827810721,0.002319516078923525,0.051882275428983125
20252951,2,bmi_age_height,0.5048515495883235,True,0.17481986456045384,0.049124762475147986,0.025519129339670026,0.004989048133399268,0.002407309615106927,0.051372022824755614
20252951,2,bmi_full,0.5162182723833144,True,0.18665856916511922,0.049825595881184424,0.025916163901745143,0.00536463050631096,0.002615949464155626,0.05407618178370307
20252951,2,weight_height_full,0.5151846635558517,True,0.1850599811243229,0.04977266747369299,0.02583131216701075,0.005452559692966307,0.00266643117112599,0.053756590325823785
20252951,3,bmi_only,0.5214224405332376,True,0.23075144865934255,0.06234920743840653,0.045225894942566416,0.022189905115186117,0.020522194501915576,0.07620773013148344
20252951,3,bmi_age_height,0.5226799022186012,True,0.23118726276055385,0.06334731515553185,0.0453560334252907,0.022034341927695412,0.020283051667480102,0.0764416009873104
20252951,3,bmi_full,0.5343704542481996,True,0.23797220833086982,0.06681247795961673,0.046875711045890854,0.022422205896099306,0.020316276026413435,0.07887977585177802
20252951,3,weight_height_full,0.5358334149831798,True,0.24125207815586122,0.06729226341547773,0.047270086035916134,0.02273279635773616,0.020531914761707733,0.0798158277453398
20252951,4,bmi_only,1.013940531803159,True,0.36106680632828714,0.14592466917914765,0.14698983434776675,0.07507880552536385,0.05628372551355199,0.15706876817882345
20252951,4,bmi_age_height,1.079706179853256,True,0.37615372144101394,0.1439726736237378,0.14395625094581774,0.07016967230684104,0.05364662927776598,0.1575797895190353
20252951,4,bmi_full,1.452684757743092,True,0.41009001934150907,0.15398094842989205,0.1510380928507938,0.07540082601306913,0.05495504518657655,0.16909298636436812
20252951,4,weight_height_full,1.4381265589548347,True,0.408615713987444,0.153525370234882,0.15068268803872642,0.07524665745225015,0.0548361006715639,0.16858130607697328
20252952,0,bmi_only,0.48708044604491857,True,0.2157429387296156,0.061621715246265675,0.040283567674978246,0.02101800766303718,0.018706247778639225,0.07147449541850719
20252952,0,bmi_age_height,0.48757344357575544,True,0.21653802543240092,0.06098609111211128,0.03910818764693019,0.01997068935471957,0.017904957675393154,0.07090159024431102
20252952,0,bmi_full,0.5067013411803869,True,0.226769098699079,0.06334203412495637,0.039526777980221015,0.02038392212770534,0.018132079850416448,0.07363078255647562
20252952,0,weight_height_full,0.5056998197485659,True,0.22660275515114306,0.06304636445813261,0.0393273153800981,0.02026442830869618,0.018061235765342836,0.07346041981268256
20252952,1,bmi_only,0.6907585972733052,True,0.22257142622980747,0.09877780430050055,0.08651892387300458,0.038422489416977054,0.01904065407947228,0.09306625957995238
20252952,1,bmi_age_height,0.6854545143498213,True,0.21916273239391318,0.09699522184459976,0.08488142548136693,0.037820982227167524,0.018765137336589657,0.09152509985672741
20252952,1,bmi_full,0.6964646913606094,True,0.22937833732950055,0.10212535906322776,0.08742529372590031,0.03938854140167199,0.019945393357393957,0.09565258497553891
20252952,1,weight_height_full,0.6953832134477266,True,0.22824180856182588,0.10178438623932645,0.08707553723526275,0.03942413390389427,0.0198802107605463,0.09528121534017113
20252952,2,bmi_only,0.5680603168310885,True,0.36628660381471617,0.04148043066716054,0.012431229235903405,0.005970647042730772,0.0031051812011512214,0.08585481839233242
20252952,2,bmi_age_height,0.5687281073817522,True,0.3765779754407977,0.04142833127538118,0.011702144270318923,0.005443341367953865,0.0027525156934526227,0.08758086160958087
20252952,2,bmi_full,0.5723013724801848,True,0.3803852637815197,0.042852597946046685,0.012233595637838065,0.005655124188721716,0.002838629818822346,0.0887930422745897
20252952,2,weight_height_full,0.573438302767685,True,0.3829653859014779,0.042683031907723885,0.012030082426744573,0.005539445464815416,0.002772733847151076,0.08919813590958257
20252952,3,bmi_only,0.7645349368644389,True,0.33792274997889743,0.0681935479265839,0.062211440937582345,0.02269383348920531,0.0022458479329316603,0.09865348405304011
20252952,3,bmi_age_height,0.7631599304932143,True,0.33450654167832666,0.06681220710119906,0.0609860512452303,0.021974492808580746,0.0023293966805906265,0.09732173790278549
20252952,3,bmi_full,1.1228987035259481,True,0.3484829404751964,0.07315816191529641,0.06537811643059573,0.02538218221774322,0.0024116339960142826,0.1029626070069692
20252952,3,weight_height_full,1.1162011509067586,True,0.3461717728177306,0.07271658851889444,0.065116790853388,0.025498260500204234,0.0024883852109103227,0.10239835958022551
20252952,4,bmi_only,1.0497721649197165,True,0.30532387481063006,0.17372399117109538,0.16448342059912657,0.09676568457838076,0.09756163604630035,0.1675717214411066
20252952,4,bmi_age_height,1.0980074603990522,True,0.31720662441184794,0.17686584486431667,0.16495127957768968,0.09542495384903112,0.09671930584700997,0.1702336017099791
20252952,4,bmi_full,1.1118253091279653,True,0.318128698690833,0.17725619015205096,0.16655834659008237,0.09632241555812017,0.09736214158376745,0.17112555851497077
20252952,4,weight_height_full,1.1101730139776582,True,0.31700060961688714,0.17712738793602933,0.16638859019180702,0.09620623469567163,0.09728432227751332,0.17080142894358166
20252953,0,bmi_only,0.6737672772568796,True,0.2876887336535719,0.06524214845343117,0.05694722402515348,0.05293076846282041,0.052929080492143246,0.10314759101742406
20252953,0,bmi_age_height,0.6690238800706259,True,0.28421115577426004,0.06300754518287266,0.05501819545264656,0.05151762263614239,0.05181859102729288,0.10111462201464291
20252953,0,bmi_full,0.6758615834886091,True,0.29277667436521737,0.06718290224524308,0.058137133878831695,0.053670813416092776,0.05347875781929438,0.10504925634493585
20252953,0,weight_height_full,0.674332159733211,True,0.2914946564918617,0.06721761320069689,0.0580552237099988,0.05365926386908458,0.05342034505740388,0.10476942046580917
20252953,1,bmi_only,0.7285591751372884,True,0.27996806852218437,0.13381618933613285,0.13829949806907924,0.042116962270098174,0.02014219624034221,0.12286858288756737
20252953,1,bmi_age_height,0.7281755271754177,True,0.28136344445362493,0.13324176989471598,0.13832041262513795,0.040858930912352785,0.019696800045067714,0.12269627158617986
20252953,1,bmi_full,0.7318242714366797,True,0.27648917386781124,0.1346898930399094,0.13913618067794975,0.041747297964220685,0.020129939807020956,0.12243849707138241
20252953,1,weight_height_full,0.7303691432564579,True,0.27593122272039877,0.134480215582706,0.13907415426451433,0.041837411688437146,0.020139718060000162,0.12229254446321128
20252953,2,bmi_only,0.5186313789244456,True,0.1877561117736252,0.07062210472221292,0.05610877256703673,0.03913910076012151,0.020267219724862603,0.0747786619095718
20252953,2,bmi_age_height,0.521407152429351,True,0.18583500406881043,0.07024411471867446,0.05517942193621947,0.03950283905640294,0.020891335628447597,0.07433054308171098
20252953,2,bmi_full,0.9280186800445819,True,0.21626200877504614,0.08284283044382441,0.061983909357045223,0.043539335159307996,0.021279384906322512,0.08518149372830926
20252953,2,weight_height_full,0.9420826448493338,True,0.2150811352286432,0.08231357206179075,0.061511301804487155,0.04347998893563615,0.021247931698533853,0.08472678594581821
20252953,3,bmi_only,0.8830725048522673,True,0.3211575377327855,0.08270186805077577,0.04353281032275332,0.019268534941239205,0.01837607043280113,0.09700736429607099
20252953,3,bmi_age_height,0.8819299020261668,True,0.32262015242713443,0.082527000095417,0.04280275597663987,0.01859080828943962,0.017799577340322347,0.09686805882579064
20252953,3,bmi_full,0.9117562383468805,True,0.3408380792248902,0.08162643491737874,0.044708861527152775,0.021070109689949865,0.019818199689407855,0.10161233700975589
20252953,3,weight_height_full,0.9118670694211153,True,0.340205850896992,0.08117814777044409,0.04427191154676071,0.021012934503426894,0.01975902780515942,0.10128557450455662
20252953,4,bmi_only,0.6473527516364427,True,0.34258057426960353,0.08758523672005059,0.05958538871487797,0.02152362018735658,0.02005049033342657,0.10626506204506303
20252953,4,bmi_age_height,0.6469705989170274,True,0.34193458090323914,0.08712680763205385,0.058467261477969656,0.021425939937123457,0.019913514206086808,0.10577362083129457
20252953,4,bmi_full,0.6425785965727359,True,0.3387714014592631,0.08543433957488789,0.05780301008909443,0.021409524938699496,0.01992572864839235,0.10466880094206746
20252953,4,weight_height_full,0.6433977393357853,True,0.3386335444808817,0.08526479182915922,0.057832299001155295,0.0214586023363795,0.019963279240105433,0.10463050337753624
20252954,0,bmi_only,0.697131544138423,True,0.2354788169109497,0.08743383902403631,0.047306987478969234,0.006407355088333883,0.003239827615302014,0.07597336522351823
20252954,0,bmi_age_height,0.706345388985369,True,0.2394430967325825,0.08966805405888112,0.048428607726176215,0.00726666928164705,0.003714579623668907,0.07770420148459115
20252954,0,bmi_full,0.6998820770875639,True,0.23746827957832747,0.08755267176075258,0.048053615936667585,0.007887257432864952,0.004145842749635255,0.07702153349164956
20252954,0,weight_height_full,0.7011066157907264,True,0.2380092541206603,0.08832700008995255,0.0485776186890106,0.00837941802002889,0.0044645272943217825,0.07755156364279484
20252954,1,bmi_only,0.8470596006373676,True,0.3673046828816759,0.10103841609564146,0.09772331395869838,0.0552531475994079,0.054286119120373816,0.13512113593115951
20252954,1,bmi_age_height,0.8568932459851374,True,0.3678144901684455,0.10119111484614286,0.09761476266859488,0.054536682212907965,0.053699114901942825,0.1349712329596068
20252954,1,bmi_full,0.8530458681729303,True,0.36402060811697157,0.10034741783763859,0.09742247921321645,0.054842087315920954,0.053979104772721796,0.13412233945129387
20252954,1,weight_height_full,0.8533545891894703,True,0.36273507524411,0.10024302489200076,0.09737554346837757,0.05499671908869992,0.054082211991487425,0.13388651493693512
20252954,2,bmi_only,0.5844936188271593,True,0.23688528133306552,0.08547695832194757,0.0848211786942901,0.03709449496792425,0.018613834331789317,0.09257834952980334
20252954,2,bmi_age_height,0.5961666974569659,True,0.2425161303660575,0.08677084030137172,0.08565701952864545,0.03657548094231392,0.017946028942283174,0.09389310001613435
20252954,2,bmi_full,0.5896978546963415,True,0.23733645883925525,0.08662918524141394,0.08533056449237725,0.03754507028169526,0.019013064018264424,0.09317086857460122
20252954,2,weight_height_full,0.5863286950897534,True,0.23541776900771355,0.0859611294096971,0.08483802927746092,0.037317179912327,0.018803165428900093,0.09246745460721974
20252954,3,bmi_only,0.598395687564431,True,0.24171698363879626,0.09625619917825223,0.07077081267568026,0.07157521706193894,0.05377507202325627,0.10681885691558479
20252954,3,bmi_age_height,0.6077900976241433,True,0.2485427193839743,0.09809480348230218,0.07076312552112614,0.07143697713895729,0.05371934231939562,0.1085113935691511
20252954,3,bmi_full,0.6115109881228318,True,0.2570127718694018,0.10035227961752367,0.07109936431604588,0.0717895662175293,0.05406307269362687,0.11086341094282551
20252954,3,weight_height_full,0.6113976554585538,True,0.25620605093993426,0.10015440543619605,0.07095746923696111,0.07170167292025371,0.05394867869908907,0.11059365544648685
20252954,4,bmi_only,0.7197000067183184,True,0.35689904844499276,0.07211958211536483,0.058388205028624525,0.004265824800482271,0.0021543591611482525,0.09876540391012253
20252954,4,bmi_age_height,0.7386920220896402,True,0.37242938266206893,0.0741447747637539,0.058506916555597095,0.0041967605903021595,0.0020787094208262846,0.1022713087985097
20252954,4,bmi_full,0.7494378258753626,True,0.3817310604630645,0.07316101245998342,0.0588921991143623,0.0045996915933070644,0.002322599993880812,0.10414131272491962
20252954,4,weight_height_full,0.7485960175067401,True,0.38101735387010166,0.07260998611680665,0.05844314402813675,0.004553213032265135,0.002293008189782061,0.10378334104741845
20252955,0,bmi_only,0.6478484150869391,True,0.19465225028362895,0.07819391678692393,0.04417421652081431,0.040272477355271924,0.0024293906824456347,0.07194445032581695
20252955,0,bmi_age_height,0.6436393335769154,True,0.1940569698078685,0.07802755738003392,0.04365220186901093,0.039988417347369846,0.0023508654979172753,0.0716152023804401
20252955,0,bmi_full,1.004511169334139,True,0.20606181820248184,0.08506221409377032,0.048303138262369684,0.04308763761588028,0.0028045819821949512,0.07706387803133943
20252955,0,weight_height_full,1.0286381199240875,True,0.2049495898750129,0.08502684539633804,0.04819443890992902,0.043213536253154744,0.002818922478100342,0.07684066658250702
20252955,1,bmi_only,0.74064536977666,True,0.25054754407289676,0.10072329246143091,0.0988523350645387,0.052508602592714844,0.05265957783089085,0.11105827040449441
20252955,1,bmi_age_height,0.7434455595180934,True,0.25251309804639116,0.10044795597297769,0.09819291277634642,0.05119932338508369,0.05162948302591611,0.11079655464134301
20252955,1,bmi_full,0.7510748558594578,True,0.2621929627049912,0.10246728610370953,0.10026286105420047,0.05378875664268001,0.053654598260530866,0.11447329295322242
20252955,1,weight_height_full,0.7490115593500569,True,0.26104974374539336,0.10193308715160758,0.09980722751656944,0.05349664714987904,0.0534189707327056,0.11394113525923102
20252955,2,bmi_only,0.5386400185132482,True,0.3499746025670702,0.0829322892338047,0.05965318591129353,0.005267938012056505,0.002516454786742256,0.10006889410219344
20252955,2,bmi_age_height,0.544205972530595,True,0.35577207195749533,0.08227026229759254,0.058840790442969804,0.004874358129411298,0.002305632863498317,0.10081262313819346
20252955,2,bmi_full,0.557411585129572,True,0.36469726396526075,0.0863558519419613,0.06029841739152416,0.00562991248941751,0.002668983204143386,0.10393008579846144
20252955,2,weight_height_full,0.5536085953963344,True,0.36158222635310544,0.08582548580919484,0.05998504379969348,0.005570489248608829,0.0026355861752649173,0.1031197662771735
20252955,3,bmi_only,0.8286537714055943,True,0.3677351827437021,0.10305460490650899,0.09834719122447858,0.056651485146628315,0.05603612715135724,0.13636491823453503
20252955,3,bmi_age_height,0.8365932553989296,True,0.3707371260204112,0.10196098947615181,0.09685755010082672,0.05532469898442664,0.055042115066957546,0.13598449592975478
20252955,3,bmi_full,0.8614151163166516,True,0.3820540526960892,0.10569525759379683,0.09931906890561025,0.05641132221609748,0.05584253319480128,0.139864446921279
20252955,3,weight_height_full,0.8632691146437158,True,0.3830745735629953,0.10570395487628459,0.09929188520664445,0.05640372564665742,0.055844468553079486,0.14006372156913222
20252955,4,bmi_only,0.6618787520233969,True,0.2987599110176823,0.07694088054346532,0.058696553070344104,0.02166959413044775,0.019585724742331556,0.09513053270085421
20252955,4,bmi_age_height,0.658979063043231,True,0.29692828778695934,0.07530076809461482,0.057236542472015685,0.02112309471084221,0.019216857857670754,0.09396111018442058
20252955,4,bmi_full,0.6738333389922369,True,0.31819305957049243,0.07884881592582552,0.05975291951147011,0.02152571545169364,0.01953488285766041,0.09957107866342843
20252955,4,weight_height_full,0.6728481998606368,True,0.3173769763738764,0.07852022088216459,0.05945036656709707,0.021593670893018915,0.019581053278906607,0.09930445759901271
20252956,0,bmi_only,0.6292890060304371,True,0.24499812030917226,0.07643744627294755,0.042236442021608776,0.019860232759384096,0.018122385728253674,0.08033092541827327
20252956,0,bmi_age_height,0.6265057797163737,True,0.24169844590401937,0.07652463622091908,0.04191417310896966,0.01938058008693028,0.01771798468513641,0.07944716400119496
20252956,0,bmi_full,0.6465033194319133,True,0.26404501708579287,0.0809431484501692,0.044532473961137534,0.021341436630778705,0.01915180427990751,0.08600277608155715
20252956,0,weight_height_full,0.6445363513062589,True,0.26220837460821544,0.08043200667040516,0.04408184456219562,0.021127935571864077,0.018989721261240117,0.08536797653478409
20252956,1,bmi_only,0.5954753234432386,True,0.21198413437874544,0.08803192403376814,0.08471512293873736,0.053629841898351294,0.05411421402396382,0.0984950474547132
20252956,1,bmi_age_height,0.605394873653916,True,0.215041898443625,0.09035949245928267,0.08647560192542976,0.05450965639393937,0.054683444501475206,0.1002140187447504
20252956,1,bmi_full,0.6142084785904984,True,0.22145132703518797,0.09187824342863117,0.08697853511773976,0.05585138899070172,0.05564666706911819,0.10236123232827576
20252956,1,weight_height_full,0.6133581537640995,True,0.2218563809656955,0.09167561047801828,0.08673882376731609,0.05564213187794488,0.055492257911356827,0.10228104100006633
20252956,2,bmi_only,0.672454999829417,True,0.2677103802649251,0.1015151890359514,0.09220623446044555,0.03928172463098381,0.038297694291021644,0.1078022445366655
20252956,2,bmi_age_height,0.6834781100773517,True,0.2795555375175885,0.10234791954075566,0.09200151938045971,0.038251685441705124,0.03763005709357184,0.10995734379481617
20252956,2,bmi_full,0.6999482815653753,True,0.2794231890225058,0.10539371109732784,0.09306600030504246,0.03963012636358597,0.038226265923875485,0.11114785854246749
20252956,2,weight_height_full,0.6978690894791227,True,0.27842338675923395,0.10500886856016949,0.09266843665367519,0.03967115831162184,0.038266676466295245,0.11080770535019915
20252956,3,bmi_only,0.7628677305925751,True,0.27742470915131223,0.0946933279744084,0.07615737722808079,0.040079066281512844,0.02015695011696039,0.10170228615045493
20252956,3,bmi_age_height,0.8031008543408374,True,0.29362682614927693,0.09995793575976687,0.07952569638982032,0.04215723303024884,0.02185362758961988,0.10742426378374656
20252956,3,bmi_full,0.7979451584280552,True,0.286371477514616,0.09859457693876125,0.07863002189718797,0.04266738112094862,0.02212400923856145,0.10567749334201508
20252956,3,weight_height_full,0.7974719256591037,True,0.2847784929779045,0.0984640840535968,0.07857910609344657,0.04300902895253396,0.022287866081950294,0.10542371563188643
20252956,4,bmi_only,0.8050052548299845,True,0.4348448121787342,0.08002130016173904,0.06191722424593696,0.022787744828377976,0.002669068405749067,0.12044802996410746
20252956,4,bmi_age_height,0.8157975929735838,True,0.440447994439483,0.08174154439036956,0.06205626117199201,0.02253996935496522,0.0026555484976895027,0.12188826357089985
20252956,4,bmi_full,1.19818592922973,True,0.46618292020517604,0.0902494899756826,0.06625176409915014,0.025820927223220786,0.0027261585580053357,0.130246252012247
20252956,4,weight_height_full,1.1873670582398443,True,0.467347242101354,0.09036484356355153,0.06629323939695704,0.025859726993482105,0.002745342161473283,0.1305220788433636
20252957,0,bmi_only,0.7405479447640216,True,0.30586749758898035,0.08100401894037304,0.07420443015568902,0.037920441652557126,0.01934143616477384,0.10366756490047466
20252957,0,bmi_age_height,0.7396809577597137,True,0.30379601534193706,0.07779290038485553,0.0714985153288668,0.03720845887499742,0.01915313473208291,0.10188980493254793
20252957,0,bmi_full,0.7344217931752046,True,0.2965264172525343,0.07620123007783619,0.0698353836417408,0.03687294300283582,0.018798653344364986,0.09964692546386242
20252957,0,weight_height_full,0.7337925729642265,True,0.2958695422497867,0.0759586676220547,0.06957839200639354,0.03699873464335656,0.018832404276876352,0.09944754815969356
20252957,1,bmi_only,0.603859267566169,True,0.22819840755784362,0.09371625398701866,0.08689105634365443,0.0575267595712131,0.03821260469182748,0.10090901643031147
20252957,1,bmi_age_height,0.6168102461141826,True,0.2354532939769534,0.09612040889316881,0.08826575400864568,0.05810064223741269,0.038646297159548385,0.1033172792551458
20252957,1,bmi_full,1.0816666394714345,True,0.25445359557188996,0.1024580171207172,0.09205200505709746,0.060278709976935005,0.038487930127747004,0.10954605157087731
20252957,1,weight_height_full,1.0163624518132246,True,0.2543122359335569,0.10253157121295522,0.09209774755134569,0.06038063406434636,0.03854192352734154,0.10957282245790914
20252957,2,bmi_only,0.7528141703415335,True,0.26211891156658496,0.09977790362497195,0.07893373340628096,0.021007010811593136,0.01983665124242775,0.09633484213037175
20252957,2,bmi_age_height,0.8104989145499355,True,0.278212556847058,0.10711643071325123,0.08187646214598857,0.019970007656968967,0.018631841869061704,0.1011614598464657
20252957,2,bmi_full,0.8178839997110346,True,0.2931449887626155,0.11004649428060931,0.08450340518075079,0.021856807064961504,0.020227984852490343,0.10595593602828549
20252957,2,weight_height_full,0.8133827185371699,True,0.29189504738916744,0.10934042238204873,0.08400807091310555,0.021659709130589882,0.020072793783855843,0.1053952087197535
20252957,3,bmi_only,0.6375174321332648,True,0.27464748516568854,0.0665865819766561,0.0428623477698413,0.02176152346902343,0.019561127933875048,0.08508381326301688
20252957,3,bmi_age_height,0.6344539921637724,True,0.2740408867564262,0.06680251809056012,0.042759284951540126,0.021654318915246506,0.019473909156406934,0.08494618357403597
20252957,3,bmi_full,0.724627998437243,True,0.32975857611314335,0.09957458802873868,0.06826145836645003,0.039981428365308845,0.03283293546805946,0.11408179726834007
20252957,3,weight_height_full,0.7279055947334852,True,0.33209323817191777,0.09976845591246288,0.06844016294711736,0.04012651804355389,0.03295180658199694,0.11467603633140977
20252957,4,bmi_only,0.7364241508674368,True,0.4131915381808014,0.11319501990431424,0.07733180301314313,0.03921078425817488,0.037825052309066395,0.13615083953310003
20252957,4,bmi_age_height,0.749381505503224,True,0.419815258007891,0.11451574501045977,0.0777346589885597,0.039820699986753964,0.03825699150898983,0.13802867070053088
20252957,4,bmi_full,0.7424256300715087,True,0.4104959010445727,0.1130175890608941,0.0775765939763537,0.0406438310169676,0.03878853758435888,0.13610449053662937
20252957,4,weight_height_full,0.7388982922369969,True,0.40646097792535496,0.11209487536155485,0.077257067159019,0.04053269754194485,0.03870708121493377,0.1350105398405615
20252958,0,bmi_only,0.6983513044260407,True,0.2860175310848664,0.0874239439809436,0.07292846118887773,0.020951401230616975,0.018851529300756294,0.0972345733572122
20252958,0,bmi_age_height,0.699944098253063,True,0.2827454062219822,0.0893044851822623,0.07419934669778701,0.020965311146442234,0.0187601788982448,0.0971949456293437
20252958,0,bmi_full,0.6935087532710486,True,0.27337947775907234,0.08722666313811633,0.07408484627730794,0.02137509791428881,0.019027109351892647,0.09501863888813562
20252958,0,weight_height_full,0.6936607701619434,True,0.2722691575532306,0.08741310877033766,0.07421840137115274,0.021612431042975565,0.019172105734719645,0.09493704089448325
20252958,1,bmi_only,0.643537453686122,True,0.2643603863783873,0.09148697681628373,0.07224749518456082,0.036989538311691064,0.037116295190548515,0.10044013837629429
20252958,1,bmi_age_height,0.6446745979576123,True,0.2648197747245492,0.09173244139674144,0.07241720117397697,0.03709795868887488,0.03719207465068538,0.10065189012696558
20252958,1,bmi_full,0.6521850845007973,True,0.2682030025217211,0.09301774101283394,0.07326694462762216,0.03853239048086249,0.03823840153621803,0.10225169603585153
20252958,1,weight_height_full,0.650210691251212,True,0.2666290348351884,0.09239982261053042,0.07283180535447002,0.0382626745228349,0.03805560397218317,0.10163578825904138
20252958,2,bmi_only,0.6083521182121302,True,0.2426208130219378,0.08778423589198761,0.07549475821286095,0.05742315209914835,0.021107384932433717,0.09688606883167368
20252958,2,bmi_age_height,0.6079423922473858,True,0.245430546495332,0.08758250455362919,0.07482364267056665,0.05612921879147214,0.020467146732117775,0.09688661184862354
20252958,2,bmi_full,1.0347087372079447,True,0.2697371873438037,0.09313393044562038,0.0780775456768285,0.058452443244991825,0.020524174364572215,0.10398505621516332
20252958,2,weight_height_full,0.9963572391768846,True,0.2688762074409436,0.09287383106106847,0.07785874653202694,0.0584582339358783,0.020480649051569533,0.10370953360429735
20252958,3,bmi_only,0.6417684318971507,True,0.2713134638212483,0.059625715510347906,0.042269365933239274,0.021577024629574375,0.019701374060280722,0.08289738879093812
20252958,3,bmi_age_height,0.6388140133023188,True,0.2687435464512659,0.058576740239477544,0.04151499095957232,0.021355402423991046,0.01955780303711399,0.08194969662228417
20252958,3,bmi_full,0.6595578840450215,True,0.30184680438171185,0.06502344111984998,0.04482854608562579,0.02371085310420763,0.021100739701787927,0.09130207687863665
20252958,3,weight_height_full,0.6580334110270551,True,0.2990054623467396,0.06396328375331937,0.04393367286283865,0.023408060550505705,0.020879305088522787,0.09023795692038523
20252958,4,bmi_only,0.8403673440059328,True,0.3351530785530464,0.11334809545380058,0.09435942796489122,0.038482185523016466,0.03788341912593779,0.12384524132413847
20252958,4,bmi_age_height,0.9413603472720666,True,0.3747106500802448,0.12163813426574578,0.0985338153072567,0.04102309398536513,0.03941368642908314,0.13506387601353914
20252958,4,bmi_full,0.9688016840199852,True,0.3869621796820183,0.1286810897604823,0.10175317661942908,0.04302597220031013,0.04060905351549183,0.14020629435554632
20252958,4,weight_height_full,0.9704030579799594,True,0.38885062777819235,0.12942417677066312,0.10236867135100171,0.04365240369534478,0.04105647618361823,0.14107047115576402
20252959,0,bmi_only,0.7018336308545222,True,0.3044641982879711,0.11854098326189032,0.09195993861537836,0.022127686195515514,0.02050478825340557,0.11151951892283218
20252959,0,bmi_age_height,0.6978539830185463,True,0.30422943550045733,0.11733788284888304,0.09009549349655765,0.021061402137026567,0.019730016143735707,0.11049084602533206
20252959,0,bmi_full,0.7001324787590397,True,0.29798143817625056,0.11420114244265041,0.0883995151983777,0.021546269486206967,0.019867898347110263,0.10839925273011916
20252959,0,weight_height_full,0.6985229662619754,True,0.2968993673406728,0.1135624434814772,0.08785438656535365,0.021436065371247058,0.019799504566903735,0.10791035346513089
20252959,1,bmi_only,0.6742381274027374,True,0.257109853250909,0.10668761709630191,0.08952132610814761,0.05517753629698019,0.05295861114004463,0.11229098877847668
20252959,1,bmi_age_height,0.6716155608713952,True,0.257853479678822,0.10592322150189494,0.08844779739944343,0.05399643182744171,0.052119091503341465,0.11166800438218871
20252959,1,bmi_full,0.702449914391509,True,0.28012168927149483,0.1116565395606978,0.09167876786531198,0.05561855449016776,0.053236171734542446,0.11846234458444296
20252959,1,weight_height_full,0.7023051012202449,True,0.2806852110144641,0.1118086946676275,0.0917196355186586,0.05560352464174403,0.0532006074869252,0.11860353466588389
20252959,2,bmi_only,0.6254956332517032,True,0.26627743689762146,0.0729047164017995,0.0645548556232515,0.023474428698764597,0.002785622850456494,0.08599941209437871
20252959,2,bmi_age_height,0.6465678288536679,True,0.2727039855230303,0.07417200481253856,0.06487068637231527,0.023111674481317585,0.0030873345059052757,0.08758913713902139
20252959,2,bmi_full,0.6419659222466332,True,0.27026950916426035,0.073317876049748,0.06451907285773281,0.023162132907656684,0.0031486916663696772,0.0868834565291535
20252959,2,weight_height_full,0.6387822337589747,True,0.2693127783427684,0.07334536480634518,0.06459131393457244,0.023330083620519457,0.0031840233855483756,0.08675271281795077
20252959,3,bmi_only,0.8088348109314715,True,0.3231607982310086,0.08409401340902133,0.0588737000873033,0.053045870385947276,0.03634486415002623,0.11110384925266134
20252959,3,bmi_age_height,0.8059020401732109,True,0.32148375788359784,0.08312559311261354,0.05796953700977135,0.052420181588003545,0.03610154834938468,0.11022012358867421
20252959,3,bmi_full,1.2057474036114777,True,0.34226837600549787,0.08999735791728138,0.06297890211854637,0.05550168287154324,0.03664498046915616,0.117478259876405
20252959,3,weight_height_full,1.2183127092490191,True,0.3404720377361644,0.08964830862861674,0.06261016394895717,0.055336524788099466,0.036502821524722485,0.11691397132531205
20252959,4,bmi_only,0.6240378306729766,True,0.27055183024197293,0.06031127824688694,0.0547294522507383,0.0213579134662854,0.01990264086601691,0.08537062301438009
20252959,4,bmi_age_height,0.6427457006844375,True,0.2765377303893332,0.06257392577919875,0.05609882867883143,0.022691682701492338,0.02087973605697852,0.08775638072116684
20252959,4,bmi_full,0.697303112418897,True,0.3233910471570924,0.08867353122541999,0.07435111468164597,0.03608046500468282,0.030078114722489113,0.11051485455826607
20252959,4,weight_height_full,0.6978544071636784,True,0.32276368262205213,0.08838904874626623,0.074245634964186,0.03613892730432144,0.03013049084238121,0.11033355689584139
20252960,0,bmi_only,0.4590939394456662,True,0.14896346635880098,0.06334617594126637,0.024746923442046733,0.004368496744025449,0.0019888777098920774,0.04868278803920632
20252960,0,bmi_age_height,0.4601178704392346,True,0.14741491536516335,0.06312637299451622,0.02413309146419011,0.004629789475801696,0.0021165369871874997,0.04828414125737177
20252960,0,bmi_full,0.4483064986034415,True,0.14351620665299944,0.060727092314935914,0.02305279483176979,0.004227242213121104,0.0019157254182413349,0.04668781228621351
20252960,0,weight_height_full,0.44960643533135164,True,0.14359349220061962,0.060717113110777626,0.02295120057908214,0.004195961048044601,0.0018979400658275052,0.046671141400870295
20252960,1,bmi_only,0.5632319423653249,True,0.27894994018009583,0.07520641393927725,0.060473467579817634,0.02154287759607636,0.02014284600208717,0.09126310905947085
20252960,1,bmi_age_height,0.5630871213677349,True,0.27959246533121956,0.07585366555181013,0.060613121324627324,0.02074474993951643,0.0195208550779643,0.09126497144502754
20252960,1,bmi_full,0.5678783805460049,True,0.2733670372113821,0.0800615553093513,0.06279479240586529,0.021791260459909215,0.01998791309595886,0.09160051169649336
20252960,1,weight_height_full,0.5656925943425418,True,0.2733138114916441,0.07971747462208668,0.06243686327201602,0.021755461344024132,0.019949219213075884,0.09143456598856936
20252960,2,bmi_only,0.9253502031528787,True,0.3576067748975792,0.14592244870685628,0.1282082340502465,0.07706331627632292,0.03933196395315879,0.14962654757683275
20252960,2,bmi_age_height,0.9426684460063417,True,0.3677119964102838,0.14723379220581342,0.12784959132644974,0.07730734002279038,0.039193641148391,0.15185927222274567
20252960,2,bmi_full,1.3521523832335145,True,0.3720908549054425,0.1489372037186303,0.12898895118963075,0.0790117477624336,0.03962457789830554,0.15373066709488853
20252960,2,weight_height_full,1.3661600147167352,True,0.36962555004641645,0.14835370426853026,0.12845724791203386,0.07893602356842651,0.039530945126561044,0.15298069418439364
20252960,3,bmi_only,0.6302107271717343,True,0.27905656719075167,0.0903034268193968,0.08672619474381969,0.03802121494150169,0.036411146455917816,0.10610371003027755
20252960,3,bmi_age_height,0.6399793942146845,True,0.288903936484861,0.091851341861556,0.08770529606670227,0.0379591152982559,0.03630302199286576,0.10854454234084818
20252960,3,bmi_full,0.6685266200564532,True,0.31494282262087736,0.09832347393871962,0.09181372710988901,0.040571295170895215,0.03800572408748318,0.11673140858557288
20252960,3,weight_height_full,0.669626596224944,True,0.31694087741137295,0.09847911409193047,0.09187956442892492,0.04045507972116501,0.03789945409617702,0.11713081794991409
20252960,4,bmi_only,0.8815993781219461,True,0.32869582216197923,0.07353715627246217,0.06611567792050405,0.03776952605911736,0.037061151809231856,0.10863586684465894
20252960,4,bmi_age_height,0.9249524649244806,True,0.3551549016721017,0.07589088311250201,0.06737657256381638,0.03788941728264676,0.037299456884539894,0.11472224630312136
20252960,4,bmi_full,0.9277554962702045,True,0.36086185092944334,0.07367927022642644,0.06565617397845408,0.036787621029487086,0.03643849856123877,0.11468468294500996
20252960,4,weight_height_full,0.926794290200645,True,0.3594550533740086,0.07360487116487985,0.06565492954349796,0.036874025082723354,0.03650266887983142,0.11441830960898824
20252961,0,bmi_only,0.6072427363659543,True,0.2399881365507843,0.0823841119595973,0.06994114275876337,0.019422661731520314,0.018754847185854618,0.08609818003730399
20252961,0,bmi_age_height,0.6152911978587494,True,0.23937244933551882,0.08321829108083917,0.06998031832386645,0.01949691698212212,0.018654146227464048,0.08614442438996213
20252961,0,bmi_full,0.607111660075213,True,0.2424048227488464,0.08200622937158823,0.0691938623335777,0.01976402883862405,0.019009945125673285,0.08647577768366194
20252961,0,weight_height_full,0.6050048080640621,True,0.24064111986110803,0.08120015066825531,0.06842425082577333,0.01948102692671612,0.018790703596866902,0.08570745037574394
20252961,1,bmi_only,0.740730126703484,True,0.3056450267980381,0.09042749731439988,0.0863054771497909,0.05365167949987316,0.05434858289008213,0.11807565273043683
20252961,1,bmi_age_height,0.7374339784471963,True,0.30516749676209803,0.08948301691139687,0.08535911478479201,0.05303101569544494,0.05390271661537814,0.11738867215382201
20252961,1,bmi_full,0.743749911602149,True,0.315550916993761,0.09019486277725175,0.08580369373370857,0.05415085616438376,0.05493046256172788,0.12012615844616659
20252961,1,weight_height_full,0.7427472592760976,True,0.3144255102873902,0.08944637610718782,0.08521959462762607,0.05379207288670779,0.05467617681605106,0.11951194614499258
20252961,2,bmi_only,0.5948328302848169,True,0.2553283954803483,0.08337396256991213,0.06277339793061301,0.040726885002782535,0.0022809942673065234,0.08889672705019251
20252961,2,bmi_age_height,0.6013202813122918,True,0.25719795518716276,0.0848621292829601,0.0631184899890595,0.040974799343428785,0.002582620976584078,0.08974719895583905
20252961,2,bmi_full,1.0064436973164865,True,0.2792818057013516,0.0921884842493228,0.06707180950327359,0.043943797962297124,0.0033168533464622463,0.09716055015254146
20252961,2,weight_height_full,1.0148105382492685,True,0.28126310964147394,0.0931351485767842,0.06772011140724782,0.044503384873675965,0.0035949560250407276,0.09804334210484453
20252961,3,bmi_only,0.6402453326037095,True,0.2725641621976153,0.08458788619902208,0.044435322448620695,0.02311679730469323,0.020655692676053224,0.08907197216520091
20252961,3,bmi_age_height,0.6351620293716933,True,0.27023483898091427,0.08388339128013346,0.043998545853413985,0.022734935363013856,0.020401512532675317,0.08825064480203018
20252961,3,bmi_full,0.6425241595506204,True,0.2665945664576768,0.08771166758622266,0.047259169195288775,0.023973471508417554,0.02100591722420307,0.08930895839436179
20252961,3,weight_height_full,0.6427667700519736,True,0.26671444406196876,0.0876438515806464,0.047173847404142565,0.023876500589575654,0.020950680843839487,0.08927186489603457
20252961,4,bmi_only,0.8608263418897667,True,0.3415029270369663,0.10994525889945846,0.10017946630919998,0.03890719438142065,0.037408939797098,0.12558875728482868
20252961,4,bmi_age_height,0.945782286272288,True,0.3689150737749998,0.12187358431294278,0.10730465705014504,0.04040052335518865,0.038401939157642104,0.13537915553018368
20252961,4,bmi_full,0.9505239469663078,True,0.3728894198645824,0.1227125277524901,0.10750501887614891,0.04043051318197899,0.03826310404507648,0.13636011674405538
20252961,4,weight_height_full,0.9474505792820019,True,0.37124880479068967,0.1222906011376979,0.10732355273597287,0.040445076420321996,0.03827593428954722,0.13591679387484595
20252962,0,bmi_only,0.8457639615634747,True,0.34809839700629114,0.11664942023233713,0.11207154698139994,0.05517828205926492,0.05402600047158387,0.13720472935017541
20252962,0,bmi_age_height,0.9948959831083806,True,0.39960572748223205,0.13341257265872578,0.11979053813571497,0.055155675142772795,0.053552133464065774,0.15230332937670227
20252962,0,bmi_full,0.9969084795274742,True,0.40268173232662524,0.1332739270831332,0.1207928465739015,0.056244662533676236,0.05457433273349431,0.1535135002501661
20252962,0,weight_height_full,0.9941085935720094,True,0.4023655662039162,0.13290352423197443,0.12050505805004608,0.05605837790805857,0.05444964462621638,0.15325643420404234
20252962,1,bmi_only,0.7750241238693607,True,0.3552445520443692,0.10457852793625422,0.07338180276210352,0.021071304912179598,0.019826717458348218,0.11482058102265094
20252962,1,bmi_age_height,0.7710640488293227,True,0.351108698917553,0.10381948237644759,0.07224953606624288,0.020824129928324456,0.019597327194956597,0.11351983489670489
20252962,1,bmi_full,0.789627278062106,True,0.37148001003069886,0.10572216240726191,0.0720572293096526,0.020687340159001408,0.019328595384051222,0.11785506745813319
20252962,1,weight_height_full,0.7884146710467286,True,0.37021212684742527,0.10515551648527321,0.0716163911370988,0.02066188708383936,0.019319144262794657,0.11739301316328625
20252962,2,bmi_only,0.5116664450699959,True,0.18990382169499362,0.07861091025725905,0.05661173257083761,0.020778266261308215,0.01893783922006364,0.07296851400089244
20252962,2,bmi_age_height,0.5162669616534865,True,0.1936532719762547,0.08001083360967243,0.057651153544380426,0.021114565012839686,0.019141582979462154,0.07431428142452189
20252962,2,bmi_full,0.512010417741015,True,0.19004371442608473,0.0803124416197858,0.058220093538708696,0.022453652308394925,0.020120935246731562,0.07423016742794115
20252962,2,weight_height_full,0.5087026904882023,True,0.18756803042407738,0.07937875215165895,0.05754981121568909,0.02209021865820661,0.01987720598593708,0.07329280368711381
20252962,3,bmi_only,0.5472644471681992,True,0.32683249565881234,0.05864325643717772,0.031337964382215006,0.006771237286472088,0.003392761705692738,0.08539554309407399
20252962,3,bmi_age_height,0.5573101053644464,True,0.3377191178469129,0.060902433823374603,0.03300546561985434,0.0077590933292913675,0.004005090789083782,0.0886782402817034
20252962,3,bmi_full,0.5608054939499174,True,0.34292159420200236,0.06356650842984185,0.0339925634219444,0.008915054290206472,0.00471874723209292,0.09082289351521759
20252962,3,weight_height_full,0.56193849402767,True,0.34442179182931726,0.06447551065975372,0.0346860989223963,0.009656662819682969,0.00521771931749368,0.09169155670972877
20252962,4,bmi_only,0.7676738780988658,True,0.254716819020714,0.09215740230606793,0.0885035290056501,0.07299497343025833,0.03797045367680887,0.10926863548789985
20252962,4,bmi_age_height,0.8003094860234835,True,0.26456254746494706,0.09764348128812231,0.09235114121597222,0.07544653602666428,0.03909773024861042,0.11382028724886326
20252962,4,bmi_full,1.1761844563889052,True,0.26806875138243885,0.1003974635685433,0.0936731417737711,0.07622108971471117,0.03883643434984363,0.11543937615786162
20252962,4,weight_height_full,1.1922355157327995,True,0.26781569601273075,0.10057876799064756,0.09386522977125528,0.0763582366635914,0.0388745289055238,0.11549849186874976
20252963,0,bmi_only,0.9167698119929768,True,0.35608279954652544,0.08468940951239427,0.08241058422742499,0.07064295270113087,0.053890495016498015,0.12954324820079471
20252963,0,bmi_age_height,0.9662351610415963,True,0.37183374105911227,0.09112363089979689,0.08797786133374558,0.07404419287200326,0.05564979086567899,0.1361258434060674
20252963,0,bmi_full,1.3783807099446415,True,0.38584454959507464,0.09268551386015798,0.08747854660361089,0.07384821020391599,0.05481168542434352,0.1389337011374206
20252963,0,weight_height_full,1.4125898010676095,True,0.3850590212337202,0.09249784683875945,0.08728268137319004,0.07394966666790699,0.054881724433920066,0.13873418810949936
20252963,1,bmi_only,0.5689523416788059,True,0.1925161463868027,0.08076007261713003,0.04357644661775877,0.005599741013191645,0.002661487941741215,0.06502277891532487
20252963,1,bmi_age_height,0.5942665378576643,True,0.2129364903955525,0.08485102556389762,0.045966343434221214,0.006075538476576798,0.0028786644609659876,0.07054161246624283
20252963,1,bmi_full,0.5861555527613231,True,0.20869596533451604,0.08467939781220211,0.046668515981083035,0.006213463308903066,0.0029315974047684932,0.06983778796829454
20252963,1,weight_height_full,0.5857422709785107,True,0.20862351379543892,0.08479663193424813,0.04673601448439244,0.0062334128977629055,0.0029381908913308132,0.06986555280063464
20252963,2,bmi_only,0.543570558205894,True,0.25325448594962446,0.06657396328761647,0.054474542418064514,0.03719941905837908,0.03728550928144596,0.0897575839990261
20252963,2,bmi_age_height,0.5503243615482935,True,0.2577649042555095,0.06753470804110405,0.05520195866666652,0.03762231936819742,0.03756260645214729,0.09113729935672496
20252963,2,bmi_full,0.5524325323353075,True,0.2581835450971404,0.06888434751568864,0.05680872340442694,0.03917044986997598,0.03862628147246634,0.09233466947193966
20252963,2,weight_height_full,0.551708135965319,True,0.256329707393658,0.06828614749770989,0.05640515823051794,0.03891925566243555,0.038451618557296244,0.09167837746832352
20252963,3,bmi_only,0.6804925157730498,True,0.29038189326201835,0.10919409851852009,0.09128426374507188,0.02173218734170797,0.01970589094119078,0.10645966676170182
20252963,3,bmi_age_height,0.8489842884866943,True,0.35220837630384083,0.12710515675121323,0.10246854775888584,0.024744251677886117,0.02147713384799729,0.12560069326796466
20252963,3,bmi_full,0.8557726907385467,True,0.3680715265085811,0.12922805733223153,0.10360035183210509,0.02520748039250769,0.021702973735899748,0.12956207796026503
20252963,3,weight_height_full,0.8512719104414022,True,0.36754072863032816,0.12893869304458935,0.10345898881445316,0.025144419897305256,0.021672045814230684,0.1293509752401813
20252963,4,bmi_only,0.7206609707223235,True,0.3133129288063197,0.1031924471469623,0.09281003302289066,0.04024966389034012,0.020303059359999404,0.11397362644530244
20252963,4,bmi_age_height,0.7374001420862428,True,0.3273496508077542,0.10527320971374689,0.09453950933168172,0.04095519397524102,0.020865749139866125,0.117796662593658
20252963,4,bmi_full,0.7359260831867258,True,0.3248829447817569,0.1063643179053343,0.09410470509348096,0.04235735000831342,0.021834849658776568,0.11790883348953243
20252963,4,weight_height_full,0.7352515664851377,True,0.32388392153461276,0.10590487618928165,0.09362515341674163,0.04242147194241918,0.02178240155681081,0.1175235649279732
20252964,0,bmi_only,0.5646595756547419,True,0.21015050392609347,0.08880582706608137,0.05993722777840679,0.022492998770663786,0.01994686280818693,0.08026668406988646
20252964,0,bmi_age_height,0.5634954453200334,True,0.21111991226629342,0.08959835165429007,0.05929476298486671,0.02229571112074279,0.01969679385018615,0.08040110637527582
20252964,0,bmi_full,0.570992770203194,True,0.21866057870896718,0.092272798930398,0.06067890941771989,0.022603102276375478,0.019716588670185956,0.08278639560072928
20252964,0,weight_height_full,0.5738695419366239,True,0.22144219227640843,0.09300810674183659,0.0612616027306766,0.022875705475127264,0.019869139329854017,0.08369134931078057
20252964,1,bmi_only,0.7093253318266098,True,0.30852789870465297,0.09277766400496427,0.07342506353383395,0.020744879473962495,0.01934353794380608,0.10296380873224395
20252964,1,bmi_age_height,0.7253141090489275,True,0.32015814112868757,0.09385758072644197,0.07315665036091207,0.02088907546740082,0.019362995619054794,0.10548488866049943
20252964,1,bmi_full,0.725653028370814,True,0.32785134498937657,0.09215320198728716,0.07222555220143158,0.020861639704646877,0.019374626892224325,0.10649327315499331
20252964,1,weight_height_full,0.7247673334550703,True,0.3278492003691062,0.09180602470432135,0.07197207264712299,0.020825469588567777,0.019364219098327806,0.10636339728148925
20252964,2,bmi_only,0.5595499942715833,True,0.2611761633753672,0.07110784609196712,0.06058105120291628,0.024438773713180057,0.003414861036271352,0.0841437390839404
20252964,2,bmi_age_height,0.5550122850080133,True,0.2571757072028697,0.069974993867387,0.05976246901375903,0.024218601477157174,0.003387092667012001,0.08290377284563696
20252964,2,bmi_full,0.9633616347732177,True,0.2898738943298044,0.07483024300752446,0.06273233301450233,0.02659547310407792,0.0032239736570193436,0.0914511834225857
20252964,2,weight_height_full,0.9566551958841747,True,0.28715479593501414,0.07442839144255084,0.06229098744473932,0.026742673797410625,0.003317019504437755,0.09078677362483054
20252964,3,bmi_only,0.5170991020601553,True,0.22739924877312082,0.035507702236558136,0.025130798886993898,0.0052153249919957715,0.002626702894880909,0.05917595555670992
20252964,3,bmi_age_height,0.5339019687733104,True,0.23926789221174252,0.03794854376687364,0.026274186025073226,0.005709921422229194,0.002887238706635725,0.06241755642651085
20252964,3,bmi_full,0.5287338623708805,True,0.22507333063422522,0.03950540566187448,0.02701613690633821,0.0064871186627044435,0.0033226408380085163,0.06028092654063018
20252964,3,weight_height_full,0.528884580929786,True,0.22497113348268197,0.039470348535387945,0.027000406215894533,0.006463674879949929,0.003305163037753499,0.06024214523033359
20252964,4,bmi_only,1.1223353532178482,True,0.3676578472686764,0.1601156416458779,0.15606980240780322,0.10751507706586545,0.09367258267412452,0.1770061902124695
20252964,4,bmi_age_height,1.1208070409618958,True,0.3629883633957681,0.1579305911634983,0.15423755443908171,0.10568330779837644,0.09259600222262979,0.17468716380387087
20252964,4,bmi_full,1.1457039886527982,True,0.3687625843892611,0.16193105811360373,0.15958664377916768,0.10954168678531313,0.09519871174646248,0.17900413696276163
20252964,4,weight_height_full,1.1407849820249045,True,0.36630660521985814,0.1610433028579248,0.15894109529119893,0.10935651162391032,0.09504384649530322,0.17813827229763907
20252965,0,bmi_only,0.6993018607454454,True,0.23483449206137275,0.099526717849425,0.08578610656694394,0.03746573243360987,0.03687953298032011,0.09889851637833433
20252965,0,bmi_age_height,0.6939648388300074,True,0.2305442909828724,0.09773560361419763,0.08420941903620008,0.03683189544549141,0.0364000380908761,0.09714424943392753
20252965,0,bmi_full,0.6998645683986345,True,0.2326375147625281,0.0991712832857766,0.08442649714435646,0.0380035340150404,0.037208916479752725,0.09828954913749086
20252965,0,weight_height_full,0.697491539114837,True,0.23057968528178993,0.09850845650877264,0.08387982148056732,0.03785101136241359,0.03709469256089163,0.09758273343888703
20252965,1,bmi_only,0.577835661162919,True,0.21825424913006428,0.08342235036371005,0.05972355396665119,0.022228568840964292,0.02016229501979494,0.08075820346423696
20252965,1,bmi_age_height,0.5766018619815996,True,0.21642777544819605,0.08343055141416256,0.05966858039261167,0.021973914906554776,0.02000649620725127,0.08030146367375526
20252965,1,bmi_full,0.5694326806039539,True,0.21596685683129485,0.0820553971813086,0.05843103271525616,0.021383594420748445,0.01953503563763576,0.07947438335724877
20252965,1,weight_height_full,0.5664756027812288,True,0.21378816841474022,0.08139824677139455,0.05799725451457214,0.021390217974690838,0.019554378206919253,0.0788256531764634
20252965,2,bmi_only,0.53340028635013,True,0.23397126517817557,0.07369369156616529,0.06973050080175018,0.03606038914389887,0.01813674744698602,0.08631851882739519
20252965,2,bmi_age_height,0.5283165794796534,True,0.23220042975976415,0.07248609828128927,0.06898615051546234,0.03537134608980066,0.01776214886994688,0.08536123470325266
20252965,2,bmi_full,0.9466180052995705,True,0.25907817251117116,0.08086966823095564,0.07428772305926194,0.03961230849845152,0.01901450405673103,0.09457247527131427
20252965,2,weight_height_full,0.9549107175032827,True,0.2586664125495286,0.08038494884955841,0.07396089552735598,0.03931541241641016,0.018810123437588585,0.09422755855608834
20252965,3,bmi_only,0.9288264455436014,True,0.4660387197142116,0.11065386207198374,0.0942909236273722,0.05718443268012121,0.03756021660425589,0.15314563093958894
20252965,3,bmi_age_height,0.9518460683459371,True,0.48117261400695277,0.11534024115869299,0.09711451740385503,0.058323128017535156,0.03861064335991113,0.1581122287893894
20252965,3,bmi_full,0.9495519212174908,True,0.47795171935010505,0.11516027129588516,0.0975991768127306,0.058602788937503016,0.038746379228545805,0.15761206712495393
20252965,3,weight_height_full,0.9564741774231684,True,0.4834756291426423,0.11651588490875535,0.09862906004189469,0.05926127614084337,0.03911600907653122,0.15939957186213338
20252965,4,bmi_only,0.7406724390042733,True,0.3162443704156036,0.07941108242592478,0.04865641331038828,0.023524312496635974,0.02131918480076535,0.0978310726898636
20252965,4,bmi_age_height,0.7463636875670079,True,0.31730103323964237,0.07843059018304596,0.04632869759509019,0.021592905185527363,0.019811449514755445,0.09669293514361225
20252965,4,bmi_full,0.7447042097429435,True,0.3189912240431652,0.07823331802447102,0.04605057438597288,0.021845305560459802,0.019898833922071774,0.09700385118722814
20252965,4,weight_height_full,0.7439452025207758,True,0.31664733920448757,0.07800435939812486,0.045941878399800254,0.021988974650934134,0.01997657113009246,0.09651182455668784
20252966,0,bmi_only,0.4843893183463069,True,0.1954493223844036,0.05790937374189383,0.04490810041854622,0.02316542391716799,0.019905097107681572,0.06826746351393863
20252966,0,bmi_age_height,0.4904926238913487,True,0.20402670117162908,0.059891051472906534,0.046122072634283945,0.022983332992526414,0.01967150646199151,0.07053893294666749
20252966,0,bmi_full,0.4860568661177607,True,0.20681858442725087,0.058403350274236904,0.04555063587722962,0.02280419911701677,0.019617803952825714,0.07063891472971198
20252966,0,weight_height_full,0.48803429693992845,True,0.2085772647648444,0.05935444656690964,0.04622133523101955,0.023214446281611786,0.01986463816587621,0.07144642620205231
20252966,1,bmi_only,0.7261592512283833,True,0.32181203917432993,0.10969579127708552,0.07771663728375507,0.04076103229405441,0.002312737088633853,0.11045964742357176
20252966,1,bmi_age_height,0.7299826925925831,True,0.3171289008207648,0.10922157101561622,0.07705079871997338,0.03933974405657628,0.0021108768337610873,0.10897037828933834
20252966,1,bmi_full,1.0851930557902416,True,0.3340496689771874,0.11377077054880103,0.08104788420861118,0.042227425872220954,0.002294618980763895,0.11467807371751688
20252966,1,weight_height_full,1.199357217309589,True,0.3331032022222099,0.11336016150312804,0.08077739788818089,0.04222680235226916,0.002240496471515971,0.11434161208746078
20252966,2,bmi_only,0.7121787663609263,True,0.32717460476203813,0.09807898914591012,0.07539942656504812,0.05620487310212245,0.05621172664897918,0.1226139240448196
20252966,2,bmi_age_height,0.7272202216198284,True,0.33763158164524376,0.10047689596273379,0.07530249517419568,0.05657657523648894,0.05638335943902599,0.12527418149153763
20252966,2,bmi_full,0.7166532662202186,True,0.33169806860149803,0.09942728297910863,0.07506670004748567,0.05668479659622007,0.056512130461620826,0.12387779573718664
20252966,2,weight_height_full,0.7133889432191092,True,0.3280217721862582,0.09838578272967939,0.07471245143141117,0.05647795298126258,0.05637049114728356,0.12279369009517897
20252966,3,bmi_only,0.8485120626513541,True,0.30823162326621617,0.10881033233258029,0.09249405387955954,0.0378887046568978,0.03718881227472774,0.11692270528199629
20252966,3,bmi_age_height,0.8542496137883897,True,0.31055485493662294,0.10846955218724592,0.09193230030288911,0.03785082976115806,0.03712069639423043,0.11718564671642928
20252966,3,bmi_full,0.880424981600938,True,0.3224800295499747,0.11358090241380639,0.09384352926964656,0.04009895349803969,0.03867410128381102,0.12173550320305566
20252966,3,weight_height_full,0.8757017247275529,True,0.3194933789528208,0.11240874199926308,0.09282741604535297,0.039892128132753536,0.03850806672027389,0.12062594637009286
20252966,4,bmi_only,0.7032993351886349,True,0.30858668719757865,0.08451524507672861,0.07715451292970357,0.02151509540510877,0.02011293605873494,0.1023768953335709
20252966,4,bmi_age_height,0.713571995439136,True,0.31809504846546865,0.08534884952663926,0.07758266350722527,0.02115322562629565,0.0198206574760451,0.10440008892033478
20252966,4,bmi_full,0.7556304349089787,True,0.3367596181306455,0.09172489676855929,0.08097614336328908,0.021759850659526386,0.020014167296656837,0.11024693524373541
20252966,4,weight_height_full,0.7584425125990711,True,0.338375431120395,0.0917282379103721,0.08103469417217725,0.021726367663716512,0.020013180431143217,0.11057558225956081
20252967,0,bmi_only,0.621908940224687,True,0.23714401111071848,0.08100779692804108,0.07643495169597175,0.004215735825256831,0.002000623777918324,0.08016062386758128
20252967,0,bmi_age_height,0.6420830421957127,True,0.24001565936132332,0.08352217510092874,0.07778427027196923,0.004912899684100979,0.002395494197552705,0.08172609972317499
20252967,0,bmi_full,0.6334597957339126,True,0.2350200479059298,0.0836312107125859,0.0776761011150438,0.005555491113166087,0.002777523652410862,0.0809320748998273
20252967,0,weight_height_full,0.6316011506423019,True,0.23311974506274416,0.08322207400012281,0.07737208522082764,0.005748389645192867,0.002905799547929536,0.08047361869536339
20252967,1,bmi_only,0.7658386014747633,True,0.2587458591472383,0.09628997031712769,0.07389037511990355,0.02249402439969103,0.002274425838632226,0.09073893096451854
20252967,1,bmi_age_height,0.7617202736825252,True,0.2573550690533168,0.09527745683667174,0.07304428406386178,0.02238157969020403,0.0023682158850472936,0.09008532110582032
20252967,1,bmi_full,0.7734647295185749,True,0.2665629594616528,0.09822274457333229,0.07485147713231392,0.023240645850510912,0.0031085704284551817,0.09319727948925302
20252967,1,weight_height_full,0.7743979318164229,True,0.26670846346463245,0.09840624936563794,0.07492778949016125,0.02368958568998083,0.00334176916988066,0.09341477143605863
20252967,2,bmi_only,0.6794597741164308,True,0.2630587978808708,0.0961477471204933,0.07562650836847258,0.05585925478034446,0.053155205247707185,0.10876950267957766
20252967,2,bmi_age_height,0.6789185695113288,True,0.2647438530593357,0.09539318676445303,0.07443769532544887,0.05436112489948359,0.052093685649987044,0.10820590913974164
20252967,2,bmi_full,0.7220845032355161,True,0.30394647165168936,0.10309100340638001,0.07850679153920591,0.057080644475756205,0.05394716288996403,0.1193144147925991
20252967,2,weight_height_full,0.7206702702892797,True,0.3028987431955014,0.10282762843143835,0.07827246103584429,0.056913944586055004,0.053830338994845114,0.11894862324873683
20252967,3,bmi_only,0.6561939003330319,True,0.3719366284487645,0.09705058325502075,0.08795920116343552,0.05461462495847488,0.052765892966026566,0.13286538615834445
20252967,3,bmi_age_height,0.6811198784946864,True,0.39045890975479186,0.0992620026130493,0.08921623836391662,0.05477988423802065,0.052802529831762784,0.13730391296030825
20252967,3,bmi_full,0.6764612314617062,True,0.38802458670214873,0.10043734847078799,0.08965317541205174,0.055118938209615304,0.05306549238358907,0.13725990823563855
20252967,3,weight_height_full,0.6745856644062025,True,0.3861330407431371,0.09994971497268235,0.08937095851110427,0.05495160961674803,0.05296033501740869,0.1366731317722161
20252967,4,bmi_only,0.7287415217688057,True,0.33913571705670076,0.07363067411895238,0.04650695051537128,0.04067264733485769,0.021457141585413304,0.1042806261222591
20252967,4,bmi_age_height,0.729418654203025,True,0.3383129624916057,0.07368969226153578,0.04641970551895032,0.04073964036732529,0.021356868488702115,0.10410377382562383
20252967,4,bmi_full,1.1096389114719272,True,0.3576320824593133,0.07875995079178093,0.05000116115276913,0.04278775861172042,0.021414274335440703,0.11011904547020493
20252967,4,weight_height_full,1.111895485777878,True,0.3570509205862533,0.07828751043200059,0.04955943954515875,0.042614077279213645,0.021311140684088,0.10976461770534288
20252968,0,bmi_only,0.5488133890164,True,0.2979534996229493,0.07237711558864827,0.06771387231815228,0.03728852067903498,0.03626497853984639,0.10231959734972626
20252968,0,bmi_age_height,0.5731854584622993,True,0.32462571120223727,0.07410165025952574,0.06822509189776375,0.03798169621857272,0.03674340821360413,0.10833551155834072
20252968,0,bmi_full,0.582139309872461,True,0.3281618264447178,0.07438571049661567,0.0676735076021003,0.038265030109742845,0.036862537861206184,0.10906972250287657
20252968,0,weight_height_full,0.5817861370489812,True,0.3279900044982424,0.07413820989845205,0.0675180356258941,0.038277424856034116,0.03688381660191686,0.1089614982961079
20252968,1,bmi_only,0.834696314787072,True,0.24767393032691298,0.1023419822370953,0.09414727463740558,0.057311683105836016,0.03913448789968743,0.10812187164138747
20252968,1,bmi_age_height,0.8446216719158435,True,0.25126671997519356,0.10394834556468571,0.09535348231099919,0.057835156988737264,0.03942961482653602,0.10956666393323036
20252968,1,bmi_full,0.8390249621229757,True,0.2478767591520769,0.10252782251472173,0.09505986382989749,0.05787936725794334,0.03946485093737628,0.10856173273840315
20252968,1,weight_height_full,0.8404729903662899,True,0.24742295556846036,0.1029587592712986,0.09534484960280379,0.05827483568206659,0.03965177258793298,0.10873063454251246
20252968,2,bmi_only,0.9510806485256752,True,0.36361500843028977,0.11370980645162371,0.1123700548078254,0.05306382866755932,0.0356470646671626,0.13568115260489216
20252968,2,bmi_age_height,0.964307699105366,True,0.3707908535087101,0.11298225867083041,0.11125568153583693,0.05018837694969666,0.03419386968220922,0.13588220806945667
20252968,2,bmi_full,1.3009207391977913,True,0.396608346296711,0.1266579343771039,0.12103751653104755,0.057562881624557846,0.03739640717693987,0.14785261720127202
20252968,2,weight_height_full,1.3021906253628555,True,0.39477112769519396,0.12572879942733803,0.12039332492908683,0.0571783333352097,0.037107596848464125,0.14703583644705853
20252968,3,bmi_only,0.5024028433683466,True,0.2215637127385704,0.06509141715142094,0.025882447872556398,0.005152650918613775,0.002453428181459779,0.06402873137252425
20252968,3,bmi_age_height,0.5011414127475702,True,0.2122052782598583,0.06370959733235113,0.024383137892206832,0.005044892495494912,0.002387090052175431,0.061545999206417304
20252968,3,bmi_full,0.5068225152594678,True,0.2268740810387303,0.06555417326792279,0.024653532647055016,0.004982878551702057,0.0023578279964424275,0.06488449870037051
20252968,3,weight_height_full,0.5051592338993804,True,0.2248604478231004,0.06479119434815807,0.023964118399231685,0.0048540163911590375,0.002285399929273401,0.06415103537818452
20252968,4,bmi_only,0.6113478423294562,True,0.28943910143446844,0.09132258811111578,0.06103052191588543,0.022305894093216892,0.020317875769188132,0.09688319626477493
20252968,4,bmi_age_height,0.6254394331486309,True,0.295878270752298,0.09485567339131301,0.06244617320942978,0.023090434290370106,0.020661826104291254,0.09938647554954043
20252968,4,bmi_full,0.624774505760505,True,0.3020246244451325,0.09654680954698462,0.06315364860628546,0.023243806171296483,0.020611195381744326,0.10111601683028867
20252968,4,weight_height_full,0.6259021642823904,True,0.302217632480673,0.09687761907952724,0.0632930494968691,0.023410511281109724,0.020702837793046814,0.10130033002624517
20252969,0,bmi_only,0.6610248116352424,True,0.2552221915236834,0.1048624648051301,0.08744977383998948,0.036652434133536575,0.018302366872185647,0.10049784623490506
20252969,0,bmi_age_height,0.6561306517636801,True,0.25293817327664464,0.10406734935697014,0.08678037566667594,0.03607204758388474,0.018019433577103974,0.09957547589225589
20252969,0,bmi_full,1.0749199442495732,True,0.28053482406261465,0.11578453226587615,0.09384912553197321,0.041016617888325516,0.019785829905938496,0.11019418593094561
20252969,0,weight_height_full,1.0431845757777343,True,0.28086699968981216,0.11576572239048113,0.09386299362479278,0.04097675684925849,0.019738386430452892,0.1102421717969595
20252969,1,bmi_only,0.5101647546085615,True,0.22163310780137638,0.07054611211722946,0.040378818457349815,0.004412699910905981,0.0020660040432727315,0.06780734846602687
20252969,1,bmi_age_height,0.5054535067178874,True,0.2190859346346335,0.0699348730089538,0.039857810826486186,0.004322966861903236,0.0020132390849263173,0.06704296488338062
20252969,1,bmi_full,0.4989485876860073,True,0.2198297043088827,0.06826521468418921,0.03951750956483555,0.0043401676278409405,0.00202326596924276,0.06679517243099824
20252969,1,weight_height_full,0.49794470563708415,True,0.21824674078586895,0.06778249927463385,0.03914912536826559,0.004371007007704846,0.0020378727459045187,0.06631744903647555
20252969,2,bmi_only,0.6439685156138122,True,0.26190757452125935,0.09169496576805504,0.07482158700663068,0.03931864389065062,0.03856568689547498,0.10126169161641414
20252969,2,bmi_age_height,0.6424142532642462,True,0.25830973996481943,0.09054239478252975,0.07383487614401632,0.039055524096130854,0.0383808175808942,0.10002467051367811
20252969,2,bmi_full,0.6677920426375566,True,0.2840671218256117,0.09559158495767471,0.0759286707957311,0.03904871142082107,0.03831199406389145,0.10658961661274602
20252969,2,weight_height_full,0.6669225041265416,True,0.2824371635007165,0.09519933617531144,0.07559707854052562,0.038958527010692585,0.03825560265626722,0.10608954157670267
20252969,3,bmi_only,0.8469407771915267,True,0.32531312961236514,0.09905920249548647,0.09348593816502575,0.05556543989431231,0.03710768022654804,0.12210627807874755
20252969,3,bmi_age_height,0.8646644504195258,True,0.33440111700431513,0.09670836536277272,0.09100092790490555,0.052805578968558704,0.035643983862725555,0.12211199462065554
20252969,3,bmi_full,0.8623155866440838,True,0.33599617083485633,0.09740859887376335,0.09210248724584798,0.05424256157398974,0.03671416719818839,0.12329279714532917
20252969,3,weight_height_full,0.8591391907741045,True,0.3342454339481133,0.09708018303802428,0.09185089111051348,0.054253933848123624,0.03665366516698263,0.12281682142235147
20252969,4,bmi_only,0.7692961609130111,True,0.3707204686046399,0.07314708476912125,0.06193812221692007,0.03843490678929599,0.03745805068665518,0.11633972661332648
20252969,4,bmi_age_height,0.7941828344821406,True,0.3873140456643129,0.07794866780806613,0.06481513842074929,0.039103697798664454,0.03775016111767717,0.12138634216189396
20252969,4,bmi_full,0.8221604576746261,True,0.3976190171588576,0.08743843973420158,0.07009546006811651,0.04185462348959476,0.03919033626589215,0.12723957534333255
20252969,4,weight_height_full,0.824165666155963,True,0.3994896343341431,0.08720622501326819,0.06989796689558979,0.04173820265313802,0.039117332927198906,0.12748987236466758
20252970,0,bmi_only,0.5210446330745027,True,0.32139700085778,0.04449295162702946,0.025724033096067633,0.005381582775143712,0.0029814666602716285,0.0799954070032585
20252970,0,bmi_age_height,0.5202508505857748,True,0.31860056603363923,0.044163334307732754,0.02497742181239369,0.0054977952349606896,0.0030123413216938373,0.07925029174208403
20252970,0,bmi_full,0.5187383150699308,True,0.3175905285493095,0.045236792362216,0.024812913122203004,0.005754924781425419,0.0030471544038037385,0.07928846264379155
20252970,0,weight_height_full,0.5170855085190943,True,0.3169026016591297,0.04460705620940467,0.024293009118556575,0.005671631678554975,0.0029912710063446663,0.07889311393439813
20252970,1,bmi_only,0.7236889127381465,True,0.2387104265571414,0.0849309122843374,0.05984329190969063,0.022432555445303714,0.0023118638733413415,0.0816458100139629
20252970,1,bmi_age_height,0.7447522384707325,True,0.2496147288054841,0.08830827551928673,0.060527958569215674,0.022088802470660408,0.0024655902860830224,0.08460107113014599
20252970,1,bmi_full,0.7382680946177888,True,0.24917910951685848,0.085063655841504,0.059553992818421775,0.022112638825377756,0.002501833323461926,0.08368224606512478
20252970,1,weight_height_full,0.7380467965591296,True,0.24874528973172633,0.0847637244347728,0.059537866707547626,0.022226798887395646,0.002502942265535361,0.08355532440539556
20252970,2,bmi_only,0.6669367730722572,True,0.2704124968593998,0.091458173182047,0.08914402681496104,0.052437339254566714,0.03610667734939024,0.10791174269207296
20252970,2,bmi_age_height,0.6633315468851219,True,0.26401776199578625,0.09037609331658958,0.08829127416391934,0.05173866666971769,0.0355384231112989,0.10599244385146234
20252970,2,bmi_full,1.087500245727273,True,0.27965510734238347,0.0974675627191879,0.09322190604277512,0.05611324349700727,0.03726919786346386,0.11274540349296351
20252970,2,weight_height_full,1.0520190221881462,True,0.27722477425354863,0.09670853250940961,0.09264322309640431,0.05576642074777661,0.037003693394092575,0.11186932880024636
20252970,3,bmi_only,0.7576119615037744,True,0.34714601448373533,0.08388591686726507,0.0772518989113019,0.03904094328501324,0.03796522469838447,0.11705799964914002
20252970,3,bmi_age_height,0.7719123829004761,True,0.36274776349960636,0.08497311903009552,0.07840781930455647,0.039476289924984136,0.03834361946903176,0.12078972224565483
20252970,3,bmi_full,0.7987208976005404,True,0.38159791373294444,0.08906814253673645,0.0803901619324451,0.03946524741661564,0.038214956761750206,0.12574728447609837
20252970,3,weight_height_full,0.7983473213742857,True,0.3818875985058631,0.08897693425108408,0.08035390509078601,0.039443092156334764,0.03821831299540652,0.1257759685998949
20252970,4,bmi_only,0.7968098257773439,True,0.28495301587735344,0.14061344624026786,0.11136108310807952,0.060284956057381454,0.058458668415032077,0.13113423393962287
20252970,4,bmi_age_height,0.8098592255934507,True,0.286088214027322,0.14218328620657136,0.11129552938882527,0.06010604807133004,0.05824077427626347,0.13158277039406244
20252970,4,bmi_full,0.8043046687036197,True,0.28402180473067046,0.14165080682225956,0.11060983520652412,0.0599292421363186,0.05813053085296189,0.13086844394974692
20252970,4,weight_height_full,0.8029489172534575,True,0.2824366178005673,0.14183715071078962,0.11072885593940494,0.06022466069258764,0.058289638814932855,0.1307033847916565
20252971,0,bmi_only,0.6912146887850542,True,0.32978540915014753,0.08973323408360107,0.08840469557160414,0.022050174032592372,0.019979865523455785,0.10999067567228019
20252971,0,bmi_age_height,0.706749326002768,True,0.34053515191554845,0.09264775863974752,0.09068214239715229,0.022614089099765273,0.020379868261695612,0.11337180206278182
20252971,0,bmi_full,0.7228842764872324,True,0.3496670195545984,0.09259577362954176,0.08999163543578714,0.023866481637429958,0.021173816321578564,0.11545894531578718
20252971,0,weight_height_full,0.7213637808806136,True,0.3479494328004322,0.09153166271636787,0.08915379666045582,0.023728821823080407,0.0210873847203606,0.1146902197441394
20252971,1,bmi_only,0.6689172083821421,True,0.2387538070886769,0.09219182343639933,0.0738470439255402,0.0709781292249614,0.03732484589149262,0.10261912991341408
20252971,1,bmi_age_height,0.665054387252917,True,0.23614764759474902,0.09122749595896744,0.07301489767545709,0.07043737777482123,0.037045835226220854,0.10157465084604314
20252971,1,bmi_full,1.0715126153340366,True,0.2566974264467551,0.10165188978408281,0.07956887326361373,0.07470337678000011,0.03859654560622234,0.11024362237613483
20252971,1,weight_height_full,1.051704726950568,True,0.254767382871187,0.10132633763061355,0.07930987759703031,0.07468255205959709,0.038518821906705976,0.10972099441302678
20252971,2,bmi_only,0.7792188287514672,True,0.30034241702962394,0.06491158398634769,0.04160485836557725,0.037000981836623294,0.036094299956045,0.09599082823484344
20252971,2,bmi_age_height,0.7983980195424146,True,0.31064605025460507,0.06613415341840437,0.042211281709006,0.0371032670420863,0.036157682549784576,0.09845048699477728
20252971,2,bmi_full,0.7971838504346979,True,0.3177298749767334,0.06765327383666092,0.04313836353695854,0.03788781628284554,0.036921061668339014,0.10066607806030747
20252971,2,weight_height_full,0.794606018586671,True,0.31536829865941346,0.06690193003517056,0.042607478917582944,0.037597779052429246,0.036683661909318925,0.09983182971478302
20252971,3,bmi_only,0.689450664403534,True,0.25222601985677084,0.08847559273754953,0.0593626263167319,0.022492694999885397,0.01988276922467125,0.08848794062712177
20252971,3,bmi_age_height,0.7057080087693811,True,0.2679606063923098,0.09280976522576963,0.06122963477498953,0.022012519223822982,0.019356380754368022,0.09267378127425199
20252971,3,bmi_full,0.7062115978370316,True,0.27961232657696183,0.0953726284793301,0.06191393224218968,0.022233750103300726,0.019449629768695565,0.09571645343409559
20252971,3,weight_height_full,0.7096706327329545,True,0.282154432791263,0.0963517423033442,0.06267686268078156,0.02271066015510859,0.01975974347165656,0.09673068828043077
20252971,4,bmi_only,0.5852309338262905,True,0.2815426916094008,0.10115886541699166,0.09139862196903353,0.02113216270655365,0.020403511991947638,0.10312717073878545
20252971,4,bmi_age_height,0.6148040219871372,True,0.2986774167724227,0.10310281046447986,0.09164016711151164,0.019939941079138577,0.01959676253533287,0.10659141959257712
20252971,4,bmi_full,0.6185381311969979,True,0.30037532482508256,0.10444519775206498,0.09278290897815543,0.020323707204735416,0.01986824809777452,0.10755907737156259
20252971,4,weight_height_full,0.6152724043469096,True,0.2994752267714204,0.10437784893238646,0.09261424271457921,0.020314303514895184,0.019869670052445543,0.10733025839714536
20252972,0,bmi_only,0.9287989254056503,True,0.30948798516504084,0.15074973017594492,0.14744369738875487,0.07814009640661398,0.05988770257272962,0.14914184234181685
20252972,0,bmi_age_height,0.9264159775959009,True,0.3082527212200631,0.15008341499270647,0.14666160054431432,0.07753354619589199,0.05938447862895402,0.148383152316386
20252972,0,bmi_full,1.3142840576758286,True,0.3294588538540313,0.16021140040288678,0.15240392526137692,0.08178879827329368,0.061107437300983586,0.15699408301851442
20252972,0,weight_height_full,1.361842455963362,True,0.3282145298289721,0.15953927548817726,0.15174845740921877,0.08155170699074979,0.060952610426191524,0.15640131602866186
20252972,1,bmi_only,0.5841407039241255,True,0.26568464112154583,0.06052490333822232,0.03839730363888554,0.0043523118914703075,0.002145140273324513,0.0742208600526897
20252972,1,bmi_age_height,0.5937304510617598,True,0.28085479735189445,0.06133857492440046,0.03801371142017542,0.0041566573723743495,0.0019606992439578017,0.0772648880625605
20252972,1,bmi_full,0.5967561798125952,True,0.28708977835407024,0.06033550171967947,0.036557440302573886,0.004379506003995804,0.002080353588079823,0.07808851599367986
20252972,1,weight_height_full,0.5961885652403347,True,0.28694389035207013,0.05971036734250197,0.03595560947045444,0.0042812481939914085,0.002025515562261128,0.0777833261842558
20252972,2,bmi_only,0.7651245756001629,True,0.30342487746984353,0.1091951755213685,0.10874786156508116,0.05910375201380133,0.03916198437889618,0.12392673018979813
20252972,2,bmi_age_height,0.7639031092321555,True,0.30094765672852825,0.10812676283144985,0.10810666542292703,0.05926010743327853,0.03949059147193661,0.12318635677762405
20252972,2,bmi_full,0.7602335608075885,True,0.2934717867372699,0.1094230726662425,0.10859220846976868,0.05960230369133699,0.0396296538526942,0.12214380508346248
20252972,2,weight_height_full,0.7606898918181186,True,0.2920846023170544,0.1094424897770959,0.1086398655566162,0.05982117523009994,0.0397094996653951,0.1219395265092523
20252972,3,bmi_only,0.6015353610830856,True,0.26931691359229815,0.08694162641441718,0.05905336439391812,0.03660067339397025,0.03555366730835733,0.09749324902059221
20252972,3,bmi_age_height,0.6006502066243298,True,0.2662993082259013,0.0867720989286601,0.058102885173240505,0.03583314658461692,0.034924512877728436,0.09638639035802947
20252972,3,bmi_full,0.6229052643130526,True,0.291891053593415,0.09268528586358526,0.06036347892847565,0.03712950946485145,0.03577675852739369,0.1035692172755442
20252972,3,weight_height_full,0.6216880303701208,True,0.2911785168260822,0.09229217170786769,0.059946911200021206,0.03685452489507196,0.035585071374952745,0.10317143920079916
20252972,4,bmi_only,0.5750551229301896,True,0.2506757227166373,0.03735418080620918,0.011708486096392924,0.006782730307540052,0.0036070580573890187,0.062025635596833696
20252972,4,bmi_age_height,0.5808360173448249,True,0.25936239087319324,0.037965125800221176,0.011772493180726809,0.006853313419670469,0.003676972535098916,0.06392605916178212
20252972,4,bmi_full,0.592645886330526,True,0.28345941305194644,0.04091156799531742,0.013833183321044194,0.008077629405065262,0.0044701648496430465,0.07015039172460327
20252972,4,weight_height_full,0.5941365740682935,True,0.28474718552476974,0.04202253349678039,0.014583974062655415,0.008665963070423572,0.004870623821600413,0.0709780559952459
20252973,0,bmi_only,0.7477891758332136,True,0.30414477371345705,0.11971990834656618,0.09143517847055524,0.02223888800503734,0.021174673322160723,0.11174268437155532
20252973,0,bmi_age_height,0.7474246354121334,True,0.3034329285325036,0.11834121943352961,0.08998401705879042,0.02113631307740527,0.020298186408368477,0.11063853290211947
20252973,0,bmi_full,0.7463815727337102,True,0.301308449017084,0.11748772167072233,0.08895759327343117,0.021637650698001516,0.02068512039226715,0.11001530701030122
20252973,0,weight_height_full,0.7430647966296802,True,0.2995555823686601,0.11668626895776947,0.0881513316021416,0.021538913181566772,0.020580928244089757,0.10930260487084553
20252973,1,bmi_only,0.6474263436989308,True,0.2782910761073649,0.06124363268743936,0.05754464587305624,0.020011899254787656,0.01868838130790085,0.0871559270461098
20252973,1,bmi_age_height,0.6501229928946599,True,0.28163630262959444,0.05854536728881626,0.05536063464290976,0.018958292066051,0.01791582413579875,0.08648328415263404
20252973,1,bmi_full,0.6478434678715781,True,0.27795355819374495,0.06118142937962573,0.05727572990098049,0.020593284231695735,0.019102206093819088,0.0872212415599732
20252973,1,weight_height_full,0.6460277251759733,True,0.2760547702031846,0.06074003408613387,0.05692413041911524,0.020391368150742634,0.018938012939667775,0.08660966315976884
20252973,2,bmi_only,0.6085919795958423,True,0.2473645654940882,0.08396571095068783,0.07500821079818035,0.03931065557394015,0.020121970216603693,0.09315422260670005
20252973,2,bmi_age_height,0.6042214082193877,True,0.2442950298098724,0.0833850617423005,0.07433523716958569,0.03905015137674407,0.02008808509459037,0.0922307130386186
20252973,2,bmi_full,0.6260219450372462,True,0.2547088828403276,0.08561794359540054,0.0765222298899397,0.03994312205845298,0.02065024457353709,0.09548848459153157
20252973,2,weight_height_full,0.6267470602230176,True,0.2550190952323022,0.0853844045216307,0.07635531639601673,0.039967024529893355,0.02061779552444064,0.09546872724085673
20252973,3,bmi_only,0.7861129142726764,True,0.3375601988978841,0.10809353119050175,0.07404092176649471,0.03987561767287767,0.03724186889809992,0.11936242768517162
20252973,3,bmi_age_height,0.8151627599546709,True,0.35581482656666397,0.11401315442932107,0.07711924578553565,0.04071283582092858,0.0377558079390939,0.12508317410830866
20252973,3,bmi_full,0.8129270000303404,True,0.35737797446606223,0.11362663254727831,0.07678389366945321,0.0408017282268382,0.03776324332409937,0.1252706944467463
20252973,3,weight_height_full,0.8144240855542648,True,0.35904551366875725,0.11407098513637312,0.07710439916516723,0.04104368924444003,0.03792354783883695,0.12583762701071494
20252973,4,bmi_only,0.6308438975357559,True,0.2525794104209011,0.0651111283912257,0.06004755023156988,0.05354376128920325,0.03607011768302123,0.09347039360318422
20252973,4,bmi_age_height,0.633084516022474,True,0.25150996682670285,0.06513843371767188,0.059697519521117674,0.0532800250075357,0.03566714467066154,0.09305861794873793
20252973,4,bmi_full,1.0448134361981374,True,0.2796514385378966,0.07255779100318399,0.06497814976913421,0.05654709421040606,0.036618194033004446,0.10207053351072506
20252973,4,weight_height_full,1.0242866779462199,True,0.27733311550182693,0.07235239579891206,0.06477380380659689,0.05653113134831912,0.036576183603253286,0.10151332601178167
20252974,0,bmi_only,0.6367608269310332,True,0.2903297030610752,0.04620524504450504,0.03904711117271623,0.03472628492901344,0.034654663665469376,0.08899260157455585
20252974,0,bmi_age_height,0.634443274706169,True,0.28885139533899046,0.04428695902412663,0.03750415221675291,0.03377093242986579,0.033898081159706606,0.08766230403388849
20252974,0,bmi_full,0.654224090706485,True,0.3215246128053265,0.050059111344607464,0.0414442827436133,0.0361653314924249,0.03559271089724834,0.0969572098566441
20252974,0,weight_height_full,0.6527339297601332,True,0.31987816574041505,0.049695718054988305,0.0411190499709927,0.03600162108600242,0.035446890970986696,0.09642828916467702
20252974,1,bmi_only,0.9131195661872873,True,0.3750151964277138,0.14293883187304707,0.12644169915345338,0.05994710550745019,0.057176348222576306,0.15230383623684815
20252974,1,bmi_age_height,0.9337636358523881,True,0.3746539026691341,0.14360041283793962,0.1252134739422402,0.058008281093322976,0.05577266223558422,0.15144974655564422
20252974,1,bmi_full,0.9363167158214227,True,0.37340169834698383,0.14318849084783306,0.12418064219260026,0.05856615758863821,0.05617672290496195,0.15110274237620347
20252974,1,weight_height_full,0.9341674241209139,True,0.3726298308162229,0.1424847097163359,0.12362294656461364,0.058540482315391155,0.056170097884670665,0.15068961345944684
20252974,2,bmi_only,0.5648916941449905,True,0.22690519559264677,0.08090949092667908,0.07464779386224857,0.022197831506506015,0.02022082102935521,0.08497622658348712
20252974,2,bmi_age_height,0.5597135495671576,True,0.22371672701737066,0.0796645432972602,0.07383548163229302,0.021904221398882727,0.020033873929587352,0.08383096945507879
20252974,2,bmi_full,0.5636553438997857,True,0.22711120782696917,0.08054897775415021,0.07385356813777409,0.02246939297108207,0.020286965411050902,0.0848540224202053
20252974,2,weight_height_full,0.5630474861897886,True,0.22582006973735064,0.0803763138936887,0.0738308597084023,0.02239444524018471,0.020254804859206183,0.0845352986877665
20252974,3,bmi_only,0.7684545185684897,True,0.3462020985912622,0.09515120822915303,0.06325625769908257,0.023610707624691585,0.003258221268694618,0.10629569868257678
20252974,3,bmi_age_height,0.7679705293862664,True,0.34858170233823355,0.09437837444016485,0.06233588836582361,0.02277688694227807,0.002953775362031148,0.10620532548970625
20252974,3,bmi_full,1.130492828072691,True,0.36579041865023015,0.10077147891467533,0.0661171708096389,0.02558127523032691,0.002765305484603936,0.11220512981789506
20252974,3,weight_height_full,1.1195627402830712,True,0.3647214409980887,0.1005180662793378,0.06591397372371369,0.02559296192049367,0.0027715080825283455,0.11190359020083243
20252974,4,bmi_only,0.5572177011376839,True,0.18081491327202714,0.08041111047844549,0.057334589481262695,0.03779450031302058,0.019099879442373624,0.0750909985974259
20252974,4,bmi_age_height,0.5558357140222614,True,0.17871045318956613,0.08008552847789045,0.05616496408799254,0.037199387262167705,0.018899510162264273,0.07421196863597622
20252974,4,bmi_full,0.5659744508844445,True,0.18381896198543796,0.08163307259928261,0.058840098974589417,0.039188885183240825,0.020433548002419068,0.07678291334899398
20252974,4,weight_height_full,0.5662235272140003,True,0.1846587950213619,0.08178532858866978,0.05890473969192911,0.039291388967175565,0.02039491223230381,0.07700703290028803
20252975,0,bmi_only,0.7218032738476485,True,0.31672041633900777,0.08365764320830608,0.07577483090601828,0.020223214074333917,0.01832502820320068,0.10294022654617334
20252975,0,bmi_age_height,0.7258288208569037,True,0.3150482220238158,0.08439209526722677,0.0759519595046577,0.020082893363719795,0.01812237743636313,0.10271950951915665
20252975,0,bmi_full,0.7587565837587541,True,0.3318737675962552,0.09038425855296149,0.0800529907196827,0.023085286671622754,0.020300621868376317,0.10913938508177971
20252975,0,weight_height_full,0.7598920223280174,True,0.3340312606277022,0.09071186045579932,0.08021988567701514,0.023118190547186234,0.020295332153436835,0.10967530589222793
20252975,1,bmi_only,0.5178494568445673,True,0.21470306066490313,0.07443989922066838,0.060765465691379514,0.021021145433666514,0.019786849796954248,0.07814328416151435
20252975,1,bmi_age_height,0.5376646488374912,True,0.23048881960180637,0.07769094966028169,0.06262292606206289,0.02074240688589351,0.01953103267960624,0.08221522697793014
20252975,1,bmi_full,0.5340361501239547,True,0.22924667835407816,0.0790139115658482,0.06268303820862112,0.02079183151475588,0.019399794270507767,0.08222705078276221
20252975,1,weight_height_full,0.5322082504604935,True,0.22855480775482823,0.07879463396644361,0.06249818525465585,0.020823427620878868,0.019420806446622318,0.08201837220868577
20252975,2,bmi_only,0.7672156573651129,True,0.35287793997111966,0.09261211501350332,0.05996652866709114,0.039733037843530425,0.020467494101168954,0.1131314231192827
20252975,2,bmi_age_height,0.7641385636536044,True,0.3506945728677814,0.0919335744161515,0.05926067554749468,0.0394545219720535,0.02025906354647114,0.11232048166999042
20252975,2,bmi_full,1.1406415197529998,True,0.36130320374207997,0.0959182053937655,0.061473389085276546,0.04111199158031413,0.01985506777294521,0.11593237151487626
20252975,2,weight_height_full,1.1642945522882933,True,0.360935965761778,0.09561318200015954,0.06116144129631303,0.041003275856554784,0.019786229133245396,0.11570001880961016
20252975,3,bmi_only,0.6801120163777701,True,0.2724114467405783,0.08700810646341317,0.07193314557427749,0.021764855564347135,0.02013007799439981,0.09464952646740318
20252975,3,bmi_age_height,0.6745257618650421,True,0.2718949080992742,0.08562235302600128,0.07052975835647692,0.021473178133399516,0.01990903062032766,0.09388584564709591
20252975,3,bmi_full,0.6758049101512726,True,0.280224838884859,0.08584983645627596,0.07193606482447043,0.021389047921386545,0.019794620953720494,0.09583888180814247
20252975,3,weight_height_full,0.6728868066224918,True,0.27668859725535566,0.08516412661363054,0.07155574947884678,0.021423247827211164,0.019810357557543155,0.09492841574651747
20252975,4,bmi_only,0.7668501437255529,True,0.2835924170831113,0.10832054403033138,0.09161309864948526,0.07220264403893957,0.0549376096600003,0.12213326269237354
20252975,4,bmi_age_height,0.782807827024965,True,0.28636856567102625,0.10951576919784695,0.09209660766852261,0.07144596954069807,0.054838456899548915,0.12285307379552857
20252975,4,bmi_full,0.7894457567337487,True,0.29345343970725485,0.11082020456819396,0.09344189619490124,0.07262584581382459,0.0557002795077456,0.12520833315838403
20252975,4,weight_height_full,0.7884554630349142,True,0.2918103769123138,0.11049101605024036,0.093211870323402,0.07253475182647305,0.055581117021153766,0.12472582642671659
20252976,0,bmi_only,0.6972654267590139,True,0.2796234344553047,0.10949543696656532,0.09080416714170346,0.03958900505915307,0.03859013496531598,0.11162043571760849
20252976,0,bmi_age_height,0.6922757860055673,True,0.27574865101367496,0.10888800630591808,0.09023518053322405,0.03929972997778469,0.038378881412971674,0.11051008984871469
20252976,0,bmi_full,0.6896443258038596,True,0.2791177029959671,0.1079896107450085,0.09041458422390877,0.03860385207570211,0.03787034163679705,0.11079921833547672
20252976,0,weight_height_full,0.6873668221549778,True,0.2758629477687841,0.10757677899124994,0.09016865195397629,0.03869877907706561,0.03792387356263862,0.11004620627074291
20252976,1,bmi_only,0.9571704779931551,True,0.37868112005948024,0.10953124571246498,0.10820751008090441,0.06971746698675205,0.05285470396041035,0.1437984093600024
20252976,1,bmi_age_height,0.9638035681651113,True,0.37747455779706524,0.11008574472054787,0.10847863864577896,0.06912792975879525,0.052727399722991466,0.14357885412903576
20252976,1,bmi_full,0.9645631384198337,True,0.3805799879253925,0.11056275501731078,0.10892558626098751,0.06989705972063745,0.053314986144283975,0.14465607501372243
20252976,1,weight_height_full,0.9628275715423179,True,0.3800758774352117,0.11006535842397543,0.10857507107756668,0.06977241926688842,0.0531589666467889,0.1443295385700862
20252976,2,bmi_only,0.7444739128449305,True,0.3017812200060305,0.1064876521027474,0.061856168387683805,0.03832222309921068,0.03691498321033266,0.10907244936120102
20252976,2,bmi_age_height,0.7431445047248244,True,0.30341357763788357,0.10551651518225677,0.061244086863760254,0.03785504946856515,0.03662269493515374,0.1089303848175239
20252976,2,bmi_full,0.7552839756406509,True,0.3177712773196313,0.10933849257126567,0.0624744675621038,0.03900202263358011,0.03741355124842329,0.11319996226700083
20252976,2,weight_height_full,0.7537698019606511,True,0.31712138979754434,0.10886820586200889,0.06200509901834252,0.038684332621742874,0.037189152470322256,0.11277363595399219
20252976,3,bmi_only,0.44742578621844487,True,0.1721750180323949,0.036135327865652246,0.025195493080819798,0.005063583030660659,0.00242163392959879,0.04819821118782528
20252976,3,bmi_age_height,0.46365602822999147,True,0.1853983106679105,0.03511207465484052,0.024020124312743352,0.004815457969958895,0.0022702604988463927,0.050323245620859935
20252976,3,bmi_full,0.461653106764471,True,0.17775948778724246,0.0360729623746991,0.024376065207194663,0.0054078635705412945,0.0025916625042266698,0.04924160828878084
20252976,3,weight_height_full,0.4597835953309444,True,0.1764576638660398,0.035643876723119354,0.024093985041894986,0.005317909495053294,0.0025434889967386,0.04881138482456921
20252976,4,bmi_only,0.6214719698674677,True,0.2610203831041377,0.08656974832813306,0.0779447006623295,0.024257686364459633,0.002671022394183911,0.09049270817064878
20252976,4,bmi_age_height,0.6324738920172965,True,0.27059479132613357,0.08859607983537546,0.0791872253260559,0.024422811545376632,0.003037240134290861,0.09316762963344649
20252976,4,bmi_full,0.9968284156546676,True,0.2990755885706915,0.09490095059926616,0.08281552399304412,0.027861762716672945,0.0033214656533771523,0.10159505830661038
20252976,4,weight_height_full,1.0198278161226455,True,0.3007839930821845,0.09543525017765535,0.08328972000346135,0.028269627675937582,0.0036009163908343905,0.10227590146601465
20252977,0,bmi_only,0.6038214951065086,True,0.24477611948654635,0.059033745401303295,0.04123708213900117,0.036618502687758556,0.03556378594926749,0.08344584713277539
20252977,0,bmi_age_height,0.6093047987012545,True,0.2444458656387647,0.05915999569177144,0.0402717826318864,0.03590604944899421,0.03485915444055596,0.08292856957039454
20252977,0,bmi_full,0.6333402489132864,True,0.27057799434072416,0.06578617208953319,0.04346135528158795,0.03789203248121793,0.036159751196232146,0.09077546107785908
20252977,0,weight_height_full,0.6316901539138086,True,0.2684600833059594,0.06558654518570746,0.04320291215548905,0.037756812186887985,0.03603518190526444,0.09020830694786167
20252977,1,bmi_only,0.8897474125356104,True,0.28826140832114816,0.12135292587109608,0.0738418382691416,0.003047204482956685,0.001561636872220757,0.09761300276331267
20252977,1,bmi_age_height,0.9356062287528286,True,0.3084969839585293,0.1262507444937639,0.07661003128391951,0.0029847830191523776,0.0014514693467436602,0.10315880242042175
20252977,1,bmi_full,0.9323834360919927,True,0.30421342208547053,0.12360894883689699,0.07575465764646663,0.0031221497801553638,0.0015233603400127873,0.10164450773780045
20252977,1,weight_height_full,0.9247783304249785,True,0.3028950758767058,0.12315034612676691,0.07543408480321126,0.0030234649818049217,0.001467987887940726,0.10119419193528593
20252977,2,bmi_only,0.45084184949707345,True,0.25425467094999654,0.04223332110226262,0.02934916480747203,0.023110961018938416,0.020679817804745503,0.07392558713668301
20252977,2,bmi_age_height,0.4504446291644924,True,0.2570481749052299,0.04242911447539499,0.02930042005381192,0.023186250449220142,0.02067359763570109,0.07452751150387162
20252977,2,bmi_full,0.44023837337834787,True,0.24917538823268173,0.04162492195448312,0.028945112387370117,0.023069083906535535,0.02058459696772697,0.0726798206897595
20252977,2,weight_height_full,0.44249866686228334,True,0.24968766504376383,0.042463208230918904,0.02957985808288074,0.023655043718009954,0.02096405566563827,0.07326996614824234
20252977,3,bmi_only,0.7199874922522854,True,0.29095522571583216,0.08005711120653346,0.07484561639477809,0.07035456183075131,0.037012778401295916,0.11064505870983818
20252977,3,bmi_age_height,0.7182825810127417,True,0.28942137767413745,0.07923044154780655,0.07403941235274004,0.0697918788404184,0.037054844846634426,0.10990759105234738
20252977,3,bmi_full,1.1100755189820455,True,0.3234831777921246,0.089212684224292,0.08022047124760935,0.07363548569256063,0.0383397359722651,0.12097831098577035
20252977,3,weight_height_full,1.1026933078374173,True,0.3236117840898371,0.08894723716750587,0.07999643697710869,0.07349814251665958,0.03816976434544736,0.12084467301931172
20252977,4,bmi_only,0.7925887157373592,True,0.3344543309522825,0.14352907721222113,0.14333740424457916,0.042407447190055965,0.04083828714514509,0.14091330934885676
20252977,4,bmi_age_height,0.7905616606105339,True,0.3330957438980647,0.14301801073359194,0.14291241942908678,0.04220074935727099,0.04070040246232041,0.14038546517606698
20252977,4,bmi_full,0.7893423161417967,True,0.3274387872669332,0.1409202158979131,0.14162800400432493,0.04248007382172819,0.040858163055861915,0.13866504880935226
20252977,4,weight_height_full,0.788638446321601,True,0.3265859677752953,0.1403305099711386,0.1411597490828725,0.042421569663817126,0.040830244762345105,0.13826560825109374
20252978,0,bmi_only,0.7976935638141365,True,0.3660042045275866,0.10064927355712942,0.07837298189173432,0.0559056320211,0.03726095674053071,0.12763860974761623
20252978,0,bmi_age_height,0.7920959165714871,True,0.36624433060861894,0.09927472266181037,0.07714436644281576,0.054997807472168696,0.03678319054630014,0.12688888354634278
20252978,0,bmi_full,0.7958168650257798,True,0.3656322320711661,0.09864486078406913,0.07820977705913386,0.0557329206216245,0.03712217083358183,0.1270683922739151
20252978,0,weight_height_full,0.7969726675288027,True,0.36681058495387975,0.09892669948063543,0.07830453553719706,0.05578404568438739,0.03709754401085307,0.12738468193339053
20252978,1,bmi_only,0.7881757103180996,True,0.26815118077806976,0.1224329479039588,0.11394071450854133,0.03964437519786288,0.0206306927102554,0.11295998221973765
20252978,1,bmi_age_height,0.7850682625135378,True,0.2681788894538984,0.12255812115827584,0.11373473490443738,0.039741540410572096,0.020725194102847923,0.11298769600600633
20252978,1,bmi_full,1.1746516952057997,True,0.28557299938106,0.1265370664938812,0.11738511620763414,0.042493891623187285,0.02116421433528325,0.11863065760820916
20252978,1,weight_height_full,1.164590839403284,True,0.2869407408510954,0.12722740070840502,0.11798010528307941,0.042926172342237064,0.02144600531373123,0.11930408489970963
20252978,2,bmi_only,0.4693255621625644,True,0.2177409107105686,0.05040847121615092,0.02477260308388198,0.00531360087864171,0.0025670116639368535,0.060160519510636015
20252978,2,bmi_age_height,0.47787022227955966,True,0.2228857169464192,0.05105919051054734,0.024193682464981464,0.00587263496213269,0.002821890698183756,0.06136662311645289
20252978,2,bmi_full,0.49473264551713964,True,0.2375996472522226,0.055937358357905496,0.025991081802075242,0.00726995883767376,0.0035792488504017795,0.06607545902005578
20252978,2,weight_height_full,0.49368189483971364,True,0.23537401275927505,0.05523881441562297,0.025450433922505646,0.007219773191804219,0.0035503639531237457,0.06536667964846632
20252978,3,bmi_only,0.831942218781464,True,0.31465843476260663,0.11986543330697776,0.12298285351702294,0.05803698324521338,0.05606364345724992,0.1343214696578141
20252978,3,bmi_age_height,0.8705611812202804,True,0.31672656698382007,0.12297832774327792,0.12478512087150495,0.05768972406845937,0.05565903211668667,0.1355677543567498
20252978,3,bmi_full,0.8587636277586304,True,0.30821047259998186,0.12335999803940735,0.12554283079631748,0.059593763214441604,0.05707350754598429,0.13475611443922653
20252978,3,weight_height_full,0.8550648946180607,True,0.30595523087171544,0.12266891999941737,0.12499400482379079,0.05935730664586508,0.056886352337721095,0.13397236293570194
20252978,4,bmi_only,0.5514438974986277,True,0.25739718523705135,0.05286116485647156,0.026640187630813796,0.021813722681541504,0.019992587379174937,0.07574096955701062
20252978,4,bmi_age_height,0.5502341576109385,True,0.2569091236586007,0.051723861532165676,0.025610165776833633,0.02116432094038769,0.019522831748875834,0.07498606073137269
20252978,4,bmi_full,0.556695709444635,True,0.26394762968566243,0.053526230989235014,0.026697227877712004,0.021694116946528945,0.01988547620983455,0.0771501363417946
20252978,4,weight_height_full,0.5559652422188837,True,0.26354826985736746,0.05331153478567765,0.026542338034430894,0.021636405774328252,0.019850470912546388,0.07697780387287012
20252979,0,bmi_only,0.4684942382525759,True,0.2558410749449463,0.0602689392554271,0.05563731539714441,0.02100472949751985,0.019732675824310833,0.0824969469838697
20252979,0,bmi_age_height,0.46503325190661216,True,0.2551691374231558,0.05919209886174956,0.054669946723574926,0.020703696752447154,0.019504990212312424,0.08184797399464797
20252979,0,bmi_full,0.4646335506137503,True,0.2629515945098833,0.05787343043236496,0.05347564278822179,0.02038474376332915,0.019282701188564767,0.08279362253647281
20252979,0,weight_height_full,0.464331508290383,True,0.261103993884249,0.057449115365151904,0.0530698395399739,0.020452543626381523,0.019328804301533196,0.08228085934345791
20252979,1,bmi_only,0.9139780631950379,True,0.3370103957371032,0.12676387344544013,0.10699863764969986,0.05475143709201591,0.054957066789846624,0.13609628214282113
20252979,1,bmi_age_height,0.913290251837746,True,0.33434892864935123,0.12509958818654232,0.10564289918944784,0.05344118674785314,0.054026561754007184,0.13451183290544036
20252979,1,bmi_full,0.9228712556072499,True,0.3389504248256007,0.12651383818664383,0.10695214823717915,0.054016560276499564,0.05449554746495686,0.13618570379817602
20252979,1,weight_height_full,0.9198109968628526,True,0.3381177118088489,0.12583632963004243,0.10650883731252002,0.05379975845895003,0.05434740491913796,0.13572200842589985
20252979,2,bmi_only,0.7194853904020484,True,0.29629257653978264,0.09518098382815625,0.07810304204401432,0.022836283632600644,0.020323365990333138,0.1025472504069774
20252979,2,bmi_age_height,0.7870915566777631,True,0.344781376857329,0.10304118397278808,0.08119080917979964,0.022296871587676747,0.01960900346041753,0.1141838490116022
20252979,2,bmi_full,0.7875160088087326,True,0.34851458729705903,0.1041218360140408,0.08138956649995155,0.022216670141980983,0.019515497577329476,0.11515163150607237
20252979,2,weight_height_full,0.7866513755081742,True,0.3487227919834784,0.10432066751500886,0.08161113132067398,0.022387270494717962,0.01963170378743941,0.11533471302026373
20252979,3,bmi_only,0.61555288076612,True,0.23935179054241296,0.09300544310530315,0.07488509276135932,0.057219135196705566,0.019222747292288414,0.09673684177961388
20252979,3,bmi_age_height,0.6197840581621207,True,0.2423628423749538,0.09410644276887759,0.07551224313416292,0.05763073950572482,0.019277246684070153,0.09777790289355787
20252979,3,bmi_full,1.0093016386363411,True,0.2638881757885569,0.09968736441009901,0.07883002308681127,0.06031779349909281,0.020032168115814167,0.10455110498007483
20252979,3,weight_height_full,1.0557639833459538,True,0.2605879482090412,0.09909155375815436,0.07833210681484602,0.06014782540230768,0.01984174957623992,0.10360023675211785
20252979,4,bmi_only,0.6992257115401229,True,0.2677997721819754,0.0673980733305021,0.04231923130496177,0.021193280555265977,0.01977920305584124,0.08369791208570931
20252979,4,bmi_age_height,0.7023374720890481,True,0.267114244141948,0.07032614311751953,0.0433947979288097,0.022618878081567022,0.020748539686547666,0.08484052059127839
20252979,4,bmi_full,0.7782821315026622,True,0.3146888716860263,0.10243029203620552,0.06939209795373703,0.04005295731944341,0.03356792391942042,0.11202642858296652
20252979,4,weight_height_full,0.7801834052707298,True,0.31468325744042847,0.10246186802018686,0.0694655131362686,0.04021989704827731,0.0336836543216327,0.11210283799335878
20252980,0,bmi_only,0.7660296615392299,True,0.32467801929635215,0.08398257783464326,0.07384763196888983,0.053408048587915515,0.03675947700567213,0.11453515093869457
20252980,0,bmi_age_height,0.7711854654411439,True,0.32717498727318045,0.08444284573987712,0.0740535379044609,0.05333879574754337,0.03695228737099692,0.11519249080721175
20252980,0,bmi_full,1.1772201805928557,True,0.3639569374617686,0.09135474486143483,0.07864863647846165,0.057411636924679946,0.03806925614040668,0.12588824237335033
20252980,0,weight_height_full,1.1512786118103802,True,0.36286336087410037,0.09034264365020346,0.07781505927048789,0.05711132446677681,0.03786307849518923,0.12519909335135154
20252980,1,bmi_only,0.9445007785801726,True,0.37507269285473105,0.13829420727102046,0.11964983579186678,0.07787478426868738,0.05664958149503876,0.15350822033626885
20252980,1,bmi_age_height,0.9512922599151844,True,0.3784599789833701,0.14001593070834634,0.12072199560081016,0.07838975525739104,0.056985435521814676,0.15491461921434646
20252980,1,bmi_full,0.9808986035829586,True,0.39821246253228465,0.14656421639168324,0.12369159258294284,0.07820745662784612,0.0569348760330832,0.16072212083356802
20252980,1,weight_height_full,0.986425585695411,True,0.39857448787351546,0.14802477839530734,0.12459675074382416,0.07889017585483346,0.05726599888812494,0.16147043835112107
20252980,2,bmi_only,0.5304898934538399,True,0.17427890336482277,0.0693690671253148,0.054017749201326265,0.01954666564664133,0.018261659420098553,0.06709480895164074
20252980,2,bmi_age_height,0.5439886720715419,True,0.1878676528699302,0.07135696671567793,0.05477913793254237,0.018627341143616145,0.017460351961532485,0.07001829012465983
20252980,2,bmi_full,0.5444532805452132,True,0.19142612212020974,0.07316386035062142,0.05590885218332528,0.01961705924956385,0.018263680856704736,0.071675914952085
20252980,2,weight_height_full,0.542944958506243,True,0.1906625582844366,0.07283505577480479,0.055618663198532065,0.01938250386667233,0.018091800272611442,0.07131811627941145
20252980,3,bmi_only,0.6229445386984551,True,0.2964502490059388,0.07894947093329369,0.0729898150496863,0.004014744468990369,0.00198033022548551,0.09087692193667893
20252980,3,bmi_age_height,0.652910622724775,True,0.3051229907644492,0.08072195882043239,0.07408025608507128,0.00398588398311608,0.0019511950510746438,0.09317245694082872
20252980,3,bmi_full,0.6601050007829209,True,0.29859161167899007,0.08217201949361294,0.07453068869347021,0.004880491198520885,0.002423782195336768,0.09251971865198619
20252980,3,weight_height_full,0.652615625257289,True,0.2956949715434485,0.08154171262388173,0.07415232347826757,0.004821585241508635,0.002387223963476286,0.09171956337011652
20252980,4,bmi_only,0.5806976448509619,True,0.25250328722703336,0.08101725299043484,0.04471258745101145,0.021859060666084482,0.020248232681654925,0.08406808420324381
20252980,4,bmi_age_height,0.5932678516893753,True,0.25641641474667215,0.08261035104075809,0.045842821666442976,0.02299420096182478,0.021113580247258984,0.0857954737325914
20252980,4,bmi_full,0.5877644127151451,True,0.2541113372720331,0.08189484018885694,0.045904232386036796,0.023069649366758167,0.02114031925118938,0.08522407569297488
20252980,4,weight_height_full,0.5872854840769962,True,0.2531553504428004,0.08189907979021536,0.04588831188275843,0.023058548805670504,0.021135888645343298,0.0850274359133576
20252981,0,bmi_only,0.7126847936325098,True,0.279758936064147,0.0979324825247062,0.0929997407963309,0.022921829271064186,0.020938092680064916,0.10291021626726264
20252981,0,bmi_age_height,0.7229959805062023,True,0.27997979767236714,0.09608965878906045,0.09097600173802495,0.0215634639860942,0.019899104576921824,0.1017016053524937
20252981,0,bmi_full,0.7293789763295627,True,0.27148330194316034,0.09783021674161956,0.09076616956937737,0.023373463933348156,0.020873065192846457,0.10086524347607037
20252981,0,weight_height_full,0.7241213904732591,True,0.26861500697163654,0.0970274055139785,0.09021411181312333,0.023435198435543814,0.02091153777016172,0.10004065210088878
20252981,1,bmi_only,0.5427603552634055,True,0.23254899507653026,0.059014242413869065,0.03895847588198977,0.01961970741597577,0.018468923005686685,0.07372206875881031
20252981,1,bmi_age_height,0.5393906310691086,True,0.23229546535204595,0.058368784736099986,0.03783105837857951,0.01919581513164975,0.01812789038752307,0.07316380279717966
20252981,1,bmi_full,0.6384822450189058,True,0.30337946112380915,0.09454574335859413,0.06768164480524795,0.04127285505681551,0.034531483103919465,0.10828223748967725
20252981,1,weight_height_full,0.6378546644687573,True,0.303419737815678,0.09390477200913457,0.06717818898954289,0.04117773002966148,0.034438446947397734,0.10802377515828294
20252981,2,bmi_only,0.9441000711228577,True,0.40185095004807686,0.1327159831271598,0.1048206331937797,0.058777014960541836,0.021450440937787935,0.14392300445346923
20252981,2,bmi_age_height,0.9425871775903343,True,0.4024167508598555,0.1308806280414183,0.10346995735291353,0.05763787458698658,0.02119587464216136,0.14312021709666706
20252981,2,bmi_full,1.3095142324122238,True,0.4238016994699778,0.13862734488119816,0.1083146125501527,0.06036109578107343,0.02127845514647488,0.1504766415657754
20252981,2,weight_height_full,1.3342080097766404,True,0.4232426724153984,0.13872240555264823,0.10839931503449965,0.06043716527364846,0.021278575290833466,0.15041602671340565
20252981,3,bmi_only,0.5761479402501714,True,0.2200229908621155,0.08374709198130849,0.05246835188252189,0.036014832231185887,0.03482041714611616,0.0854147368206496
20252981,3,bmi_age_height,0.580485186118218,True,0.21914651500324017,0.08474988769073254,0.052150005305326784,0.03544347221367441,0.034265947173799736,0.08515116547735471
20252981,3,bmi_full,0.5992133561312419,True,0.23790142205774278,0.08898240750491802,0.0533167531541435,0.03699316413098797,0.035347015781712184,0.0905081525259009
20252981,3,weight_height_full,0.5981941633820126,True,0.2371290318512165,0.08868751160601138,0.052992523867139485,0.03673830882036699,0.03516121285812083,0.09014171780057104
20252981,4,bmi_only,0.6642449150983492,True,0.263032584820282,0.07912347073766349,0.07534746817589376,0.039609405394118107,0.037780052053881664,0.09897859623636782
20252981,4,bmi_age_height,0.7009380395718082,True,0.29092234419968666,0.08383211127517057,0.07837912072219641,0.0399871206577122,0.03807761680905209,0.1062396627327636
20252981,4,bmi_full,0.7117147119850477,True,0.3128007074623833,0.08431681872434331,0.07851847973660683,0.039477191133578726,0.03774353320134286,0.110571346051651
20252981,4,weight_height_full,0.7131719693583316,True,0.31211088700792433,0.08437429531612702,0.07857957735694006,0.039543382490639246,0.03779574554268902,0.11048077754286394
20252982,0,bmi_only,0.8149884207716419,True,0.3474854876037756,0.12226481729033772,0.09403876353601119,0.057385601186859654,0.03850295468726519,0.13193552486084986
20252982,0,bmi_age_height,0.8193466873461673,True,0.3491622019309983,0.12317197056637254,0.094548454462608,0.057790991579669056,0.038822253145157415,0.13269917433696105
20252982,0,bmi_full,0.8189994822570236,True,0.3482753574723709,0.1241634510190425,0.09463710581262759,0.05786379526960952,0.03893404388054422,0.13277475069083894
20252982,0,weight_height_full,0.8195286030975303,True,0.3477065100419325,0.1238101012214243,0.09438531984890997,0.05799647692228256,0.038976025584795924,0.13257488672386905
20252982,1,bmi_only,0.6594454196528188,True,0.24019386339623,0.0733205635724666,0.06730139685699418,0.03579125727880088,0.03442357070183978,0.09020613036126629
20252982,1,bmi_age_height,0.6551572551127166,True,0.2384465097005743,0.07113953685105424,0.06574147253578651,0.03403565584668358,0.03315496348962522,0.08850362768474476
20252982,1,bmi_full,0.6862392051920685,True,0.24419603041315846,0.08091376844417947,0.07182431132598771,0.03803931158244656,0.03576606995778625,0.09414789834471168
20252982,1,weight_height_full,0.6838059671814415,True,0.24304400987371594,0.08025425727844637,0.07136870488864883,0.037690738088422444,0.035529134776630014,0.09357736898117272
20252982,2,bmi_only,0.6023168426589574,True,0.3101780891452529,0.07515703761660426,0.06560980637378742,0.04002027309903739,0.020566766699161236,0.10230639458676864
20252982,2,bmi_age_height,0.5977890430783319,True,0.3081484821578329,0.07439423200719662,0.06446003749943352,0.03915895610799547,0.020322640332497817,0.10129686962099127
20252982,2,bmi_full,0.9920407084720338,True,0.35232206016387707,0.08126038199164103,0.06930165855106857,0.04150462350796328,0.020032517558514054,0.11288424835461282
20252982,2,weight_height_full,1.0169428750081664,True,0.35374603473592736,0.08120453361346695,0.0693690780049564,0.04152676131541378,0.020047903519962065,0.11317886223794531
20252982,3,bmi_only,0.7963073894865339,True,0.2956344576581256,0.10679754647073093,0.10517848959017961,0.03757308018977628,0.03762477202326909,0.1165616691864163
20252982,3,bmi_age_height,0.8323940339831613,True,0.30738789601895283,0.10950773837947768,0.10549928444364222,0.03920677294497701,0.038437506192440705,0.12000783959589809
20252982,3,bmi_full,0.9103561786638265,True,0.3591030225479763,0.14124127088169253,0.12907668755755697,0.0565857258614166,0.05092960154434482,0.14738726167859745
20252982,3,weight_height_full,0.9076566013076756,True,0.3586063959788876,0.1414073410534837,0.12917872568359715,0.056871542715776977,0.051080683567841095,0.1474289377999173
20252982,4,bmi_only,0.5370969373834557,True,0.20578241589359628,0.06273523469381362,0.026872767584402383,0.005352676111213052,0.0029823155967660256,0.06074508197595827
20252982,4,bmi_age_height,0.5500743946388038,True,0.2127466137258899,0.06363480455562329,0.027377898031129954,0.0054440966888404715,0.002974151977526186,0.06243551299580197
20252982,4,bmi_full,0.5428984555308013,True,0.21363124158776395,0.06584151523010189,0.02871215018085981,0.0058782686775391115,0.003101004996522456,0.06343283613455744
20252982,4,weight_height_full,0.5417208766379441,True,0.21194140924640992,0.06586620774974025,0.02864848063561495,0.005960284635984869,0.003143458578273091,0.06311196816920461
20252983,0,bmi_only,0.8132292394729348,True,0.26468092519791037,0.10456703546026191,0.08916470073201158,0.06818223084435819,0.06969698337364336,0.11925837512163709
20252983,0,bmi_age_height,0.8843762677739225,True,0.2944776416602251,0.10945443142448541,0.09034648133181329,0.06669828309620751,0.06826101093462479,0.12584756968947122
20252983,0,bmi_full,0.8981085396049463,True,0.3004532164809919,0.11268747516396634,0.0944978731586833,0.06986281435682386,0.07061698590353521,0.12962367301280012
20252983,0,weight_height_full,0.895836146499574,True,0.29934131513750467,0.1121050586799716,0.0940567201874621,0.06962904373920775,0.07045329623395938,0.12911708679562112
20252983,1,bmi_only,0.7373774788835205,True,0.3297075961088658,0.09476722460205143,0.07622065304067394,0.022411226521626557,0.002169502479232615,0.10505524055049006
20252983,1,bmi_age_height,0.7564574945070741,True,0.3401291139940981,0.09914658924565944,0.078955504003122,0.02328836169664212,0.002314804550581583,0.10876687469802064
20252983,1,bmi_full,1.1998595351591572,True,0.3660006371915249,0.1040618204981467,0.08063913739364016,0.025180078944757614,0.0025153610347792565,0.11567940701256973
20252983,1,weight_height_full,1.2248965432303522,True,0.3650966452453774,0.10401786094287684,0.080603417884867,0.025291642988292413,0.0025773450958445562,0.11551738243145164
20252983,2,bmi_only,0.7591640547879666,True,0.398457734377332,0.1106685496843467,0.10131796824088318,0.023376325747910508,0.0020629523155596898,0.1271767060732064
20252983,2,bmi_age_height,0.7535050184517912,True,0.3946048323616884,0.10981422815975171,0.10038380391151712,0.023154826721519386,0.0020494370436923196,0.1260014256396338
20252983,2,bmi_full,0.7568948840693007,True,0.3955355182968779,0.10935367127650027,0.09914886071532268,0.023212708401562688,0.0019906386450506677,0.12584827946706284
20252983,2,weight_height_full,0.7585206159166292,True,0.3962846760376363,0.10908595121214736,0.09884226611409831,0.02330983939550737,0.001970368957869127,0.1258986203434517
20252983,3,bmi_only,0.6237362498567232,True,0.23869171524443528,0.07715269438198846,0.05386101194425585,0.020987048537556112,0.019607562433786925,0.08206000650840453
20252983,3,bmi_age_height,0.6297626586944857,True,0.23974933958249606,0.07660705480363893,0.053195688428078675,0.02101701098001552,0.01960542168687667,0.08203490309622118
20252983,3,bmi_full,0.6235082304579309,True,0.23886800476951997,0.076596592125721,0.053136947800294376,0.0208232058253774,0.01939005566683072,0.0817629612375487
20252983,3,weight_height_full,0.6229389712618206,True,0.237993216341694,0.07655068481544265,0.05311174151345495,0.02087811391739303,0.019430416979695997,0.08159283471353612
20252983,4,bmi_only,0.5231269342781737,True,0.20070719963727227,0.06020474649998936,0.04482134460686657,0.03915032044436983,0.03789204768157955,0.07655513177401553
20252983,4,bmi_age_height,0.5240644271718411,True,0.2044502109007276,0.06013674105942274,0.04426978447218532,0.03861000396367715,0.03746104554166361,0.07698555718753529
20252983,4,bmi_full,0.5512045306200175,True,0.22057680429727342,0.067432597707159,0.04911643022373603,0.041238200707040526,0.03891293091771498,0.0834553927705848
20252983,4,weight_height_full,0.5517005984390994,True,0.22143120892480694,0.06777443195650845,0.04936342940433419,0.041414516399580284,0.03903574995977929,0.08380386732900183
20252984,0,bmi_only,0.593189367077103,True,0.2513347908525487,0.07253774369694718,0.041273813671391116,0.004461235718765787,0.002445813316663639,0.07441067945126327
20252984,0,bmi_age_height,0.6051895233312403,True,0.26104049870894225,0.07464336700728233,0.04203432775261357,0.00494455064524982,0.002619565229632866,0.07705646186874417
20252984,0,bmi_full,0.6266392901106271,True,0.2774517938916366,0.0804552152755812,0.04373880001616276,0.005233516006795957,0.002575068214865473,0.08189087868100839
20252984,0,weight_height_full,0.6261586551728467,True,0.27741542216808834,0.08037091430489503,0.04365110508452449,0.005244257980704367,0.002573880632434639,0.08185111603412937
20252984,1,bmi_only,0.6830389733168063,True,0.27107111432985825,0.07593163181989747,0.07180471338475247,0.020315738205808637,0.018992398597869543,0.09162311926763728
20252984,1,bmi_age_height,0.6789368148708225,True,0.271239841348663,0.0735560543679984,0.06985011242448406,0.019448586856905644,0.018406548010848553,0.09050022860177995
20252984,1,bmi_full,0.6763821885814117,True,0.27432417957756366,0.07289804916376005,0.06907497963614144,0.020585697334291844,0.019286097195774968,0.09123380058150639
20252984,1,weight_height_full,0.6737569087077028,True,0.2727283003637566,0.07194003613494677,0.06829941188672208,0.02042232792630087,0.019163004103254003,0.09051061608299607
20252984,2,bmi_only,0.7974772755228206,True,0.3464573774176084,0.1047934943812574,0.08157391427041827,0.041359841865019675,0.04125904658578793,0.12308873490401832
20252984,2,bmi_age_height,0.7920996289663282,True,0.3435975793655777,0.10370029968591404,0.0807739950912183,0.040887851063530586,0.04096713902187482,0.1219853728456231
20252984,2,bmi_full,0.8022972513562263,True,0.34204599144856884,0.10588257957502252,0.08197720738302482,0.04154778789666314,0.04144545956934408,0.12257980517452467
20252984,2,weight_height_full,0.8046432865151809,True,0.34238590533226754,0.10591438706445538,0.08197552080867188,0.041546133142381696,0.04146337336387568,0.12265706394233042
20252984,3,bmi_only,0.717435392103721,True,0.31653419423219015,0.09806347264223561,0.09698558942841581,0.056913654689369465,0.03857002493395555,0.12141338718523334
20252984,3,bmi_age_height,0.7351264783214927,True,0.31527588951614854,0.10048914043744041,0.09810251639738454,0.056341175708058744,0.03842031593062995,0.12172580759793243
20252984,3,bmi_full,1.1254508080051,True,0.34095883803856997,0.10744732274486754,0.10248693259144158,0.059140345068401115,0.038311809591683704,0.1296690496069928
20252984,3,weight_height_full,1.1607618629945693,True,0.3421976257204316,0.10821047125685228,0.10302289982495474,0.05964517424592178,0.03862522025827572,0.13034027826128722
20252984,4,bmi_only,0.6699314968027759,True,0.25313028407611593,0.09055648022688663,0.07100764046058079,0.053406093598076895,0.03565131946643228,0.1007503635656185
20252984,4,bmi_age_height,0.664723779044837,True,0.25008294897105543,0.08929738409888742,0.06997049471305283,0.05262266537377037,0.03524089208885378,0.09944287704912397
20252984,4,bmi_full,0.6759477756589606,True,0.2593532732991431,0.0905608880744286,0.07130480738940022,0.0537012098709699,0.036040014893031116,0.10219203870539458
20252984,4,weight_height_full,0.6743815647635618,True,0.2574587429956987,0.09018760937387506,0.07099808635739069,0.053513489248692876,0.03585763341900464,0.1016031122789324
20252985,0,bmi_only,0.658251893521301,True,0.2640747901414701,0.09112661309046127,0.08617976292447557,0.037968328016126644,0.01863434220160153,0.09959676727482704
20252985,0,bmi_age_height,0.6606975541910081,True,0.26725506615627326,0.09104146260216175,0.08568607404283902,0.03777908603118824,0.01854764367005109,0.10006186650050267
20252985,0,bmi_full,0.6762953088741172,True,0.272255705144244,0.09581381868097431,0.08896548108923732,0.03986890841337036,0.020076383636374224,0.10339605939284006
20252985,0,weight_height_full,0.676308790288231,True,0.2712533787580044,0.09553947403951847,0.08874628032329562,0.039706745816591206,0.019869932478019756,0.1030231622830859
20252985,1,bmi_only,0.7484622514303005,True,0.3160905107485591,0.0896096767439879,0.07577916633890186,0.054447488189932336,0.03702717027835396,0.11459080245994704
20252985,1,bmi_age_height,0.7454659655567297,True,0.31473709982466974,0.08833814917038947,0.07478223016342182,0.05391359660553298,0.03677100196587957,0.11370841554597873
20252985,1,bmi_full,1.1216072774378638,True,0.3293367792479365,0.09782580059407403,0.08019982632811674,0.05775318740059175,0.0375450414383382,0.12053212700181146
20252985,1,weight_height_full,1.231733044406463,True,0.32738795796416764,0.0972142641510851,0.07963712339416873,0.05766316537982311,0.03744146914002413,0.11986879600585372
20252985,2,bmi_only,0.6134287140404938,True,0.2585032255521585,0.06694302469630346,0.061243334554784645,0.006565071747151337,0.0034245458659575997,0.07933584048327111
20252985,2,bmi_age_height,0.6182036039304769,True,0.2667756076698756,0.06705049808850254,0.06126575661309017,0.005874435738674913,0.0029983190750933583,0.08079292343704733
20252985,2,bmi_full,0.6276351375638503,True,0.2668308625814109,0.06822479225583605,0.061458865254002536,0.006526184487820336,0.003422226870669685,0.0812925862899479
20252985,2,weight_height_full,0.6247585630560543,True,0.26589823339434826,0.06786960524846405,0.06124514293811482,0.006634391818383299,0.0035081817361313447,0.08103111102708836
20252985,3,bmi_only,0.8108205862409466,True,0.3485349529454539,0.11637395771388544,0.08034812399989226,0.05656704790639187,0.056136365241283986,0.1315920895613815
20252985,3,bmi_age_height,0.8630013487629115,True,0.37491711337914174,0.12081303454022536,0.08132987682115057,0.0560633786561539,0.05591301908241325,0.13780728449581697
20252985,3,bmi_full,0.8731932813471147,True,0.3783330387994512,0.11963108111643195,0.08186118815992714,0.05658600706399135,0.056319664046429754,0.13854619583724626
20252985,3,weight_height_full,0.8714531849393907,True,0.3779704175888171,0.1195503272607658,0.08181059677954786,0.056603222927046185,0.05633939488056271,0.13845479188734794
20252985,4,bmi_only,0.5985553189061465,True,0.2197401187920723,0.07888534021341115,0.055921282880728465,0.020457226460644497,0.01931054482379246,0.07886290263412978
20252985,4,bmi_age_height,0.5960263808674893,True,0.216016316747545,0.07804997159344627,0.05497923811578151,0.02039290539224647,0.019211063315934862,0.07772989903299082
20252985,4,bmi_full,0.5942656709213561,True,0.21650040791285183,0.07787033465693774,0.05466869516747286,0.020518875937584922,0.019224815804668817,0.07775662589590324
20252985,4,weight_height_full,0.5950463760872887,True,0.21759207652106066,0.07775234977784404,0.05457057585434164,0.020481372095597555,0.019220207608835936,0.07792331637153596
20252986,0,bmi_only,0.5157483154393065,True,0.2325129224785953,0.07660062897773108,0.03857683521449793,0.01970654419671074,0.018043340452687833,0.0770880542640446
20252986,0,bmi_age_height,0.5153520775496957,True,0.22950727531716986,0.07555998042364685,0.03694933273278061,0.01926503416857527,0.017609405555705226,0.07577820563957557
20252986,0,bmi_full,0.5131690130293839,True,0.22884670897890555,0.0766318101095943,0.037213115884900276,0.020690001751490158,0.018712287260669338,0.07641878479711192
20252986,0,weight_height_full,0.5112662206205106,True,0.22721761961957063,0.07575009200038382,0.03636972402588868,0.02038852131138949,0.01849097365946716,0.07564338612333996
20252986,1,bmi_only,0.8428852635633847,True,0.33353064293989954,0.1367337485783236,0.13238386646205025,0.05877188005729668,0.05625450449436022,0.14353492850638608
20252986,1,bmi_age_height,0.868964213728749,True,0.3288741100267097,0.13787381847801797,0.13216921139785062,0.05629294406349138,0.054364458073540914,0.14191490840792215
20252986,1,bmi_full,0.8797549533562721,True,0.33318089574946835,0.14002737043857363,0.13471346327956998,0.05855015185312211,0.05599962122178726,0.14449430050850426
20252986,1,weight_height_full,0.876717028341753,True,0.33129736908062557,0.13971905290236844,0.13434085019746145,0.05844001602803027,0.055908418533040065,0.14394114134830516
20252986,2,bmi_only,0.7478061824648479,True,0.27641592245781965,0.09597165419942433,0.07993404143720023,0.058120312284924945,0.020990125999309734,0.10628641127573576
20252986,2,bmi_age_height,0.7476221529404792,True,0.27654487656936105,0.0958347926310833,0.07975227713599124,0.057952402989204475,0.02097536402603098,0.10621194267033421
20252986,2,bmi_full,1.1269601459469447,True,0.2901978406025116,0.10190923767128324,0.08449017926716045,0.060375813873591574,0.021154463927181275,0.11162550706834562
20252986,2,weight_height_full,1.1214583642072438,True,0.2891332311651948,0.1017070563595714,0.08438740438118264,0.060380965318322516,0.021122635727743217,0.1113462585904029
20252986,3,bmi_only,0.6750347516351466,True,0.2415779296196017,0.0764933232163724,0.05938900216313648,0.021483517235987598,0.01997727995483389,0.08378421043798641
20252986,3,bmi_age_height,0.6933338519793205,True,0.253015867651226,0.07844563087502043,0.05919613690421024,0.022220866755853018,0.020304460797450137,0.08663659259675197
20252986,3,bmi_full,0.7086596844487745,True,0.2602792196300593,0.08541390873783046,0.06288380495031981,0.02435160346194289,0.02151537373264173,0.09088878210255882
20252986,3,weight_height_full,0.710085662822818,True,0.26165477650492713,0.08625297568512909,0.06350459820609793,0.024713400403103082,0.021747869485254024,0.09157472405690226
20252986,4,bmi_only,0.6604771112527357,True,0.36350936881373147,0.06248043242618354,0.05568744746595964,0.021106519258344992,0.01952119772494894,0.10446099313783372
20252986,4,bmi_age_height,0.6616841096985605,True,0.3681962199658145,0.062069930735556306,0.055126438365300005,0.020505748871080393,0.01911900246559054,0.10500346808066834
20252986,4,bmi_full,0.6687021649178865,True,0.38081202113839885,0.06137619888646144,0.05404633111095408,0.020466044868237682,0.019073792424155946,0.10715487768564161
20252986,4,weight_height_full,0.670602009881436,True,0.38275905315381703,0.061136179007361464,0.05386107569500031,0.02044025425760925,0.019071703095735484,0.10745365304190471
20252987,0,bmi_only,0.7363243720007924,True,0.24567699273502425,0.10084760194040888,0.07880913387394226,0.04078603543948877,0.020519465721340252,0.09732784594204087
20252987,0,bmi_age_height,0.7312372320345105,True,0.242849701731056,0.09968972508758496,0.07771301652175645,0.04040365358623165,0.020386458698458197,0.09620851112501745
20252987,0,bmi_full,0.7249896307541502,True,0.2418065842960334,0.0974122214068125,0.07607501063264545,0.040041844602999144,0.020184048233920327,0.09510394183448216
20252987,0,weight_height_full,0.7253087245879635,True,0.24077020300045626,0.0971220650068249,0.07565699590053714,0.04023170343450819,0.020242186037649327,0.09480463067599518
20252987,1,bmi_only,0.5375423134706449,True,0.24610937335444683,0.07094124180163798,0.0571479369194116,0.021758570586134788,0.002060846921463961,0.07960359391661903
20252987,1,bmi_age_height,0.5461434250313661,True,0.2510204062454044,0.07236387523035687,0.05666262155566647,0.02184635140733556,0.002325022317927544,0.08084365535133817
20252987,1,bmi_full,0.9041671048742856,True,0.27798242638089843,0.07615795569553488,0.059662914048687635,0.0246566737978565,0.002279442742032558,0.088147882533002
20252987,1,weight_height_full,0.9219979178977339,True,0.2755023155389369,0.07538238435173789,0.05940907792960705,0.02462116988814026,0.002263097689728741,0.08743560907963017
20252987,2,bmi_only,0.8558114628472202,True,0.30911107094179646,0.11889818956837211,0.10651758630999911,0.07260138246306173,0.0734787684320946,0.1361213995430648
20252987,2,bmi_age_height,0.8574715490786627,True,0.3060105363887995,0.11674559976068428,0.10401291885552695,0.06942263182188836,0.07100232360513997,0.13343880208640782
20252987,2,bmi_full,0.8724933855465247,True,0.31401048929688463,0.12247900931341635,0.10736252773766689,0.07208889666008958,0.0729002152086365,0.1377682276433388
20252987,2,weight_height_full,0.8688432855565664,True,0.3120665611012745,0.1220023967556478,0.10685900178851548,0.07191180186268592,0.0727347840787856,0.13711490911738183
20252987,3,bmi_only,0.6065980780797371,True,0.26626419465655754,0.09475619815140965,0.06171240820749644,0.005743378469640688,0.002742781400566897,0.08624379217713424
20252987,3,bmi_age_height,0.6024228338593169,True,0.26443606577647893,0.09379734084186907,0.06099831104943123,0.005258715625065281,0.002473599771585419,0.08539280661288598
20252987,3,bmi_full,0.605052655931756,True,0.2649759066781728,0.09417004923398001,0.0603122356504992,0.005387973965697817,0.00258278166542279,0.08548578943875453
20252987,3,weight_height_full,0.6038821264176784,True,0.26532965492041005,0.09383980347692207,0.060079418649313564,0.005163485329921631,0.0024578116386626855,0.08537403480304599
20252987,4,bmi_only,0.723805508279276,True,0.4012455662796808,0.06466875658649314,0.05797548617879968,0.03749968189227281,0.0364049285719548,0.11955888390184025
20252987,4,bmi_age_height,0.7486908626519615,True,0.42172718581727786,0.0673945995833129,0.05975579781962018,0.03796576690802168,0.03675724362258765,0.12472011875016406
20252987,4,bmi_full,0.7472872457538292,True,0.42186407768149775,0.0687387572951263,0.06049035868013138,0.03812935686284825,0.03680245456390779,0.1252050010167023
20252987,4,weight_height_full,0.7475137679042084,True,0.4211915646403427,0.06849080683471297,0.060404014777830195,0.03813524468043261,0.0368239130616492,0.12500910879899355
20252988,0,bmi_only,0.9419367836676744,True,0.4019408189513452,0.12176754309690205,0.10929010197774183,0.07310061040664532,0.05706366991640222,0.15263254886980732
20252988,0,bmi_age_height,0.9675243347217607,True,0.4106635199688437,0.12493935316039402,0.10979459910074527,0.07302490218149209,0.05728596420871253,0.15514166772403754
20252988,0,bmi_full,1.3346601299419452,True,0.4216360033583383,0.12887826593666768,0.11215890503352878,0.07427110320035718,0.0567318372889199,0.15873522296356238
20252988,0,weight_height_full,1.3483316745594134,True,0.4211522933138564,0.1285196732175473,0.11210823300222669,0.07430432985420314,0.05676821469938525,0.15857054881744376
20252988,1,bmi_only,0.5530242464606889,True,0.24810450807514542,0.06062645168089298,0.05496258186839915,0.00395489286623962,0.0019438963772334364,0.07391846617358211
20252988,1,bmi_age_height,0.5511056973235757,True,0.2508082941777787,0.06089402844317279,0.05530261961387982,0.0037883178983490052,0.0018301470214315636,0.07452468143092239
20252988,1,bmi_full,0.5503581507202084,True,0.25568941877251455,0.05951111392701559,0.054269560107329765,0.003602522653638057,0.0017481288559070567,0.074964148863281
20252988,1,weight_height_full,0.5503993526504763,True,0.25656958346540837,0.059420340123682254,0.05427490550039298,0.0035198082554400256,0.0017032621017375152,0.07509757988933222
20252988,2,bmi_only,0.7744612734562085,True,0.32486597809425755,0.1131074331940938,0.08062479294063118,0.04150610282918279,0.020686226821160413,0.11615810677586513
20252988,2,bmi_age_height,0.7713393307148597,True,0.32413731283511626,0.11278951903339762,0.08044147208323352,0.041307894914612016,0.020609762731842122,0.11585719231964031
20252988,2,bmi_full,0.7855108778584354,True,0.33659023347497175,0.11671949091981901,0.08181432575071713,0.041361923690588547,0.020746393200241738,0.11944647340726763
20252988,2,weight_height_full,0.7897316519648286,True,0.33949864984240324,0.11757523333322031,0.08237052975145653,0.04182156573334127,0.02097933317495569,0.12044906236707542
20252988,3,bmi_only,0.49990506747068986,True,0.1832509426263855,0.06277570803910516,0.05604604057829907,0.036405772601600425,0.035470769315685984,0.07478984663221525
20252988,3,bmi_age_height,0.5179450744155636,True,0.1871956497190191,0.06534213056535888,0.05668050821501213,0.03469748859570446,0.03384654736745812,0.07555246489251054
20252988,3,bmi_full,0.5238041547296453,True,0.19953968638586717,0.06960107522913606,0.060599561385049405,0.038078356795206,0.0366203286960544,0.08088780169826261
20252988,3,weight_height_full,0.5207711601698316,True,0.19610582571318552,0.06891883044018894,0.06004986950449244,0.03773781973853593,0.03634191302483223,0.07983085168424701
20252988,4,bmi_only,0.6797598966490078,True,0.25271008473869744,0.09078693192447534,0.060222559479558076,0.02267959322643014,0.02109641145529425,0.08949911616489105
20252988,4,bmi_age_height,0.6746528144669861,True,0.2482197169191055,0.08858043769117596,0.058380874621956194,0.02214446651373195,0.02069114214579413,0.08760332757835275
20252988,4,bmi_full,0.6885250807055424,True,0.25395987951616267,0.09522990379549502,0.062169566694931795,0.025139658635558226,0.02244680823414685,0.09178916337525891
20252988,4,weight_height_full,0.6849360257450717,True,0.2510664694668716,0.09435858906866415,0.06132461143143709,0.024997949979322833,0.02233367688320911,0.09081625936590094
20252989,0,bmi_only,0.7829858978122787,True,0.28983493434982327,0.10014075648964982,0.057505861228820475,0.05334194962723143,0.03577707432886769,0.10732011520487852
20252989,0,bmi_age_height,0.7971339234471123,True,0.29698958543983145,0.10189937644629489,0.05748807232654582,0.05345605457914774,0.035371808912459925,0.10904097954085597
20252989,0,bmi_full,0.8119040680070762,True,0.31229756400855363,0.1039782532964507,0.0577966710238508,0.05399937350661974,0.036336401031014105,0.11288165257329778
20252989,0,weight_height_full,0.8122629920066936,True,0.3117852418893761,0.10387468319644501,0.0576071489363169,0.053949531862466905,0.036231956479445,0.11268971247280998
20252989,1,bmi_only,0.6987408344394241,True,0.28944857539891294,0.09248632444789597,0.0808749863212123,0.025828214154487696,0.022673626329357818,0.10226234533037334
20252989,1,bmi_age_height,0.6950180693491027,True,0.2888089318304784,0.09120150430902985,0.07967262926299032,0.025169612055512835,0.0221939658695495,0.10140932866551218
20252989,1,bmi_full,0.6925134310941333,True,0.28633698166859783,0.09187838071338196,0.07944789784851683,0.025872829297455185,0.022553200993504538,0.10121785810429126
20252989,1,weight_height_full,0.6945633487628071,True,0.28626397805472825,0.09250054444239723,0.07984816654795575,0.026528914395068322,0.0229867462082687,0.10162566992968365
20252989,2,bmi_only,0.559388550633678,True,0.19406725326578803,0.06456195462452667,0.058477248683426485,0.022348865882875525,0.0020072077069001886,0.06829250603270338
20252989,2,bmi_age_height,0.5836821577420612,True,0.2132928700771401,0.06622404149928755,0.05969215946282131,0.021228271624604278,0.001856430836120624,0.07245875469999477
20252989,2,bmi_full,0.5746358088071738,True,0.212078016258239,0.06658589000168876,0.06003768871168248,0.021314100653413628,0.0019344733938362008,0.072390033803772
20252989,2,weight_height_full,0.5748852032188273,True,0.21264978359412026,0.06672564232243323,0.0601662220104141,0.021391271640874513,0.001909105474530706,0.07256840500847457
20252989,3,bmi_only,0.7078552373774196,True,0.2761560208643629,0.07372623654675897,0.05505670400586501,0.03620215736301673,0.03557530783308489,0.0953432853226177
20252989,3,bmi_age_height,0.7338239550741036,True,0.288592445286034,0.07692015933845905,0.05665099443476509,0.03696767813252199,0.036017914541150844,0.0990298383465862
20252989,3,bmi_full,0.729944588946739,True,0.2884544369304467,0.0762025958597431,0.05726654601766843,0.03789007648056298,0.036819999894324947,0.09932673103654924
20252989,3,weight_height_full,0.7283719071460056,True,0.287539896303826,0.0757990000219248,0.05691850270059961,0.037646390457246916,0.036638484599525775,0.09890845481662462
20252989,4,bmi_only,0.6743722634476892,True,0.3738720640500078,0.11490813019537256,0.11048133388235735,0.04068038444636764,0.0398370783794799,0.13595579819071707
20252989,4,bmi_age_height,0.6750915928082719,True,0.3726615128886447,0.1149997006535573,0.1099904964439351,0.040353920278257155,0.03965175243097106,0.13553147653907308
20252989,4,bmi_full,0.6673615145720464,True,0.3633896263055999,0.11260292731897674,0.10883022846516072,0.040023777206905975,0.03940693229148914,0.1328506983176265
20252989,4,weight_height_full,0.66480584739194,True,0.36149370388598895,0.11196877639921958,0.10822947824414837,0.04001304044030891,0.03941494993392108,0.1322239897807174
20252990,0,bmi_only,0.593616763767591,True,0.23785801609878376,0.08307168298933088,0.07254734989852772,0.020473593637511805,0.01917918809494263,0.08662596614381936
20252990,0,bmi_age_height,0.6680578194023942,True,0.2892224435971271,0.09651128768357843,0.08063553321159685,0.021742020060333163,0.01981584406313511,0.10158542572315413
20252990,0,bmi_full,0.6585755140255507,True,0.28706270743728496,0.09466618992030817,0.08007816688463451,0.021612709812618598,0.01975165708215126,0.10063428622739949
20252990,0,weight_height_full,0.657827126960151,True,0.2886502907584409,0.09500954862157732,0.08036671678728757,0.021877837878143316,0.019919031638704305,0.10116468513683068
20252990,1,bmi_only,1.0554932675740043,True,0.498937660162509,0.14308415694739451,0.14297214036128494,0.10682109287486287,0.0752019486454373,0.1934033997982977
20252990,1,bmi_age_height,1.122587273874459,True,0.5249315322130069,0.15224745310614865,0.14899403996896793,0.10972214988370263,0.07652064087821399,0.202483163210008
20252990,1,bmi_full,1.5708388424221222,True,0.536984733956933,0.1604159819514279,0.15335641990601426,0.1131076651849397,0.07827716321100878,0.20842839284206477
20252990,1,weight_height_full,1.5956507754921265,True,0.535841404287613,0.1597338065833437,0.1529247435450258,0.11284148935676598,0.07807339312946109,0.20788296738044193
20252990,2,bmi_only,0.6748497480614836,True,0.24713148018028527,0.09821166278410758,0.07386756890062808,0.03896736740368889,0.03757052791162242,0.09914972143606644
20252990,2,bmi_age_height,0.6732000212062614,True,0.24280167393834884,0.09743367727922225,0.07308683898688287,0.039356876039746094,0.037833045751115436,0.0981024223990631
20252990,2,bmi_full,0.6740896885632441,True,0.24646629494770386,0.09881611094713989,0.07335878653045372,0.03999020848876342,0.03825750939312697,0.09937778206143759
20252990,2,weight_height_full,0.671579980291412,True,0.24481725530910053,0.09808078549964386,0.07271907099809637,0.03980275936406789,0.0381277485625753,0.0987095239466968
20252990,3,bmi_only,0.5961100848962847,True,0.2555174015157302,0.05569385011335089,0.026793429903255762,0.006255507652915318,0.0033117506070235816,0.06951438795845516
20252990,3,bmi_age_height,0.5965003390924455,True,0.2604672080009781,0.054546226195768585,0.026191490215216263,0.005816869427858731,0.003056314194559029,0.07001562160687616
20252990,3,bmi_full,0.596622546975191,True,0.2606446404979599,0.0557116850150033,0.02691344069973211,0.00649433500756555,0.0034498921876098252,0.07064279868157414
20252990,3,weight_height_full,0.5968136696748928,True,0.25871101793246093,0.055333436576147976,0.02669101875679992,0.006440793481969095,0.0034198324966097024,0.07011921984879751
20252990,4,bmi_only,0.6084513721391005,True,0.2188161531063944,0.06799427268075228,0.04545425139731665,0.005607168450373698,0.0028054376730491737,0.06813545666157723
20252990,4,bmi_age_height,0.6212253516469451,True,0.22314055700582477,0.06986742836360622,0.04608022050580094,0.005925428095911409,0.0029458947340541587,0.0695919057410395
20252990,4,bmi_full,0.6407929938390586,True,0.24470873665448792,0.0734602756894351,0.04735640645185985,0.00610404161013414,0.0030370257362691017,0.07493329722843722
20252990,4,weight_height_full,0.639955731221234,True,0.24353475099168503,0.07356544560649796,0.047432410729020075,0.0062424894877628635,0.0031226273632048904,0.07477954483563416
20252991,0,bmi_only,0.6841912720359441,True,0.29819466708497666,0.10315890354687467,0.10123191928124343,0.03838542017974193,0.03742629198002779,0.1156794404145729
20252991,0,bmi_age_height,0.6998918684899638,True,0.3047481060868063,0.10287686327238378,0.10036014265852376,0.03886444695706523,0.0377660013332828,0.11692311206161236
20252991,0,bmi_full,0.6944025899071323,True,0.3023442502928104,0.10136027985338757,0.09915942411724848,0.0384116499132993,0.037490905614938425,0.11575330195833684
20252991,0,weight_height_full,0.6934116752610138,True,0.3012077643835013,0.10090791621604822,0.09882032869592403,0.0383996618210938,0.03749304789920162,0.11536574380315379
20252991,1,bmi_only,0.6833746150647945,True,0.24266627794513732,0.0798241846549645,0.05841524102758957,0.021734270031243046,0.01958712962753031,0.08444542065729295
20252991,1,bmi_age_height,0.6828292565755177,True,0.24467597068552996,0.07870517432747828,0.057584755805605924,0.02144175255832098,0.019411439511567048,0.08436381857770044
20252991,1,bmi_full,0.6787102214649083,True,0.2445396998739442,0.07777586532416966,0.057457031295516804,0.020967433980874042,0.01907692492069127,0.0839633910790392
20252991,1,weight_height_full,0.6778388311829363,True,0.24287648987932997,0.07765305568177623,0.05738685946295827,0.021032396653170967,0.01911559586086401,0.08361287950761989
20252991,2,bmi_only,0.6278028713685507,True,0.22546008399558795,0.06961805725377551,0.05889076142459253,0.03781863907756621,0.03723355653006971,0.08580421965631839
20252991,2,bmi_age_height,0.6256508778430687,True,0.224709356556223,0.0695722910086819,0.058332689188864306,0.03691743757507363,0.036599933658525076,0.0852263415974736
20252991,2,bmi_full,0.632940806049148,True,0.2312918839727782,0.07164443780119008,0.060303777683450674,0.03842720906622839,0.037742710850379606,0.0878820038748054
20252991,2,weight_height_full,0.6321537784975518,True,0.23101136033217926,0.07102777792713977,0.05998211857220616,0.038206181125058296,0.03759503757575498,0.0875644951064677
20252991,3,bmi_only,0.8412117756299361,True,0.44678728977756543,0.10230353843445367,0.09790925122844389,0.05835798804903831,0.020624975404968136,0.14519660857889388
20252991,3,bmi_age_height,0.8630703861594285,True,0.4551509635679475,0.10130406685002837,0.09672794256103652,0.056292041685825,0.0195831943404856,0.1458116418010646
20252991,3,bmi_full,1.2777773846272094,True,0.47406559010702887,0.10723430696179248,0.10040266436437287,0.05863157453329576,0.019710311218616692,0.15200888943702132
20252991,3,weight_height_full,1.1922719188740185,True,0.4709182659015143,0.10681622313168729,0.10016529763666547,0.05873187503704674,0.01971684777263086,0.1512697018959089
20252991,4,bmi_only,0.6131334449626792,True,0.2629832330246539,0.08947282433218316,0.042818750137504316,0.02151929839295808,0.019471980912613717,0.08725321735998262
20252991,4,bmi_age_height,0.6185703239749047,True,0.26635450412958533,0.09045330388707938,0.042370327967593796,0.021409443207791735,0.01909479804302462,0.08793647544701498
20252991,4,bmi_full,0.7240816378011637,True,0.34568833204422394,0.12876530516707946,0.07118912839992858,0.04230259812287753,0.033569878021370195,0.12430304835109593
20252991,4,weight_height_full,0.7250254588469077,True,0.3468956793375767,0.1293187626913948,0.07140263231787294,0.04251166830975743,0.03365002101808116,0.1247557527349366
20252992,0,bmi_only,0.5522193005769581,True,0.2611104949427645,0.06072463479878374,0.05483778470657669,0.03789442009571347,0.0368658173656556,0.0902866303818988
20252992,0,bmi_age_height,0.5564515899131406,True,0.25947309793544104,0.06034654840880313,0.054486363415699686,0.038429772437763854,0.03726855084710767,0.09000086660896309
20252992,0,bmi_full,0.5538907696342851,True,0.25221522319888456,0.060985618738241994,0.05426423084061147,0.039026558347873046,0.037549072723172254,0.08880814076975667
20252992,0,weight_height_full,0.5532238919061098,True,0.25149029292910796,0.06044447612977034,0.05382689326599476,0.03903070299363644,0.03756422905662988,0.08847131887502788
20252992,1,bmi_only,0.8053093434880596,True,0.28843957782645996,0.1266963304392943,0.10787219697745538,0.05676799420758055,0.037018997060552956,0.12335901930226863
20252992,1,bmi_age_height,0.8213687797238534,True,0.2942249682717662,0.13037099301333382,0.10861732130518907,0.05564964364183941,0.0366548778948338,0.12510356082539248
20252992,1,bmi_full,0.8260915598366632,True,0.29860304241424707,0.1328894600962812,0.11072327434336332,0.0568334150332381,0.037494908257286144,0.12730882002888316
20252992,1,weight_height_full,0.8225020698515854,True,0.2956328623081944,0.13212749640950724,0.11054358845942834,0.05674616496480912,0.03737891464305771,0.12648580535699938
20252992,2,bmi_only,0.7898774252220401,True,0.35935689131562937,0.0959056654581975,0.06723067028541234,0.04120177487004975,0.021826685991035107,0.1171043375840648
20252992,2,bmi_age_height,0.7957756732961551,True,0.3575609133495994,0.09565590473839963,0.06663716436148504,0.03981859145704386,0.020945969254006498,0.1161237086321069
20252992,2,bmi_full,1.1707912964854275,True,0.37543077908855754,0.10097607238733101,0.07042453359238171,0.0420872227298292,0.02079419573999551,0.121942560707619
20252992,2,weight_height_full,1.1513494712391574,True,0.3759500834782144,0.10113709683592392,0.07058625269964307,0.0423979139498498,0.02102240395700902,0.12221875018412805
20252992,3,bmi_only,0.6371211364865281,True,0.23411130495573818,0.1045533418736283,0.09020285164759637,0.0226917131455619,0.02080307675299375,0.09447245767510369
20252992,3,bmi_age_height,0.632387742061208,True,0.22941162896172995,0.10265699506876544,0.08861510612795674,0.022215661278451967,0.020482466297410174,0.09267637154686287
20252992,3,bmi_full,0.637378426700454,True,0.22669936974421287,0.1014850532367817,0.08787349330537825,0.022846951001064153,0.020763551854007467,0.0919336838282889
20252992,3,weight_height_full,0.6357992699048962,True,0.2250472761400965,0.10108288980974567,0.08754674191330208,0.02282173369707562,0.02075381220187967,0.09145049075241991
20252992,4,bmi_only,0.6942775616557577,True,0.30411348797674886,0.06520287441245026,0.04156763415415064,0.01919050922335629,0.017776541955019334,0.08957020954434508
20252992,4,bmi_age_height,0.6919191279906967,True,0.3081088854250673,0.06445242757268307,0.04056758966047668,0.018564498570709995,0.017323698709213433,0.08980341998763011
20252992,4,bmi_full,0.6965192283004277,True,0.32259983914957047,0.06587478748384991,0.041021277909035765,0.019445442006105033,0.018223929704971168,0.09343305525070647
20252992,4,weight_height_full,0.6969552771996522,True,0.3228567159753647,0.06556483848694851,0.04066405588350225,0.019094824076587608,0.017955515418422326,0.09322718996816508
20252993,0,bmi_only,0.5733994776965304,True,0.21674977809444176,0.07191444277132968,0.05828524060049609,0.054880906800202196,0.054443908470688154,0.09125485534743158
20252993,0,bmi_age_height,0.5688115085535261,True,0.21207339133942485,0.07083919141882974,0.05722423715451612,0.054052518026730945,0.05383407088380156,0.08960468176466065
20252993,0,bmi_full,0.5663632306194307,True,0.21566337952297415,0.07095193556397819,0.056935189547880745,0.053905921910264325,0.05368771703559137,0.09022882871613777
20252993,0,weight_height_full,0.5666425895791121,True,0.2157751075732378,0.07099989064038156,0.056931871340161956,0.05391489454650466,0.05369544355996662,0.09026344153205054
20252993,1,bmi_only,0.649924461072973,True,0.33133818834309875,0.06603744700663979,0.05870140289273712,0.022203693497073334,0.0026439312821495116,0.0961849326043397
20252993,1,bmi_age_height,0.65567453768005,True,0.33345822269281106,0.06666804295992142,0.05899759723328125,0.02225120280748442,0.0027284817696435334,0.09682070949262833
20252993,1,bmi_full,1.0359426248690298,True,0.37745946274863323,0.07523749711939927,0.0643980477997363,0.02561789323426541,0.0034785396083659393,0.10923828810208006
20252993,1,weight_height_full,1.0544016731022212,True,0.3804050664457164,0.07594446497470893,0.06490271951997624,0.025951378685351432,0.003717210582372884,0.11018416804162519
20252993,2,bmi_only,0.7629151160727288,True,0.34771906945416936,0.09062090587539262,0.08907524661588198,0.03830730170033217,0.037766349090823714,0.12069777454731997
20252993,2,bmi_age_height,0.7644706754082214,True,0.34692739546260176,0.08981530847276381,0.08829944837894826,0.03829632791164475,0.03775468418231239,0.1202186328816542
20252993,2,bmi_full,0.7570168366968807,True,0.341201498369932,0.08943701922585738,0.08799085322134735,0.03893890083057083,0.03823219373537998,0.11916009307661753
20252993,2,weight_height_full,0.7539133926198943,True,0.3379620406486478,0.08837886583566953,0.08716787832611259,0.03874035808329067,0.03807951256852895,0.11806573109244992
20252993,3,bmi_only,0.6168532211807158,True,0.1876319737735945,0.08359697434554664,0.04618487890713351,0.00665376429967317,0.003285474955913485,0.06547061325637225
20252993,3,bmi_age_height,0.6342189908355764,True,0.2012780070016785,0.08713665872376229,0.048249175656967645,0.006295195481610284,0.003010312435220093,0.06919386985984775
20252993,3,bmi_full,0.6285617131062039,True,0.1983897067383625,0.08563322001276912,0.048232832753531484,0.006549344397376358,0.0031487325858598294,0.06839076729757985
20252993,3,weight_height_full,0.6281148593229136,True,0.19812644869483584,0.08567032039554581,0.04823005757189429,0.006548783417997529,0.0031465353129494136,0.06834442907864458
20252993,4,bmi_only,0.858232276885731,True,0.3628773609122046,0.14243196205240818,0.11784181855704207,0.05842941281194097,0.03768424603177269,0.1438529600730737
20252993,4,bmi_age_height,0.9738657536720453,True,0.39609573362359124,0.15451234938068034,0.12341143727012252,0.058727419407492126,0.03866694239284932,0.1542827764149471
20252993,4,bmi_full,1.0003982956359467,True,0.4149065015914761,0.15875510597806977,0.12670144506554376,0.060295673926596995,0.03989436219537218,0.16011061775141178
20252993,4,weight_height_full,0.9964830209675752,True,0.4141496866965831,0.15861775918866317,0.12646507177629948,0.060211726715152576,0.03977651538162456,0.1598441519516646
20252994,0,bmi_only,0.5791910457680918,True,0.17093105895318592,0.07922950214834194,0.07249653496068505,0.05391966953647768,0.0359521177935923,0.08250577667845657
20252994,0,bmi_age_height,0.5802530352239667,True,0.16955009282666664,0.07881823826347208,0.07202235800936783,0.05316166546603881,0.03548507773237617,0.08180748645958431
20252994,0,bmi_full,0.5870198312012259,True,0.18273571236823652,0.08176275454762899,0.0745027488874591,0.05451670509760763,0.036546746892756034,0.08601293355873767
20252994,0,weight_height_full,0.5872288629749114,True,0.182366668219261,0.08191559099563227,0.07452066258190614,0.054491049781750116,0.03643912556892432,0.08594661942949477
20252994,1,bmi_only,0.6804603157589123,True,0.27957256952311094,0.09007754844086971,0.08787450095221247,0.05516185379350402,0.05592480093433338,0.11372225472880611
20252994,1,bmi_age_height,0.6926442811854732,True,0.28893319705094905,0.091079859202555,0.08858884262128887,0.05555412024801297,0.05622577890733551,0.11607635960602827
20252994,1,bmi_full,0.7006229449092903,True,0.2884811681558613,0.09256507409044185,0.08909189083878394,0.05608908374089208,0.05647097840722945,0.11653963904664173
20252994,1,weight_height_full,0.7000217982467797,True,0.2874408094035764,0.09212985082365771,0.08878913145495304,0.05614070555948878,0.0565157335648627,0.11620324616130773
20252994,2,bmi_only,0.7818617730661354,True,0.3291057772138447,0.07565608056925631,0.028875769108366964,0.0064817206086204395,0.004313413931528846,0.08888655228632346
20252994,2,bmi_age_height,0.77968757179382,True,0.3297976041159456,0.07742341409102398,0.02995533942168872,0.006427201276754711,0.004159333816444148,0.08955257854437143
20252994,2,bmi_full,0.7735317348914673,True,0.3286430000507778,0.07559884864420445,0.029328995195185975,0.006542402612054944,0.004063448320471279,0.08883533896453889
20252994,2,weight_height_full,0.7734204877153715,True,0.32876713758296155,0.0755508526643035,0.029128452745631177,0.006478126256087161,0.003981415960748579,0.0887811970419464
20252994,3,bmi_only,0.6291174329048113,True,0.2976928828931354,0.049954261349923416,0.041586959357166754,0.036594813891626936,0.018405456559162547,0.08884687481020301
20252994,3,bmi_age_height,0.6284486416438909,True,0.2980556088572916,0.04845641151815663,0.04004602666714824,0.03554939585029641,0.01789151865599788,0.08799979230977814
20252994,3,bmi_full,1.0784249171388183,True,0.31877385450901985,0.05938776554892533,0.04733629088196078,0.040459199127504425,0.019338587271115187,0.09705913946770511
20252994,3,weight_height_full,1.0308140975749946,True,0.3164038158435281,0.0590668242344686,0.04703846208220764,0.040350222066371254,0.01922235900402919,0.09641633664612095
20252994,4,bmi_only,0.7915863470824613,True,0.33981120030122586,0.14647928985135153,0.12758188708516707,0.022764097090940173,0.02123086954927115,0.13157346877559115
20252994,4,bmi_age_height,0.8514874838797493,True,0.3619406528908824,0.14898753656049404,0.1261115562127282,0.0247498955700017,0.022518354408306275,0.13686159912848253
20252994,4,bmi_full,0.8476002847648944,True,0.3577424187692183,0.14627884738956468,0.12414091003858252,0.024699793139002946,0.022485927878513695,0.13506957944297643
20252994,4,weight_height_full,0.8461063408693371,True,0.3567506547693532,0.1455806968570179,0.12368652952116051,0.02464368098386517,0.022461660965590827,0.13462464461939755
20252995,0,bmi_only,0.6283817666013628,True,0.28730767094653076,0.10629154279105818,0.08661265137840145,0.038165291443884995,0.03673139054117592,0.11102170942021025
20252995,0,bmi_age_height,0.6258497432240299,True,0.28358984420686384,0.1055929317071517,0.08585246769971362,0.038419991314776504,0.03695180807034833,0.11008140859977081
20252995,0,bmi_full,0.6207293029083234,True,0.2789571098960798,0.10515127514454786,0.08587870666081157,0.039131886555368325,0.037477673471177475,0.10931933034559702
20252995,0,weight_height_full,0.6189794064348485,True,0.2767522621389935,0.1045644314459858,0.08548537836503162,0.03897513380169002,0.03736268031104248,0.10862797721254869
20252995,1,bmi_only,0.6300869665846276,True,0.24024202022829536,0.08467612553123816,0.061573354497292086,0.02267812278424833,0.020265899241591372,0.08588710445653305
20252995,1,bmi_age_height,0.6306781700899273,True,0.24244009626145765,0.08436364342564501,0.06156721634631294,0.022373264223623242,0.020077878333716975,0.08616441971815117
20252995,1,bmi_full,0.6228351592176047,True,0.24805480838832128,0.08236851635553394,0.06053513639856725,0.022070621184332114,0.019919331051354395,0.08658968267562181
20252995,1,weight_height_full,0.6240570690731232,True,0.24940431809587824,0.08297774075497191,0.0610218474027469,0.02237441608867838,0.02012734241676566,0.08718113295180821
20252995,2,bmi_only,0.647292698381538,True,0.21967514861734994,0.07044540936561398,0.05542941053311062,0.019594733791317733,0.018360270697261354,0.07670099460093073
20252995,2,bmi_age_height,0.6704347520126557,True,0.23430592901311773,0.0735701678139651,0.05685272676289446,0.018999904829196092,0.0177179362927154,0.08028933294237775
20252995,2,bmi_full,0.6618113511443591,True,0.2312440483388641,0.07493015586321101,0.057883960604362183,0.020161050527485593,0.0186038339670618,0.08056460986019694
20252995,2,weight_height_full,0.6586388182302112,True,0.23019313884455625,0.07434623246779233,0.05735095981250054,0.0198917081780691,0.018402735049308908,0.08003695487044543
20252995,3,bmi_only,0.5250267138410828,True,0.23353607844856517,0.049259635589938205,0.04058941856726165,0.036957712541218955,0.019416204368008352,0.07595180990299846
20252995,3,bmi_age_height,0.5246425438087335,True,0.23441428764734326,0.04931738860305876,0.04020849941847838,0.03656737737119848,0.019277904257423213,0.07595709145950041
20252995,3,bmi_full,0.9453481260444354,True,0.2687339808861651,0.05777016798931266,0.04438315218508478,0.03892797738228539,0.019019662916420668,0.08576698827185372
20252995,3,weight_height_full,0.9297803883285488,True,0.26920006512067784,0.05767961281247284,0.04431649371005374,0.03890642901935762,0.019022788102294134,0.08582507775297124
20252995,4,bmi_only,1.0552639991003456,True,0.5016215421170989,0.14600750656384773,0.12683903925339476,0.06201630283006381,0.04149583594928226,0.17559604534273748
20252995,4,bmi_age_height,1.0522020040158602,True,0.4962554842986526,0.14483292085465233,0.12586805426432576,0.06163951917844831,0.04128596371130977,0.17397638846147778
20252995,4,bmi_full,1.0685911957650378,True,0.48159525635183204,0.14512600768149095,0.12699713596188872,0.06404908190796643,0.04267656130108956,0.17208880864085355
20252995,4,weight_height_full,1.0667517820829462,True,0.4761906879313433,0.14424091952825763,0.12623085718853191,0.06441781181910407,0.04287289742337155,0.17079063477812167
20252996,0,bmi_only,0.7217921102188968,True,0.31213964913114506,0.07393221291445407,0.06365848317232181,0.008872311286749719,0.004809397000165498,0.09268241070096722
20252996,0,bmi_age_height,0.7210306321273712,True,0.31113493043019214,0.07243185860427989,0.06217265938717085,0.008973179947804078,0.004853503324595148,0.09191322633880843
20252996,0,bmi_full,0.7386350197019924,True,0.31690043818094543,0.07878547568516031,0.06663516117837498,0.012041664037998452,0.0068764479538149835,0.09624783740725883
20252996,0,weight_height_full,0.7342745276282943,True,0.3108478552841932,0.07684046400150864,0.06514525748976203,0.012030012186888197,0.006865050582705133,0.09434572790901144
20252996,1,bmi_only,0.9348597971258777,True,0.3083234289926374,0.12159598251948617,0.10102534819549015,0.05751853830456902,0.03889847363092773,0.12547235432862208
20252996,1,bmi_age_height,0.9429931443715941,True,0.3093475266247971,0.12435800271674373,0.10216011155526553,0.05773566075422121,0.03944174495762065,0.12660860932172963
20252996,1,bmi_full,1.3041973925724624,True,0.33466845444502225,0.13164544951343504,0.1063605477904972,0.06031356410893467,0.039433310068502904,0.1344842651852784
20252996,1,weight_height_full,1.3416356739604536,True,0.3366164605602773,0.13231714474007472,0.10678861660872135,0.060640030592341486,0.0396581512256697,0.13520408074541693
20252996,2,bmi_only,0.6298377406422208,True,0.21955137893740123,0.07119018581206844,0.053483569090940326,0.052591184267145596,0.05273677268023919,0.08991061815755895
20252996,2,bmi_age_height,0.6243945247771906,True,0.21612968912315617,0.06873664165046456,0.051492426718149235,0.051084646752425245,0.051604306156202755,0.0878095420800796
20252996,2,bmi_full,0.6383310190494264,True,0.22444034557413275,0.07602201404081929,0.056075334842645895,0.05446396385036856,0.05402078495503171,0.09300448865259964
20252996,2,weight_height_full,0.6355726551562261,True,0.2227435845636919,0.07539667005007199,0.05557651358874796,0.05410758629586022,0.053764390862367985,0.09231774907214801
20252996,3,bmi_only,0.6500179642406312,True,0.32561544177732854,0.11058939975515097,0.07594712563719348,0.03988052831441081,0.01937983356742092,0.11428246581030095
20252996,3,bmi_age_height,0.6498636308933244,True,0.33090734042241904,0.11113326072364194,0.07538541875707767,0.03922160872159998,0.019294626381116932,0.1151884510011711
20252996,3,bmi_full,0.6397299216967818,True,0.3240711352103437,0.10838654691061418,0.07411789936673356,0.03876871047477104,0.01906118884764109,0.11288109616202072
20252996,3,weight_height_full,0.6403360933207954,True,0.3250064924959532,0.10833620381735808,0.07429492040055398,0.038848887701812135,0.019053271670802962,0.11310795521729608
20252996,4,bmi_only,0.5372580299713912,True,0.25280926480487886,0.07722962611345377,0.07329406325215554,0.022117264744415503,0.020123712668707976,0.08911478631672233
20252996,4,bmi_age_height,0.5464075077935379,True,0.2603638470938265,0.07741136768429745,0.07329367053184924,0.021389915682194668,0.01962766067877561,0.09041729233418869
20252996,4,bmi_full,0.5399330695288607,True,0.25644302784101725,0.07659959157788201,0.0727657030135085,0.021221294373028755,0.019497994503757932,0.08930552226183888
20252996,4,weight_height_full,0.5372133753892114,True,0.25464027408639117,0.07614002289035753,0.07246645816195912,0.021244023736012543,0.019520394415147,0.08880223465797348
20252997,0,bmi_only,0.6390217059695572,True,0.31140793698156555,0.06899455214534797,0.056463015660841415,0.035405061158506994,0.035209553721373237,0.10149602393352704
20252997,0,bmi_age_height,0.63994158716515,True,0.31916245342892957,0.06752965824722419,0.055078729673595825,0.03450354458467375,0.03461943914995996,0.10217876501687666
20252997,0,bmi_full,0.6563667987962433,True,0.3376850892051394,0.07206763599891552,0.05801432181781045,0.036507667463092544,0.03606089004403878,0.10806712090579935
20252997,0,weight_height_full,0.6560085996831456,True,0.33768479628770287,0.07176333424430256,0.05771623877137388,0.03625431898176032,0.03587809115733809,0.10785935588849556
20252997,1,bmi_only,0.4827419836787313,True,0.12542040315202016,0.04703602495767694,0.03191550539391402,0.024345581171695288,0.0038594150108491555,0.04651538593723112
20252997,1,bmi_age_height,0.4786911730351601,True,0.12306801201490686,0.04450343792266324,0.030229576516587597,0.02317081667906715,0.0034561533696186556,0.04488559930056869
20252997,1,bmi_full,0.8551889992611135,True,0.15947771517679066,0.055469377772744285,0.03700556597728358,0.027285521020503075,0.004064254652697819,0.05666048692000388
20252997,1,weight_height_full,0.8813657229263563,True,0.15772040765043618,0.054778872137546494,0.036583445240894595,0.027043853840962452,0.003925314555945003,0.056010378685156945
20252997,2,bmi_only,0.8336001374582102,True,0.35128930753140475,0.12507169556209882,0.0906680479528756,0.03904041879109799,0.01874782341844279,0.12496345865118401
20252997,2,bmi_age_height,0.8308006588943281,True,0.35049780854452445,0.12470898505964374,0.09029872884232544,0.038823607654829596,0.01871899878390321,0.1246096257770453
20252997,2,bmi_full,0.8555780959654157,True,0.35625012841862835,0.12862055455141655,0.0923733741722988,0.04132794144933874,0.020675529587926265,0.12784950563592173
20252997,2,weight_height_full,0.858349287811349,True,0.3584459039710261,0.12886300841375387,0.09243723235113255,0.04151778705906988,0.020700428691948686,0.1283928720973862
20252997,3,bmi_only,0.6947888072135628,True,0.27592198935013673,0.09375281533557588,0.09068293654590248,0.0388563029518397,0.03729643938817253,0.10730209671432547
20252997,3,bmi_age_height,0.7615453268958353,True,0.29365062639699074,0.10488198015245233,0.0984949929876876,0.04081005804525659,0.03850898744346393,0.11526932900517024
20252997,3,bmi_full,0.7807899625289061,True,0.3159043382718948,0.11123369529597521,0.1023300071851112,0.04280727291495101,0.0395734251199316,0.12236974775757277
20252997,3,weight_height_full,0.7789170593254683,True,0.3151734470684006,0.11119302968161672,0.10233897390746685,0.04288010610747597,0.03961246875489276,0.12223960510397058
20252997,4,bmi_only,0.8022936267316157,True,0.3484032125134994,0.11700683190681575,0.09605021327567392,0.0402693624946219,0.04007738104468909,0.12836140024706
20252997,4,bmi_age_height,0.8008215003914357,True,0.3470316497238633,0.1165088785419882,0.09527291233795676,0.03991972702451019,0.03981494103290278,0.12770962173224426
20252997,4,bmi_full,0.8001936697426957,True,0.35217791386224323,0.11542491135189765,0.09519696527468405,0.0392162763911711,0.03934666532576184,0.12827254644115155
20252997,4,weight_height_full,0.7969186462949372,True,0.34901987460300554,0.11494998732370461,0.09474519360597836,0.039206474817264914,0.039332672259063256,0.12745084052180333
20252998,0,bmi_only,0.7137126047366117,True,0.2665457164121506,0.0644238571021507,0.05806841757961719,0.0369661956491142,0.035906628054509476,0.09238216295950843
20252998,0,bmi_age_height,0.709128100197866,True,0.26514176547329765,0.06263614535693696,0.05633235833125281,0.03599089555068686,0.035190386298820577,0.09105831020219898
20252998,0,bmi_full,0.7561652854319468,True,0.2876073596650744,0.07018162934502661,0.06032637651371393,0.039166693170520676,0.03745437260096214,0.09894728625905955
20252998,0,weight_height_full,0.7541137018504932,True,0.2856504136156148,0.06947103849091076,0.05973821304912205,0.03890071901450619,0.037259688448947226,0.09820401452382019
20252998,1,bmi_only,0.678130648428489,True,0.3092988979426769,0.07773614402621158,0.05374250454669287,0.0207701754393827,0.019155204310925524,0.09614058525317792
20252998,1,bmi_age_height,0.6757737157274976,True,0.30650938562472485,0.07744194873968303,0.05349611575978838,0.02071143934074678,0.019101077591664736,0.09545199341132156
20252998,1,bmi_full,0.6721758282035067,True,0.30477867253405,0.07681374701444571,0.0535581083013972,0.020905439768529845,0.019237759441122382,0.09505874541190902
20252998,1,weight_height_full,0.6711633750019087,True,0.3034158018263391,0.07616131548303483,0.05309470087318789,0.02085333215096875,0.01921881122748388,0.0945487923122029
20252998,2,bmi_only,0.7451562061895957,True,0.2933341797962534,0.10770962702253244,0.06525944082969548,0.05947166436952582,0.021011066496381972,0.10935719570287783
20252998,2,bmi_age_height,0.7431326223679791,True,0.2922199071801992,0.10790993251180507,0.0647841764769999,0.05915565997504112,0.02078297908521861,0.10897053104585279
20252998,2,bmi_full,1.1249298848589522,True,0.3105337254275292,0.11411005815309548,0.06775225651817725,0.06092920122725175,0.020546936323856978,0.11477443552998212
20252998,2,weight_height_full,1.1268616560557312,True,0.3112300377298899,0.11477908427849806,0.06822636066071654,0.06135035045640178,0.020734059983197453,0.11526397862174073
20252998,3,bmi_only,0.5424126764992472,True,0.21195503306918778,0.06284114532826976,0.056156784330584124,0.0366707051213292,0.0366026766816825,0.08084526890621066
20252998,3,bmi_age_height,0.5629622931356849,True,0.22678412411986337,0.06547581512410079,0.05757294467179708,0.03773990235099488,0.03727271916607104,0.08496910108656544
20252998,3,bmi_full,0.5579037160090363,True,0.2247006375851734,0.06541394078662797,0.057603280841551675,0.03772958971943136,0.03728791510985691,0.08454707280852827
20252998,3,weight_height_full,0.5585359666551156,True,0.22534094632608556,0.06532135437040752,0.05759358227140646,0.03768160476183331,0.037273834594117074,0.08464226446477
20252998,4,bmi_only,0.7461530523469159,True,0.34138556738701714,0.13500462805336225,0.131520309723262,0.021614239100731278,0.020356881337986098,0.12997632512047175
20252998,4,bmi_age_height,0.7644151199635084,True,0.3449220368783713,0.13747670023344405,0.13240004630979776,0.02058808459533293,0.01955256233871653,0.1309878860711325
20252998,4,bmi_full,0.7652517658802317,True,0.34884043654747443,0.1384956170777401,0.13422752087412482,0.022076958760066056,0.02063330068603971,0.13285476678908903
20252998,4,weight_height_full,0.7620928382927258,True,0.34734851111034276,0.13806159815234584,0.13377761245058328,0.021892628218101947,0.020503343626101445,0.13231673871149502
20252999,0,bmi_only,0.7185686837741206,True,0.23697551210902965,0.08897181885191045,0.07268605140837475,0.06946285873704618,0.0687610006323112,0.10737144834773445
20252999,0,bmi_age_height,0.7246612383799181,True,0.2388578186382237,0.09008583741347521,0.07333160491336484,0.06993104391497779,0.06904946669168975,0.10825115431434625
20252999,0,bmi_full,0.7605074959231798,True,0.25599917501916936,0.09878454188656459,0.0792503423409567,0.07405273572984032,0.07199636931316584,0.11601663285793937
20252999,0,weight_height_full,0.7553481480212928,True,0.2527239144782435,0.09768105625727434,0.07844854989195116,0.07355829473307048,0.07166904248046024,0.11481617156819994
20252999,1,bmi_only,0.5589915550062605,True,0.2894694979587099,0.06171975223816775,0.05577062898182153,0.021039151736050834,0.019098227419834787,0.08941945166691695
20252999,1,bmi_age_height,0.5580776583832386,True,0.2863503684495277,0.061868204539866196,0.05587661129286483,0.020729856112162735,0.018836885619007034,0.0887323852026857
20252999,1,bmi_full,0.5726583186724316,True,0.29700680398606477,0.06699761853377065,0.059171746006166585,0.02297973496338919,0.020190546617892845,0.09326929002145681
20252999,1,weight_height_full,0.5725114155114339,True,0.29598892249639014,0.06691255458819184,0.05913285330116033,0.0231302494602003,0.02028863792698246,0.09309064355458503
20252999,2,bmi_only,0.6048961141814355,True,0.1990955315171111,0.060638091143883674,0.04181323016835305,0.038317829961667146,0.019912113030209767,0.07195535916424495
20252999,2,bmi_age_height,0.6078532916635131,True,0.20087381374321445,0.061949337683064584,0.04203489033264402,0.03832472399188629,0.019986477355312227,0.07263384862122432
20252999,2,bmi_full,1.028707895944409,True,0.22898970271333155,0.0708238978282307,0.04672350917925497,0.041237017650079776,0.02001855188281139,0.08155853585074166
20252999,2,weight_height_full,1.0080485643646266,True,0.22829760784953715,0.07095892429574689,0.046846826115169486,0.04131415432594018,0.02007078313275379,0.08149765914382949
20252999,3,bmi_only,0.824657670359328,True,0.34114442666959466,0.11528930663587271,0.09674998081067676,0.040417521574251554,0.02034577060440138,0.12278940125895943
20252999,3,bmi_age_height,0.9520726920446491,True,0.3957605348536238,0.1256360673942852,0.10339601796753731,0.041889280431745286,0.022300316838673662,0.13779644349717304
20252999,3,bmi_full,0.9399390127410421,True,0.39242525244976234,0.1264255137016779,0.10410090956105796,0.042157871469682216,0.02256589228333545,0.13753508789310318
20252999,3,weight_height_full,0.9362337141805855,True,0.39350093287279203,0.12725160568209626,0.1047527144617542,0.04270229661307204,0.022864429258770885,0.13821439577769706
20252999,4,bmi_only,0.7155159899829373,True,0.3509706060798886,0.1176107133968602,0.09600536352191426,0.003948962636569374,0.0018919608734493895,0.11408552130173637
20252999,4,bmi_age_height,0.710939936651921,True,0.3483881352429662,0.11651142500487739,0.09479010338179425,0.0038846862733706083,0.001850812044097354,0.11308503238942114
20252999,4,bmi_full,0.7205729860052786,True,0.3574209709879378,0.11398938248039654,0.09388411052151814,0.003980976266031608,0.0018889682190040193,0.11423288169497761
20252999,4,weight_height_full,0.7191577668981567,True,0.3566158134824785,0.11328862385311127,0.09324135563549124,0.003925070202402872,0.0018591632711115749,0.11378600528891909
20253000,0,bmi_only,0.5647480660342358,True,0.2425621156132592,0.06796361561097898,0.05964608136386639,0.005983786107285127,0.0029557043832609815,0.07582226061573014
20253000,0,bmi_age_height,0.5657591933204151,True,0.249734244059768,0.0673821103894012,0.059666335998357314,0.005376759998302772,0.002616557573228443,0.07695520160381154
20253000,0,bmi_full,0.5616563544183887,True,0.24827664126754168,0.06718572548228219,0.059636534621367115,0.005299239399968923,0.002577078382256208,0.0765950438306832
20253000,0,weight_height_full,0.5606438348670205,True,0.24804525585575077,0.06703316417672708,0.05959659550257213,0.005265138434250796,0.002554481675719033,0.07649892712900397
20253000,1,bmi_only,0.5011622278188048,True,0.3043303467048985,0.05376712874187515,0.02725624507333149,0.004534267676358744,0.0021507460221596416,0.0784077468437247
20253000,1,bmi_age_height,0.5025693878465609,True,0.30200101369966564,0.053544077359633485,0.026818167625679776,0.004518267555303848,0.0021256063862172426,0.07780142652529999
20253000,1,bmi_full,0.5073610656816715,True,0.3070592736197131,0.05535488712781215,0.028014048989269624,0.00525442753287989,0.0025230107014741158,0.07964112959422978
20253000,1,weight_height_full,0.5074133758544437,True,0.307259567716548,0.055275441934237134,0.02797555917120889,0.00514904986945759,0.002460701311785252,0.07962406400064737
20253000,2,bmi_only,0.862248423307479,True,0.2914784881636336,0.10459660312716602,0.07696733619612987,0.05509867545358436,0.055003628871792255,0.11662894636246121
20253000,2,bmi_age_height,0.861715857057921,True,0.2892593245051349,0.1050828819424303,0.07631672272255333,0.0540558222111196,0.054222511215565934,0.11578745251936082
20253000,2,bmi_full,0.860875469912593,True,0.2838992708194056,0.10356334663913705,0.07646369329269051,0.05450211453098544,0.05449592339131491,0.11458486973470669
20253000,2,weight_height_full,0.8578677255870479,True,0.2821020052768003,0.10265161548107693,0.07608371817000052,0.054323608692843466,0.054370862139301514,0.11390636195200454
20253000,3,bmi_only,0.8512239389525424,True,0.30766300259004115,0.12921607491733064,0.10703775506522989,0.056298261622248456,0.05566938305378712,0.13117689544972744
20253000,3,bmi_age_height,0.8462894020620448,True,0.3048539165235624,0.12756186651707044,0.10570845033613878,0.05591689108894681,0.05540201941894876,0.12988862877693344
20253000,3,bmi_full,0.8621657232553834,True,0.32052120745725804,0.12994844093800342,0.10600413996493396,0.057154062886357195,0.056275772652532405,0.13398072477981698
20253000,3,weight_height_full,0.8601846925513582,True,0.31879368668622166,0.12942528953267038,0.10547290740666199,0.0569180117085299,0.05610243832178234,0.13334246673117325
20253000,4,bmi_only,0.6724348746489963,True,0.28656894849618053,0.10006263805616901,0.09381175219397313,0.05812760531766172,0.02141128412933882,0.11199644563866465
20253000,4,bmi_age_height,0.6741630669802061,True,0.28557231637938,0.09934505837265555,0.09250737189102447,0.057285342714841224,0.021456071521275443,0.11123323217583536
20253000,4,bmi_full,0.9985364618251238,True,0.30278305901826974,0.10409961609804544,0.09560309514857727,0.05991585532165492,0.021573859951446086,0.11679509710759868
20253000,4,weight_height_full,1.0216381299828725,True,0.3023268329711803,0.10416166259762902,0.09555285621934498,0.06040129848502164,0.02183268041797978,0.11685506613823113
20253001,0,bmi_only,0.6744939654172639,True,0.2997371058873587,0.10555942414576705,0.07845570816372266,0.023629753568005844,0.0021203895402424596,0.10190047626101932
20253001,0,bmi_age_height,0.6688240835210897,True,0.2936927498705437,0.10450614139209967,0.07729661690836571,0.023414710718662354,0.002097436240320389,0.10020153102599838
20253001,0,bmi_full,0.6668921244465267,True,0.286805976484278,0.10295009310345331,0.07549332359857541,0.0238719285860805,0.0022698152145747596,0.0982782273973924
20253001,0,weight_height_full,0.6676440932959892,True,0.2867651307850615,0.10240002307413362,0.07492884391188104,0.023894777972042668,0.0022157528022739748,0.09804090570907856
20253001,1,bmi_only,0.6040797133534416,True,0.2236038313221072,0.049977902653872405,0.027143626645987184,0.021450668822579642,0.0027173538950754287,0.06497867666792437
20253001,1,bmi_age_height,0.621717438761103,True,0.23815379018561292,0.050122944828799386,0.026603845987483582,0.02106497600485219,0.002497294485929823,0.06768857029853557
20253001,1,bmi_full,0.9985382795545635,True,0.26325741501127853,0.05737986477790901,0.03121613457496328,0.023973838177377638,0.0027649151707686884,0.07571843354245944
20253001,1,weight_height_full,1.0179769440271296,True,0.2634523316997755,0.05715549542835273,0.03103509532209771,0.023879767659048565,0.0027093994461534964,0.0756464179110856
20253001,2,bmi_only,0.8064353604530884,True,0.2830228868354618,0.10590579484488284,0.10748576688454071,0.07309092256997854,0.0735074674664438,0.12860256772026152
20253001,2,bmi_age_height,0.826215668698057,True,0.2936951504150617,0.10854133569428762,0.10786798700496342,0.07229287119785892,0.07273684527046378,0.13102683791652708
20253001,2,bmi_full,0.82423402095162,True,0.2953937881595036,0.1079701197693052,0.10743293445203055,0.07243522678310495,0.07287500494862692,0.13122141482251423
20253001,2,weight_height_full,0.8219334811063748,True,0.29268297598053344,0.10736955938086737,0.10702985299537371,0.07228375623793175,0.07277749999706624,0.1304287289183545
20253001,3,bmi_only,0.5863470287450008,True,0.2934315918971037,0.08744901092805768,0.07636984189192121,0.023164552224652447,0.020895382073989364,0.10026207580314488
20253001,3,bmi_age_height,0.5860754849681196,True,0.29457629747455727,0.08712044803554604,0.07559962104777761,0.02189623595366337,0.019919448435045627,0.09982241018931798
20253001,3,bmi_full,0.6101197138429518,True,0.31214659656878474,0.09303697038680743,0.07974461312440757,0.024606761357924202,0.021586995223544486,0.10622438733229367
20253001,3,weight_height_full,0.6103127312440426,True,0.3135440268474145,0.09330002025685165,0.07986847194608711,0.02480021714554047,0.021704256161043777,0.10664339847138748
20253001,4,bmi_only,0.766718035848317,True,0.31539538094165676,0.09332898314370103,0.07428646256224374,0.03652685239410012,0.0353350785500875,0.11097455151835785
20253001,4,bmi_age_height,0.7760780486265227,True,0.3149646772081228,0.09508457111337672,0.07515416568069973,0.036876175756780115,0.035430900401247176,0.11150209803204532
20253001,4,bmi_full,0.8196257396704976,True,0.3326103193381362,0.10364665783584812,0.08046434431110099,0.03940930056722484,0.03722016720146281,0.11867015785075456
20253001,4,weight_height_full,0.8172375448839754,True,0.33018540061246254,0.10325805794282648,0.08018830241381378,0.03937269410194526,0.03715807686630804,0.1180325063874712
20253002,0,bmi_only,0.4421298221443892,True,0.16894774657481643,0.05010444377525796,0.01334513957096953,0.006574345749382768,0.003536108428380374,0.04850155681976141
20253002,0,bmi_age_height,0.44091796843074144,True,0.1704264819132455,0.049502404026057226,0.012370698191741287,0.006184886307248332,0.003241375074160526,0.04834516910249057
20253002,0,bmi_full,0.4609231575046579,True,0.1806928359157347,0.05791256959136912,0.016067109018277743,0.008630956058392775,0.004411259691097471,0.05354294605497436
20253002,0,weight_height_full,0.45924161835304717,True,0.1791476064256489,0.05768442715263802,0.015827138880748215,0.008675905306651376,0.004435270101762924,0.05315406957348988
20253002,1,bmi_only,0.9777658034137,True,0.36863778352979787,0.14028849623631703,0.12502488518432697,0.07347528212898533,0.056137962417752194,0.15271288189943588
20253002,1,bmi_age_height,0.9899010414283962,True,0.365514349879577,0.14055400583474417,0.12465233004547822,0.0723211715007937,0.05516241879460598,0.15164085521103984
20253002,1,bmi_full,1.3718566540406802,True,0.38185157075197296,0.14625112150233124,0.12816189589797516,0.07371798767376994,0.05484022730228892,0.1569645606256676
20253002,1,weight_height_full,1.3664960605236411,True,0.38102028150532113,0.14596029294642382,0.1279077583583419,0.07359125154328522,0.05471474932743527,0.15663886673616145
20253002,2,bmi_only,0.8631347081487605,True,0.38895198097746403,0.12730754260298788,0.10063974498340755,0.04283932890001707,0.0210973865218405,0.1361671967971434
20253002,2,bmi_age_height,0.8681312056576663,True,0.3923014988426819,0.12684095435901557,0.10015843623638053,0.04174876222041729,0.020504448438048748,0.13631082001930883
20253002,2,bmi_full,0.8606729769260754,True,0.38478745985245866,0.12294727270234983,0.09815885155803075,0.040806948318947094,0.019855686832493537,0.13331124385285595
20253002,2,weight_height_full,0.8635587474507409,True,0.38457300772799935,0.12308444444716078,0.09824651632690898,0.041046045186260836,0.01994249805570637,0.13337850234880727
20253002,3,bmi_only,0.4176693970294643,True,0.18044969854814152,0.031964365520250886,0.023895428623141153,0.0045468584748906225,0.002212284600822257,0.04861372715344929
20253002,3,bmi_age_height,0.4207477317700312,True,0.19062650184702382,0.0325465952496062,0.02386503434339538,0.004439562161851713,0.0021332470624492645,0.050722188132865276
20253002,3,bmi_full,0.4229157784460699,True,0.19262685167634222,0.03281970779512048,0.023581265633929805,0.0045700588310305,0.002218030711234342,0.05116318292953147
20253002,3,weight_height_full,0.42244342083754854,True,0.19257431991523036,0.03262133891154416,0.023445282925911817,0.004511761320293678,0.0021861297964165674,0.05106776657387931
20253002,4,bmi_only,0.7636998356177267,True,0.31073739407069717,0.10925990601146479,0.10809913264526994,0.05541129660611948,0.05671044471200245,0.12804363480911077
20253002,4,bmi_age_height,0.7623987405093245,True,0.308017084116654,0.10846183484015705,0.1069871424514582,0.05490397130016197,0.05626693727595222,0.1269273939968767
20253002,4,bmi_full,0.7677281603616194,True,0.3115367122900125,0.1089427293482091,0.10727437406655906,0.056189431642536966,0.057283499636020106,0.12824534939666754
20253002,4,weight_height_full,0.7662990033605297,True,0.3103472758741633,0.10799811733852424,0.10651016855637419,0.05595339322080456,0.05711660138585127,0.12758511127514352
20253003,0,bmi_only,0.5346048968305955,True,0.21616967180390684,0.05584731298509029,0.040555383092427524,0.021246285502654668,0.019674888287444143,0.07069870833430468
20253003,0,bmi_age_height,0.5354907956958158,True,0.21625332391685567,0.05466018954117606,0.03959712627482046,0.020814997714716024,0.019322807541090344,0.07012968899773171
20253003,0,bmi_full,0.528195405632537,True,0.21812286760642863,0.052673518883205234,0.03908843988750155,0.0207793518740011,0.019274563321144782,0.06998774831445627
20253003,0,weight_height_full,0.5271526217075216,True,0.2167733631179977,0.052352533973712444,0.038837028609404516,0.020961504444528416,0.01937993265451328,0.06966087256003127
20253003,1,bmi_only,0.7269854828049704,True,0.30557627119524017,0.11367684087597343,0.08979408287888997,0.020865153899198564,0.018482819483444875,0.10967903366654941
20253003,1,bmi_age_height,0.7330367026876425,True,0.30959959409992566,0.11535793792921223,0.0900720658374022,0.01944136636029556,0.017458034536256342,0.11038579975261842
20253003,1,bmi_full,0.762331649603823,True,0.32559120099880734,0.12112750201672387,0.09143352868484565,0.022216791389786137,0.01917192084610074,0.11590818878725276
20253003,1,weight_height_full,0.7592202300761075,True,0.32431001695279993,0.12053270284867423,0.09092623522949154,0.021959033186974914,0.019002702821803084,0.11534613820794873
20253003,2,bmi_only,0.7347309640556956,True,0.27743240708205474,0.08788960697992393,0.06444499791937075,0.04061808011614607,0.021424096728141072,0.09836183776512732
20253003,2,bmi_age_height,0.7317367503956079,True,0.27884247558660574,0.08586098231848431,0.06250668479939789,0.039473121702334836,0.021029792255258944,0.09754261133241635
20253003,2,bmi_full,1.1100315918510473,True,0.30076258948260953,0.09297122345767869,0.0671191330340946,0.042286022792453276,0.021078205237074866,0.10484343480078218
20253003,2,weight_height_full,1.082367630237615,True,0.3005844461040291,0.09328770421605373,0.06728732411902529,0.04239844267414663,0.021154061998335385,0.10494239582231801
20253003,3,bmi_only,0.6762725738874048,True,0.2767146576587427,0.08772940336018463,0.08513817159859657,0.06973887025094859,0.05428497896283416,0.11472121636626134
20253003,3,bmi_age_height,0.6864049002686304,True,0.27471737282540554,0.0861143556388616,0.08359976676986397,0.06919208227872038,0.054310851823797385,0.11358688586732976
20253003,3,bmi_full,0.6833987953977404,True,0.26591339625915666,0.08655666756457522,0.08371553559766327,0.0695640670732874,0.054724166459727414,0.112094766590882
20253003,3,weight_height_full,0.6817571361935181,True,0.2643603119151352,0.08614884032057937,0.08347262763656244,0.06948115783866886,0.05461018117562965,0.1116146237773151
20253003,4,bmi_only,0.7845240960279,True,0.3508761572356526,0.1004749015676383,0.08245471839227246,0.02277150961718977,0.020876556856416116,0.11549076873383383
20253003,4,bmi_age_height,0.7856305686643221,True,0.3479964933027539,0.1015935136646098,0.08293557045653786,0.02233041423793664,0.02051375657934753,0.11507394964823714
20253003,4,bmi_full,0.7863630250825911,True,0.35585821582310967,0.10184939065832033,0.08357032404999525,0.022058640852631983,0.02032200094978363,0.11673171446676818
20253003,4,weight_height_full,0.787688103542758,True,0.3562291326218717,0.10184179859143293,0.08350319789470097,0.022018876258224365,0.020306629510076855,0.11677992697526138
