target,replicate,roc_auc_w,pr_auc_w,precision_w,recall_w,specificity_w,npv_w,f1_w,balanced_accuracy_w,mcc_w,accuracy_w,brier_w,logloss_w,precision_raw,recall_raw,f1_raw,accuracy_raw,predicted_positive,n,positive
ANY,0,0.8166350571809462,0.5114759558793414,0.4342665173572231,0.5468904244817375,0.9075554904938788,0.9391592501420184,0.4841145995880409,0.7272229574878082,0.4119488009287856,0.8661321671525752,0.15003157463100625,0.4698103083451517,0.42168674698795183,0.5223880597014925,0.4666666666666667,0.8666666666666667,83,600,67
ANY,1,0.7452659670626722,0.3502456649255438,0.327363184079602,0.38078703703703703,0.915032679738562,0.9315419065898911,0.352059925093633,0.6479098583877995,0.2767475936545983,0.8626984126984125,0.15595095523602057,0.48752242444728006,0.3235294117647059,0.3793103448275862,0.3492063492063492,0.8653530377668309,68,609,58
ANY,2,0.7693113425449842,0.516916831665485,0.5274043433298857,0.47842401500938075,0.9410626773278306,0.929199032216987,0.5017215937038856,0.7097433461686057,0.4376517333658846,0.8851473922902494,0.13946960333588443,0.4541933121618596,0.5147058823529411,0.47297297297297297,0.49295774647887325,0.88,68,600,74
ANY,3,0.8566527075784425,0.5817508489549844,0.5026231869149266,0.7100712105798577,0.9118649629049014,0.961648628385782,0.5886037826767861,0.8109680867423794,0.5373522459848341,0.8893747975380627,0.142113277658328,0.44375665686617793,0.4523809523809524,0.6551724137931034,0.5352112676056338,0.8883248730964467,84,591,58
ANY,4,0.8271149789618253,0.40255260271682214,0.4262452107279699,0.554171855541719,0.9252837719845327,0.9539609053497942,0.4818624796968061,0.7397278137631257,0.4269566277426598,0.8914965986394557,0.13673562935424075,0.4402113434871936,0.4090909090909091,0.5094339622641509,0.453781512605042,0.8907563025210085,66,595,53
ANY,5,0.7894916723044296,0.4313540410007472,0.43266050860987504,0.5536261491317664,0.9093592289613207,0.9422514205886242,0.48572525924977533,0.731492689046544,0.4166278210724486,0.8698736637512148,0.1566573558849931,0.48320660790172315,0.4074074074074074,0.515625,0.45517241379310347,0.8635578583765112,81,579,64
ANY,6,0.7453795263843198,0.43339511032369693,0.42548818088386414,0.41860465116279055,0.928617034861448,0.9267235886325982,0.422018348623853,0.6736108430121193,0.3497078272631119,0.8714285714285716,0.1461952028902523,0.4621876322830334,0.4461538461538462,0.42028985507246375,0.43283582089552236,0.8739635157545605,65,603,69
ANY,7,0.752580296720188,0.43932578063012245,0.4223739264479189,0.5341130604288498,0.9038454488800904,0.9364578981351358,0.47171667486473184,0.7189792546544702,0.3964258455083397,0.8608357628765791,0.16011129990074321,0.5027607223511069,0.38202247191011235,0.5151515151515151,0.43870967741935485,0.8603531300160514,89,623,66
ANY,8,0.7829386858728697,0.4225274027678116,0.38171140939597276,0.4582074521651559,0.9058387632553981,0.9294703723125328,0.4164759725400454,0.6820231077102771,0.3365777026762269,0.8554421768707483,0.1585084794538892,0.48280944827499334,0.3875,0.44285714285714284,0.41333333333333333,0.8552631578947368,80,608,70
ANY,9,0.8452522401140661,0.5743226767896683,0.40980870458338664,0.6805970149253726,0.9194215600350568,0.9722340642434801,0.5115794534818492,0.8000092874802149,0.47878257876141794,0.9012795594428248,0.14027914618158965,0.4431121624717937,0.3974358974358974,0.6739130434782609,0.5,0.8964941569282137,78,599,46
ANY,10,0.8121941727278941,0.5013465110683478,0.4475145604767708,0.45297504798464455,0.925081732358667,0.9265963905292782,0.4502282482796209,0.6890283901716558,0.37607869073974615,0.8693067703271784,0.13788837203414,0.440113215853495,0.4383561643835616,0.4444444444444444,0.4413793103448276,0.8652246256239601,73,601,72
ANY,11,0.8241746834534089,0.5587789876162833,0.5073951839628412,0.5134199134199137,0.9248905041468642,0.926548292537202,0.5103897700725444,0.7191552087833888,0.43612148122411126,0.8710074505992875,0.14292545699484793,0.4519847537544798,0.5061728395061729,0.5061728395061729,0.5061728395061729,0.873217115689382,81,631,81
ANY,12,0.7752822340863006,0.5364486732245921,0.5243243243243249,0.5127753303964762,0.9312947299934937,0.9282749675745783,0.5184855233853012,0.7220350301949847,0.4483143929052506,0.8774376417233559,0.1493136780829524,0.47571633512880157,0.5263157894736842,0.5194805194805194,0.5228758169934641,0.877104377104377,76,594,77
ANY,13,0.8159160749696929,0.45156780440816385,0.4347732645604983,0.5249772933696638,0.9026520829863234,0.9301788915589122,0.47563627814024545,0.7138146881779937,0.39504969677385793,0.8555069646906382,0.15519004479965987,0.4817892530177504,0.43333333333333335,0.5131578947368421,0.46987951807228917,0.855973813420622,90,611,76
ANY,14,0.7789241819632879,0.4603203283642425,0.39243280655208174,0.5430167597765365,0.9050563316809374,0.9460534001620471,0.45560466050622717,0.7240365457287369,0.3894439125960409,0.8683187560738583,0.1588862761829187,0.489704688474439,0.36585365853658536,0.5084745762711864,0.425531914893617,0.8667763157894737,82,608,59
ANY,15,0.811855930603202,0.5296877992567738,0.47114375655823665,0.47064989517819655,0.9359267734553773,0.9358078047540356,0.4708966963817509,0.7032883343167872,0.40676407178311114,0.8856009070294785,0.1359643899260887,0.4437559740042436,0.47619047619047616,0.45454545454545453,0.46511627906976744,0.8851913477537438,63,601,66
ANY,16,0.7132896912602741,0.4291546587187032,0.41954445260837553,0.49054982817869375,0.896812957157785,0.9204987263708274,0.4522772277227717,0.6936813926682396,0.3629326011039174,0.8431972789115646,0.172553538911371,0.5306096103035972,0.4090909090909091,0.4675324675324675,0.43636363636363634,0.8393782383419689,88,579,77
ANY,17,0.8260058114124291,0.5617574253044062,0.4231858579939454,0.5546594982078855,0.890483607773327,0.9324479136327447,0.4800842058611717,0.7225715529906063,0.3978792803021007,0.8479915775834144,0.16252956594255724,0.5008043235838373,0.4329896907216495,0.5454545454545454,0.4827586206896552,0.8504983388704319,97,602,77
ANY,18,0.8158598385047674,0.4905069695849345,0.4966854898109504,0.49956784788245506,0.9235659290468111,0.9243758629697354,0.4981224992305328,0.7115668884646329,0.4220962929487031,0.8679462261094916,0.1427716539792605,0.4516012012279627,0.44285714285714284,0.43661971830985913,0.4397163120567376,0.867003367003367,70,594,71
ANY,19,0.8254358792854788,0.500759385006386,0.4654562603159632,0.5067385444743936,0.9159576637194384,0.927841826580044,0.4852209180851718,0.7113481040969161,0.40773227738410767,0.8643181081956594,0.14866816420419457,0.46877487551288927,0.4691358024691358,0.4935064935064935,0.4810126582278481,0.867741935483871,81,620,77
ANY,20,0.8386323262793132,0.5909667358468418,0.4951121334100057,0.5560578661844484,0.9187006926182445,0.9352059572061452,0.5238182150027376,0.7373792794013465,0.4519924739723549,0.8732264334305151,0.14965120141093682,0.4674912726405631,0.4827586206896552,0.5526315789473685,0.5153374233128835,0.8725806451612903,87,620,76
ANY,21,0.8117598741250776,0.5625089505680588,0.45092838196286544,0.6409048067860509,0.8932852171671604,0.9478938730853391,0.5293888672635271,0.7670950119766058,0.46157000550000404,0.8629251700680272,0.16108558751737842,0.494675131566723,0.44,0.6285714285714286,0.5176470588235295,0.862876254180602,100,598,70
ANY,22,0.8477663483254031,0.5451717021077798,0.46640316205533594,0.6364617044228695,0.9144811858608892,0.9553937789543349,0.5383211678832116,0.7754714451418794,0.48206433781469027,0.8852607709750567,0.14030260486729235,0.44416230193538914,0.4418604651162791,0.6129032258064516,0.5135135135135135,0.8848,86,625,62
ANY,23,0.7992354224348033,0.44493101440608,0.36892430278884525,0.5161649944258646,0.9000378644452858,0.9426305353602114,0.43029739776951736,0.7081014294355749,0.36009722899902374,0.860997732426304,0.15824002244160237,0.4860914125987951,0.3780487804878049,0.5081967213114754,0.43356643356643354,0.8640939597315436,82,596,61
ANY,24,0.8204754331255197,0.46874202629830747,0.44658871608582146,0.6056034482758623,0.9117551227282603,0.9515973626041452,0.5140803658934991,0.7586792855020612,0.45387771554106565,0.8795432458697765,0.14931863791188227,0.4711058723014516,0.40476190476190477,0.576271186440678,0.4755244755244755,0.8724489795918368,84,588,59
ANY,25,0.7952081364514081,0.44718769203082714,0.516803387139455,0.5210084033613444,0.9326733403388453,0.9337233767671916,0.5188973762869478,0.7268408718500949,0.45210150169267427,0.8826854551344346,0.1439208135362783,0.45788860154053995,0.48717948717948717,0.5066666666666667,0.49673202614379086,0.8758064516129033,78,620,75
ANY,26,0.7879915174765555,0.4910167098927759,0.4130619168787115,0.48700000000000077,0.9115089514066494,0.9328621908127207,0.44699403396053305,0.6992544757033248,0.3712867536317361,0.8633786848072564,0.15585722358138282,0.486390078491909,0.4125,0.4852941176470588,0.44594594594594594,0.8624161073825504,80,596,68
ANY,27,0.7670979508777943,0.367832645833006,0.33970099667774084,0.4238341968911913,0.8987905792488858,0.9269957983193274,0.37713231904103256,0.6613123880700388,0.29333086060488883,0.8468253968253966,0.1596367129147411,0.48704121125275585,0.3157894736842105,0.38095238095238093,0.34532374100719426,0.8483333333333334,76,600,63
ANY,28,0.7839187646902025,0.4637259719464726,0.4000907235200728,0.4878993223620526,0.9029518061237595,0.9300290994293489,0.43965356096953107,0.6954255642429059,0.3592042668668035,0.8543407839326207,0.16822298235579453,0.511024682040058,0.3780487804878049,0.4626865671641791,0.4161073825503356,0.8530405405405406,82,592,67
ANY,29,0.8229009874613482,0.5374349010671042,0.4876811594202905,0.567453625632378,0.9073880010479431,0.931048387096774,0.5245518316445835,0.7374208133401605,0.4459038225977389,0.8616780045351473,0.15315875192029013,0.4724172436679927,0.45454545454545453,0.5194805194805194,0.48484848484848486,0.8590381426202321,88,603,77
ANY,30,0.7880167338313089,0.4827679508646099,0.3726235741444874,0.524137931034483,0.885238400292852,0.9346616163568195,0.4355810281303006,0.7046881656636674,0.3546763087078774,0.8436831875607386,0.16753777853197066,0.5093230383749017,0.375,0.5142857142857142,0.43373493975903615,0.8446280991735537,96,605,70
ANY,31,0.8047030057397278,0.3890987137358955,0.3368421052631583,0.4717444717444717,0.9055708218835868,0.9440104166666664,0.393039918116684,0.6886576468140293,0.32553026246131384,0.8655328798185941,0.15342109044268462,0.4725378960565762,0.35135135135135137,0.45614035087719296,0.3969465648854962,0.8696369636963697,74,606,57
ANY,32,0.7721141915669267,0.42651873799814216,0.34402730375426616,0.4268774703557314,0.8945038056206087,0.9233238904627005,0.38100037797656555,0.66069063798817,0.2931239804779649,0.8408487204405573,0.16672610471905633,0.5086870087987925,0.3448275862068966,0.42857142857142855,0.3821656050955414,0.8415032679738562,87,612,70
ANY,33,0.8808122409901737,0.6520500989615341,0.5021029896555645,0.6896174863387982,0.9208457576579018,0.9624501822714995,0.5811077489803975,0.8052316219983497,0.532534164484827,0.8968577907353419,0.1448658550218475,0.45321407593643764,0.48863636363636365,0.6825396825396826,0.5695364238410596,0.8905723905723906,88,594,63
ANY,34,0.8149328497962789,0.4544152877573316,0.43242263056092833,0.5703125000000003,0.9153566020047597,0.9495960200493753,0.491886688668867,0.7428345510023798,0.43073733874714837,0.8803045027534824,0.15299689311624282,0.4727219273405819,0.39473684210526316,0.5084745762711864,0.4444444444444444,0.8766447368421053,76,608,59
ANY,35,0.8679101243401145,0.5592503841471121,0.47807017543859703,0.4575026232948588,0.9394940892335069,0.9346231664137579,0.4675603217158182,0.6984983562641827,0.4047689464345427,0.8874149659863946,0.13066301334549388,0.41494887541002756,0.48333333333333334,0.4461538461538462,0.464,0.8910569105691057,60,615,65
ANY,36,0.8299719338947429,0.4849611364707042,0.3941018766756031,0.5291777188328913,0.9239488505543549,0.9545313157557681,0.4517589971694298,0.7265632846936231,0.3974606426565415,0.8902008422416586,0.1376102561153511,0.44239042258360767,0.38571428571428573,0.5192307692307693,0.4426229508196721,0.8885245901639345,70,610,52
ANY,37,0.8384489026927495,0.5143784585929756,0.4467612193056739,0.6334033613445377,0.9050947781247726,0.953281572707106,0.523957298907647,0.7692490697346552,0.46413607832939474,0.8757693553611923,0.15364538142604828,0.4757248020207824,0.4044943820224719,0.5806451612903226,0.4768211920529801,0.8696369636963697,89,606,62
ANY,38,0.7583168260875511,0.45016656558521234,0.39538653366583526,0.5141884222474463,0.9127453979450454,0.9442293373045421,0.44702897018397125,0.7134669100962457,0.38078012184380566,0.8729348882410106,0.16063005531253388,0.4889348612463893,0.3950617283950617,0.5161290322580645,0.44755244755244755,0.8707037643207856,81,611,62
ANY,39,0.7938725130709411,0.3560021435736014,0.40994475138121605,0.5453695042095419,0.8917374716626422,0.9343053007627689,0.46805826356233565,0.718553487936092,0.38790991123777485,0.8497570456754131,0.158043225262187,0.4906508099311832,0.34065934065934067,0.4696969696969697,0.39490445859872614,0.8427152317880795,91,604,66
ANY,40,0.7966167506675393,0.4502073541219593,0.42139050387596955,0.46754468485418654,0.9120241625075965,0.9259217709969334,0.4432694145378102,0.6897844236808914,0.36308252484539444,0.8584548104956269,0.14614480532210025,0.4672056287137438,0.4146341463414634,0.4473684210526316,0.43037974683544306,0.8512396694214877,82,605,76
ANY,41,0.7898136709054457,0.311121800820496,0.33990033607602244,0.4805045871559631,0.8976202458839595,0.9402948541733349,0.3981538043847143,0.6890624165199614,0.3254977104859994,0.8563816002591512,0.15897225760239128,0.48915295012905874,0.3132530120481928,0.4482758620689655,0.36879432624113473,0.8569131832797428,83,622,58
ANY,42,0.8332210327879652,0.548129945078076,0.5237066515065383,0.5148669796557125,0.9206538621813085,0.9180281424119369,0.5192491967758304,0.7177604209185103,0.43861681376353695,0.8618561710398444,0.1467757953244838,0.45276312049713585,0.4691358024691358,0.4691358024691358,0.4691358024691358,0.8559463986599665,81,597,81
ANY,43,0.7916441408695658,0.41482749872755376,0.41304869273206957,0.5484949832775916,0.911757811795676,0.9469121006703868,0.4712321269754391,0.7301263975366341,0.4070294353978247,0.8748137350178167,0.15476103608610858,0.48187677859548667,0.37037037037037035,0.5084745762711864,0.42857142857142855,0.8701298701298701,81,616,59
ANY,44,0.8206660061636626,0.4691044907018216,0.43404255319148904,0.42544316996871717,0.9323241317898486,0.9300761421319796,0.42969984202211664,0.678883650879283,0.3609290278513593,0.8772108843537416,0.14140565537513486,0.4447615710951354,0.4375,0.4117647058823529,0.42424242424242425,0.8766233766233766,64,616,68
ANY,45,0.7998704400011567,0.5256361450071183,0.4589785831960458,0.5186794092093828,0.9082391073524204,0.9263227890187136,0.4870061764363125,0.7134592582809018,0.4055764912506049,0.8574020084224169,0.15640981390967365,0.4910688946002845,0.45054945054945056,0.5125,0.47953216374269003,0.8557536466774717,91,617,80
ANY,46,0.7786223039022986,0.45430831267075655,0.38913270637408565,0.5782608695652175,0.8942857142857141,0.9479394287904925,0.46520924422236104,0.7362732919254658,0.3991018491354815,0.8613216715257531,0.16499394788138555,0.5067816832237224,0.3409090909090909,0.5172413793103449,0.410958904109589,0.8624,88,625,58
ANY,47,0.8459104280812412,0.5944424116324196,0.5302605210420849,0.6654929577464795,0.9128430133115193,0.9486089644513137,0.5902297568592467,0.7891679855289992,0.5262579680184127,0.8809847748623258,0.148823447056667,0.4669151878864907,0.5057471264367817,0.6197183098591549,0.5569620253164557,0.8833333333333333,87,600,71
ANY,48,0.8549679564917252,0.5328394835541892,0.46640755136035555,0.631578947368421,0.9318681318681318,0.9640604371424379,0.5365697860108593,0.7817235396182765,0.4924895235705351,0.905992873339812,0.12842512075505527,0.41803701409422755,0.4225352112676056,0.5769230769230769,0.4878048780487805,0.8993610223642172,71,626,52
ANY,49,0.8083777421955699,0.5417682557259704,0.45319393823134513,0.543916196615633,0.8925414208433075,0.9227891023892113,0.4944278763145507,0.7182288087294699,0.40509339924789606,0.843488824101069,0.15697032440066375,0.48455876555062727,0.4489795918367347,0.5238095238095238,0.4835164835164835,0.8420168067226891,98,595,84
ANY,50,0.8115492454199371,0.5202207098516743,0.4627118644067806,0.5771028037383185,0.8858242341522592,0.9247773599841675,0.5136152094266767,0.7314635189452885,0.42353186286490674,0.8408811143505021,0.165255479078867,0.506847089461557,0.44761904761904764,0.5662650602409639,0.5,0.8446280991735537,105,605,83
ANY,51,0.8326841274316061,0.42502982621386004,0.42654028436018904,0.47669491525423663,0.9231843575418992,0.9363811976819059,0.45022511255627756,0.6999396363980683,0.380952462022612,0.8753968253968253,0.1463585869215512,0.4619045485235756,0.3870967741935484,0.4067796610169492,0.39669421487603307,0.8781302170283807,62,599,59
ANY,52,0.8039186138140906,0.4072486585264007,0.41242420775654953,0.5249745158002042,0.9064020556557869,0.9384516688994131,0.4619425935417735,0.7156882857279954,0.38904965323010504,0.8639779721412375,0.15052448221824657,0.4663479680897943,0.4,0.48484848484848486,0.4383561643835616,0.8660130718954249,80,612,66
ANY,53,0.867840867057613,0.5090435198713337,0.43614208529716114,0.639150943396227,0.9121030750483834,0.9596161460002638,0.5184830884865055,0.775627009222305,0.4670795599630081,0.8858600583090379,0.14530760053345262,0.45388197004619757,0.44047619047619047,0.6379310344827587,0.5211267605633803,0.8857142857142857,84,595,58
ANY,54,0.8069094474139475,0.5882200652766656,0.6197874080130826,0.6202945990180032,0.938799684127402,0.9389232591812559,0.620040899795501,0.7795471415727027,0.5589024422568843,0.894671201814059,0.14491177661725613,0.46440818735928857,0.5921052631578947,0.5769230769230769,0.5844155844155844,0.8913412563667232,76,589,78
ANY,55,0.7502380030140549,0.4032493276705501,0.32847230389274373,0.522251308900523,0.8987445027663494,0.9520070627571048,0.4032921810699587,0.7104979058334364,0.3436286347476928,0.8661321671525755,0.15725991320028918,0.49366270489022246,0.32926829268292684,0.5094339622641509,0.4,0.8652246256239601,82,601,53
ANY,56,0.8216125734429373,0.5390080127431807,0.40712435233160565,0.47918890074706466,0.9170547833493409,0.9367641614216955,0.44022690664612313,0.6981218420482029,0.36913906811396363,0.8705377389050858,0.14742749790888526,0.4580224383872916,0.3902439024390244,0.47761194029850745,0.42953020134228187,0.862012987012987,82,616,67
ANY,57,0.7427008284164949,0.3357514544893366,0.38722632465345236,0.4415718717683557,0.9139546306234198,0.9300272116399179,0.41261733848702364,0.6777632511958878,0.3358452621815654,0.8621639131843212,0.15846738537231797,0.4925852750328719,0.34328358208955223,0.3898305084745763,0.36507936507936506,0.863013698630137,67,584,59
ANY,58,0.7822749106855446,0.4107671981986582,0.3906398104265409,0.43171402383134794,0.9049405763081528,0.918574108818011,0.4101511476021652,0.6683273000697502,0.3226426635472165,0.8464042759961128,0.1601938583567912,0.49460217386655214,0.3717948717948718,0.4027777777777778,0.38666666666666666,0.8456375838926175,78,596,72
ANY,59,0.772385989307315,0.4731878800023761,0.40077195239626834,0.5194552529182878,0.8975322675271338,0.9340240016789726,0.4524602069842034,0.7084937602227108,0.3736385081131142,0.8534661483641075,0.16517652699470986,0.511499438633953,0.3956043956043956,0.5217391304347826,0.45,0.8557377049180328,91,610,69
ANY,60,0.818217368692451,0.5292135230212618,0.4323926102232798,0.59432933478735,0.9094737983767464,0.9507908611599296,0.5005904736911164,0.7519015665820482,0.43937345557003776,0.8767087787495953,0.14109459484087739,0.4483419146946517,0.3780487804878049,0.5344827586206896,0.44285714285714284,0.8737864077669902,82,618,58
ANY,61,0.683470867934691,0.3210617261679464,0.26581068160087434,0.38082191780821945,0.9050856436517745,0.9418585420533269,0.31308824712412536,0.6429537807299969,0.24366821976873118,0.86169420149012,0.160969351678706,0.5058795343506217,0.2597402597402597,0.4,0.31496062992125984,0.8616852146263911,77,629,50
ANY,62,0.8273211337574347,0.5593507467150294,0.4544495588799387,0.6050044682752458,0.8944663958298551,0.9397022139070782,0.5190296259788622,0.7497354320525504,0.4436973366411929,0.8577421444768384,0.15533801179880666,0.4783864339377816,0.41935483870967744,0.5571428571428572,0.4785276073619632,0.8556876061120543,93,589,70
ANY,63,0.7581180275531912,0.444611961604497,0.43070821529744996,0.4660944206008577,0.9062424185872912,0.9177170934517622,0.44770318021201355,0.6861684195940747,0.36018270107382494,0.8481049562682215,0.15674383431992214,0.488061085784578,0.3855421686746988,0.43243243243243246,0.40764331210191085,0.8467874794069192,83,607,74
ANY,64,0.841668380978504,0.6009771943637455,0.561088977423639,0.6770833333333336,0.9127047015319598,0.944900191413727,0.6136528685548295,0.7948940174326464,0.5462841362804823,0.8793650793650795,0.15215803685009177,0.4745338953387249,0.5604395604395604,0.6375,0.5964912280701754,0.8844221105527639,91,597,80
ANY,65,0.7755085351581034,0.3675999897707784,0.3092555776452392,0.47058823529411764,0.887901057537193,0.9402118209771095,0.373233804318848,0.6792446464156553,0.2990508172812647,0.8476838354389377,0.16554673868795386,0.5008710443063971,0.3,0.4576271186440678,0.3624161073825503,0.8440065681444991,90,609,59
ANY,66,0.7710690104594733,0.49007036619380523,0.3824027072758036,0.4865446716899893,0.9074895450513244,0.9375490966221524,0.4282330648981525,0.6970171083706569,0.35506613249351315,0.8631519274376418,0.15528077855273253,0.4781325648825697,0.4155844155844156,0.47761194029850745,0.4444444444444444,0.8641765704584041,77,589,67
ANY,67,0.8539945359691972,0.6268483988999402,0.5670263944870626,0.5178719866999166,0.9375457154110165,0.924882976558308,0.5413356504468717,0.7277088510554667,0.47331198527854385,0.8803045027534823,0.1335018964497133,0.42615828782073845,0.56,0.5121951219512195,0.535031847133758,0.8801313628899836,75,609,82
ANY,68,0.774656656229391,0.43739896083825897,0.3528845124692278,0.4916492693110648,0.8901406403314316,0.9349390232265208,0.41086672066795404,0.6908949548212482,0.331493773223969,0.8468577907353417,0.15876443376717647,0.4843750748691476,0.34523809523809523,0.46774193548387094,0.3972602739726027,0.8552631578947368,84,608,62
ANY,69,0.8351074349233901,0.535758125931024,0.4216502649507947,0.5631951466127404,0.9024390243902437,0.9423923189758633,0.4822510822510822,0.7328170855014919,0.4117167312321342,0.8643990929705214,0.14718041651727184,0.4567755460081318,0.43333333333333335,0.5652173913043478,0.49056603773584906,0.8676470588235294,90,612,69
ANY,70,0.8031992619265718,0.5084783541780337,0.48187562354506147,0.5321336760925449,0.912751302010416,0.9275024184828998,0.5057591623036649,0.7224424890514805,0.42676239438760577,0.8623906705539358,0.15346608578539908,0.4820324503233464,0.46987951807228917,0.5064935064935064,0.4875,0.8610169491525423,83,590,77
ANY,71,0.7658507093783311,0.42114893535172765,0.4159544159544155,0.5057736720554266,0.922680412371134,0.9448950688811638,0.4564877540385612,0.7142270422132806,0.3932015203951077,0.8817460317460317,0.14675537090842133,0.4678878272665263,0.4189189189189189,0.5081967213114754,0.45925925925925926,0.8779264214046822,74,598,61
ANY,72,0.7588601001281561,0.4525334502739198,0.35885537509667376,0.49414270500532465,0.8948103032610075,0.9368938488109473,0.41577060931899595,0.6944765041331662,0.33916448860590154,0.8521541950113378,0.15798966164831862,0.4928481877639993,0.36363636363636365,0.49230769230769234,0.41830065359477125,0.8533772652388797,88,607,65
ANY,73,0.8435361504041499,0.588847894736325,0.5122601956549363,0.5165919282511217,0.9288217298600163,0.9299597170914621,0.5144169430977296,0.7227068290555687,0.4438139126097339,0.8767087787495952,0.13879019257163594,0.439482105993871,0.5131578947368421,0.5131578947368421,0.5131578947368421,0.8776859504132232,76,605,76
ANY,74,0.8419682451096538,0.5837601063171369,0.4586112200863082,0.5433839479392621,0.9251166660637412,0.9455197530179504,0.4974115310970852,0.7342503070015018,0.4351271182504909,0.8852121801101392,0.14010541533878748,0.4434577189090772,0.4605263157894737,0.5303030303030303,0.49295774647887325,0.8840579710144928,76,621,66
ANY,75,0.802091488524282,0.4660534525304516,0.4196185286103544,0.5162011173184357,0.9193690851735012,0.9439046508615103,0.4629258517034069,0.7177851012459685,0.3979194201004428,0.8784580498866214,0.1465651012125682,0.46236374095260974,0.38571428571428573,0.47368421052631576,0.4251968503937008,0.87893864013267,70,603,57
ANY,76,0.7429677114877885,0.45062999394995834,0.35135135135135137,0.44255319148936173,0.9290203327171903,0.9504538577912253,0.39171374764595107,0.6857867621032759,0.3348773285622703,0.8901360544217687,0.14031167835512515,0.4453212894098889,0.3620689655172414,0.42857142857142855,0.3925233644859813,0.8898305084745762,58,590,49
ANY,77,0.8339156182560887,0.4977782152102097,0.45885314073101374,0.5338680926916222,0.9082321938908061,0.9304018858598531,0.49352636534839944,0.7210501432912142,0.4148370268062776,0.8606090055069647,0.15075669295270064,0.468154784336762,0.45977011494252873,0.5128205128205128,0.48484848484848486,0.8580968280467446,87,599,78
ANY,78,0.8334796855788178,0.5596909531764782,0.47978910369068545,0.5175355450236968,0.9237604636188023,0.9337412132257225,0.4979480164158688,0.7206480043212494,0.42718763829010675,0.8751700680272109,0.14359026695215396,0.44612491553664946,0.4666666666666667,0.49295774647887325,0.4794520547945205,0.8760195758564437,75,613,71
ANY,79,0.7860261172514936,0.4856590933827937,0.42256557671577427,0.5085771947527747,0.9120303633012787,0.9361502875016386,0.46159884861965184,0.7103037790270268,0.3884309509858031,0.8666990605766117,0.14861520908217615,0.47089389970766654,0.4,0.47761194029850745,0.43537414965986393,0.8621262458471761,80,602,67
ANY,80,0.8101001628708933,0.4506860643991307,0.3478025546655123,0.47663551401869164,0.8904525536827943,0.9328025599024798,0.4021528255835786,0.6835440338507429,0.3209467078720681,0.8452704891480401,0.15350804312599353,0.4691933498129415,0.3372093023255814,0.453125,0.38666666666666666,0.8445945945945946,86,592,64
ANY,81,0.8256242025866158,0.5212926085697835,0.4306306306306303,0.4852791878172588,0.9193363114231015,0.9342412451361868,0.45632458233890194,0.7023077496201802,0.38423016041450736,0.8708616780045351,0.13626869803172914,0.4318797146326788,0.44594594594594594,0.4852941176470588,0.4647887323943662,0.8747940691927513,74,607,68
ANY,82,0.8446123776143559,0.5592223948803877,0.5085294117647059,0.5684695051783658,0.9399536446448781,0.9522206042955947,0.5368314833501513,0.754211574911622,0.4839999736017427,0.9033527696793002,0.13115063677038918,0.42486000781897987,0.5074626865671642,0.53125,0.5190839694656488,0.8960396039603961,67,606,64
ANY,83,0.8028489221510322,0.4966553417211863,0.4686594479182552,0.4530443756449948,0.9366049820768962,0.9327691499193589,0.46071964017990996,0.6948246788609456,0.3954951267950406,0.8834791059280855,0.13405073447447552,0.42728861711316785,0.4426229508196721,0.421875,0.432,0.8860353130016051,61,623,64
ANY,84,0.8004266602223062,0.5136533676359497,0.4317882381123487,0.6065959952885749,0.9149775077513126,0.9562098481017399,0.5044780296669464,0.7607867515199436,0.4498549999716069,0.8852931648850018,0.14354398176918223,0.45264196938032175,0.4025974025974026,0.5849056603773585,0.47692307692307695,0.8885245901639345,77,610,53
ANY,85,0.8330670210699288,0.4958397373321488,0.436227669297882,0.5434782608695657,0.8995038139672661,0.9322996622658886,0.4839824844434209,0.7214910374184156,0.40404331694782286,0.8549400712666019,0.14999377824033258,0.46867616774251936,0.3953488372093023,0.4927536231884058,0.43870967741935485,0.8559602649006622,86,604,69
ANY,86,0.812008167979919,0.5296293105117922,0.45353069643290406,0.5052034058656569,0.9171159897683147,0.9315675352349618,0.4779745540566454,0.7111596978169861,0.4032796206823307,0.8677518626498218,0.14813798027188954,0.45936751428452577,0.43209876543209874,0.5,0.46357615894039733,0.8685064935064936,81,616,70
ANY,87,0.7580809161869992,0.3996406670942146,0.3779222140685612,0.4835680751173711,0.8906880353688861,0.9262466236278996,0.42426738849005574,0.6871280552431285,0.33739746016738614,0.8415289925494007,0.16402099238474052,0.506115885152498,0.35555555555555557,0.47058823529411764,0.4050632911392405,0.8443708609271523,90,604,68
ANY,88,0.8037232781401843,0.4735461958722722,0.4398189045936398,0.5800203873598365,0.9075501612815043,0.9452585225115783,0.5002826100609181,0.7437852743206708,0.43330406460485366,0.8711208292840945,0.1569447219716286,0.48894991996788045,0.4318181818181818,0.5588235294117647,0.48717948717948717,0.8666666666666667,88,600,68
ANY,89,0.828787866011658,0.4963584242466272,0.4178981937602624,0.49131274131274116,0.9089157245632065,0.9306761378584583,0.45164152617568737,0.7001142329379739,0.3735095313208143,0.8598639455782312,0.15401205539094273,0.47894768902193713,0.42168674698795183,0.47297297297297297,0.445859872611465,0.8587662337662337,83,616,74
ANY,90,0.8581089991045774,0.5329495103941971,0.4388743455497387,0.5217864923747285,0.9224970170300464,0.9431977818853973,0.4767524527228785,0.7221417547023871,0.4120052737801189,0.8807904114026562,0.14301654912091388,0.4482007020433396,0.4027777777777778,0.4915254237288136,0.44274809160305345,0.8813008130081301,72,615,59
ANY,91,0.7526577274795658,0.39213547339641985,0.4295376291195283,0.495531281032771,0.9151780000365691,0.9336666169228474,0.46018048876885626,0.7053546405346699,0.38622707669633305,0.8672659540006478,0.15573959866855142,0.4829191251585797,0.3888888888888889,0.4375,0.4117647058823529,0.8659966499162479,72,597,64
ANY,92,0.7691111399898924,0.4375934530112312,0.37162028813893827,0.4782222222222221,0.8817785203750115,0.9203774754873464,0.4182353267810539,0.6800003712986168,0.3242212388820233,0.8303045027534823,0.16760934015735218,0.5080729698231894,0.3695652173913043,0.4533333333333333,0.40718562874251496,0.8344481605351171,92,598,75
ANY,93,0.7949892405623166,0.43734484202179036,0.3666087962962962,0.45363408521303245,0.9220358300388216,0.9443350113080906,0.4055048807809249,0.6878349576259271,0.34177804764324643,0.8796566245545837,0.14203843418562595,0.4521586382884308,0.34782608695652173,0.4444444444444444,0.3902439024390244,0.8754152823920266,69,602,54
ANY,94,0.8010190044431302,0.4959765323524719,0.44480906921241053,0.42771084337349413,0.9320406076541043,0.9275019986917652,0.4360924246855806,0.6798757255137992,0.3659773857933873,0.8750890832523485,0.13821829457490376,0.44014301560038477,0.4393939393939394,0.4142857142857143,0.4264705882352941,0.8719211822660099,66,609,70
ANY,95,0.8247965742303409,0.5338853099661615,0.48144195422744046,0.5534351145038171,0.9196198808911105,0.9385446564241091,0.5149343648931453,0.7365274976974636,0.44573171770438247,0.876109491415614,0.1451447604566226,0.4564881897707291,0.4878048780487805,0.5405405405405406,0.5128205128205128,0.8745874587458746,82,606,74
ANY,96,0.8512150361981752,0.5821633798970544,0.48336871903750844,0.5768581081081081,0.904400209533787,0.9323612798703927,0.5259915286869462,0.7406291588209477,0.447295785658309,0.8604308390022676,0.14676987967540225,0.454802453487273,0.4782608695652174,0.55,0.5116279069767442,0.8636363636363636,92,616,80
ANY,97,0.7493118299276089,0.5072953392947332,0.47373188405797056,0.5102439024390241,0.925465041693393,0.934940383618455,0.4913104744011269,0.7178544720662088,0.4219741250900295,0.8772108843537414,0.15615999952270873,0.49547827995526855,0.48,0.5,0.4897959183673469,0.8782467532467533,75,616,72
ANY,98,0.8316508515736463,0.49932015458209966,0.39773645917542394,0.5927710843373489,0.9067584480600751,0.9554266121587763,0.4760522496371548,0.7497647661987124,0.4200183137478798,0.8772108843537414,0.14644237653982461,0.4589273014869776,0.4,0.5964912280701754,0.4788732394366197,0.880064829821718,85,617,57
ANY,99,0.8132019788778824,0.5164126156447093,0.4819433619121852,0.5424769703172979,0.9273601573741824,0.94210058843122,0.5104216826030132,0.7349185638457401,0.44635366207111327,0.8847262714609655,0.1459143639122306,0.46147062497682195,0.4794520547945205,0.5223880597014925,0.5,0.8842975206611571,73,605,67
ANY,100,0.8231159480662913,0.5332030950398795,0.4810810810810819,0.5643115942028992,0.9129082426127523,0.9360797342192688,0.5193830762817848,0.7386099184078254,0.4461809231730071,0.8692743764172335,0.15958794103408921,0.4871866618448075,0.5,0.527027027027027,0.5131578947368421,0.8778877887788779,78,606,74
ANY,101,0.8105482852654501,0.42090420903814585,0.3358644217013314,0.5389369592088996,0.8923801201918788,0.9504111826486619,0.4138305084745761,0.7156585397003894,0.3513908899956457,0.8599611273080661,0.162200911907354,0.4939767086048084,0.3488372093023256,0.5263157894736842,0.4195804195804196,0.8663446054750402,86,621,57
ANY,102,0.8437285862744981,0.5709314232468315,0.5131578947368423,0.5864661654135338,0.9236719958741618,0.9421357180431352,0.5473684210526317,0.7550690806438479,0.48193635105645366,0.8829931972789115,0.13471614312559252,0.4340893926563881,0.5,0.5633802816901409,0.5298013245033113,0.8812709030100334,80,598,71
ANY,103,0.8034603502321176,0.4530567193215509,0.4668351992295651,0.5740932642487047,0.9194507592979906,0.9461568693504014,0.514938255211791,0.7467720117733476,0.4514751014395261,0.8816650469711694,0.15511580650575513,0.4794374322396118,0.475,0.5588235294117647,0.5135135135135135,0.8821603927986906,80,611,68
ANY,104,0.8330879238364688,0.5894560908288813,0.5839253095189766,0.5760336370007003,0.9207744777878689,0.9183787534209614,0.5799526281308266,0.7484040573942847,0.4995485307353331,0.8649983803045029,0.14369995286969567,0.45127434850904535,0.5365853658536586,0.5116279069767442,0.5238095238095238,0.8611111111111112,82,576,86
ANY,105,0.7979754248778806,0.5134204990845633,0.4518638246287513,0.6156069364161854,0.9003928479641657,0.9461237244651913,0.5211768132828437,0.7579998921901754,0.4531682794708145,0.8668772270813087,0.1643683716549441,0.4987097002639044,0.4270833333333333,0.5942028985507246,0.49696969696969695,0.863036303630363,96,606,69
ANY,106,0.8167332099303131,0.3648185433816713,0.37215401120514946,0.5439024390243897,0.9059464285714284,0.9509287548499559,0.4419279496071906,0.7249244337979093,0.38123275888833935,0.8722870100421121,0.15714813991175905,0.48232432928759933,0.32,0.48,0.384,0.8712374581939799,75,598,50
ANY,107,0.8640874868140047,0.5994161806052342,0.5491935483870966,0.6179673321234118,0.9275719098211971,0.9444591029023747,0.5815542271562765,0.7727696209723045,0.5189478713400845,0.8888888888888888,0.13967638651075232,0.44178360010504,0.5263157894736842,0.5714285714285714,0.547945205479452,0.8871794871794871,76,585,70
ANY,108,0.7888757470935802,0.437848517691101,0.43681404829100073,0.5150992234685077,0.899528222723628,0.9245970137810745,0.47273755656108635,0.7073137230960675,0.3871058585096999,0.8490119857466796,0.16447045746643946,0.49751983482489875,0.3902439024390244,0.4507042253521127,0.41830065359477125,0.8509212730318257,82,597,71
ANY,109,0.7665277774016092,0.39755430562419436,0.3469364556098666,0.4368737474949897,0.8950761588194465,0.9256936705513474,0.3867452322118731,0.6659749531572181,0.3008314226235479,0.8432296728215097,0.16569512769331188,0.5053746588846849,0.3333333333333333,0.40298507462686567,0.36486486486486486,0.8481421647819063,81,619,67
ANY,110,0.7634429087840144,0.4083702964363585,0.4158415841584156,0.5390898483080516,0.9184980534974255,0.9487611882215592,0.46951219512195114,0.7287939509027385,0.40845785291240644,0.8816326530612244,0.1538319433914522,0.47234740592690355,0.36764705882352944,0.4716981132075472,0.4132231404958678,0.8832236842105263,68,608,53
ANY,111,0.8407568644188363,0.5724269418880131,0.4840386043058656,0.6122065727699534,0.9103803997421015,0.9447343770908602,0.5406301824212277,0.7612934862560272,0.4733615681939998,0.8743764172335601,0.1497098650388379,0.46390484371625756,0.4823529411764706,0.5774647887323944,0.5256410256410257,0.8778877887788779,85,606,71
ANY,112,0.7797901878130133,0.3405112050211026,0.2950346420323326,0.3663739021329988,0.9130357365431527,0.9355068233233599,0.3268569601023427,0.6397048193380758,0.2538021030939348,0.8636378360868157,0.1515914754266783,0.4685101572234034,0.3088235294117647,0.3442622950819672,0.32558139534883723,0.861244019138756,68,627,61
ANY,113,0.7896462192021265,0.43365324646046477,0.39067114777472267,0.4366533864541833,0.8870172788216406,0.9046821132104541,0.41238443345517106,0.6618353326379119,0.3091879468453711,0.8229348882410107,0.1652390505949157,0.5041933826618186,0.37362637362637363,0.40476190476190477,0.38857142857142857,0.8213689482470785,91,599,84
ANY,114,0.753933405956112,0.3892011069613454,0.38305847076461774,0.446028513238289,0.9099989064265661,0.9291350305195769,0.4121521709907245,0.6780137098324276,0.33339083175508655,0.8583414318108195,0.1553720976798238,0.48502214477627026,0.38095238095238093,0.4507042253521127,0.4129032258064516,0.8571428571428571,84,637,71
ANY,115,0.7961764853553551,0.490658406752136,0.4413253566497925,0.4547717842323648,0.9089016039771125,0.9133049313828983,0.4479476849419042,0.6818366941047388,0.359123374915296,0.8468577907353417,0.16093590861301899,0.4886482709990108,0.4418604651162791,0.4578313253012048,0.44970414201183434,0.849025974025974,86,616,83
ANY,116,0.8358421879612916,0.45456352375606646,0.3436549938070033,0.5172004744958483,0.8956105947456079,0.9461018937172477,0.4129346502503041,0.706405534620728,0.34585379939934435,0.8594428247489472,0.16095525049476853,0.48957185976632855,0.35294117647058826,0.5084745762711864,0.4166666666666667,0.8618421052631579,85,608,59
ANY,117,0.8270858643138711,0.5839919316189921,0.5588437715072262,0.557309540150995,0.9129430938476165,0.91244740057011,0.5580756013745702,0.7351263169993059,0.4707716166568036,0.8541950113378685,0.15215202003273418,0.4752094392898259,0.5222222222222223,0.5053763440860215,0.5136612021857924,0.8491525423728814,90,590,93
ANY,118,0.829653944304809,0.5793029590295214,0.4804814573845149,0.6261127596439165,0.9123538773942153,0.949617274077459,0.543714338302963,0.7692333185190661,0.4812419532051377,0.8795432458697766,0.1540721846190735,0.4792068982989221,0.4772727272727273,0.6086956521739131,0.535031847133758,0.8818770226537217,88,618,69
ANY,119,0.7858045056222966,0.5057860930357531,0.4974212034383951,0.5303678357570571,0.9181246148962783,0.9275110817693103,0.513366453749704,0.7242462253266677,0.4365534583009584,0.8667314544865564,0.15623568254233186,0.48693363413251367,0.4625,0.49333333333333335,0.4774193548387097,0.8691437802907916,80,619,75
ANY,120,0.8317801358152295,0.548668928273512,0.4999511480214946,0.6621376811594202,0.9052432792712731,0.9493058926317834,0.569726660357401,0.7836904802153468,0.5048761147114295,0.8748137350178166,0.1518948482094835,0.47350816210154195,0.45054945054945056,0.6029411764705882,0.5157232704402516,0.8681506849315068,91,584,68
ANY,121,0.8445064017258688,0.6084932836119684,0.568644818423384,0.551072961373391,0.9363814500326582,0.9319984397347548,0.559721011333915,0.7437272057030244,0.49400482257755546,0.8854875283446713,0.13315985649554152,0.4338133866937513,0.5733333333333334,0.5512820512820513,0.5620915032679739,0.8866328257191202,75,591,78
ANY,122,0.7954172600315486,0.4666793573660728,0.4221334324474999,0.5799821268990167,0.8846346485614113,0.9354623563105653,0.4886259747243878,0.7323083877302141,0.40760888396967027,0.8459831551668284,0.1612801846956212,0.499600923291649,0.3838383838383838,0.5428571428571428,0.44970414201183434,0.8480392156862745,99,612,70
ANY,123,0.8277284022792131,0.5275669199840648,0.4773142112125167,0.4952651515151518,0.9262346360491643,0.9309968559275011,0.48612402071438093,0.7107498937821579,0.4148530198271146,0.8746355685131193,0.14349414675740743,0.45191778794219134,0.4794520547945205,0.47297297297297297,0.47619047619047616,0.8777777777777778,73,630,74
ANY,124,0.7909148801772674,0.4916769998021001,0.38326285332739785,0.4959677419354837,0.8988612307467696,0.93365432005156,0.4323917137476457,0.6974144863411268,0.35373447950486425,0.8535471331389698,0.16063429819650876,0.48940360985848397,0.36046511627906974,0.484375,0.41333333333333333,0.8555008210180624,86,609,64
ANY,125,0.8255569922607288,0.5571289453422247,0.5257234726688096,0.5818505338078285,0.9233367983367983,0.9379619852164731,0.5523648648648641,0.7525936660723138,0.48399175553239115,0.8798185941043084,0.14400858247197573,0.45770356609496626,0.5064935064935064,0.5342465753424658,0.52,0.8813838550247117,77,607,73
ANY,126,0.7998701731670343,0.48658601174872584,0.4645371577574972,0.49226305609284376,0.9246449671571682,0.9320325503976323,0.4779983901261073,0.7084540116250058,0.40661172278697144,0.873955296404276,0.14459098593377567,0.45407212029799215,0.4444444444444444,0.45714285714285713,0.4507042253521127,0.8710743801652893,72,605,70
ANY,127,0.816601544013716,0.4875978539633367,0.4719925468731807,0.512843224092117,0.9157828259375519,0.9275675879066089,0.4915706488781082,0.7143130250148344,0.4138379904261849,0.8642047295108519,0.15293813617776741,0.4756786729540133,0.45,0.48,0.4645161290322581,0.8616666666666667,80,600,75
ANY,128,0.7488221314983902,0.368735026110773,0.31159600997506215,0.45075757575757597,0.9017545732792371,0.9433172002978407,0.3684753759952816,0.6762560745184064,0.2997665818118729,0.8612568837058633,0.15228550152398232,0.47133667971510823,0.31645569620253167,0.44642857142857145,0.37037037037037035,0.8608837970540099,79,611,56
ANY,129,0.8208802238230025,0.646990474993267,0.5823117338003497,0.5722891566265058,0.9377121963959258,0.9352696014587132,0.577256944444444,0.7550006765112159,0.5137773654816638,0.8895691609977324,0.1408229287413886,0.44849968057711853,0.5844155844155844,0.5625,0.5732484076433121,0.8854700854700854,77,585,80
ANY,130,0.8808029735451137,0.6508176665334094,0.5438596491228065,0.6385169927909368,0.9337495222321313,0.9542968749999999,0.5873993368071999,0.7861332575115343,0.5339272403574893,0.90124716553288,0.13077473509930873,0.4165285651004888,0.5512820512820513,0.6231884057971014,0.5850340136054422,0.9011345218800648,78,617,69
ANY,131,0.7633033451243627,0.3913216136247154,0.4138204924543291,0.4672645739910315,0.9042180402336144,0.9214389631001189,0.4389216512215672,0.685741307112323,0.3529065867802662,0.8489795918367348,0.15991557059153033,0.49582228307696574,0.3466666666666667,0.37681159420289856,0.3611111111111111,0.8471760797342193,75,602,69
ANY,132,0.8421516175852788,0.6033057281207276,0.5342465753424651,0.6246246246246244,0.9304436772791204,0.950993204391009,0.5759113982464231,0.7775341509518725,0.5189809443060572,0.8958049886621315,0.14070274008040265,0.4468600896969888,0.5185185185185185,0.6176470588235294,0.5637583892617449,0.8930921052631579,81,608,68
ANY,133,0.7664667105495534,0.44729196007154254,0.3813813813813816,0.5105527638190955,0.8946964856230033,0.9349626068376069,0.4366136656639452,0.7026246247210494,0.35804771161294296,0.8513605442176871,0.16224111351182566,0.5010185791827608,0.3902439024390244,0.47761194029850745,0.42953020134228187,0.856418918918919,82,592,67
ANY,134,0.8083710013445186,0.4989812372811111,0.4009661835748793,0.5671981776765379,0.9063208259884161,0.949854842966482,0.4698113207547171,0.7367595018324768,0.40757873221327634,0.8725623582766441,0.15359175578000775,0.47499263774191103,0.4125,0.55,0.4714285714285714,0.8741496598639455,80,588,60
ANY,135,0.8380374986001803,0.5880995661683878,0.5755683826127933,0.5940425531914896,0.9326730823133699,0.937296952169912,0.5846595668302025,0.7633578177524296,0.5197443513290791,0.8875607385811467,0.1538377332847835,0.4720864812431855,0.5324675324675324,0.5466666666666666,0.5394736842105263,0.8833333333333333,77,600,75
ANY,136,0.8125976069535588,0.42099856991161017,0.3566367993331944,0.5457589285714285,0.8886745510925212,0.9453607456560927,0.4313799621928166,0.717216739831975,0.36221242982491153,0.853838678328474,0.15625766808229852,0.4847915218460769,0.33707865168539325,0.5084745762711864,0.40540540540540543,0.8587479935794543,89,623,59
ANY,137,0.8011456335415251,0.5288443965865203,0.4339622641509434,0.5875118259224221,0.8956588947571812,0.9409933685207741,0.49919614147909974,0.7415853603398015,0.4256378545910478,0.8587301587301586,0.16558537484772023,0.5051845487434293,0.43010752688172044,0.5555555555555556,0.48484848484848486,0.8633440514469454,93,622,72
ANY,138,0.7899964016249156,0.5172591718308156,0.5276717557251905,0.5332690453230472,0.9363998458178079,0.9377251672671127,0.5304556354916066,0.7348344455704277,0.4675280277824642,0.889002267573696,0.14154846083698797,0.44750395297903584,0.5,0.5,0.5,0.8898163606010017,66,599,66
ANY,139,0.8392230977435226,0.5452290346019435,0.4404513675947503,0.5411392405063283,0.9172110917537744,0.9431765166924811,0.48563121238758494,0.7291751661300517,0.41932799599751613,0.8767897635244576,0.13890089575001757,0.4395894358934741,0.45454545454545453,0.5303030303030303,0.48951048951048953,0.8785357737104825,77,601,66
ANY,140,0.8353846971442063,0.5509270106285111,0.47855811062771964,0.5989110707803997,0.9068226409506532,0.9405982413700418,0.5320128972823589,0.7528668558655262,0.46041448466732054,0.8683511499838031,0.1554744629856351,0.47726908167344756,0.4375,0.56,0.49122807017543857,0.8625592417061612,96,633,75
ANY,141,0.8094790925148987,0.4969550698159163,0.474323062558357,0.5576289791437984,0.9288152737387785,0.9479932894567041,0.5126135216952576,0.7432221264412882,0.45324757289594114,0.8904761904761905,0.1401024228957379,0.4456007671973689,0.4583333333333333,0.532258064516129,0.4925373134328358,0.8860971524288107,72,597,62
ANY,142,0.8339209755272471,0.565344392483481,0.4927866362946094,0.5585197934595527,0.9127709584747973,0.9316273490603757,0.5235982250907627,0.7356453759671749,0.4472386234320606,0.8660997732426303,0.15343870506546525,0.48070522301993857,0.4888888888888889,0.55,0.5176470588235295,0.862876254180602,90,598,80
ANY,143,0.8051273784774984,0.42822610593327537,0.4559903672486449,0.600443951165372,0.9184962026229863,0.9528398989426405,0.5183410895154665,0.759470076894179,0.4606066013537376,0.8860058309037901,0.15028302341501468,0.4725166330738386,0.3924050632911392,0.543859649122807,0.45588235294117646,0.8782894736842105,79,608,57
ANY,144,0.851037773253202,0.5589215706332208,0.43918053777208604,0.6214634146341461,0.8956473930175021,0.94735107682168,0.5146583564173584,0.7585554038258242,0.44707904827387973,0.8637836086815679,0.1557743146920551,0.4808210643774568,0.41237113402061853,0.5970149253731343,0.4878048780487805,0.8616144975288303,97,607,67
ANY,145,0.7685198262218748,0.4988401057707595,0.4215314632297195,0.5124423963133641,0.9013574660633483,0.9294760698573523,0.4625623960066556,0.7068999311883561,0.38111267216483335,0.8535147392290249,0.15990459377754065,0.4920932528490583,0.4418604651162791,0.5135135135135135,0.475,0.8576271186440678,86,590,74
ANY,146,0.8214275292655246,0.5469277800764039,0.4707190511489993,0.6159068865179438,0.9083322634484531,0.9469950475170661,0.5336134453781514,0.7621195749831984,0.46795521582057087,0.8741496598639454,0.14861715174209972,0.465326435041441,0.44047619047619047,0.578125,0.5,0.8743633276740238,84,589,64
ANY,147,0.815919428031139,0.5206010210723763,0.557072320650596,0.4422921711057309,0.942525486648953,0.9118204688810295,0.49309081560511653,0.6924088288773417,0.4247802078788744,0.8722546161321671,0.1427076641892222,0.4470365044022567,0.5441176470588235,0.43023255813953487,0.4805194805194805,0.873015873015873,68,630,86
ANY,148,0.7922754811119035,0.3970569719693758,0.3672039243167486,0.5177865612648224,0.8843493852459018,0.9339916136886245,0.42968429684296866,0.701067973255362,0.3480252185698577,0.8422902494331066,0.17168463805873413,0.5275981810202186,0.3595505617977528,0.48484848484848486,0.4129032258064516,0.8462837837837838,89,592,66
ANY,149,0.7946660829675919,0.5218041954411349,0.5846755637367701,0.504517025712301,0.930129483035593,0.905915397375961,0.5416466826538776,0.7173232543739465,0.46177229071363934,0.8606899902818271,0.15355597724970782,0.4762521063068201,0.4788732394366197,0.40476190476190477,0.43870967741935485,0.8552412645590682,71,601,84
ANY,150,0.7870529995623978,0.45743869158843364,0.33016800584368117,0.5380952380952382,0.8850877192982454,0.947926452825124,0.4092349479402442,0.7115914786967417,0.34305223429414416,0.8520408163265305,0.16235453484214582,0.49922752111501134,0.32978723404255317,0.5344827586206896,0.40789473684210525,0.8524590163934426,94,610,58
ANY,151,0.810872849276774,0.5500331254988916,0.41942805265546934,0.5426515930113051,0.9068615849551237,0.9411464631197096,0.47314856301606567,0.7247565889832145,0.4025953259537513,0.866682863621639,0.149824707400328,0.4612527460350067,0.4157303370786517,0.5362318840579711,0.46835443037974683,0.8636363636363636,89,616,69
ANY,152,0.8163776010690569,0.5068525044608805,0.45908673000306444,0.5799457994579947,0.9019280991276318,0.9373448056822773,0.5124871707150187,0.7409369492928133,0.4370697994862866,0.8615160349854228,0.1561117885363828,0.48543219268488047,0.44086021505376344,0.5540540540540541,0.49101796407185627,0.8629032258064516,93,620,74
ANY,153,0.7841249311840093,0.3993169609957402,0.464898595943838,0.546287809349221,0.9112433691292533,0.9343327142478111,0.5023177412557945,0.7287655892392371,0.4273883150455686,0.8660997732426303,0.15473521750279262,0.4783558205521827,0.3815789473684211,0.4603174603174603,0.4172661870503597,0.8645484949832776,76,598,63
ANY,154,0.778433557949403,0.43468029888054865,0.39983974358974367,0.5005015045135401,0.9042566790233921,0.9342313787638666,0.44454342984409784,0.7023790917684664,0.36772003026214284,0.8586167800453515,0.155334821905683,0.4832870149895116,0.3875,0.4696969696969697,0.4246575342465753,0.8602329450915142,80,601,66
ANY,155,0.7877044673763112,0.35254122520740916,0.3281524191526697,0.4473684210526316,0.9040939020898937,0.9398459878724748,0.3785972523499637,0.6757311615712627,0.3069060812879954,0.8608033689666343,0.1579502575873259,0.4774020261177075,0.3246753246753247,0.43103448275862066,0.37037037037037035,0.8678071539657853,77,643,58
ANY,156,0.8045776403456237,0.4975854370438687,0.45144356955380543,0.5347150259067359,0.9201782304264798,0.9415136120880552,0.48956356736242873,0.7274466281666078,0.42279258739550885,0.8780045351473924,0.14711015376480283,0.4658366998080659,0.4266666666666667,0.49230769230769234,0.45714285714285713,0.875,75,608,65
ANY,157,0.8036292635863829,0.4582067626024095,0.3652373660030629,0.5353535353535354,0.8954470929499306,0.9449028480170348,0.43422849340009106,0.715400314151733,0.3655251004541672,0.8590702947845805,0.16084930761456143,0.49333461840723714,0.3614457831325301,0.5,0.4195804195804196,0.8595600676818951,83,591,60
ANY,158,0.8276119264390931,0.5033226216646928,0.44358376108259384,0.6605058365758752,0.8906937518333822,0.9521215090641841,0.5307353023281777,0.7755997942046288,0.4670252477503526,0.8638645934564302,0.15771674573162303,0.4843024558795915,0.4166666666666667,0.6153846153846154,0.4968944099378882,0.8669950738916257,96,609,65
ANY,159,0.8021248566468457,0.4937310455132012,0.36514215080346113,0.5053892215568868,0.9081134269612664,0.9461136999068032,0.4239684248295661,0.7067513242590764,0.3587549562521268,0.869987042436022,0.15344448208762543,0.478875577201398,0.358974358974359,0.49122807017543857,0.4148148148148148,0.8713355048859935,78,614,57
ANY,160,0.8304758288000511,0.5645359315735144,0.46419825644039486,0.599115044247787,0.8983838008545422,0.9384642254177098,0.5230973011755607,0.7487494225511648,0.4475758256323117,0.8600421120829285,0.15241900033869038,0.4724608052840185,0.45918367346938777,0.5844155844155844,0.5142857142857142,0.8601973684210527,98,608,77
ANY,161,0.8350117315186798,0.5318095310265482,0.42266009852216785,0.4315895372233405,0.9251213902376692,0.9276105060858424,0.4270781483325042,0.6783554637305047,0.35347609853008677,0.8695011337868479,0.13653830309032028,0.4322134949919186,0.4393939393939394,0.4142857142857143,0.4264705882352941,0.8725490196078431,66,612,70
ANY,162,0.8084041752138371,0.44978754031447904,0.4181034482758618,0.49897119341563784,0.9139908256880737,0.9364229765013057,0.45497185741088164,0.7064810095518557,0.3826303022521865,0.8682539682539684,0.15355845796647907,0.4746477926065809,0.4383561643835616,0.47761194029850745,0.45714285714285713,0.8673647469458988,73,573,67
ANY,163,0.7324624114036508,0.4470180097039475,0.4778632025450695,0.44899738448125587,0.9266630671557035,0.9183703594361208,0.46298080010274245,0.6878302258184795,0.3858098998827979,0.8645448655652738,0.1561245613943016,0.4931244202338003,0.47297297297297297,0.44871794871794873,0.4605263157894737,0.8619528619528619,74,594,78
ANY,164,0.7779918303815618,0.4161448082252546,0.3194750900011611,0.4596491228070172,0.8948973186261318,0.9391292890888215,0.37695258975061635,0.6772732207165747,0.3027990461434493,0.8527048914804016,0.15987953882473796,0.4924128022700344,0.3218390804597701,0.45901639344262296,0.3783783783783784,0.8464106844741235,87,599,61
ANY,165,0.7687345194337482,0.5252948747686245,0.4868985231062415,0.5209634255129351,0.9200638301820271,0.9295328434313135,0.5033552915101893,0.720513627847481,0.42855289378250744,0.8693391642371233,0.1507662910408013,0.47483651893353035,0.45569620253164556,0.4931506849315068,0.47368421052631576,0.8657718120805369,79,596,73
ANY,166,0.8585018576338416,0.6482780119147741,0.5982905982905987,0.64089521871821,0.9460252647696822,0.9545513068108663,0.6188605108055014,0.7934602417439458,0.56962640233272,0.9120181405895693,0.13583951007120915,0.4327481094470563,0.5915492957746479,0.6268656716417911,0.6086956521739131,0.9095477386934674,71,597,67
ANY,167,0.8474883958742285,0.5478275925836833,0.5061908230152947,0.6139575971731449,0.9118106139438086,0.9413186518060964,0.5548902195608781,0.7628841055584767,0.4850631464404719,0.8735827664399094,0.14556867084984085,0.45584483438697426,0.47126436781609193,0.5694444444444444,0.5157232704402516,0.8683760683760684,87,585,72
ANY,168,0.7960201093476134,0.39493680719567736,0.3839009287925696,0.45700245700245684,0.9254309268048961,0.9437014393070945,0.41727425687044295,0.6912166919036766,0.35395774066356706,0.8821995464852609,0.13937885106319844,0.44547625179834055,0.4,0.4406779661016949,0.41935483870967744,0.8819672131147541,65,610,59
ANY,169,0.7796733005565715,0.4875854912980859,0.428662177614026,0.5250544662309367,0.9187005098166824,0.9433440383151717,0.4719871301671677,0.7218774880238097,0.4062999008604688,0.8777291869128605,0.1426440258195134,0.4497106471916063,0.3924050632911392,0.5081967213114754,0.44285714285714284,0.8747993579454254,79,623,61
ANY,170,0.7827634320836383,0.510283057296719,0.4170443240853326,0.5395395395395396,0.9036659542988653,0.9388913138367524,0.4704488778054866,0.7216027469192025,0.39718085323935953,0.8624230644638808,0.15086250291395806,0.4705001965172513,0.38202247191011235,0.5230769230769231,0.44155844155844154,0.8649921507064364,89,637,65
ANY,171,0.848654995185152,0.5078795699982535,0.42548339117501327,0.5723622782446317,0.8931843740206106,0.9379343722776109,0.4881128426800144,0.7327733261326209,0.4113245958474771,0.8542274052478133,0.15050520392213598,0.46593700634932467,0.40625,0.5416666666666666,0.4642857142857143,0.8504983388704319,96,602,72
ANY,172,0.785812174223728,0.44626694930311056,0.38538812785388143,0.4423480083857441,0.9144419018560891,0.931132686084142,0.41190824792581754,0.6783949551209166,0.3360527232364274,0.8633786848072561,0.15036117283119674,0.47117749515916546,0.3835616438356164,0.42424242424242425,0.4028776978417266,0.8621262458471761,73,602,66
ANY,173,0.7743543113054767,0.3683462472907509,0.38213998390989534,0.46386718749999967,0.9014879425346328,0.92754388280322,0.41905602117335666,0.6826775650173164,0.3363697212779384,0.8506802721088434,0.15075069321776324,0.4721559432819832,0.375,0.43478260869565216,0.40268456375838924,0.8516666666666667,80,600,69
ANY,174,0.8099814876414431,0.39737014680239496,0.4373088685015295,0.5315985130111528,0.9311119430924745,0.951779563719862,0.47986577181208095,0.7313552280518134,0.42430565155062955,0.8945578231292516,0.13957223431165897,0.44555791709912745,0.43548387096774194,0.5,0.46551724137931033,0.8957983193277311,62,595,54
ANY,175,0.750086689860251,0.36716277018130905,0.36638407666789535,0.4188790560471973,0.9055857637172511,0.9228186041305196,0.3908769170271332,0.6622324098822243,0.3063267792744425,0.8494655004859089,0.15910432369267707,0.49590537404363355,0.3670886075949367,0.42028985507246375,0.3918918918918919,0.8502495840266223,79,601,69
ANY,176,0.7449576743800719,0.3140534341935796,0.24792597319719206,0.33134328358208964,0.9173707274320769,0.9434669743293914,0.28362839934294576,0.6243570055070833,0.2181790724592085,0.8728539034661486,0.14925095555424425,0.46744316433872124,0.2459016393442623,0.3333333333333333,0.2830188679245283,0.877221324717286,61,619,45
ANY,177,0.8075480118139611,0.47960139621695186,0.44674362883903357,0.5779092702169628,0.9070312214047797,0.9429963088397576,0.5039312039312044,0.7424702458108712,0.4347420809889233,0.8691933916423711,0.14494075249400207,0.4589868510942945,0.4186046511627907,0.5625,0.48,0.8712871287128713,86,606,64
ANY,178,0.8024299927870806,0.5352277516528724,0.4714468629961594,0.4874884151992592,0.9238193662686621,0.9282217689597626,0.47933346351624095,0.7056538907339603,0.4054464432352433,0.8704405571752512,0.14398186805260615,0.4596729435432684,0.47368421052631576,0.4864864864864865,0.48,0.8686868686868687,76,594,74
ANY,179,0.8121679586279346,0.4810622641780186,0.44086021505376294,0.5100478468899518,0.9130546623794211,0.9327289449481013,0.472937000887311,0.7115512546346867,0.39757579281518857,0.8653061224489796,0.1566626863491916,0.48441403661915394,0.4342105263157895,0.4714285714285714,0.4520547945205479,0.8701298701298701,76,616,70
ANY,180,0.7903014790638185,0.3794366717604437,0.31576818043895954,0.5519801980198018,0.879377362527637,0.9511310820974678,0.4017242488580062,0.7156787802737195,0.33930666777949436,0.8493845157110463,0.16600835325743196,0.5132990214509741,0.3,0.5294117647058824,0.3829787234042553,0.85667215815486,90,607,51
ANY,181,0.843676163860727,0.48522211686031047,0.34918160561184663,0.5126835781041383,0.9113227251004475,0.9527219569964102,0.4154238466888179,0.7120031516022931,0.35778347293554685,0.8774700356333008,0.14350936729065952,0.45131656013745153,0.3561643835616438,0.5,0.416,0.8818770226537217,73,618,52
ANY,182,0.7968793799060849,0.4892816819789978,0.47800119450527573,0.5342679127725858,0.9005914467697906,0.9190234843502146,0.504570768099191,0.7174296797711881,0.4155116094282043,0.8472627146096534,0.1660954972537889,0.5062398564476145,0.4270833333333333,0.4880952380952381,0.45555555555555555,0.8432,96,625,84
ANY,183,0.7770733643831539,0.4965106524421575,0.4826225812511744,0.4374255065554235,0.9507043514060177,0.9414360919580975,0.4589138978206505,0.6940649289807204,0.40569672490671077,0.901878846776806,0.1389586272127031,0.44759219479344003,0.4528301886792453,0.42105263157894735,0.43636363636363634,0.8956228956228957,53,594,57
ANY,184,0.8585731336247641,0.6023512324870207,0.5694557270511775,0.5764802631578945,0.9302998421883218,0.9321386216892869,0.572946465059256,0.7533900526731083,0.5041805598153897,0.8815192743764173,0.13767867189644417,0.4375028818516504,0.52,0.5131578947368421,0.5165562913907285,0.8816855753646677,75,617,76
ANY,185,0.8172219779577451,0.44774464452397383,0.351156069364162,0.5529010238907845,0.8869160055408633,0.9471490048413123,0.4295183384887317,0.7199085147158242,0.3622149245978673,0.8536281179138324,0.16908962178097922,0.5088763614738463,0.3333333333333333,0.5172413793103449,0.40540540540540543,0.8535773710482529,90,601,58
ANY,186,0.8515135590297453,0.48183537078576694,0.4452054794520551,0.6529017857142859,0.9080010095911156,0.9585664801492139,0.5294117647058826,0.7804513976527007,0.47589580877151194,0.8820861678004535,0.1539234777230222,0.47584555211026014,0.4146341463414634,0.6071428571428571,0.4927536231884058,0.8819561551433389,82,593,56
ANY,187,0.7219495212604408,0.2995809594786502,0.2975643382352942,0.40348964013086114,0.8894813904303965,0.9278037559393615,0.34252463135621225,0.646485515280629,0.25695587715787965,0.8389536767087787,0.1765453542596743,0.5314364454135222,0.3023255813953488,0.4,0.3443708609271523,0.8352745424292846,86,601,65
ANY,188,0.7766659365457895,0.4449626870691015,0.36331877729257644,0.499399759903962,0.9087266808563915,0.9456677524429965,0.42062689585439855,0.7040632203801765,0.35511346443618946,0.8700680272108843,0.16111914298093633,0.48990942406286836,0.3888888888888889,0.49122807017543857,0.43410852713178294,0.880718954248366,72,612,57
ANY,189,0.8090636860928642,0.49436819512612834,0.37329079307201507,0.5538461538461544,0.9014778325123152,0.9501737028925307,0.445987339187258,0.7276619931792345,0.38377225505240714,0.868172983479106,0.15559786133538972,0.47912723238630694,0.37209302325581395,0.5517241379310345,0.4444444444444444,0.8650927487352446,86,593,58
ANY,190,0.7678578405756354,0.5573196959162129,0.47447475995817096,0.57546408393866,0.8958298000640694,0.9281154214091871,0.5201125468945393,0.7356469420013649,0.43558958922130536,0.8508260447035956,0.16967273081569065,0.5244363115218191,0.47115384615384615,0.5764705882352941,0.5185185185185185,0.8541666666666666,104,624,85
ANY,191,0.824043520775653,0.5127979137956173,0.4077748298535009,0.522233712512927,0.9066053009768785,0.9390627649752217,0.45796087576110905,0.7144195067449026,0.3856649997180535,0.8644638807904114,0.1472329146773083,0.4606064022603877,0.40229885057471265,0.5147058823529411,0.45161290322580644,0.8611111111111112,87,612,68
ANY,192,0.8115122852369799,0.4972794106993576,0.4601366742596812,0.44739756367663364,0.940128836680561,0.9371694787207256,0.4536777091521619,0.6937632001785972,0.39238580925443994,0.8896825396825396,0.1385857365468821,0.443417411450847,0.4528301886792453,0.42857142857142855,0.44036697247706424,0.8931698774080561,53,571,56
ANY,193,0.8463045930691389,0.5921246845286924,0.5126396875339054,0.5808950086058523,0.9162034100660369,0.9350951011937625,0.5446371967033606,0.7485492093359445,0.4717714016988686,0.8720278587625528,0.14769048423419817,0.4597155761632275,0.4827586206896552,0.5526315789473685,0.5153374233128835,0.8694214876033057,87,605,76
ANY,194,0.7981176742120858,0.37950240515861833,0.3586684046926703,0.5603070175438597,0.8844569694342078,0.9457762667336335,0.4373662652075565,0.7223819934890336,0.36797557782791895,0.850939423388403,0.17258805455306042,0.5216827556726007,0.34065934065934067,0.5254237288135594,0.41333333333333333,0.8503401360544217,91,588,59
ANY,195,0.7988015354821746,0.4170494158590125,0.3480125159346394,0.5168674698795187,0.8994099767566596,0.9471484249967048,0.41595678371078376,0.7081387233180888,0.3505265223027078,0.863411078717201,0.15851209656661294,0.4828154238192368,0.32926829268292684,0.48214285714285715,0.391304347826087,0.8666666666666667,82,630,56
ANY,196,0.7618673965592688,0.43602556466614245,0.37692932575142213,0.4668008048289743,0.9019933554817277,0.9301620766899459,0.41707865168539376,0.6843970801553507,0.3365315971821963,0.8529478458049888,0.16359752577816905,0.5033236999786489,0.36904761904761907,0.4626865671641791,0.4105960264900662,0.8501683501683501,84,594,67
ANY,197,0.8519331019364269,0.5435776009028693,0.49620450993525345,0.6349999999999998,0.9175557179393494,0.951593346216513,0.5570873543050507,0.7762778589696747,0.49742664373517453,0.8855199222546162,0.14619573011639403,0.4585386277749906,0.4457831325301205,0.5967741935483871,0.5103448275862069,0.8820598006644518,83,602,62
ANY,198,0.784261164499552,0.5416140775149484,0.5029299363057326,0.4522854851643947,0.9263926354907471,0.9112822416032659,0.47626515471379466,0.6893390603275709,0.39604682688168635,0.8593618399740849,0.15001315688475278,0.47043093808066927,0.4675324675324675,0.43373493975903615,0.45,0.8596491228070176,77,627,83
ANY,199,0.7233982981114575,0.3503280370649888,0.24874128582494232,0.4302461899179366,0.8608725277483902,0.9338286781296192,0.31523406343947513,0.6455593588331634,0.23054182655396707,0.8192257855523161,0.1785338514147615,0.5420444769264959,0.25510204081632654,0.43103448275862066,0.32051282051282054,0.8245033112582781,98,604,58
ANY,200,0.8212154564555467,0.523971986670642,0.5009174311926607,0.4806338028169014,0.9292035398230085,0.9236739974126776,0.49056603773584906,0.704918671319955,0.4171491613407545,0.8714285714285713,0.14635235741534622,0.4581918597452123,0.5,0.46835443037974683,0.48366013071895425,0.8713355048859935,74,614,79
ANY,201,0.8351905688629491,0.5475045586546368,0.4702164131133488,0.5524229074889865,0.9080769588251693,0.9321451742166924,0.5080155101568374,0.730249933157078,0.430450295824542,0.8623096857790735,0.1473216097596741,0.45659743180223084,0.43333333333333335,0.527027027027027,0.47560975609756095,0.86084142394822,90,618,74
ANY,202,0.8080470577749816,0.5190354873339637,0.4177903208947427,0.6226826608505998,0.8993149075396318,0.9535775209399495,0.5000625547353937,0.7609987841951158,0.4402875315246136,0.8705539358600582,0.1501144859320541,0.46994096757998094,0.39325842696629215,0.5932203389830508,0.47297297297297297,0.8710743801652893,89,605,59
ANY,203,0.7835848453532802,0.479245407866077,0.4352022711142656,0.4882943143812711,0.9282558915273796,0.9412560563122773,0.46022215550885637,0.7082751029543253,0.3959972143911526,0.8835114998380306,0.14387480048619217,0.454472250887259,0.4,0.45614035087719296,0.4262295081967213,0.8854337152209493,65,611,57
ANY,204,0.8628794459817105,0.545182070564727,0.400578034682081,0.5605889014722537,0.9066757861012616,0.9488415897532492,0.4672645135189806,0.7336323437867577,0.4040686224440473,0.8720278587625525,0.14958582290906633,0.4640403351895896,0.39285714285714285,0.5409836065573771,0.45517241379310347,0.865874363327674,84,589,61
ANY,205,0.8383416998212371,0.5087947226279455,0.5140067911714765,0.6098707403055222,0.9384220999229156,0.9574919520046824,0.557850287907869,0.7741464201142192,0.5084480160844322,0.906721736313573,0.14290160899522641,0.4495148641149967,0.43333333333333335,0.52,0.4727272727272727,0.903010033444816,60,598,50
ANY,206,0.7536111608729338,0.43583932936300507,0.4414062499999995,0.48706896551724077,0.9275215408008108,0.9389430477167778,0.46311475409836017,0.7072952531590261,0.39710100468031445,0.8811791383219955,0.15307241880625913,0.47599794920267613,0.40298507462686567,0.45,0.4251968503937008,0.8779264214046822,67,598,60
ANY,207,0.8772811992735974,0.5835138299494874,0.5124440987750334,0.711048158640226,0.9076886262815909,0.9583705834337466,0.5956268715746645,0.8093683924609087,0.5397317507464682,0.8840783932620667,0.14787164712964693,0.45612748093433136,0.4666666666666667,0.6461538461538462,0.5419354838709678,0.8834154351395731,90,609,65
ANY,208,0.8196191722298246,0.557576970185826,0.462571769039107,0.5642923219241444,0.9084230151551512,0.9372107638690511,0.5083938564114774,0.7363576685396478,0.43472213516462993,0.8662455458373826,0.14792904578240676,0.46189688345364976,0.4606741573033708,0.5616438356164384,0.5061728395061729,0.8608695652173913,89,575,73
ANY,209,0.7610353350138866,0.4372748298831005,0.4101665205959688,0.49211356466876965,0.9144745202694113,0.9371011850501365,0.4474187380497133,0.7032940424690906,0.375759113528236,0.8689342403628115,0.15289581945055086,0.4787006216089069,0.38666666666666666,0.46774193548387094,0.4233576642335766,0.8692052980132451,75,604,62
ANY,210,0.7999475419694246,0.5298507719942293,0.3597290352721324,0.4878048780487801,0.9010933496914801,0.9391853774117114,0.4140898090884643,0.6944491138701303,0.34095056142902674,0.8588273404599936,0.16220464276776111,0.49507014414586176,0.3488372093023256,0.4838709677419355,0.40540540540540543,0.8578352180936996,86,619,62
ANY,211,0.7955343351784788,0.4992104803504823,0.41976127320954953,0.5305951383067896,0.8852759931821155,0.9234135667396056,0.46871529063309914,0.7079355657444525,0.37777838607863573,0.8373015873015874,0.1641375056797731,0.49936805200293566,0.41237113402061853,0.5063291139240507,0.45454545454545453,0.8402662229617305,97,601,79
ANY,212,0.8468400277147994,0.558765669940886,0.4639300009308389,0.6568265682656824,0.8936512040183184,0.948938172833696,0.5437782990562436,0.7752388861420006,0.4767334187372069,0.8645448655652737,0.1512954011641634,0.46912418760040947,0.45544554455445546,0.647887323943662,0.5348837209302325,0.8664440734557596,101,599,71
ANY,213,0.8022626969441939,0.48612573423865874,0.4621336845571286,0.35996409335727103,0.9394349486485485,0.9103402435957317,0.4047001153402537,0.6496995210029097,0.3339436138947878,0.8662455458373827,0.13708678658300777,0.43413034243028265,0.45,0.35064935064935066,0.39416058394160586,0.8674121405750799,60,626,77
ANY,214,0.845198571294303,0.46863678800350356,0.45301579083613747,0.5252100840336136,0.923269663737381,0.9414225941422593,0.48644892286309926,0.7242398738854972,0.4205919963650151,0.8803045027534825,0.13818267322566197,0.44103372293172494,0.4520547945205479,0.5076923076923077,0.4782608695652174,0.8819672131147541,73,610,65
ANY,215,0.8264473032543465,0.567699516675839,0.4804964539007087,0.5897714907508156,0.9258321731426403,0.9509880395215811,0.5295554469956029,0.7578018319467281,0.47167254077563664,0.8908163265306123,0.13887582751410857,0.4460711372872152,0.4931506849315068,0.5806451612903226,0.5333333333333333,0.8919382504288165,73,583,62
ANY,216,0.7519115616911134,0.4235972310331309,0.40791366906474813,0.4647540983606558,0.8917105263157896,0.9121130551816959,0.43448275862068964,0.6782323123382227,0.3377546537724403,0.8326530612244898,0.17579692869856695,0.5364641583654678,0.38372093023255816,0.4230769230769231,0.4024390243902439,0.8333333333333334,86,588,78
ANY,217,0.8330433688229344,0.4977667281941821,0.36390827517447677,0.5206847360912981,0.9214188939524567,0.9570167583471918,0.42840375586854473,0.7210518150218774,0.37667243367658726,0.8895691609977325,0.1394634789937919,0.4371217902733295,0.36363636363636365,0.5,0.42105263157894735,0.8909090909090909,66,605,48
ANY,218,0.7706233214462757,0.4788100528933415,0.39882266372332603,0.48220640569395035,0.8938409563409565,0.9219943707277846,0.43656866693515917,0.6880236810174534,0.3473361477030601,0.8413832199546485,0.1658619131654806,0.5110116927954186,0.4222222222222222,0.4810126582278481,0.44970414201183434,0.8418367346938775,90,588,79
ANY,219,0.7666200463686574,0.39113585393344164,0.3951226195369227,0.38649155722326445,0.9186594937175281,0.9159089656692564,0.390759433642707,0.6525755254703963,0.30807728754558716,0.8543407839326207,0.1584579132118719,0.4942665319876891,0.3880597014925373,0.35135135135135137,0.36879432624113473,0.8562197092084006,67,619,74
ANY,220,0.8197617769555408,0.582153124297366,0.4963590784290314,0.6246056782334386,0.9234064956520159,0.9531697992991396,0.5531462019422639,0.7740060869427272,0.496333856902895,0.891188856494979,0.14001650006461053,0.4458708795647827,0.46153846153846156,0.6,0.5217391304347826,0.8916256157635468,78,609,60
ANY,221,0.8026124928123017,0.40807490020852966,0.3876464323748666,0.5823068309070552,0.8963758582782172,0.9501241642788919,0.46544338597276375,0.739341344592636,0.4021006559730225,0.8645772594752188,0.1580695833675994,0.4893368989992529,0.3448275862068966,0.5172413793103449,0.41379310344827586,0.8611111111111112,87,612,58
ANY,222,0.7893818717714202,0.4502111013766014,0.5169769989047096,0.4850976361767728,0.9438001784121318,0.9366384216517006,0.5005302226935312,0.7144489072944524,0.4410835097126976,0.8931972789115648,0.1326420980839434,0.4387664798949235,0.48214285714285715,0.42857142857142855,0.453781512605042,0.8951612903225806,56,620,63
ANY,223,0.771810477545249,0.3953686405234731,0.4128045157456927,0.45475372279496046,0.928939941397472,0.9394269924374634,0.43276493031223284,0.6918468320962159,0.3676261661237156,0.8820051830255912,0.14949142379855004,0.47255533695877017,0.38095238095238093,0.42105263157894735,0.4,0.8829268292682927,63,615,57
ANY,224,0.7951279174984612,0.39318635836632393,0.3103758721584518,0.5184210526315794,0.891386033321517,0.9515268475422862,0.3882866394481209,0.704903542976548,0.32761195088664036,0.8592484612892776,0.1659172740156095,0.5029798116640584,0.313953488372093,0.5,0.38571428571428573,0.8637083993660856,86,631,54
ANY,225,0.751410655479388,0.4451436945117097,0.43645882912898554,0.38949454905847336,0.9350366698977632,0.9222180132402547,0.4116414783779735,0.6622656094781184,0.3411771282859743,0.8726271460965338,0.14779087382596862,0.46895147833506257,0.42424242424242425,0.3783783783783784,0.4,0.8640776699029126,66,618,74
ANY,226,0.7987805287959481,0.5584043114552754,0.5249221183800618,0.5912280701754383,0.9205729166666666,0.9381634819532908,0.5561056105610556,0.7559004934210526,0.48683433244069707,0.8780045351473923,0.1537076343419685,0.48429702864686636,0.5121951219512195,0.56,0.535031847133758,0.8805237315875614,82,611,75
ANY,227,0.795020166084191,0.3116578039474313,0.3179122182680906,0.3912408759124092,0.9293177627535343,0.947724708537044,0.35078534031413655,0.6602793193329717,0.29180851878596453,0.8875283446712018,0.14111998281974816,0.44124145914614693,0.3157894736842105,0.3829787234042553,0.34615384615384615,0.8887070376432079,57,611,47
ANY,228,0.7647756602861765,0.4274043934327624,0.36810856658184943,0.44512820512820517,0.905035054174633,0.9291977489857346,0.40297121634169014,0.675081629651419,0.3226542243183296,0.8541950113378685,0.1631681728621992,0.4979709136660288,0.37662337662337664,0.43283582089552236,0.4027777777777778,0.8571428571428571,77,602,67
ANY,229,0.8746976655185611,0.5672342574068523,0.45701754385964877,0.6679487179487181,0.9230099502487562,0.9662760416666666,0.5427083333333331,0.7954793340987371,0.5001489913607394,0.9004535147392292,0.14191551723089413,0.44279084934881213,0.45454545454545453,0.660377358490566,0.5384615384615384,0.9014778325123153,77,609,53
ANY,230,0.8007277860734114,0.41604395916253584,0.3647389107243123,0.5219347581552312,0.898103283678873,0.9436926279928077,0.42940243257535715,0.7100190209170518,0.3599346879124307,0.8601878846776807,0.15724308198825798,0.4826216151147604,0.3448275862068966,0.4918032786885246,0.40540540540540543,0.8562091503267973,87,612,61
ANY,231,0.8083556988326214,0.5317860942052118,0.5670699631772745,0.4847848898216154,0.9551653380304708,0.9386655245641271,0.5227089057701626,0.7199751139260433,0.4716974062518428,0.9043407839326207,0.12916791403815167,0.43115750875622855,0.5370370370370371,0.4393939393939394,0.48333333333333334,0.8963210702341137,54,598,66
ANY,232,0.7523731507999466,0.40028584533041756,0.34118864237268665,0.4732142857142856,0.8966791663661927,0.9377085650723025,0.39649989980629224,0.6849467260402392,0.321188808705148,0.8536605118237772,0.16319046823716876,0.5037518422834313,0.3372093023255814,0.4603174603174603,0.38926174496644295,0.8490878938640133,86,603,63
ANY,233,0.8197004413889484,0.517091954930151,0.4215122960239026,0.5920903954802254,0.909370780448285,0.9523549153437156,0.49244814392159475,0.7507305879642555,0.43298948192019465,0.8775348234531909,0.14452085769885814,0.45350567529645486,0.3950617283950617,0.5614035087719298,0.463768115942029,0.8762541806020067,81,598,57
ANY,234,0.8450604461902153,0.5434997506935529,0.4358186010760951,0.6189956331877728,0.9071356275303643,0.9535842532251628,0.5115020297699592,0.7630656303590686,0.4526334219440294,0.8772108843537416,0.14933723644257538,0.4614348012845182,0.41379310344827586,0.5901639344262295,0.4864864864864865,0.8768233387358185,87,617,61
ANY,235,0.8175037114855899,0.48815452666661885,0.49434815373021856,0.5729257641921398,0.91257328990228,0.9347390898171626,0.5307443365695793,0.74274952704721,0.45642244781149316,0.8684807256235828,0.1501999061404113,0.47107083423180857,0.4375,0.5147058823529411,0.47297297297297297,0.8677966101694915,80,590,68
ANY,236,0.8247498622259015,0.5010137879860875,0.4427077071059276,0.5566137566137564,0.9159183673469387,0.9450985530576717,0.4931690329493704,0.7362660619803476,0.4280781655262962,0.8774214447683836,0.14649446027326438,0.461567552765899,0.4074074074074074,0.532258064516129,0.46153846153846156,0.8775834658187599,81,629,62
ANY,237,0.8172100334837353,0.5339697716076076,0.44163568773234146,0.5107480653482366,0.9019198119367896,0.9238795986622071,0.47368421052631515,0.7063339386425134,0.38837664367423935,0.8503401360544217,0.1530549164680617,0.46661883048250247,0.4659090909090909,0.5125,0.4880952380952381,0.8590163934426229,88,610,80
ANY,238,0.8515864947220987,0.5739519179277597,0.4581763376036168,0.5779467680608368,0.9074407826982489,0.9407446950487118,0.5111391340899536,0.7426937753795426,0.44003557013655004,0.868140589569161,0.14497067090061824,0.4516378476409368,0.46153846153846156,0.5675675675675675,0.509090909090909,0.8680781758957655,91,614,74
ANY,239,0.855718373644352,0.5946893078404347,0.5232358003442343,0.5650557620817848,0.928460743801653,0.9388874379733613,0.5433422698838252,0.7467582529417187,0.47756198117316545,0.8841269841269842,0.14047460038427942,0.4397270288458605,0.5189873417721519,0.5540540540540541,0.5359477124183006,0.8800675675675675,79,592,74
ANY,240,0.7897820928150627,0.48156598212954665,0.3885819521178639,0.46836847946725907,0.9161510291703496,0.938065683992759,0.4247609461499751,0.6922597543188042,0.3544042727379192,0.8704081632653061,0.14318873742236174,0.4518334210936841,0.4027777777777778,0.46774193548387094,0.43283582089552236,0.8762214983713354,72,614,62
ANY,241,0.8258312238823391,0.5527090633895059,0.5437201907790139,0.5671641791044773,0.9246125558182293,0.9309706426871196,0.5551948051948048,0.7458883674613535,0.4831582641119923,0.8757369614512474,0.1471924633580093,0.459068076706375,0.5432098765432098,0.5365853658536586,0.5398773006134969,0.8776508972267537,81,613,82
ANY,242,0.7827523595506087,0.40273414509504063,0.3312461506877433,0.5077092511013211,0.8823667485194275,0.9398246086387937,0.4009193688656971,0.6950379998103745,0.32517410323126067,0.8437965662455457,0.16422671534386543,0.4959454585042178,0.31868131868131866,0.48333333333333334,0.3841059602649007,0.8495145631067961,91,618,60
ANY,243,0.8584486941903132,0.5225018286702705,0.4777351470759217,0.5935288169868558,0.9180546180929273,0.9470445435555807,0.5293738727132186,0.7557917175398914,0.4661654784359207,0.8816650469711693,0.14082070702202173,0.44183502293914606,0.45569620253164556,0.5625,0.5034965034965035,0.8802698145025295,79,593,64
ANY,244,0.8031709055847422,0.4955989861304815,0.4353125000000007,0.5734870317002883,0.9004462564046054,0.9403912543153047,0.4949369337360105,0.7369666440524468,0.42196980417561364,0.8618561710398446,0.16039851906826846,0.49542172078919094,0.39080459770114945,0.53125,0.4503311258278146,0.8628099173553719,87,605,64
ANY,245,0.8153646616585962,0.4665370574532925,0.4318854886475818,0.5649717514124294,0.9171122513277521,0.9497538966365873,0.48954472340723154,0.7410420013700907,0.42893151255310485,0.8817784256559769,0.14225767568054049,0.4445598750315326,0.4025974025974026,0.5344827586206896,0.45925925925925926,0.87751677852349,77,596,58
ANY,246,0.8041229392906684,0.5775781839694728,0.3957722261555579,0.6316384180790956,0.8924475650373568,0.9559909744855648,0.4866310160427807,0.7620429915582264,0.4293648365110874,0.8662779397473276,0.1657747992504486,0.5117000123001653,0.40425531914893614,0.6229508196721312,0.49032258064516127,0.8683333333333333,94,600,61
ANY,247,0.8055085872632691,0.5303481016268257,0.4003036437246956,0.49452954048139974,0.9143507643381155,0.9399286722639125,0.4424556006152978,0.7044401524097579,0.37298028509677567,0.8708454810495627,0.15006688046906913,0.4647827864313598,0.379746835443038,0.4838709677419355,0.425531914893617,0.8687196110210696,79,617,62
ANY,248,0.8002196277847747,0.43218574315545,0.35484527687296424,0.484907497565725,0.8838151454602112,0.9286732413899375,0.40980426732498665,0.6843613215129682,0.3233259924606965,0.837366375121477,0.164092590064128,0.5017321182846279,0.3333333333333333,0.45588235294117646,0.38509316770186336,0.8344481605351171,93,598,68
ANY,249,0.8310682526785704,0.5696954806742456,0.500116931711881,0.5524412296564201,0.9208304011259673,0.9348537264044519,0.5249785197005039,0.7366358153911934,0.4537171725967673,0.8746355685131195,0.14034087996480377,0.447998971183871,0.4810126582278481,0.5135135135135135,0.49673202614379086,0.8725165562913907,79,604,74
ANY,250,0.8113241864735156,0.4843999754159346,0.4183300876338845,0.4875868917576959,0.9126181638660841,0.9325162543905537,0.4503111693416307,0.7001025278118902,0.3747138639352577,0.8640913508260447,0.15506189561233039,0.4738361844621675,0.42168674698795183,0.49295774647887325,0.45454545454545453,0.8616144975288303,83,607,71
ANY,251,0.7752025160069783,0.48948626788762983,0.4556603773584902,0.45480225988700523,0.925625161124001,0.9253865979381443,0.4552309142318564,0.6902137105055033,0.38073707213265107,0.8689342403628116,0.14895718787053605,0.4715029241806938,0.4583333333333333,0.4520547945205479,0.45517241379310347,0.8678929765886287,72,598,73
ANY,252,0.7349951562657017,0.42247303242165285,0.43306451612903235,0.5018691588785045,0.9092903225806449,0.929683377308707,0.4649350649350649,0.7055797407295747,0.3861958515653165,0.8598639455782313,0.1632958229832001,0.5026255517512882,0.41975308641975306,0.4927536231884058,0.4533333333333333,0.8633333333333333,81,600,69
ANY,253,0.8353295757326995,0.5630697692539,0.5642994241842616,0.6987060998151573,0.9245652254181587,0.9564187769756692,0.6243511090136862,0.811635662616658,0.5696917792193057,0.8968577907353419,0.13959326282455942,0.4450480292253569,0.5,0.640625,0.5616438356164384,0.8935108153078203,82,601,64
ANY,254,0.7896833491623427,0.3705479612187419,0.4012091898428058,0.5460829493087558,0.9110376544984187,0.9484196745838787,0.46256796319531607,0.7285603019035872,0.39977813548910174,0.8751214771622935,0.15495402165082678,0.48198007543613053,0.34210526315789475,0.49056603773584906,0.40310077519379844,0.8725165562913907,76,604,53
ANY,255,0.807186292959835,0.4788903182559079,0.36785986290936784,0.5411764705882353,0.911678637935621,0.9543834243065611,0.4379959192926774,0.7264275542619282,0.38200722349617144,0.8795432458697764,0.14306446954776575,0.44983531114806724,0.3625,0.5370370370370371,0.43283582089552236,0.8778135048231511,80,622,54
ANY,256,0.7891844447512826,0.5665350782753186,0.4967795801526712,0.4917355371900823,0.9207996996433263,0.9193155408951194,0.49424468968790747,0.7062676184167045,0.414311355512586,0.861937155814707,0.14383025234956037,0.4539680309382656,0.5,0.4880952380952381,0.4939759036144578,0.8638573743922204,82,617,84
ANY,257,0.8222678246391113,0.4957213765559033,0.47555170921678935,0.5445086705202313,0.9347041393553022,0.9496779608444178,0.5076994148444719,0.7396064049377666,0.4514150031096413,0.8964366699060576,0.1330823833002494,0.42994946576230475,0.46153846153846156,0.5,0.48,0.8963317384370016,65,627,60
ANY,258,0.8062870328690841,0.5554837443458454,0.4753308031592988,0.5605419136325153,0.9043442484992424,0.9301225212055931,0.5144316163410306,0.7324430810658787,0.43415393570432714,0.8583090379008745,0.15263610665055513,0.4790738466024763,0.46153846153846156,0.5384615384615384,0.4970414201183432,0.8578595317725752,91,598,78
ANY,259,0.787226552778578,0.5820574484218648,0.49480249480249483,0.5241521068859201,0.9336416100784648,0.9405593764328288,0.5090546128618282,0.7288968584821923,0.4464369264043786,0.8884677680596047,0.14465895699120646,0.4721591881923104,0.5,0.5074626865671642,0.5037037037037037,0.8928,68,625,67
ANY,260,0.8463850722114904,0.5812243554572903,0.5537313432835826,0.6613190730837794,0.9223174850610549,0.9491978609625669,0.6027619821283514,0.7918182790724169,0.5417821238807554,0.8891156462585035,0.14910874048104167,0.4693367385960643,0.5,0.6212121212121212,0.5540540540540541,0.8894472361809045,82,597,66
ANY,261,0.7164402193657409,0.4746315253382324,0.4306839186691309,0.43108233117483785,0.9204031528621267,0.9205220987335228,0.4308830328247801,0.6757427420184824,0.35134572293321936,0.8604308390022677,0.16100694103889768,0.5075557385589656,0.4266666666666667,0.4444444444444444,0.43537414965986393,0.8637110016420362,75,609,72
ANY,262,0.7125668427268884,0.3870449016811729,0.364034194992876,0.5251798561151075,0.8862349578546849,0.937704665408175,0.4300054096291397,0.7057074069848963,0.35233483665308407,0.8464042759961127,0.1613235977811264,0.5100760550229073,0.3258426966292135,0.48333333333333334,0.38926174496644295,0.8478260869565217,89,598,60
ANY,263,0.7757920279106443,0.4494940673507224,0.3168158959892062,0.4310747663551395,0.90008610174356,0.9363838244350309,0.36521739130434744,0.6655804340493501,0.2895683670880474,0.8545675413022351,0.15698034538099137,0.48605453848020297,0.3246753246753247,0.4166666666666667,0.36496350364963503,0.8545150501672241,77,598,60
ANY,264,0.7709432866559494,0.47860892084018003,0.3851435110136366,0.5288725939505043,0.8808199175646446,0.9297992312645109,0.44570734937100026,0.7048462557575743,0.3592070197913765,0.8372853903466149,0.16824215718890187,0.5146746768594377,0.3627450980392157,0.5138888888888888,0.42528735632183906,0.834983498349835,102,606,72
ANY,265,0.7934752914561944,0.49447147679783265,0.4299212598425196,0.5321637426900584,0.9071080318193482,0.9364238410596026,0.47560975609756095,0.7196358872547033,0.4011546616407476,0.8634920634920635,0.1556644158271328,0.4864845123875706,0.44047619047619047,0.5285714285714286,0.4805194805194805,0.864406779661017,84,590,70
ANY,266,0.7696458322254971,0.4015037072931708,0.3681274900398402,0.4572748267898379,0.914544344265239,0.939310090389227,0.40788699234843984,0.6859095855275387,0.33809937341899116,0.8696469063816002,0.1466080421862085,0.46737064614503376,0.3380281690140845,0.41379310344827586,0.37209302325581395,0.8689320388349514,71,618,58
ANY,267,0.8715476577642542,0.6068993668909533,0.47370903088894195,0.5745745745745753,0.918461285549893,0.9441398475346426,0.5192891760904692,0.7465179300622339,0.45388818135705633,0.8795108519598315,0.13078637563758966,0.41652939237610603,0.45,0.5625,0.5,0.8789915966386554,80,595,64
ANY,268,0.8815849261581947,0.5550586264658381,0.4656803542673117,0.7115177610333693,0.9038868874124225,0.963786580186858,0.5629296185899392,0.8077023242228958,0.5140972163091915,0.8836248785228379,0.14696458528277856,0.4559751232936798,0.42391304347826086,0.6610169491525424,0.5165562913907285,0.8791390728476821,92,604,59
ANY,269,0.8278411161134422,0.5887056140693079,0.47194719471947255,0.5437262357414451,0.9176107106076206,0.9369085173501575,0.5053003533568909,0.7306684731745328,0.43430432383707107,0.873015873015873,0.14538441399785942,0.45271169612288065,0.4691358024691358,0.5205479452054794,0.4935064935064935,0.8710743801652893,81,605,73
ANY,270,0.7534154915689206,0.47688398690552924,0.3981385729058945,0.49162011173184395,0.9160703019378097,0.941022887193541,0.4399685736733092,0.7038452068348267,0.3718506097463644,0.8729996760609006,0.14705275426764222,0.4621488851967401,0.3780487804878049,0.5,0.4305555555555556,0.866231647634584,82,613,62
ANY,271,0.8729630633134988,0.6579171207912362,0.6034704370179956,0.6834061135371186,0.9171367177007786,0.9401156387665195,0.6409556313993181,0.8002714156189483,0.571355161850429,0.8807256235827666,0.1403584660169315,0.44256785120322334,0.5729166666666666,0.632183908045977,0.6010928961748634,0.8785357737104825,96,601,87
ANY,272,0.808819023416228,0.5428650958665089,0.48458904109588985,0.5957894736842101,0.9235069885641676,0.9498170412963929,0.5344664778092535,0.7596482311241891,0.4749584632001942,0.8882086167800455,0.1487236405715143,0.46904019643695527,0.4666666666666667,0.5645161290322581,0.5109489051094891,0.8914100486223663,75,617,62
ANY,273,0.7974211315332813,0.4472428498584412,0.3812128418549347,0.5077605321507769,0.9061090462959621,0.941721357584849,0.43547948926922064,0.706934789223369,0.36558534022602446,0.8653709102688694,0.16054807362731524,0.4905257013568007,0.37349397590361444,0.5,0.42758620689655175,0.865040650406504,83,615,62
ANY,274,0.8388437604769008,0.5443874540569555,0.5158125456632915,0.5744507729861672,0.912697367182942,0.9298107709120188,0.5435547734271883,0.7435740700845548,0.46592335194284107,0.8655652737285391,0.14890014661926437,0.45947909262103626,0.4875,0.5131578947368421,0.5,0.873581847649919,80,617,76
ANY,275,0.824932231429886,0.5569155657759178,0.45991253644314856,0.5710407239819005,0.9039533376539204,0.9363587540279267,0.5094872830036333,0.7374970308179105,0.43385079205934873,0.8622448979591838,0.15060166113060813,0.4623069314927312,0.43956043956043955,0.5405405405405406,0.48484848484848486,0.8629032258064516,91,620,74
ANY,276,0.8622667405528688,0.5810226015865522,0.4970772894565916,0.5883408071748875,0.9138592750533049,0.9388023313397584,0.5388722642727213,0.7511000411140965,0.46786620032389653,0.8727081308713962,0.1530422323824934,0.4695885772750363,0.4659090909090909,0.5694444444444444,0.5125,0.871499176276771,88,607,72
ANY,277,0.8102030777011692,0.5058482898950012,0.41958702064896686,0.5280665280665278,0.9105733919936005,0.9403360555712006,0.4676178578473267,0.7193199600300644,0.3973369217440155,0.8688532555879495,0.14578700013649362,0.45905993875894047,0.3950617283950617,0.5,0.4413793103448276,0.8665568369028006,81,607,64
ANY,278,0.7846097667363651,0.3714027734625198,0.3150557620817841,0.3869863013698628,0.9072255790533736,0.9306559917355373,0.3473360655737702,0.6471059402116184,0.2688704467446833,0.8555555555555554,0.15347313562547,0.4772313378282751,0.323943661971831,0.3709677419354839,0.3458646616541353,0.8587662337662337,71,616,62
ANY,279,0.7544633444167339,0.3572970494183164,0.3064644852354347,0.4403669724770641,0.8906643180674382,0.9355094489229548,0.36141176470588215,0.6655156452722512,0.2830211011613486,0.8461451247165532,0.1623865274658587,0.4966519288425921,0.3253012048192771,0.4426229508196721,0.375,0.8524590163934426,83,610,61
ANY,280,0.7957773955239421,0.47289476307910205,0.4018099547511315,0.5091743119266058,0.9168344237544035,0.9445236552171095,0.44916540212443123,0.7130043678405045,0.384110847681252,0.8765306122448978,0.14341084917011734,0.45455848795724235,0.391304347826087,0.47368421052631576,0.42857142857142855,0.8787878787878788,69,594,57
ANY,281,0.8497917437809329,0.5755935711533832,0.48642609764272204,0.5738007380073805,0.9151093219087011,0.9387372369243591,0.5265130902714801,0.7444550299580406,0.45592393156897587,0.8731616456106253,0.14913476958188993,0.4585650214274303,0.4634146341463415,0.5428571428571428,0.5,0.87248322147651,82,596,70
ANY,282,0.8986581471504095,0.6761291279668459,0.6041134561096924,0.6281800391389433,0.9460484373282525,0.9510137934844661,0.6159117385047627,0.7871142382335978,0.5645970906583548,0.9092160673793328,0.12780102697867154,0.4075554155541715,0.5774647887323944,0.5942028985507246,0.5857142857142857,0.9038142620232172,71,603,69
ANY,283,0.8081068655319625,0.49734907549666774,0.37386057260238814,0.4556407447973717,0.9118863936114472,0.9355155604159328,0.41071932299012714,0.6837635692044093,0.3372004223903192,0.8646582442500809,0.14863157824671897,0.46952151599479713,0.37333333333333335,0.4375,0.4028776978417266,0.8595600676818951,75,591,64
ANY,284,0.8097975483071591,0.46658948844354164,0.457994579945799,0.4370689655172408,0.9216710182767623,0.9153377414754309,0.44728716365240356,0.6793699918970019,0.36596342841386464,0.8579365079365078,0.14607767541986838,0.4589102824971859,0.417910447761194,0.3783783783783784,0.3971631205673759,0.8599670510708401,67,607,74
ANY,285,0.7745474344988694,0.48479072938722734,0.48101265822784806,0.506184586108468,0.9261166173252666,0.9327197303603834,0.4932777005099675,0.7161506017168674,0.42291489626898465,0.8760770975056688,0.15343624907124423,0.48003705810454317,0.5066666666666667,0.5066666666666667,0.5066666666666667,0.8806451612903226,75,620,75
ANY,286,0.8405457776292843,0.5751618577512722,0.5432913915535067,0.5297619047619045,0.931486880466472,0.9279317856012508,0.5364413555569221,0.7306243926141883,0.46620930710796343,0.8779235503725301,0.14217543303584695,0.4491159899042007,0.4931506849315068,0.46153846153846156,0.4768211920529801,0.8727858293075684,73,621,78
ANY,287,0.8469061073657072,0.5941684831368902,0.5193328278999246,0.6193490054249549,0.9178117708063258,0.9438741501133181,0.5649484536082477,0.7685803881156403,0.4988152161525741,0.8803854875283448,0.1447747946412564,0.4621531152925766,0.5348837209302325,0.6052631578947368,0.5679012345679012,0.8835274542429284,86,601,76
ANY,288,0.8222502950170116,0.4836475702492986,0.47049180327868806,0.5364485981308408,0.9166451612903227,0.9347368421052632,0.5013100436681218,0.726546879710582,0.4284933726000444,0.8705215419501134,0.15023053705597197,0.4692507789109003,0.44871794871794873,0.5072463768115942,0.47619047619047616,0.8674698795180723,78,581,69
ANY,289,0.82089239586215,0.5463392358965531,0.4542986425339369,0.5803468208092484,0.9241986172218729,0.952948801036941,0.5096446700507614,0.7522727190155607,0.45329332644935716,0.8904761904761904,0.15172447143651113,0.4729552660680049,0.4520547945205479,0.559322033898305,0.5,0.8905472636815921,73,603,59
ANY,290,0.7915432685766919,0.39690266155262327,0.37385276313220145,0.5179924242424249,0.8820011775962314,0.930812847100858,0.4342746966088245,0.6999968009193278,0.3490906684423018,0.8384191771946874,0.16843590690102747,0.5072141307176529,0.31868131868131866,0.4461538461538462,0.3717948717948718,0.8352941176470589,91,595,65
ANY,291,0.8008662920373835,0.5276920593748378,0.4748808214154753,0.5891719745222931,0.9220977042759219,0.9494202655015961,0.5258883248730967,0.7556348393991075,0.4657598956778316,0.8865403304178814,0.14203687856546007,0.45285439104395786,0.44871794871794873,0.5645161290322581,0.5,0.8837209302325582,78,602,62
ANY,292,0.7865164706224179,0.49741875136874064,0.5306209850107071,0.5180487804878053,0.9397415925959863,0.9368228738467159,0.5242595204513403,0.7288951865418956,0.4625919352324092,0.8907353417557498,0.1325429337386507,0.43616075870804716,0.5,0.5,0.5,0.8860971524288107,68,597,68
ANY,293,0.7691707974972946,0.46848418826899435,0.37238953616179377,0.5576036866359446,0.8974202356999137,0.9489381102541696,0.44655331488071703,0.7275119611679293,0.38237647159199156,0.8639779721412374,0.16042115605899954,0.4961220694113866,0.3793103448275862,0.5689655172413793,0.45517241379310347,0.8651877133105802,87,586,58
ANY,294,0.8018778529511376,0.5013780223414138,0.4635205024011819,0.5502686108979278,0.8896026150249906,0.919429604022627,0.5031831169482178,0.7199356129614592,0.4104250635377346,0.8394719792678976,0.16205066730741402,0.4931109401687598,0.39603960396039606,0.49382716049382713,0.43956043956043955,0.8352180936995154,101,619,81
ANY,295,0.7521138542253455,0.47612639444950283,0.473407747866054,0.5264054514480409,0.9100930458503043,0.9260104178548342,0.49850195897672284,0.7182492486491726,0.41754691847842645,0.8590217039196631,0.1629239172140904,0.5197493864074263,0.43023255813953487,0.4805194805194805,0.4539877300613497,0.8576,86,625,77
ANY,296,0.817919687185948,0.46503763723584546,0.4838709677419357,0.5592734225621417,0.9197324414715721,0.9394297726974117,0.5188470066518849,0.7395029320168568,0.45029272359239797,0.8769841269841269,0.14881090804099995,0.4658940308225708,0.46835443037974683,0.5211267605633803,0.49333333333333335,0.8718381112984823,79,593,71
ANY,297,0.8165261782678485,0.5984283495505557,0.512761448447435,0.6177156177156187,0.8997174337676125,0.9323206319885233,0.5603665290504491,0.7587165257416151,0.47989600856902487,0.8585681891804341,0.1596306455990345,0.5037564306298415,0.5094339622641509,0.6067415730337079,0.5538461538461539,0.8554817275747508,106,602,89
ANY,298,0.8106629294663961,0.55681762062662,0.4929854096520772,0.6519480519480525,0.8989656136427171,0.944875411377527,0.5614315385844392,0.7754568327953846,0.49114510069021594,0.8666180758017492,0.15952339313439792,0.5011555120240765,0.4329896907216495,0.5915492957746479,0.5,0.86,97,600,71
ANY,299,0.8483002237078443,0.5314963192715383,0.39369764658954914,0.524163568773234,0.9187035353265226,0.9504232833508548,0.4496583143507971,0.7214335520498785,0.3903842206119797,0.8826044703595726,0.1396459872484451,0.4363806616144914,0.38666666666666666,0.5178571428571429,0.44274809160305345,0.8824476650563607,75,621,56
ANY,300,0.7762210212676734,0.416125453614738,0.4269972451790636,0.41005291005291034,0.918813427010148,0.9134652696934417,0.4183535762483134,0.6644331685315291,0.3346141960129567,0.8534013605442177,0.15968131835596736,0.4963823463436243,0.3787878787878788,0.35714285714285715,0.36764705882352944,0.8601626016260162,66,615,70
ANY,301,0.8051750051693425,0.5004014199926328,0.417042487538571,0.4709193245778613,0.9095029293636462,0.9259481562066247,0.4423464249748238,0.6902111269707537,0.361221917627372,0.8564949789439583,0.15154037500784495,0.46332527209675256,0.38961038961038963,0.42857142857142855,0.40816326530612246,0.8583061889250815,77,614,70
ANY,302,0.7755265567765564,0.5214658293264312,0.5546391752577319,0.45748299319727836,0.9434850863422292,0.9187261146496815,0.5013979496738113,0.700484039769754,0.4356654349553545,0.8786848072562358,0.14531671070227012,0.45851678050418904,0.5625,0.45569620253164556,0.5034965034965035,0.8832236842105263,64,608,79
ANY,303,0.7874887219215095,0.4464056297798693,0.3371583874377171,0.41644908616187987,0.9221327468161334,0.943229856487109,0.3726324572382144,0.6692909164890066,0.3081142086524972,0.8782150955620344,0.14184902974977814,0.44794857579926994,0.3235294117647059,0.4230769230769231,0.36666666666666664,0.8743801652892562,68,605,52
ANY,304,0.8123818546954205,0.5197822118329837,0.3804424689362563,0.5592515592515592,0.8885030723921027,0.9427480179780482,0.4528347261468166,0.723877315821831,0.3804077252357662,0.8525915127955943,0.15898230930935964,0.48798731732680345,0.37373737373737376,0.5522388059701493,0.4457831325301205,0.8438030560271647,99,589,67
ANY,305,0.7914039428632211,0.5211763849549104,0.418503990261058,0.5039908779931583,0.9226812467401662,0.9439711483614549,0.45728643216080417,0.7133360623666624,0.3932658611665572,0.8810495626822157,0.14255969305635033,0.44926435053963915,0.40540540540540543,0.5,0.44776119402985076,0.8774834437086093,74,604,60
ANY,306,0.8582853114770232,0.6203976039067151,0.5019501950195017,0.6436265709156193,0.9076786177746465,0.946290176069268,0.5640276451087259,0.775652594345133,0.4971088838088582,0.8743278263686428,0.15005506161914647,0.4660997925053713,0.46464646464646464,0.6216216216216216,0.5317919075144508,0.8687196110210696,99,617,74
ANY,307,0.7983211697283267,0.5244706194246113,0.5293725707940038,0.5461106655974345,0.9200543283469464,0.9248696311747412,0.537611367993685,0.7330824969721901,0.4601649849021991,0.8671849692257855,0.15535069369446422,0.48313405297394446,0.4625,0.4868421052631579,0.47435897435897434,0.8646864686468647,80,606,76
ANY,308,0.8113131923434893,0.40541291664347173,0.39992119779353824,0.4598308668076112,0.9171051199245255,0.9339134611831651,0.4277887046923294,0.6884679933660682,0.3547313019551134,0.8680596047942986,0.14556467085485128,0.4566062624381801,0.3125,0.35714285714285715,0.3333333333333333,0.8688524590163934,64,610,56
ANY,309,0.8195712226869686,0.4808901314838392,0.4891201513718073,0.49097815764482466,0.930475086906141,0.9309545278887026,0.49004739336492925,0.7107266222754827,0.42076339732449203,0.8780045351473922,0.14144841639770214,0.4433698744842323,0.4714285714285714,0.4647887323943662,0.46808510638297873,0.8762376237623762,70,606,71
ANY,310,0.7975816528418841,0.4473528823821969,0.43340857787810455,0.5124555160142354,0.9021569646569642,0.9268455479909221,0.469629025682838,0.7073062403355994,0.38647879217182307,0.8524943310657598,0.1647857211592793,0.5126007457385603,0.42857142857142855,0.4864864864864865,0.45569620253164556,0.8578512396694215,84,605,74
ANY,311,0.8577100390578715,0.5526398933906773,0.4867452135493372,0.6828512396694213,0.9112328069281709,0.9588582149557758,0.5683576956147892,0.7970420232987963,0.5145151970389975,0.8861678004535148,0.14138951101989414,0.44880710507943133,0.43373493975903615,0.6206896551724138,0.5106382978723404,0.8846153846153846,83,598,58
ANY,312,0.8490046404126327,0.6185158715590305,0.527494908350306,0.6237799467613131,0.9181445098512558,0.9433706664631468,0.5716111046579164,0.7709622283062846,0.5051470783527755,0.8805312601230969,0.14645234663341664,0.4559067337182154,0.5,0.6027397260273972,0.546583850931677,0.8785357737104825,88,601,73
ANY,313,0.7529730460504289,0.4417420059421563,0.38029938239296546,0.5285132382892053,0.892100754565669,0.9378964109835782,0.44232056979363227,0.7103069964274373,0.36583821993024834,0.8516196954972466,0.159230236129895,0.5043155972979919,0.3258426966292135,0.47540983606557374,0.38666666666666666,0.8461538461538461,89,598,61
ANY,314,0.7892267790050563,0.4522382575633706,0.3755238893545679,0.43076923076923046,0.9042416452442157,0.9223810148157858,0.40125391849529746,0.6675054380067232,0.3159135687412178,0.8484126984126983,0.156303089100077,0.48313436696044126,0.38461538461538464,0.4166666666666667,0.4,0.8522167487684729,78,609,72
ANY,315,0.820781356374513,0.5008396101332018,0.36007348438456793,0.4790874524714829,0.8846917757834333,0.9261483962881671,0.41114089266985177,0.6818896141274581,0.32267874869721197,0.8363135730482671,0.1629095374746977,0.4934085484485328,0.3684210526315789,0.47297297297297297,0.41420118343195267,0.840064620355412,95,619,74
ANY,316,0.8162318778903173,0.5736662068197925,0.5515103697024346,0.563709677419355,0.925009423294384,0.9283687674964063,0.5575432999088423,0.7443595503568694,0.48427894893656287,0.8742144476838355,0.14660909119937413,0.46349530184927096,0.5061728395061729,0.5189873417721519,0.5125,0.8673469387755102,81,588,79
ANY,317,0.8355755274758512,0.530420833342415,0.474798927613941,0.47645951035781564,0.9278532758811179,0.928297715549005,0.47562776957163966,0.7021563931194666,0.4037042567533465,0.8735017816650469,0.13930224465995036,0.4393179672119726,0.4492753623188406,0.4492753623188406,0.4492753623188406,0.8731218697829716,69,599,69
ANY,318,0.8120482788820931,0.565354245388198,0.5431357839459863,0.6028309741881763,0.9200682504265655,0.9362895685855485,0.5714285714285712,0.7614496123073711,0.500690668076997,0.8768707482993197,0.15296444982182072,0.481709044526718,0.5238095238095238,0.5866666666666667,0.5534591194968553,0.8780068728522337,84,582,75
ANY,319,0.7795148942705894,0.3732076255897252,0.36240541616885696,0.44067796610169463,0.9135295706184172,0.9360783662626596,0.3977272727272726,0.677103768360056,0.3251541254943093,0.866083576287658,0.15125449269439997,0.470772389434582,0.3333333333333333,0.41379310344827586,0.36923076923076925,0.8631051752921536,72,599,58
ANY,320,0.7863282170706019,0.48251550602388416,0.45578841196906905,0.4715909090909094,0.90857745312147,0.9137209610542061,0.4635550236507669,0.6900841811061896,0.37480097807287244,0.8475380628441853,0.16104088124693833,0.49686572781911825,0.43373493975903615,0.43902439024390244,0.43636363636363634,0.8429054054054054,83,592,82
ANY,321,0.7973760443307762,0.5007018044982041,0.43733567046450517,0.49899999999999994,0.9179028132992326,0.9347571298346137,0.4661373190098087,0.7084514066496163,0.3938610608489908,0.8704081632653061,0.14861211586422696,0.46685085910497715,0.44594594594594594,0.4925373134328358,0.46808510638297873,0.8756218905472637,74,603,67
ANY,322,0.8508977397749429,0.6540139839962336,0.5013192612137214,0.6614447345517843,0.901447008212749,0.9467415115005474,0.570356472795498,0.7814458713822667,0.5022048478634568,0.8701814058956916,0.15250831051179983,0.46602891299425864,0.5204081632653061,0.6455696202531646,0.576271186440678,0.8756218905472637,98,603,79
ANY,323,0.8164327856678728,0.49049301481836044,0.4361290322580644,0.6008888888888889,0.8864197530864192,0.9382393397524068,0.5054205607476634,0.743654320987654,0.42712169572960024,0.8499999999999999,0.16060637464809818,0.4922101091741897,0.40404040404040403,0.5633802816901409,0.47058823529411764,0.8548387096774194,99,620,71
ANY,324,0.8077375915535789,0.4332423729757308,0.405585279916482,0.5311004784688995,0.9184977097051242,0.9492575401741958,0.4599334073251944,0.7247990940870119,0.39942044138893307,0.8817784256559767,0.15306918437772343,0.47160482286675054,0.3835616438356164,0.509090909090909,0.4375,0.8809917355371901,73,605,55
ANY,325,0.819964057937957,0.4875305082397917,0.5304079110012364,0.5649769585253458,0.9298365500046171,0.9384156570363464,0.54714695569015,0.7474067542649814,0.4816432648571057,0.8849530288305798,0.13771749264835756,0.43999909096993406,0.4782608695652174,0.4925373134328358,0.4852941176470588,0.8833333333333333,69,600,67
ANY,326,0.8125093306370621,0.5091508632125721,0.4705414012738856,0.5554511278195492,0.9142599277978336,0.9374669487043888,0.5094827586206899,0.7348555278086912,0.4377739516794049,0.8709750566893424,0.14778025335993236,0.45929341511721733,0.4473684210526316,0.5,0.4722222222222222,0.8737541528239202,76,602,68
ANY,327,0.8101135735516503,0.49890694434856364,0.5514167073766492,0.5078740157480318,0.9305014191106904,0.9183037048102777,0.5287504391614947,0.7191877174293609,0.45377735725183654,0.8696469063816001,0.14932860286261992,0.4666143340887914,0.4788732394366197,0.4358974358974359,0.4563758389261745,0.8638655462184874,71,595,78
ANY,328,0.8227686431086518,0.5175781191537511,0.49502858563261243,0.49392361111111105,0.9243050897980476,0.9239952322419638,0.49447548106765976,0.7091143504545794,0.41862607061634405,0.8680919987042435,0.1492691053441916,0.4612365310206696,0.46835443037974683,0.46835443037974683,0.46835443037974683,0.865814696485623,79,626,79
ANY,329,0.7648665501340648,0.34334267363593096,0.325873623743418,0.41427050053248127,0.897891855638334,0.9278810130376138,0.3647933552146828,0.6560811780854077,0.28144741126334116,0.8464042759961129,0.16026185802604656,0.4895274366507434,0.3116883116883117,0.38095238095238093,0.34285714285714286,0.8525641025641025,77,624,63
ANY,330,0.7925229409351032,0.4665530254238167,0.3661832155696049,0.4704570791527313,0.9078090910730058,0.9380507890373182,0.41182211069287633,0.6891330851128685,0.33923654251141716,0.8633300939423388,0.1633264017501674,0.49440789911087396,0.35802469135802467,0.46774193548387094,0.40559440559440557,0.859271523178808,81,604,62
ANY,331,0.7948414822360748,0.5162709280654897,0.4663051897753675,0.48824006488240035,0.909186766838012,0.9161907291805018,0.47702060221870013,0.6987134158602064,0.3898899090982214,0.8503401360544218,0.15923173963127038,0.48992487184377875,0.47126436781609193,0.47674418604651164,0.47398843930635837,0.8522727272727273,87,616,86
ANY,332,0.7735095423712909,0.3861081448004355,0.3556361986845089,0.5016797312430011,0.8976013263890145,0.9411397906352748,0.41621872718826725,0.6996405288160078,0.3442339769624593,0.857515387107224,0.15480496265531057,0.4878073353330814,0.31645569620253167,0.46296296296296297,0.37593984962406013,0.8554006968641115,79,574,54
ANY,333,0.841363595852824,0.5316563223588138,0.5108481262327416,0.5682593856655288,0.9166168559473998,0.932679514957996,0.5380265435660703,0.7424381208064643,0.46374132413664887,0.8703271784904438,0.15071377276671757,0.4698347772243738,0.45569620253164556,0.5,0.4768211920529801,0.8661016949152542,79,590,72
ANY,334,0.778278795282843,0.48616277100807376,0.4360902255639096,0.5359342915811082,0.9139689013510067,0.9407057588875769,0.48088438507600145,0.7249515964660578,0.41173015008464475,0.8722222222222223,0.15223808619771845,0.47752006893409543,0.4675324675324675,0.5294117647058824,0.496551724137931,0.8779264214046822,77,598,68
ANY,335,0.778548892984393,0.476957171571807,0.33057020849032914,0.4470868014268731,0.904570927255474,0.9394733906058237,0.3800996461838402,0.6758288643411734,0.308160540470969,0.8609491415613864,0.156127179014521,0.481268100289646,0.325,0.4406779661016949,0.37410071942446044,0.8583061889250815,80,614,59
ANY,336,0.7961020697582355,0.510148639222288,0.4933390631714654,0.4943481537302188,0.9100875102476597,0.9104173024107414,0.49384309297198486,0.7022178319889392,0.40409587203971126,0.8475380628441852,0.15857195908082464,0.4934788408279437,0.4823529411764706,0.4606741573033708,0.47126436781609193,0.8443316412859561,85,591,89
ANY,337,0.759925286089886,0.41594914097103936,0.39820359281437145,0.4126357354392894,0.9190836062873974,0.9234262391528163,0.40529122515409677,0.6658596708633433,0.32663563207314067,0.8609167476514417,0.15589616650923058,0.4899926461664715,0.3939393939393939,0.38235294117647056,0.3880597014925373,0.8644628099173554,66,605,68
ANY,338,0.7967769317288358,0.4647009300002807,0.43237704918032777,0.5723327305605791,0.8922737879180713,0.935698749320283,0.4926070038910507,0.732303259239325,0.41353405576520286,0.8521541950113379,0.1616469050057894,0.4979437544011857,0.38202247191011235,0.5151515151515151,0.43870967741935485,0.8489583333333334,89,576,66
ANY,339,0.7320069201062717,0.45482711390864133,0.40254761315854576,0.4823651452282164,0.9121508583066626,0.9348976777127519,0.43885668059862515,0.6972580017674392,0.36486650650095215,0.8651765468091998,0.1532384680422163,0.490804808507103,0.35443037974683544,0.45161290322580644,0.3971631205673759,0.8611111111111112,79,612,62
ANY,340,0.8402106797462184,0.5653380561003705,0.5156064369802357,0.6332404828226554,0.917252449216804,0.9473142661153561,0.5684010001190619,0.7752464660197298,0.504811425335105,0.8825720764496272,0.14946624225547528,0.46493397228506034,0.5106382978723404,0.631578947368421,0.5647058823529412,0.8817891373801917,94,626,76
ANY,341,0.8209578753972663,0.5445492599388653,0.48033924441017795,0.5503533568904596,0.9123309053069716,0.9323408214807921,0.512968299711816,0.7313421310987155,0.4369674722566319,0.8658730158730159,0.1497903635798069,0.46596229129249706,0.4823529411764706,0.5324675324675324,0.5061728395061729,0.867109634551495,85,602,77
ANY,342,0.824527568262173,0.5177571422488975,0.48748325950345106,0.6162260711030082,0.9079743252991991,0.9433628658735802,0.544346025537789,0.7621001982011036,0.47523647767295224,0.8716877227081309,0.1544471464637141,0.4743667303156524,0.45454545454545453,0.5714285714285714,0.5063291139240507,0.8675721561969439,88,589,70
ANY,343,0.8251701400520743,0.5077412243017122,0.4651068570849788,0.5979945305378301,0.9023140526442349,0.9404823876453234,0.5232452142206013,0.7501542915910326,0.45046618117779,0.8644638807904115,0.15351704410524364,0.47397914712125133,0.42391304347826086,0.5571428571428572,0.48148148148148145,0.8629690048939641,92,613,70
ANY,344,0.8417522820740824,0.5550661391908329,0.547069271758437,0.581132075471698,0.9342783505154638,0.9422926956069666,0.5635864592863677,0.757705212993581,0.5022173434497443,0.8918367346938774,0.1381477310255265,0.44011608048204776,0.5352112676056338,0.5507246376811594,0.5428571428571428,0.8913412563667232,71,589,69
ANY,345,0.8202767536340856,0.49131947568078715,0.47610294117647095,0.551650692225772,0.9276741530262653,0.9455509570615619,0.5111001480019736,0.7396624226260187,0.449565556424047,0.8876417233560091,0.14485414154426438,0.4502068510802656,0.4126984126984127,0.4642857142857143,0.4369747899159664,0.8894389438943895,63,606,56
ANY,346,0.8029287468413854,0.528373262460867,0.49645948072383983,0.5520559930008752,0.9166341018627068,0.9321764472115511,0.522783761391881,0.7343450474317907,0.4482158115528478,0.8693877551020407,0.15362332945362886,0.4778019455814829,0.4819277108433735,0.5263157894736842,0.5031446540880503,0.8676716917922948,83,597,76
ANY,347,0.8225418407813261,0.42428958737700945,0.2996249838355102,0.4454912516823688,0.9042077150285641,0.946599514877701,0.35828050100510284,0.6748494833554665,0.2934356024393214,0.8655652737285389,0.14618358435710027,0.4514028984496569,0.2948717948717949,0.4339622641509434,0.3511450381679389,0.864,78,625,53
ANY,348,0.8414452688898422,0.5713617053454344,0.5096830033538888,0.6434034416826003,0.9167187327722447,0.950263824599501,0.5687896166616355,0.7800610872274224,0.5075691257423579,0.8843051506316812,0.140381829459461,0.4480906968170281,0.47058823529411764,0.6060606060606061,0.5298013245033113,0.8771626297577855,85,578,66
ANY,349,0.7766357792843133,0.46732234152786184,0.45099999999999946,0.5250291036088469,0.9310388142193189,0.9478260869565217,0.4852071005917154,0.7280339589140832,0.42648772907765636,0.8914965986394559,0.14201016406203762,0.4549754752620076,0.42857142857142855,0.4909090909090909,0.4576271186440678,0.8933333333333333,63,600,55
ANY,350,0.8114552776959323,0.45793682741249414,0.44798301486199615,0.5175797219950944,0.89732789258918,0.9203456190090455,0.48027314112291386,0.707453807292137,0.3909249990247721,0.8446712018140589,0.16957507033010247,0.5150208810756451,0.44047619047619047,0.47435897435897434,0.4567901234567901,0.851602023608769,84,593,78
ANY,351,0.8283976077423549,0.5592548060226663,0.4238475856783086,0.5821052631578947,0.9044835723361773,0.9471743304123025,0.49052778305771977,0.743294417747036,0.42489424812923704,0.8697602850664073,0.14903381439880034,0.4577853324157866,0.43529411764705883,0.5606060606060606,0.4900662251655629,0.8731466227347611,85,607,66
ANY,352,0.8745345187623935,0.5910744054266609,0.5415595544130246,0.6528925619834709,0.9318644931227711,0.95609564876519,0.5920374707259952,0.7923785275531211,0.5394510089607687,0.9012471655328799,0.13144481258726934,0.4196414325035598,0.4861111111111111,0.5932203389830508,0.5343511450381679,0.8998357963875205,72,609,59
ANY,353,0.8678581744261696,0.6527893803399196,0.5629864514269252,0.6374714394516383,0.9134522065120171,0.9350904876005687,0.5979181549137677,0.7754618229818273,0.5238342898469354,0.8723679948169744,0.14549742809981633,0.45260817007651366,0.5483870967741935,0.6,0.5730337078651685,0.8733333333333333,93,600,85
ANY,354,0.8307583331849505,0.525164152799385,0.43083041378657316,0.5721830985915493,0.8882464490220868,0.9335274233572364,0.49154648085129365,0.7302147738068181,0.40958651604466584,0.8475380628441853,0.15521635896818678,0.48173156314689614,0.4270833333333333,0.5394736842105263,0.47674418604651164,0.8471986417657046,96,589,76
ANY,355,0.7479451414370794,0.37994924599737473,0.3457230142566192,0.3725992317541614,0.9314946777317721,0.9385832975218452,0.3586583325997007,0.6520469547429668,0.2940337018782717,0.8820051830255913,0.1483575214909004,0.4664632917544104,0.3392857142857143,0.36538461538461536,0.35185185185185186,0.8799313893653516,56,583,52
ANY,356,0.8168002704722368,0.535066155208044,0.5373574266307826,0.6168898043254377,0.9342955426532951,0.9517214528060515,0.5743835616438354,0.7755926734893663,0.5192043064751691,0.8993521218011015,0.1414751253841583,0.45039871177574736,0.4696969696969697,0.5344827586206896,0.5,0.8980263157894737,66,608,58
ANY,357,0.834149289434836,0.6324436569640688,0.5409318996415772,0.5352532274081433,0.9414528898721908,0.9401807723911253,0.5380775812892187,0.7383530586401669,0.47890432641507436,0.8950761256883706,0.12792511444129867,0.41218543589774337,0.5068493150684932,0.5285714285714286,0.5174825174825175,0.8861386138613861,73,606,70
ANY,358,0.8253528119013047,0.5242021899396635,0.5028887214267775,0.5416666666666669,0.9271730330462937,0.9370002603295023,0.521557900221441,0.7344198498564801,0.45413370070239645,0.8810171687722709,0.1407139074825436,0.4418244808382683,0.4605263157894737,0.5223880597014925,0.48951048951048953,0.8795379537953796,76,606,67
ANY,359,0.7779058298460699,0.46160008697389165,0.38686296715741814,0.5350877192982456,0.90219669051232,0.9439047439047437,0.44906007624556343,0.7186422049052829,0.38031508426068117,0.8642371234207968,0.15744964810285872,0.48629651092736925,0.35294117647058826,0.5,0.41379310344827586,0.8648648648648649,85,629,60
ANY,360,0.7714535388441944,0.4635857646572298,0.3889305213574564,0.5891032917139614,0.8972882514890325,0.9516402984789787,0.46853237038947637,0.743195771601497,0.40700217030152575,0.866504697116942,0.158591735347744,0.49086082112013224,0.30864197530864196,0.49019607843137253,0.3787878787878788,0.8603066439522998,81,587,51
ANY,361,0.800198524287707,0.5049105445931441,0.43215475749722393,0.5987432675044883,0.8862667309332241,0.9385699701586302,0.5019890334372653,0.7425049992188562,0.42403443207030606,0.8499514091350826,0.168956035232481,0.5218131162448488,0.4105263157894737,0.5571428571428572,0.4727272727272727,0.8559602649006622,95,604,70
ANY,362,0.7592186255622284,0.40452032908091323,0.3979160218714539,0.5262655205348616,0.8927422763779381,0.9332910638461389,0.4531782399248035,0.7095038984563997,0.37252966500459705,0.8492387431162942,0.16441107957793843,0.5054230014712875,0.32941176470588235,0.45161290322580644,0.38095238095238093,0.8468013468013468,85,594,62
ANY,363,0.7798951654845329,0.4857756689227222,0.442516268980478,0.5266781411359731,0.8993209715330369,0.9260454484335078,0.4809430255402758,0.7129995563345046,0.3962410435355278,0.8502267573696145,0.15925178463238818,0.4935355496231783,0.42857142857142855,0.5,0.46153846153846156,0.8495867768595041,91,605,78
ANY,364,0.7699979367436518,0.3955400798802758,0.42083333333333317,0.5195473251028809,0.9114424057084608,0.9387139107611548,0.4650092081031308,0.7154948654056708,0.39365107639411223,0.8682539682539682,0.15502680465803556,0.4845963904799845,0.4,0.5161290322580645,0.4507042253521127,0.8725490196078431,80,612,62
ANY,365,0.8021272638725141,0.4430124391338849,0.3787128712871291,0.4983713355048861,0.9046714774022023,0.9392744479495266,0.43037974683544333,0.7015214064535442,0.35799791006921505,0.8622448979591837,0.1510724976982513,0.4741399406948658,0.358974358974359,0.45161290322580644,0.4,0.8611570247933884,78,605,62
ANY,366,0.8001127085826543,0.480997457479638,0.4394984326018808,0.6384335154826954,0.8842268842268844,0.945051903114187,0.5206089862606756,0.76133019985479,0.4483182264572942,0.8536281179138322,0.16968949602807024,0.5160824366211837,0.4095238095238095,0.6056338028169014,0.48863636363636365,0.8482293423271501,105,593,71
ANY,367,0.8429222804750169,0.5397476709134779,0.45881552076242244,0.5927880386983282,0.8965247950019524,0.9370153720582234,0.5172678434382185,0.7446564168501406,0.4400967346302207,0.8573696145124717,0.15578807853872653,0.4760952327844167,0.42857142857142855,0.5416666666666666,0.4785276073619632,0.8601973684210527,91,608,72
ANY,368,0.7648176406926409,0.36111175451304195,0.35313322801474467,0.5322222222222223,0.8892135642135642,0.9435926882955307,0.42456473567584685,0.7107178932178932,0.35362539486877964,0.8527858762552639,0.16406787770754677,0.5018940636806053,0.30952380952380953,0.48148148148148145,0.37681159420289856,0.8539898132427843,84,589,54
ANY,369,0.7913144411759891,0.5647773652241708,0.5169491525423724,0.5385232744783303,0.9172167942962764,0.9235575644775323,0.5275157232704398,0.7278700343873037,0.44805865855971194,0.8637188208616778,0.15706246382361894,0.4875319292489922,0.5294117647058824,0.5357142857142857,0.5325443786982249,0.8719611021069692,85,617,84
ANY,370,0.7946734892923375,0.45744511419400247,0.47380920965826606,0.5480769230769224,0.9277379140392836,0.9453296652572883,0.5082442856131905,0.7379074185581034,0.446578655442706,0.8874473598963396,0.1396392499916083,0.44651250496252204,0.463768115942029,0.5245901639344263,0.49230769230769234,0.8901830282861897,69,601,61
ANY,371,0.8588928520941883,0.5345131013446077,0.46931988843595845,0.6510416666666672,0.9100872410032714,0.9552634591170971,0.5454432115696303,0.780564453834969,0.48810448679282903,0.8818918043407838,0.14184235860767633,0.44732007133460605,0.4444444444444444,0.625,0.5194805194805194,0.8760469011725294,90,597,64
ANY,372,0.7650804030987808,0.4434309566730332,0.4307043949428056,0.4416594641313742,0.9118584664715421,0.9153738186581827,0.4361131431358205,0.6767589653014582,0.34977829249250947,0.8501781665046971,0.15673178019693298,0.4820659509103255,0.4,0.42105263157894735,0.41025641025641024,0.8499184339314845,80,613,76
ANY,373,0.810455115257493,0.4554871572644248,0.4441506939854593,0.5538461538461542,0.9073448402497244,0.9383236489309177,0.49296980070913327,0.7305954970479391,0.41999252663085757,0.8656624554583738,0.15245362333250492,0.4713970056051383,0.36470588235294116,0.47692307692307695,0.41333333333333333,0.8569105691056911,85,615,65
ANY,374,0.8771227923820242,0.5665150898344206,0.5448161513703308,0.7018469656992085,0.9132221416485377,0.9539106959038204,0.6134416867999123,0.807534553673873,0.5538514934197324,0.8859734369938451,0.13859733059976373,0.4377243095126705,0.4772727272727273,0.6363636363636364,0.5454545454545454,0.8809523809523809,88,588,66
ANY,375,0.8572080844389953,0.613983902105246,0.5234963402991415,0.6485740570377188,0.9170161275424432,0.9488845984745664,0.5793613524301484,0.7827950922900808,0.5168887910887322,0.8839326206673146,0.146343459189388,0.45824228290049274,0.5113636363636364,0.625,0.5625,0.8837209302325582,88,602,72
ANY,376,0.7851117767054057,0.3398472287552139,0.32877733598409514,0.5228215767634855,0.9046913318865895,0.9550212322133651,0.40369211991761367,0.7137564543250374,0.3483210463937304,0.8733884029802398,0.15929180627756287,0.48716267995798856,0.3026315789473684,0.4791666666666667,0.3709677419354839,0.8723404255319149,76,611,48
ANY,377,0.8268010470739144,0.5517012645267078,0.4447827852212746,0.5296108291032146,0.8976919911719593,0.924992291088498,0.483504358380227,0.7136514101375871,0.3974996012257543,0.8483641075477809,0.15010016404194262,0.4673643959974154,0.43,0.5308641975308642,0.47513812154696133,0.8465266558966075,100,619,81
ANY,378,0.8034829332585655,0.5512266352044166,0.4930176077717059,0.5183199285075959,0.9225518021778244,0.9294832258667411,0.5053522529250682,0.7204358653427103,0.43158854681538367,0.8712666018788467,0.13840849783003945,0.4457063445027555,0.4880952380952381,0.5189873417721519,0.5030674846625767,0.8691437802907916,84,619,79
ANY,379,0.7624857551731749,0.4230903991456548,0.4126984126984128,0.4966292134831464,0.9206809583858763,0.9421860885275519,0.4507904130545642,0.7086550859345111,0.3848336162554671,0.8778911564625852,0.15144224915106783,0.4764719364547821,0.391304347826087,0.46551724137931033,0.4251968503937008,0.880718954248366,69,612,58
ANY,380,0.8234971846424658,0.5429845494945218,0.6101265822784814,0.5878048780487807,0.9391304347826085,0.9335952848722985,0.5987577639751556,0.7634676564156945,0.5352627879465962,0.8901360544217688,0.1418588797964821,0.4448858042126533,0.5151515151515151,0.4857142857142857,0.5,0.8872305140961857,66,603,70
ANY,381,0.8329209426194317,0.46554072617183967,0.3863901869158873,0.5173357664233571,0.8834245764592731,0.9280523820626407,0.44237628176549204,0.7003801714413154,0.3549874811324058,0.8379332685455134,0.1529826075824249,0.47690539554519656,0.3711340206185567,0.4931506849315068,0.4235294117647059,0.8411669367909238,97,617,73
ANY,382,0.8199401186969506,0.5657836870290756,0.47351194084131454,0.6085059978189749,0.9214945499900575,0.9530201342281877,0.5325879465503139,0.7650002739045162,0.47546002297244655,0.8889536767087787,0.15023909426065665,0.4704996754712421,0.4578313253012048,0.59375,0.5170068027210885,0.8828382838283828,83,606,64
ANY,383,0.8217074757422913,0.527028775449175,0.549111111111111,0.6348920863309353,0.9247905700941508,0.9461130072051575,0.5888941849380361,0.7798413282125432,0.5264678053452274,0.8882410106899903,0.14271357326651277,0.45144412198179923,0.4675324675324675,0.5538461538461539,0.5070422535211268,0.8805460750853242,77,586,65
ANY,384,0.792138784053104,0.4269828950005953,0.3862876254180602,0.46533490011750867,0.9210512163203841,0.9416281797522175,0.42214269397700444,0.6931930582189465,0.35595240479360135,0.877081308713962,0.14466651537534606,0.46579875992979924,0.375,0.45,0.4090909090909091,0.8721311475409836,72,610,60
ANY,385,0.8207976098113827,0.4883556398364314,0.47581197752500987,0.5108135942327495,0.9303823963016217,0.938926951123193,0.49269192564211695,0.7205979952671857,0.42776296291066174,0.884191771946874,0.14018631686140728,0.44609941330931574,0.44285714285714284,0.484375,0.4626865671641791,0.8813838550247117,70,607,64
ANY,386,0.8372865102423415,0.5625142652086601,0.4794766546947152,0.5149469623915136,0.9255153172665698,0.9347286074447573,0.49657920956492835,0.720231139829042,0.42713205687272676,0.8772432782636864,0.13609921035787398,0.43240463747339003,0.4594594594594595,0.5,0.4788732394366197,0.8768718801996672,74,601,68
ANY,387,0.813949340335292,0.5760949806974189,0.4229010604144367,0.6082272282076396,0.8913413807631014,0.9455898641689823,0.49890967519797974,0.7497843044853705,0.42905302540884194,0.8585681891804341,0.16034485121314415,0.4920491502103623,0.4020618556701031,0.582089552238806,0.47560975609756095,0.8597063621533442,97,613,67
ANY,388,0.8661017581843293,0.5623429698005488,0.5405405405405406,0.6346483704974272,0.917820747321662,0.9428264662461415,0.5838264299802762,0.7762345589095445,0.516764302000721,0.8803854875283446,0.1444908882825599,0.45265826362899964,0.5411764705882353,0.6052631578947368,0.5714285714285714,0.8828522920203735,85,589,76
ANY,389,0.8291778873338989,0.4699739335657135,0.42325940637757964,0.5708333333333333,0.9049981824790981,0.9452512481728267,0.4860926313121717,0.7379157579062157,0.41874692040390066,0.868626498218335,0.14370926881564333,0.45344332358566086,0.37209302325581395,0.5245901639344263,0.43537414965986393,0.8623548922056384,86,603,61
ANY,390,0.7963621213947139,0.49091947931419666,0.4537333944113609,0.5620655412115194,0.9127827247627578,0.9417635073951099,0.5021228059058364,0.7374241329871386,0.43336014816893537,0.872740524781341,0.1534510663938522,0.4784044157186131,0.43209876543209874,0.5384615384615384,0.4794520547945205,0.8739635157545605,81,603,65
ANY,391,0.8019241297158106,0.5374082685563158,0.5030395136778107,0.5462046204620455,0.9140378548895899,0.9267057569296374,0.5237341772151891,0.730121237675818,0.44473253435636056,0.8634920634920633,0.1518412448284,0.47625013538258976,0.4880952380952381,0.5189873417721519,0.5030674846625767,0.8669950738916257,84,609,79
ANY,392,0.8557917222458482,0.4390631497323186,0.41016269747701006,0.5565509518477051,0.9098379859071165,0.9479514814675728,0.47227312835132035,0.7331944688774104,0.4086814058810413,0.8740686750890834,0.1435406503785202,0.44655784175519087,0.3974358974358974,0.5166666666666667,0.4492753623188406,0.8762214983713354,78,614,60
ANY,393,0.8267106772937671,0.5498652584422226,0.4894237782640401,0.5705782312925164,0.9084249084249083,0.9322056651899583,0.5268943855516286,0.7395015698587126,0.4494016324088917,0.8633786848072563,0.15231501450501927,0.4716792032302354,0.4835164835164835,0.55,0.5146198830409356,0.8639344262295082,91,610,80
ANY,394,0.7538263416454125,0.4135662188513048,0.3855831349880992,0.47787610619469006,0.9007524578458831,0.9297579227847382,0.4267971396311628,0.6893142820202867,0.34553890068639814,0.8519922254616132,0.16117616388186076,0.4976416561477084,0.36585365853658536,0.44776119402985076,0.40268456375838924,0.8511705685618729,82,598,67
ANY,395,0.8092695081840983,0.5417019361997157,0.5261464199517295,0.5105386416861825,0.9218729274439581,0.9172495710703444,0.5182250396196512,0.7162057845650704,0.43786933693040075,0.8621315192743764,0.15243050074118483,0.47694831421061346,0.5324675324675324,0.4880952380952381,0.5093167701863354,0.8651877133105802,77,586,84
ANY,396,0.7701547636547744,0.5342109405990274,0.4872521246458923,0.5157421289355321,0.9032861341170184,0.9127969762419006,0.5010924981791696,0.7095141315262754,0.4094287238100751,0.8446712018140589,0.16081668407859315,0.503933675164486,0.4895833333333333,0.5280898876404494,0.5081081081081081,0.8457627118644068,96,590,89
ANY,397,0.8032390624576595,0.5549055763593501,0.45679605816608654,0.5344488188976384,0.9172585487295892,0.9380183080926262,0.49258083327933716,0.7258536838136136,0.4223038693691241,0.8731616456106251,0.15170765878238313,0.467627456544194,0.4457831325301205,0.5285714285714286,0.48366013071895425,0.8676716917922948,83,597,70
ANY,398,0.7407753256513596,0.40799536407440223,0.37054085155350935,0.5005440696409135,0.901097510260907,0.9394344957587181,0.4258414335779933,0.7008207899509105,0.352844141548502,0.8593618399740848,0.1625304636979437,0.5013619244330578,0.34146341463414637,0.4745762711864407,0.3971631205673759,0.8624595469255664,82,618,59
ANY,399,0.800151989899115,0.5259790198808211,0.45979532163742715,0.5797235023041476,0.9044602456367167,0.9388083735909825,0.5128414186710153,0.7420918739704321,0.4393147289799979,0.8645124716553289,0.15316085692070647,0.47712716160638496,0.4367816091954023,0.5428571428571428,0.4840764331210191,0.8620102214650767,87,587,70
ANY,400,0.8468997604251014,0.5389814430770444,0.45031380753138034,0.6035328753680075,0.903766916329408,0.9458029896512072,0.5157850596058223,0.7536498958487079,0.44827443458062016,0.8690800129575639,0.14404238618843332,0.4556581348327229,0.4318181818181818,0.5757575757575758,0.4935064935064935,0.8737864077669902,88,618,66
ANY,401,0.8091212613792775,0.3995212269669506,0.4304142181453348,0.4386503067484665,0.9276059314314861,0.9298248817632342,0.43449323591116273,0.6831281190899762,0.3632352097165748,0.8733884029802397,0.13991948394797823,0.4415600172663449,0.3709677419354839,0.3709677419354839,0.3709677419354839,0.868020304568528,62,591,62
ANY,402,0.8259530216319333,0.5170954306209002,0.42150374308343225,0.5873015873015874,0.9032743764172335,0.9480227709765244,0.4907781707933296,0.7452879818594105,0.4257708606217912,0.8694201490119857,0.14698677670619778,0.45353138455046205,0.4166666666666667,0.546875,0.47297297297297297,0.871499176276771,84,607,64
ANY,403,0.8289736072026631,0.6201868597754457,0.5748478283297224,0.6471544715447154,0.9224355354790136,0.9416296808653715,0.6088619352018794,0.7847950035118647,0.5423840227090325,0.884045999352122,0.15208492296111728,0.47558997825791594,0.5368421052631579,0.6296296296296297,0.5795454545454546,0.8802588996763754,95,618,81
ANY,404,0.7621410747341898,0.3822280563865697,0.36200623700623685,0.5135483870967744,0.9128118618485306,0.9511694175116571,0.4246627543632345,0.7131801244726523,0.3654116172535537,0.8777291869128604,0.15638817863879176,0.4921292419503594,0.3287671232876712,0.48,0.3902439024390244,0.8766447368421053,73,608,50
ANY,405,0.7648460728257307,0.44899208889833425,0.4075091575091579,0.5260047281323883,0.9188612992224728,0.9481107660455484,0.4592363261093915,0.7224330136774302,0.3977476871586076,0.8811791383219957,0.1539332070578524,0.4803148977766565,0.4084507042253521,0.5087719298245614,0.453125,0.8858075040783034,71,613,57
ANY,406,0.8663513093892838,0.6134439632396032,0.48633093525179844,0.676676676676677,0.9087073264288451,0.9565275908479137,0.5659271661783173,0.7926920015527608,0.5091584201578732,0.8824263038548753,0.14078330239136333,0.4455317498066838,0.4777777777777778,0.6515151515151515,0.5512820512820513,0.8861788617886179,90,615,66
ANY,407,0.85210316999589,0.5714693372431888,0.44875675675675664,0.598989898989899,0.9069695311074616,0.9470565822061342,0.5131025957972805,0.7529797150486803,0.44751032547484076,0.8724003887269193,0.15091819059400255,0.46183787503529905,0.44047619047619047,0.5692307692307692,0.4966442953020134,0.8796147672552167,84,623,65
ANY,408,0.8410273466862204,0.5536767881970837,0.4907749077490774,0.6666666666666666,0.9089409435829756,0.9539473684210525,0.5653560042507969,0.7878038051248211,0.5059501226515026,0.8807580174927114,0.14867876720353762,0.4632916460274444,0.45054945054945056,0.6212121212121212,0.5222929936305732,0.8794212218649518,91,622,66
ANY,409,0.8259796776302408,0.4202205353835195,0.33548387096774185,0.43961352657004826,0.9097847847847844,0.9400129282482221,0.38055410350235225,0.6746991556774165,0.310254921684925,0.8656462585034014,0.14413754018211491,0.4485528904338728,0.33766233766233766,0.4482758620689655,0.3851851851851852,0.8667736757624398,77,623,58
ANY,410,0.819309540485355,0.5223655067719754,0.47493379600036534,0.643847487001733,0.8928478252767321,0.9433538758392565,0.5466393399548058,0.7683476561392326,0.473806957167366,0.860268869452543,0.16648460634240067,0.5105661094882321,0.4387755102040816,0.589041095890411,0.5029239766081871,0.8559322033898306,98,590,73
ANY,411,0.7247926942167775,0.28251861665351474,0.3457910870077815,0.4387434554973823,0.8992098810280622,0.9295504900672196,0.3867607305333951,0.6689766682627222,0.3050452501788455,0.8493521218011014,0.16907532717581308,0.5242563522814228,0.30666666666666664,0.38333333333333336,0.34074074074074073,0.8531353135313532,75,606,60
ANY,412,0.8386496167145772,0.6083082541702711,0.5719406674907288,0.5508333333333333,0.935076865391826,0.9296738117427771,0.5611885991510004,0.7429550993625798,0.49369990002811465,0.882798833819242,0.13379138121788864,0.4283707069556057,0.5769230769230769,0.5487804878048781,0.5625,0.8863636363636364,78,616,82
ANY,413,0.7522564614982907,0.3612650282247679,0.39122807017543854,0.46750524109014685,0.911772184083397,0.9338541666666668,0.4259789875835721,0.6896387125867719,0.3511358052935216,0.863718820861678,0.14584040713033086,0.47589890394886203,0.352112676056338,0.4166666666666667,0.3816793893129771,0.8624787775891342,71,589,60
ANY,414,0.7625050341762805,0.4634526290576901,0.3499597747385355,0.5343980343980343,0.8990756932300772,0.9499802032466673,0.42294603791929974,0.7167368638140558,0.36057745398449403,0.8654195011337869,0.15972924599138436,0.48973051847482024,0.37037037037037035,0.5263157894736842,0.43478260869565216,0.8721311475409836,81,610,57
ANY,415,0.720025982326546,0.40984232313958296,0.30312500000000003,0.4110169491525425,0.886744540375825,0.9262599469496019,0.3489208633093525,0.6488807447641837,0.26134651992919045,0.835827664399093,0.17090046522324673,0.5235442898639656,0.3058823529411765,0.40625,0.348993288590604,0.8380634390651085,85,599,64
ANY,416,0.7394885715845481,0.42438764742295343,0.32840722495894886,0.5235602094240838,0.8984607745779541,0.9521178637200736,0.40363269424823395,0.711010492001019,0.3440748086704109,0.8659863945578231,0.16118980422739881,0.49547953880546763,0.3333333333333333,0.5192307692307693,0.40601503759398494,0.8702791461412152,81,609,52
ANY,417,0.787708387037434,0.5220727147587648,0.5025851938895417,0.529004329004329,0.9211070729661726,0.9284613939507795,0.515456462789997,0.7250557009852507,0.44047586082259704,0.8697602850664075,0.15335790067234878,0.47833847101347066,0.4936708860759494,0.5,0.4968152866242038,0.8681135225375626,79,599,78
ANY,418,0.7858703916310684,0.46574319006737147,0.4353584797005473,0.5543199315654406,0.8901544149224188,0.9289374719900234,0.48768949575314496,0.7222371732439297,0.40239309767420045,0.8456430191124069,0.16620779755011994,0.5134473868262531,0.42,0.5316455696202531,0.4692737430167598,0.8414023372287145,100,599,79
ANY,419,0.7815942675556251,0.4732147975811424,0.448065173116089,0.5045871559633021,0.9318067438349268,0.9448838989538145,0.474649406688241,0.7181969498991148,0.4141021347236464,0.8895691609977326,0.1374131646573499,0.4391062698845867,0.42857142857142855,0.47368421052631576,0.45,0.8901830282861897,63,601,57
ANY,420,0.7952816477720972,0.3813885610902047,0.3961291679814878,0.5321463897131553,0.8949746629347085,0.9366109547604003,0.45417269657501236,0.7135605263239319,0.3769884765927127,0.8533851635892451,0.15653162423426017,0.4854291037610138,0.3522727272727273,0.484375,0.40789473684210525,0.8514851485148515,88,606,64
ANY,421,0.8119224932055658,0.5607431696662338,0.4656763925729449,0.5684496826835906,0.9067735426424035,0.9363088980215998,0.511956141374082,0.7376116126629969,0.4370729302186841,0.8644638807904116,0.1524686286637671,0.4746968555716584,0.45348837209302323,0.5342465753424658,0.49056603773584906,0.8656716417910447,86,603,73
ANY,422,0.8340270083808159,0.6209262140171531,0.5404475043029255,0.5998089780324733,0.931300656117329,0.9452859754505091,0.5685830692621091,0.7655548170749015,0.5079150821999255,0.8919501133786848,0.14097667829272967,0.4500204776328695,0.5454545454545454,0.5833333333333334,0.5637583892617449,0.8948220064724919,77,618,72
ANY,423,0.7837955991804461,0.4860147674943893,0.4067764527730455,0.511240632805995,0.8824742654641586,0.919705319107359,0.4530648816739577,0.6968574491350767,0.35852578373521876,0.8319241982507289,0.1743899091047776,0.530970497365958,0.38613861386138615,0.4936708860759494,0.43333333333333335,0.8360128617363344,101,622,79
ANY,424,0.8304435730924555,0.5469174102285934,0.5007776049766725,0.49950641658440337,0.9353876557668024,0.9350796641483892,0.5001412030499864,0.7174470361756026,0.435375404373827,0.8853255587949465,0.13874544123879862,0.44095543954217814,0.4857142857142857,0.4788732394366197,0.48226950354609927,0.8846761453396524,70,633,71
ANY,425,0.8502515751175791,0.5640118694305336,0.5505617977528086,0.6347457627118641,0.9199700822737474,0.9422218817626444,0.589664286115953,0.7773579224928059,0.5228335444264587,0.8818108195659217,0.14929833866641318,0.46313481672782253,0.5232558139534884,0.6,0.5590062111801242,0.8765217391304347,86,575,75
ANY,426,0.8207091682043011,0.5821765880603837,0.5290484664503302,0.5636221701795474,0.9147480719307219,0.925019640906739,0.5457883369330457,0.7391851210551346,0.46606080123837124,0.8637512147716229,0.14953012844913421,0.46413837230614036,0.5,0.5348837209302325,0.5168539325842697,0.8557046979865772,92,596,86
ANY,427,0.8538699562465536,0.5304513208116522,0.4824695121951216,0.6317365269461078,0.9131491430033254,0.9508524240809801,0.5471045808124457,0.7724428349747166,0.4859124546166615,0.8811791383219952,0.14855179141854735,0.4656501997116995,0.47619047619047616,0.6060606060606061,0.5333333333333333,0.8858075040783034,84,613,66
ANY,428,0.7980854468980245,0.4484721379116441,0.4240579710144922,0.3772563176895305,0.9263855957320685,0.9119256017505467,0.39929039301310004,0.6518209567107995,0.3194036551334399,0.8574020084224165,0.1510412649266529,0.4695270799474111,0.4307692307692308,0.3684210526315789,0.3971631205673759,0.8583333333333333,65,600,76
ANY,429,0.7643849994713323,0.4804304993240234,0.3146315789473688,0.49651162790697645,0.883147882268485,0.9419793261868299,0.3851804123711342,0.6898297550877308,0.31212941314290055,0.8454486556527372,0.16455717513356194,0.5113735481152186,0.30434782608695654,0.49122807017543857,0.37583892617449666,0.845771144278607,92,603,57
ANY,430,0.8379568616890821,0.5038954012451065,0.4974960042621207,0.6643426294820716,0.9138031876005263,0.9549422213733167,0.5689392554682265,0.7890729085412991,0.5114442957345408,0.8854065435698089,0.14438098918261064,0.46035845625301536,0.43209876543209874,0.603448275862069,0.5035971223021583,0.8846153846153846,81,598,58
ANY,431,0.865133902115081,0.4545015093366615,0.3692393114936147,0.5668257756563251,0.898342699645631,0.9518156821845073,0.4471790733642662,0.7325842376509779,0.38645137067596397,0.8668448331713637,0.15821016494922951,0.48393381126941154,0.3764705882352941,0.5517241379310345,0.44755244755244755,0.8711256117455138,85,613,58
ANY,432,0.8158719431433168,0.43299524905225667,0.3752808988764044,0.5610302351623745,0.8947899583701274,0.947628590514362,0.4497307001795333,0.7279100967662507,0.3836517508725602,0.8609977324263038,0.16516091364658067,0.5034272543634298,0.36904761904761907,0.5166666666666667,0.4305555555555556,0.8660130718954249,84,612,60
ANY,433,0.8729649169180179,0.6456238993618981,0.5489243580846639,0.6754910333048678,0.915021571447248,0.9485025071147851,0.6056661562021443,0.7952563023760577,0.5419749383897804,0.8832199546485262,0.15009576491350343,0.46255612477060315,0.5483870967741935,0.6623376623376623,0.6,0.8860971524288107,93,597,77
ANY,434,0.7947229385442462,0.384760685942094,0.3847837281153455,0.5213675213675216,0.9146713803631689,0.9491588230934559,0.4427820161469525,0.7180194508653451,0.38159133018221214,0.8781503077421444,0.15348661333502295,0.4794184146321768,0.3561643835616438,0.48148148148148145,0.4094488188976378,0.8813291139240507,73,632,54
ANY,435,0.7982007364089235,0.5271135455833373,0.5117540687160939,0.5031111111111111,0.9298245614035089,0.9275343531241899,0.5073957866427609,0.71646783625731,0.43610047963434945,0.8753968253968254,0.1523988535969859,0.47103925081932996,0.49295774647887325,0.47297297297297297,0.4827586206896552,0.8715753424657534,71,584,74
ANY,436,0.7228576532660301,0.38642613684100596,0.38472126634549236,0.5411423039690227,0.8851932708360086,0.9356590199538481,0.44971842316975097,0.7131677874025154,0.36958018550191474,0.8448979591836734,0.1715141018375672,0.5328837450214869,0.34782608695652173,0.5,0.41025641025641024,0.8451178451178452,92,594,64
ANY,437,0.7993710531522902,0.40944545019184236,0.38044391121775684,0.49834983498349816,0.9067482890008484,0.9402303155135284,0.43148727718056895,0.7025490619921734,0.36042270691366673,0.864658244250081,0.15579597720864466,0.4833605320859223,0.3924050632911392,0.484375,0.43356643356643354,0.8658940397350994,79,604,64
ANY,438,0.7938453141225574,0.43971724965914966,0.39058999253174054,0.5963511972633976,0.8972680347475759,0.9526801229782113,0.4720216606498197,0.7468096160054869,0.4116366489883289,0.8673469387755103,0.16431481012088148,0.5027639296665748,0.3614457831325301,0.5555555555555556,0.43795620437956206,0.8718801996672213,83,601,54
ANY,439,0.8200403700887892,0.5347342880236273,0.4820031298904535,0.6033300685602351,0.9151173227336841,0.9463007159904536,0.5358851674641147,0.7592236956469596,0.47122501162195246,0.8790249433106576,0.15033970885080628,0.47509256808265926,0.4383561643835616,0.5333333333333333,0.48120300751879697,0.8791593695271454,73,571,60
ANY,440,0.8122743430523444,0.4811785880408212,0.3947169811320751,0.5522703273495247,0.8981328591388288,0.9434289526350899,0.4603873239436617,0.7252015932441768,0.39025889620457316,0.860997732426304,0.15851189574465907,0.48399271111248704,0.3956043956043956,0.5373134328358209,0.45569620253164556,0.8587848932676518,91,609,67
ANY,441,0.8229053118537215,0.5296189565120268,0.4180238870792621,0.5253104106972305,0.9014905074341585,0.9337711783742622,0.46556623737831837,0.7134004590656944,0.38748736357416314,0.8568351149983803,0.15584997237087098,0.4741955113660553,0.38372093023255816,0.5,0.4342105263157895,0.8549747048903878,86,593,66
ANY,442,0.8407192907155252,0.6389662630338542,0.5874233128834353,0.6103585657370516,0.9288830138797093,0.9349387972325705,0.5986713559984367,0.7696207898083806,0.5307347448499102,0.8835600907029477,0.14441422032054577,0.46092839660426005,0.5747126436781609,0.5952380952380952,0.5847953216374269,0.8784246575342466,87,584,84
ANY,443,0.8596009754753631,0.5586858898879155,0.5403251179863662,0.5855210819411302,0.9172097240324135,0.9301407911119625,0.5620159266935751,0.7513654029867716,0.48633086028348926,0.8699384515711045,0.1523760126770244,0.47248453815515773,0.47126436781609193,0.5256410256410257,0.49696969696969695,0.8686708860759493,87,632,78
ANY,444,0.81805121952703,0.5251553404441897,0.5396132252027444,0.6450410141685303,0.9013237063778583,0.9340446168768187,0.5876358695652167,0.7731823602731944,0.5087140007139636,0.862358276643991,0.16498323593766923,0.5033443502134309,0.4673913043478261,0.5657894736842105,0.5119047619047619,0.8581314878892734,92,578,76
ANY,445,0.8309831514377741,0.5644476386357005,0.5549562385507836,0.5919452887537994,0.9167491623515078,0.9275917864159957,0.5728542914171656,0.7543472255526537,0.49544878917242935,0.8682863621639131,0.14475614382899632,0.453726823098769,0.5222222222222223,0.5595238095238095,0.5402298850574713,0.863013698630137,90,584,84
ANY,446,0.8689675827793009,0.6032831009782732,0.5437710437710439,0.5953917050691245,0.9299288946347768,0.9424790356394128,0.5684117905851299,0.7626602998519505,0.5054079375336028,0.8887755102040816,0.14318236397622966,0.4480126207615295,0.5324675324675324,0.5694444444444444,0.5503355704697986,0.893312101910828,77,628,72
ANY,447,0.8967901372227207,0.6066309866456535,0.5724409448818902,0.7051406401551891,0.9302863011939919,0.9597350993377486,0.6318991742720559,0.8177134706745905,0.5815143988224124,0.9039682539682539,0.13881581386031133,0.43439831026967524,0.56,0.65625,0.60431654676259,0.902135231316726,75,562,64
ANY,448,0.8062475915208015,0.5113376415142421,0.518300378628523,0.5057471264367814,0.9368937389770721,0.9338570565291434,0.5119468107209637,0.7213204327069268,0.4473738463539165,0.8858600583090378,0.14126057634716727,0.4493529171082192,0.5,0.4714285714285714,0.4852941176470588,0.8863636363636364,66,616,70
ANY,449,0.8246798559631835,0.5088485323678946,0.49867139061116067,0.4836769759450177,0.9260710553814,0.9218567156416588,0.49105974705625866,0.7048740156632086,0.41510307593960194,0.867687074829932,0.1460970740416135,0.45614144491601255,0.4861111111111111,0.4605263157894737,0.47297297297297297,0.8708609271523179,72,604,76
ANY,450,0.8218412124530402,0.46350565020314244,0.397003745318352,0.5160662122687435,0.8967021686128575,0.9336005344021374,0.44877222692633334,0.7063841904408006,0.3694089783055556,0.8523809523809525,0.1601967791297014,0.4867555698407702,0.4024390243902439,0.4782608695652174,0.4370860927152318,0.8580968280467446,82,599,69
ANY,451,0.8033576805252888,0.4741622317841082,0.3633029562124914,0.512061403508772,0.8965062504516221,0.9409389101664708,0.4250422571837211,0.7042838269801971,0.35256685264355836,0.856754130223518,0.15287741950477868,0.4720712825321842,0.3493975903614458,0.47540983606557374,0.4027777777777778,0.8532423208191127,83,586,61
ANY,452,0.7782735326271302,0.4331224264749817,0.36596312469674924,0.4589989350372738,0.905251327786539,0.933527740391805,0.4072349328474051,0.6821251314119063,0.33028718764408166,0.8577421444768383,0.14898176647344774,0.4616429533519106,0.3150684931506849,0.3898305084745763,0.3484848484848485,0.8542372881355932,73,590,59
ANY,453,0.7755689552743644,0.4830224106871019,0.3966666666666664,0.47594050743656996,0.8922198031224994,0.9195818948983505,0.43270268734730943,0.6840801552795348,0.34121865224462083,0.8382734045999352,0.16234291712399732,0.49681582651054174,0.4148936170212766,0.4875,0.4482758620689655,0.8428805237315876,94,611,80
ANY,454,0.7489963499056012,0.37046265903406006,0.3641078838174277,0.40114285714285736,0.9228445563247325,0.9332993890020366,0.38172920065252886,0.6619937067337949,0.3104129718088919,0.8710884353741496,0.1537700451327112,0.4812447518649393,0.36363636363636365,0.4067796610169492,0.384,0.8697123519458545,66,591,59
ANY,455,0.820433383402182,0.472371139462554,0.5136116152450093,0.5799180327868851,0.9316675165731768,0.9468774293858512,0.5447545717035612,0.755792774680031,0.48536536843059636,0.8927437641723357,0.1359812165382993,0.43837591321751757,0.4411764705882353,0.5084745762711864,0.47244094488188976,0.8887043189368771,68,602,59
ANY,456,0.7884173413201402,0.46796453760220824,0.4248726655348045,0.4831081081081078,0.9267884158201855,0.9412313432835817,0.4521228545618787,0.7049482619641467,0.38738193118790365,0.8821185617103985,0.1427877923794078,0.4474812760151385,0.42028985507246375,0.48333333333333334,0.4496124031007752,0.8852988691437803,69,619,60
ANY,457,0.8572769220770782,0.6678057916554594,0.5549450549450554,0.6340807174887895,0.9264114211550939,0.945931619401007,0.59187944746756,0.7802460693219417,0.5298466178065687,0.8894557823129251,0.13555723190811303,0.4345408758280281,0.5365853658536586,0.6111111111111112,0.5714285714285714,0.8898163606010017,82,599,72
ANY,458,0.7163532130902587,0.31288850519634437,0.32609897705280655,0.3882488479262677,0.9124209542972115,0.93180567276997,0.3544703230653648,0.6503349011117394,0.27846748473516525,0.8608357628765793,0.15894682572803626,0.5016129513755413,0.2923076923076923,0.3333333333333333,0.3114754098360656,0.8666666666666667,65,630,57
ANY,459,0.7595300739397763,0.2943445505939021,0.2925,0.5079594790159193,0.895559109361545,0.9553805774278216,0.3712321523003702,0.7017592941887321,0.31626637616076986,0.8651927437641724,0.16532649497358384,0.505686127748909,0.26582278481012656,0.4666666666666667,0.3387096774193548,0.866231647634584,79,613,45
ANY,460,0.7860853473708777,0.5363496766990993,0.5241404097280457,0.47276853252647466,0.924322676523263,0.9086209802783135,0.4971308448383611,0.698545604524869,0.4145428127318945,0.8566407515387108,0.15135132007028818,0.4834246267087479,0.47435897435897434,0.42045454545454547,0.4457831325301205,0.8491803278688524,78,610,88
ANY,461,0.8138991993608743,0.5358338068020911,0.4827327327327334,0.5756490599820951,0.9105543294820198,0.9366987179487177,0.5251122907309111,0.7431016947320573,0.4515849786797299,0.8681405895691611,0.1570527546988178,0.49295770992808247,0.5,0.5714285714285714,0.5333333333333333,0.872093023255814,88,602,77
ANY,462,0.8271663846472903,0.46799125674191355,0.38596923076923045,0.5365269461077843,0.9107433580821181,0.9494730952158911,0.44896206156048657,0.7236351520949513,0.38734144005197074,0.875315840621963,0.14992454113243464,0.46481529753428785,0.38271604938271603,0.5344827586206896,0.4460431654676259,0.8731466227347611,81,607,58
ANY,463,0.7690731907283932,0.4205388641008479,0.4491776759234292,0.44611059044048706,0.9247111717123324,0.9238430101984461,0.4476388795593468,0.6854108810764098,0.37191959903609295,0.8668124392614192,0.15218152760334344,0.47875270205477505,0.43283582089552236,0.4142857142857143,0.4233576642335766,0.8678929765886287,67,598,70
ANY,464,0.8454029317854094,0.5865052698168277,0.45919778699861724,0.6003616636528029,0.8986258750324083,0.9400596691076754,0.5203761755485895,0.7494937693426056,0.4463457127879659,0.8612244897959184,0.1494241954131002,0.46536698477710653,0.46,0.5974025974025974,0.519774011299435,0.8585690515806988,100,601,77
ANY,465,0.7756690012791745,0.45843350515556225,0.40427426536064154,0.5118376550169115,0.9156687255767051,0.94374431596726,0.4517412935323387,0.713753190296808,0.38572031847287547,0.8750566893424038,0.14784253807696013,0.4662342117329488,0.41333333333333333,0.5166666666666667,0.45925925925925926,0.8732638888888888,75,576,60
ANY,466,0.8268164485163175,0.49813056851836063,0.46892265193370136,0.6030195381882769,0.9000519885625163,0.9393651654910473,0.5275835275835273,0.7515357633753967,0.4532085344139248,0.8621315192743764,0.1584255358079615,0.49325324311063035,0.43956043956043955,0.5555555555555556,0.49079754601226994,0.8578767123287672,91,584,72
ANY,467,0.8164789152373669,0.5029349099378743,0.46080832823025114,0.6379821958456974,0.9033532736951869,0.9506757537253089,0.5351111111111112,0.7706677347704421,0.4719649655578396,0.8729348882410105,0.15596145347069804,0.48350299914679973,0.40229885057471265,0.5555555555555556,0.4666666666666667,0.8724082934609251,87,627,63
ANY,468,0.8464253608072212,0.534864744181336,0.4760283426888734,0.6278674596431598,0.8935720827648083,0.9397322744874492,0.5415052862974971,0.7607197712039844,0.46561145386650143,0.858114674441205,0.15770864482255667,0.48661273769100966,0.43564356435643564,0.5789473684210527,0.4971751412429379,0.8533772652388797,101,607,76
ANY,469,0.8388612117444841,0.6460244135875449,0.5028386050283861,0.6512605042016804,0.9220894763599385,0.956240938447344,0.5675057208237986,0.7866749902808097,0.5130431242381543,0.8928571428571429,0.1390989535567196,0.4368551976736144,0.5119047619047619,0.6417910447761194,0.5695364238410596,0.891846921797005,84,601,67
ANY,470,0.7788662131519273,0.5002903434466277,0.5121056493030083,0.5113553113553119,0.9107981220657274,0.9105538420276248,0.5117302052785928,0.7110767167105194,0.42240638659141544,0.8489795918367348,0.1573618217075716,0.4923934501745942,0.4691358024691358,0.4578313253012048,0.4634146341463415,0.8530884808013356,81,599,83
ANY,471,0.7975245288554581,0.5164827152491579,0.4812942366026294,0.46942800788954675,0.9342813220599537,0.9312986847145956,0.47528706939590665,0.70185466497475,0.40812695550145195,0.8808390022675737,0.14249768756379186,0.4565698620184537,0.46774193548387094,0.4461538461538462,0.4566929133858268,0.8836424957841484,62,593,65
ANY,472,0.8560653940136257,0.5273363481993211,0.43215339233038313,0.6967895362663493,0.9034966787818026,0.9658360128617365,0.5334547109695036,0.8001431075240761,0.4887817034955823,0.8837868480725624,0.14180647221658435,0.44681567472281086,0.4146341463414634,0.6538461538461539,0.5074626865671642,0.8867924528301887,82,583,52
ANY,473,0.8093956799912652,0.5546730106562332,0.543286219081272,0.5107973421926908,0.9321165966386552,0.9233870967741934,0.5265410958904108,0.7214569694156732,0.45463844588093183,0.8746031746031745,0.1407723874387962,0.4440334867821243,0.52,0.48148148148148145,0.5,0.8727569331158238,75,613,81
ANY,474,0.7823484277453845,0.5144244693050558,0.42972686290108675,0.5780274656679145,0.9233784048598861,0.9563452525923464,0.492965244505285,0.7507029352639005,0.4399759370187137,0.8920149011985746,0.14168216880227985,0.45604774464777664,0.42105263157894735,0.5614035087719298,0.48120300751879697,0.8883495145631068,76,618,57
ANY,475,0.8191987686797059,0.48892130661818767,0.430603889457523,0.5863414634146341,0.898048199395217,0.9428901289205311,0.4965476541752729,0.7421948314049255,0.4253429694066219,0.8618237771298995,0.15396132002223895,0.4757351079704858,0.3888888888888889,0.5384615384615384,0.45161290322580644,0.8554421768707483,90,588,65
ANY,476,0.8197907293276061,0.44213238674299754,0.37733887733887767,0.521551724137931,0.9262678483505662,0.9576228047849324,0.4378769601930038,0.7239097862442485,0.38730142949479673,0.8943310657596374,0.14589656137804466,0.4505830607247226,0.3728813559322034,0.46808510638297873,0.41509433962264153,0.8956228956228957,59,594,47
ANY,477,0.7595250996172966,0.3999283143641715,0.35035211267605626,0.4883435582822084,0.9078076202373514,0.9457313899010931,0.40799589953869797,0.69807558925978,0.3424818659230546,0.8690476190476191,0.1572905676525339,0.48403709205682544,0.35526315789473684,0.47368421052631576,0.40601503759398494,0.8727858293075684,76,621,57
ANY,478,0.866859067672261,0.6594637009838097,0.5703592814371261,0.6004728132387709,0.9239835783339951,0.9322554783538213,0.5850287907869485,0.7622281957863828,0.5134194418515653,0.8774376417233561,0.13495171998219957,0.43174935648321855,0.5454545454545454,0.5783132530120482,0.5614035087719298,0.8741610738255033,88,596,83
ANY,479,0.8103103454264418,0.48178724711781673,0.33603286384976533,0.5760563380281686,0.9003522987493392,0.9604096204434422,0.4244625648628613,0.7382043183887541,0.3758028204059469,0.8742468415937803,0.14761017736453594,0.4627146201593324,0.3333333333333333,0.58,0.4233576642335766,0.8757861635220126,87,636,50
ANY,480,0.8588254256680148,0.5967112000698442,0.5115074798619094,0.7010119595216185,0.9058949585265373,0.9556633925787339,0.5914509064700331,0.8034534590240783,0.5324746326303441,0.880644638807904,0.15068113462487942,0.46674252259880794,0.4842105263157895,0.6666666666666666,0.5609756097560976,0.8819672131147541,95,610,69
ANY,481,0.7996481921475987,0.5001077726637009,0.5895140664961641,0.45107632093933503,0.9588355988715054,0.9302065190345855,0.5110864745011091,0.70495595990542,0.46156219838730755,0.8999999999999999,0.133575225593588,0.4320390721927136,0.5490196078431373,0.417910447761194,0.4745762711864407,0.8950930626057529,51,591,67
ANY,482,0.7853373032477342,0.4676675061005152,0.39741664163412355,0.5211397058823526,0.8888108787229325,0.9295306552277163,0.4509458615008799,0.7049752923026427,0.36610413202206465,0.843456430191124,0.1629885050155254,0.4976213916139905,0.3763440860215054,0.5,0.4294478527607362,0.8470394736842105,93,608,70
ANY,483,0.7460732125099296,0.5464359991037668,0.47901810202962164,0.5139031925849639,0.9308556139999636,0.9393182486041729,0.4958478245439705,0.7223794032924638,0.43134530953631584,0.8849530288305801,0.14940743598163592,0.4753286309093635,0.47297297297297297,0.5072463768115942,0.48951048951048953,0.8756388415672913,74,587,69
ANY,484,0.7870727741636105,0.3937077234471731,0.346713445464865,0.5200433369447452,0.8854718790137299,0.9404215258698532,0.4160475482912338,0.7027576079792377,0.34122954137944844,0.8472303206997083,0.16340620883887894,0.5048106140329278,0.336734693877551,0.5238095238095238,0.40993788819875776,0.8427152317880795,98,604,63
ANY,485,0.8349997618824312,0.5684646299688519,0.501437679709964,0.5707171314741033,0.9271092264951014,0.9438603673173183,0.5338390896386505,0.7489131789846026,0.47083022944835584,0.8865403304178816,0.1372428178874879,0.44070027588179844,0.4875,0.5571428571428572,0.52,0.8805970149253731,80,603,70
ANY,486,0.7222940198136159,0.27493528097940917,0.2687829220959244,0.3968481375358165,0.9072184894642414,0.9459523896856543,0.3204958677685949,0.652033313500029,0.25552659734601074,0.8668286362163913,0.15062891865991526,0.46729493711805636,0.2564102564102564,0.40816326530612246,0.31496062992125984,0.8599033816425121,78,621,49
ANY,487,0.8010908427760857,0.4940536814016072,0.46151872755259105,0.4668483197093552,0.9223067384746361,0.9238284146522322,0.46416822550474107,0.6945775290919955,0.38724641966808837,0.8654518950437319,0.1466100257023857,0.46044608589942954,0.44,0.4342105263157895,0.4370860927152318,0.8642172523961661,75,626,76
ANY,488,0.7943068416513746,0.49349795332904806,0.45250560957367164,0.5008278145695358,0.9038360483447189,0.919417345984231,0.47544204322200323,0.7023319314571277,0.3879481665152554,0.8486394557823131,0.15156836349775885,0.4773405931374885,0.43333333333333335,0.48148148148148145,0.45614035087719296,0.8470394736842105,90,608,81
ANY,489,0.7940854268678766,0.45852783899202665,0.4872838250254325,0.5079533404029692,0.93601624984131,0.9407936710475945,0.4974039460020769,0.7219847951221396,0.4359511331839141,0.8902494331065761,0.1391403197302597,0.4418257267805188,0.4603174603174603,0.46774193548387094,0.464,0.8887043189368771,63,602,62
ANY,490,0.8542020210806681,0.5673457970148528,0.475630065504608,0.592449177153921,0.913353758094993,0.9441146909904611,0.5276511885700214,0.7529014676244568,0.46076906351289065,0.8757693553611918,0.1454363800297247,0.45072718776152254,0.4367816091954023,0.5507246376811594,0.48717948717948717,0.8679867986798679,87,606,69
ANY,491,0.793953311325617,0.4547355679347712,0.3713235294117647,0.5592469545957917,0.8920045471769611,0.9466487935656838,0.4463102076889085,0.7256257508863765,0.3787947838417841,0.8579365079365079,0.15925530764216414,0.48863200316517014,0.3411764705882353,0.5,0.40559440559440557,0.8559322033898306,85,590,58
ANY,492,0.8531615346923269,0.6008849800146823,0.46221105527638107,0.6027522935779812,0.9011088523378303,0.9414751882602819,0.5232081911262793,0.751930572957906,0.4510009016164302,0.864237123420797,0.15498515391932816,0.48110328133137176,0.44086021505376344,0.5774647887323944,0.5,0.8651315789473685,93,608,71
ANY,493,0.8173433494799149,0.5370639766580333,0.433887569279494,0.5046040515653779,0.9075510731833457,0.9288077279343652,0.46658152405278897,0.7060775623743616,0.3866351322228151,0.8579365079365079,0.1478181108318609,0.45974996211242647,0.4634146341463415,0.5,0.4810126582278481,0.8646864686468647,82,606,76
ANY,494,0.7640379090580226,0.48574354344806486,0.40266666666666673,0.5585696670776819,0.916094393806967,0.9534762833008446,0.46797520661157027,0.7373320304423245,0.4111547870170259,0.883219954648526,0.15562810766572993,0.48239308909875617,0.4246575342465753,0.5535714285714286,0.4806201550387597,0.8864406779661017,73,590,56
ANY,495,0.8010252559773179,0.5147800304997292,0.47384615384615403,0.4733067729083668,0.9128127655556603,0.9126404229207965,0.4735763097949888,0.6930597692320134,0.3863030140237022,0.850275348234532,0.15685528999737292,0.47757499778683765,0.43478260869565216,0.46511627906976744,0.449438202247191,0.8446909667194928,92,631,86
ANY,496,0.8380045346861593,0.5440717610044665,0.40548970679974955,0.6646216768916152,0.8784748788574345,0.954551752805875,0.5036807438977133,0.7715482778745251,0.4421959708530548,0.8547619047619048,0.16671008256328226,0.5067068739699875,0.41904761904761906,0.6376811594202898,0.5057471264367817,0.8583196046128501,105,607,69
ANY,497,0.7861132058399788,0.465694906775905,0.4071732383032538,0.4680851063829789,0.9048049766488837,0.9241153070266395,0.43550965203491987,0.6864450415159312,0.3514743421297908,0.8512795594428247,0.1572740303718391,0.482196356760914,0.4117647058823529,0.4666666666666667,0.4375,0.8509933774834437,85,604,75
ANY,498,0.8140872114100826,0.39268711141053086,0.35240464344941963,0.5170316301703165,0.9023505876469118,0.947859206724455,0.41913214990138076,0.709691108908614,0.3548595770389448,0.8664399092970521,0.1537067753109629,0.48110042580782103,0.3333333333333333,0.48148148148148145,0.3939393939393939,0.8639455782312925,78,588,54
ANY,499,0.8356104033263665,0.5311385163119271,0.5206232813932169,0.4917748917748915,0.9317677756033921,0.9240522706689094,0.5057880676758679,0.7117713336891419,0.4339804943062577,0.8741496598639458,0.1419692235939685,0.4477120587663388,0.4931506849315068,0.4675324675324675,0.48,0.8723404255319149,73,611,77
T13,0,0.8506237714372362,0.26498644810041927,0.3227816550348953,0.596774193548387,0.9543897935202281,0.9848427106430155,0.41895826593335483,0.7755819935343077,0.4117662831103219,0.941820537738905,0.03169331062707632,0.13178239490825236,0.3333333333333333,0.55,0.41509433962264153,0.9478991596638655,33,595,20
T13,1,0.9051511911615536,0.44616457676416477,0.14776839565741864,0.7777777777777777,0.9302738712065134,0.9963006024733115,0.2483527622909276,0.8540258244921456,0.3193873693400854,0.9279397473275025,0.01965455310075853,0.09687579989990096,0.08333333333333333,0.6666666666666666,0.14814814814814814,0.9250814332247557,48,614,6
T13,2,0.7698017820253351,0.3960543734838404,0.29511338230597256,0.5628997867803838,0.9244915065774844,0.9741338909117129,0.3872184389732845,0.7436956466789341,0.36225512657055353,0.9052640103660512,0.04530410394197411,0.18204975567250062,0.3220338983050847,0.5757575757575758,0.41304347826086957,0.9081632653061225,59,588,33
T13,3,0.9221102459066811,0.3760431932044039,0.40252454417952327,0.7809523809523808,0.9266339447171275,0.9852591100531038,0.5312355391022675,0.8537931628347541,0.5238228813761004,0.917962423064464,0.043928492959248375,0.15355425481654575,0.35714285714285715,0.7142857142857143,0.47619047619047616,0.9236111111111112,56,576,28
T13,4,0.7958422513164307,0.1458370813182138,0.17723342939481274,0.3929712460063897,0.9328788056894319,0.9766182623677084,0.24428997020854026,0.6629250258479108,0.22390306320885334,0.9137188208616779,0.036507242063691984,0.14674085814311572,0.13953488372093023,0.3157894736842105,0.1935483870967742,0.9161073825503355,43,596,19
T13,5,0.793946188465031,0.2172754480990371,0.3191006600660065,0.603825136612022,0.9442191354895401,0.9821591787949095,0.4175438596491228,0.7740221360507809,0.40632958186915774,0.9300939423388404,0.038857893811698976,0.1569637563296472,0.25,0.5,0.3333333333333333,0.9333333333333333,40,600,20
T13,6,0.8319414630667443,0.2607240367438074,0.3784946236559141,0.5014245014245016,0.96587554610934,0.9790544584081389,0.4313725490196079,0.7336500237669207,0.40875751130005433,0.9473922902494332,0.03435939959059962,0.13835200812491497,0.34615384615384615,0.42857142857142855,0.3829787234042553,0.9514237855946399,26,597,21
T13,7,0.741562413987749,0.2068603898158786,0.27999999999999997,0.3865030674846625,0.9416636658264311,0.9631675874769796,0.324742268041237,0.6640833666555468,0.2824880755526854,0.9108843537414965,0.04978662959153999,0.19451980367944677,0.23809523809523808,0.3333333333333333,0.2777777777777778,0.9140495867768595,42,605,30
T13,8,0.8702853230494074,0.2439641246906712,0.19890710382513668,0.43333333333333346,0.9385479543930249,0.9791830665617074,0.2726591760299626,0.6859406438631791,0.2573487942362782,0.9213637836086818,0.03314899950571042,0.13096664125191415,0.16216216216216217,0.3333333333333333,0.21818181818181817,0.9292763157894737,37,608,18
T13,9,0.8894996831112048,0.4001011974714407,0.44319600499375744,0.6893203883495144,0.9462974111980733,0.9800473874547948,0.5395136778115498,0.817808899773794,0.518672376150112,0.9312925170068025,0.045062848623217536,0.161885735910832,0.3023255813953488,0.5416666666666666,0.3880597014925373,0.931438127090301,43,598,24
T13,10,0.8707764569167232,0.3424494489904958,0.40664375715922146,0.6454545454545457,0.9373639661426842,0.9754624386560965,0.49894588896697156,0.7914092557986149,0.4719094874201651,0.9191609977324264,0.048149550260473815,0.17377779315444036,0.3888888888888889,0.6176470588235294,0.4772727272727273,0.9249592169657422,54,613,34
T13,11,0.7850689067246798,0.1713389749033814,0.2846513237584356,0.5802469135802469,0.9298192004074354,0.9787351905791533,0.38193638263292307,0.7550330569938412,0.36653040234738316,0.9137674117265955,0.04268709971279677,0.16867012152635472,0.29411764705882354,0.5555555555555556,0.38461538461538464,0.9205298013245033,51,604,27
T13,12,0.7851719461922332,0.2229703244157328,0.2986217457886678,0.4431818181818184,0.9453460620525059,0.9700012244398188,0.35681610247026546,0.6942639401171621,0.3230596124635831,0.9202947845804987,0.043798499317516074,0.17085647596937784,0.275,0.39285714285714285,0.3235294117647059,0.9244663382594417,40,609,28
T13,13,0.8833000425001533,0.2993463080626702,0.2920353982300884,0.7457627118644068,0.9244034963382942,0.9886306215260233,0.41971383147853725,0.8350831041013504,0.4336967629937964,0.9172335600907031,0.03548384050662172,0.13744040477262637,0.18,0.6,0.27692307692307694,0.9220563847429519,50,603,15
T13,14,0.7873504052824019,0.15548541306222774,0.20491029272898967,0.4290657439446366,0.9436006497312323,0.9799144407345575,0.27736060073494173,0.6863331968379345,0.26244612186497085,0.9267411726595399,0.03335767371503086,0.13659243737814253,0.22857142857142856,0.42105263157894735,0.2962962962962963,0.9361344537815126,35,595,19
T13,15,0.9055487936360906,0.23215825584853175,0.32232401157184204,0.7047970479704798,0.9530270875457446,0.9902764272815668,0.4423490488006619,0.8289120677581121,0.4534711826023098,0.94540006478782,0.028695875510347364,0.11506644438511208,0.3235294117647059,0.6470588235294118,0.43137254901960786,0.9524590163934427,34,610,17
T13,16,0.8691244042700734,0.4063927778503725,0.4696581196581197,0.6840958605664489,0.9575922223930833,0.9822117069751138,0.5569491954896745,0.820844041479766,0.5384788601231572,0.9433592484612893,0.03859527212142557,0.14855236835130808,0.4634146341463415,0.6551724137931034,0.5428571428571428,0.9471947194719472,41,606,29
T13,17,0.8490279586512854,0.2693377471097151,0.2722558340535869,0.5901639344262295,0.9434946732656656,0.9846792267824624,0.37261570309034453,0.7668293038459475,0.3702912459578243,0.9312763200518304,0.03301158516751189,0.13517946736458536,0.23255813953488372,0.5263157894736842,0.3225806451612903,0.9321486268174475,43,619,19
T13,18,0.8766786948015355,0.3390096490322693,0.4086099963516965,0.6530612244897959,0.9444006173898128,0.9788474528067118,0.502692998204668,0.7987309209398044,0.4811351589981315,0.9282150955620343,0.04330164491673783,0.16051133577167284,0.3333333333333333,0.5862068965517241,0.425,0.9250814332247557,51,614,29
T13,19,0.8925175594233371,0.35950877799712444,0.4438596491228072,0.7167138810198304,0.9625605291130271,0.9878787878787879,0.5482123510292527,0.8396372050664286,0.5415430473433656,0.9527210884353741,0.03196128514302291,0.12683032447429995,0.47058823529411764,0.6956521739130435,0.5614035087719298,0.9560632688927944,34,569,23
T13,20,0.8574241439425601,0.24160050932892344,0.26193331734228825,0.6473029045643155,0.9487619269645144,0.9896649354709836,0.3729508196721311,0.798032415764415,0.38725814410557063,0.9405247813411078,0.0275208614085897,0.11839779966197628,0.2,0.5714285714285714,0.2962962962962963,0.9385113268608414,40,618,14
T13,21,0.8484012844742147,0.24189717495115642,0.23849094233006493,0.6612903225806449,0.9230820882994795,0.9868097553972327,0.35055575913032866,0.7921862054400624,0.36284915860984807,0.9138807904114027,0.035319913879819656,0.14174918996593577,0.2033898305084746,0.631578947368421,0.3076923076923077,0.9142857142857143,59,630,19
T13,22,0.8016781206697084,0.22556825224796456,0.3420098143802005,0.6291208791208793,0.947898364643871,0.9834364538236378,0.44312370421561853,0.7885096218823751,0.43334600444106897,0.9347424684159379,0.037365752556764664,0.15068396424569142,0.30952380952380953,0.5909090909090909,0.40625,0.9373970345963756,42,607,22
T13,23,0.9113586973408061,0.2973009980237558,0.30632829022287306,0.7707736389684814,0.9280907971735504,0.9899267893439821,0.43841676367869625,0.8494322180710159,0.4550188338252646,0.921865889212828,0.03532971251178884,0.13718637519687116,0.3584905660377358,0.76,0.48717948717948717,0.9320882852292021,53,589,25
T13,24,0.9341755435150774,0.44134506881428115,0.44087769199512367,0.8732394366197184,0.9535566618850727,0.9944559822591432,0.5859322262724448,0.9133980492523955,0.5999434835225599,0.9503239390994493,0.02942888295285624,0.11597215359839454,0.40425531914893614,0.8636363636363636,0.5507246376811594,0.9496753246753247,47,616,22
T13,25,0.9159079556967533,0.1885483001035477,0.18478685960109503,0.6585365853658536,0.9308680872232817,0.9913467311835552,0.2885936784241869,0.7947023362945677,0.3222017402317608,0.9245383867832847,0.026822683791253077,0.11382351524073317,0.15217391304347827,0.5833333333333334,0.2413793103448276,0.9275123558484349,46,607,12
T13,26,0.8461539917190855,0.25415172527737434,0.4067226890756305,0.5601851851851855,0.9579160705770148,0.9768996960486321,0.471275559883155,0.7590506278811,0.44581973876374237,0.9384353741496598,0.04248973898485433,0.15990204076807885,0.4,0.5333333333333333,0.45714285714285713,0.9363484087102177,40,597,30
T13,27,0.8679219919858631,0.36314515647914347,0.5194244604316551,0.7278225806451613,0.9598750600672754,0.9833846153846153,0.6062132661628886,0.8438488203562183,0.5880311345223554,0.9468253968253967,0.04275562662575872,0.16090868690467452,0.5641025641025641,0.7096774193548387,0.6285714285714286,0.9548611111111112,39,576,31
T13,28,0.7780361046100011,0.24190813760129914,0.1931972789115645,0.4947735191637631,0.9305050978553848,0.9820655534941248,0.27788649706457913,0.712639308509574,0.2730119685661226,0.916326530612245,0.0339835269985501,0.14179123933715915,0.2391304347826087,0.5238095238095238,0.3283582089552239,0.927536231884058,46,621,21
T13,29,0.8035998003925436,0.23612183727140207,0.32413967611336014,0.43779904306220063,0.9545856428741455,0.971533882466948,0.37249200348938627,0.6961923429681731,0.34061382300666626,0.9300939423388405,0.04189979277965046,0.1641303685692781,0.38235294117647056,0.4482758620689655,0.4126984126984127,0.9385382059800664,34,602,29
T13,30,0.822118345216446,0.17961697186994374,0.2804110738255033,0.568452380952381,0.9422273860039067,0.9821842308502423,0.3755617977528089,0.7553398834781438,0.3661995480549161,0.92798833819242,0.03523084292000884,0.1418216595901899,0.275,0.5238095238095238,0.36065573770491804,0.9327586206896552,40,580,21
T13,31,0.8367463195535346,0.2221403919552414,0.26430890141807617,0.5443349753694581,0.926890556555401,0.9768282427040278,0.35583668775158134,0.7356127659624296,0.3370904611610664,0.9092808551992225,0.04087533058654975,0.15650813253721022,0.1836734693877551,0.4090909090909091,0.2535211267605634,0.9126853377265239,49,607,22
T13,32,0.7133113995755245,0.14557374336310697,0.20801658604008297,0.39814814814814825,0.9421912832929783,0.9762190978936915,0.27326373127553344,0.6701697157205632,0.250405007779773,0.9222060252672498,0.03806523220646743,0.1591529296116296,0.23809523809523808,0.43478260869565216,0.3076923076923077,0.928,42,625,23
T13,33,0.7031698866164503,0.13311429270289965,0.21843251088534113,0.38622754491017974,0.9456078919901687,0.9750894004096795,0.2790482076637825,0.6659177184501742,0.2534115782366196,0.9244250080984776,0.03859983275247968,0.163414855447396,0.15384615384615385,0.3,0.2033898305084746,0.9196581196581196,39,585,20
T13,34,0.8639071196111733,0.3230737188515633,0.34876543209876554,0.6793587174348696,0.9239274125706047,0.9796126401630989,0.4609109449354182,0.8016430650027373,0.4450909304777141,0.9100907029478459,0.04537121374649084,0.16777063447543303,0.3269230769230769,0.6071428571428571,0.425,0.9204152249134948,52,578,28
T13,35,0.8308655185952157,0.21983184476823286,0.328849028400598,0.5714285714285713,0.9467694131594545,0.979757085020243,0.4174573055028464,0.7590989922940129,0.3998988197109665,0.9303854875283447,0.03890631897265281,0.15045221744745563,0.3888888888888889,0.56,0.45901639344262296,0.9446308724832215,36,596,25
T13,36,0.8254169951069505,0.32161400439235444,0.4344993141289435,0.674115456238361,0.9431192977009708,0.9780890033626672,0.5284120529663223,0.8086173769696661,0.5046422976972679,0.92674117265954,0.04811742076984025,0.18193205174697302,0.37735849056603776,0.625,0.47058823529411764,0.9248747913188647,53,599,32
T13,37,0.866986087614692,0.3177367963525182,0.4071643908494418,0.7321428571428572,0.9429561122107706,0.9850270048662233,0.5233048433048436,0.8375494846768139,0.5145561262262893,0.9322481373501784,0.04089448751508227,0.15450567762766645,0.37254901960784315,0.7037037037037037,0.48717948717948717,0.9342105263157895,51,608,27
T13,38,0.783840008043003,0.17575892207410374,0.2706093189964159,0.4070080862533693,0.9518286187714521,0.9733720648753328,0.32508073196986015,0.6794183525124107,0.29588760683059223,0.9289115646258504,0.038937314183369105,0.155344866517704,0.21875,0.3181818181818182,0.25925925925925924,0.9344262295081968,32,610,22
T13,39,0.7900468520096033,0.20969217131317996,0.2650887573964497,0.5045045045045046,0.9258595988538681,0.9724137931034482,0.3475562451512801,0.7151820516791864,0.31970700991879275,0.9046485260770974,0.045908849233855215,0.17732562061366328,0.2962962962962963,0.5161290322580645,0.3764705882352941,0.9115191986644408,54,599,31
T13,40,0.8437338010888735,0.31617812362503694,0.42283477964948096,0.6574074074074072,0.9414768806073153,0.9768182875964413,0.5146525836181007,0.7994421440073614,0.4892299486238301,0.9240848720440559,0.04730759992462719,0.17595975023283592,0.3829787234042553,0.5806451612903226,0.46153846153846156,0.9302325581395349,47,602,31
T13,41,0.8684571224422446,0.241529699626335,0.3480314960629921,0.6296296296296298,0.951115834218916,0.9841172877214416,0.4482758620689655,0.7903727319242728,0.43919688011827124,0.9383219954648525,0.03446363992051613,0.13523964416497994,0.3611111111111111,0.5909090909090909,0.4482758620689655,0.9475409836065574,36,610,22
T13,42,0.8210814844475188,0.24692086458665066,0.2986054142739954,0.553191489361702,0.9268605645851152,0.9735825321232815,0.38785295684603116,0.7400260269734087,0.36147528646863086,0.9069484936831876,0.04729398086992804,0.17672031232353827,0.2692307692307692,0.5,0.35,0.9126050420168067,52,595,28
T13,43,0.8650147705068223,0.21934818786531404,0.29773640014603875,0.6508379888268154,0.9350541918492757,0.9844477622551633,0.4085671342685371,0.7929460903380456,0.40660729735396617,0.9235179786200196,0.03712097477467107,0.1425029992891342,0.3191489361702128,0.625,0.4225352112676056,0.930976430976431,47,594,24
T13,44,0.8125561903657093,0.2515716413145857,0.2852707160877159,0.5121951219512196,0.9374384236453203,0.9752593351829926,0.36644646640907397,0.7248167727982698,0.34226166990666096,0.9176708778749594,0.041272659502834055,0.1617057010520667,0.18604651162790697,0.36363636363636365,0.24615384615384617,0.9208400646203554,43,619,22
T13,45,0.8040581867750152,0.26640575234314634,0.3400456715798214,0.4989339019189768,0.9456181466719127,0.9711013122990705,0.4044444444444445,0.7222760242954446,0.37191535205774745,0.921865889212828,0.04575663382482382,0.1749794127955554,0.3617021276595745,0.5151515151515151,0.425,0.9234608985024958,47,601,33
T13,46,0.8748139553668581,0.22911885047313052,0.2669365146996163,0.6532846715328465,0.9424793554210824,0.9883427409459032,0.379007864488808,0.7978820134769645,0.3899823038820824,0.933495302883058,0.0298097919002798,0.12290928609454829,0.225,0.5625,0.32142857142857145,0.9364548494983278,40,598,16
T13,47,0.7731606863794186,0.2242859539160612,0.2842565597667638,0.5064935064935066,0.9417901600474214,0.9766412589132037,0.3641456582633053,0.724141833270464,0.34198864125930684,0.9227891156462583,0.04067036480078016,0.1632983549725632,0.1794871794871795,0.35,0.23728813559322035,0.9248747913188647,39,599,20
T13,48,0.8118357559866671,0.3169386597704203,0.3948412698412697,0.5250659630606859,0.963866840421751,0.9783549783549784,0.45073612684031694,0.7444664017412186,0.42716260121845895,0.9450113378684807,0.03585142512827258,0.14504560944273479,0.26666666666666666,0.4,0.32,0.9452495974235104,30,621,20
T13,49,0.7888306244113297,0.2690832661436414,0.38335435056746503,0.5746691871455574,0.941020383548426,0.9719696025912545,0.45990922844175464,0.7578447853469917,0.4280617442165441,0.9190476190476191,0.05076347479890746,0.19385328933449675,0.3181818181818182,0.4666666666666667,0.3783783783783784,0.9234608985024958,44,601,30
T13,50,0.7383334470433003,0.1768083160087644,0.2602040816326529,0.4047619047619047,0.9484719260838663,0.972667638483965,0.3167701863354036,0.6766169154228855,0.2868068510207484,0.9251700680272109,0.04109715893935295,0.16649768424232111,0.275,0.4074074074074074,0.3283582089552239,0.9270664505672609,40,617,27
T13,51,0.8437050511887637,0.26360405175867513,0.3362782992821646,0.5852017937219731,0.9384830598109796,0.9770010833466533,0.42711864406779665,0.7618424267664763,0.4050427972534093,0.9206187236799481,0.04338311087803437,0.16381089038615546,0.32,0.5517241379310345,0.4050632911392405,0.9226973684210527,50,608,29
T13,52,0.8604436300847553,0.4444893265021308,0.5689952565761105,0.6590909090909091,0.965376887903561,0.9760954082168751,0.610738255033557,0.812233898497235,0.5834308584618448,0.9455134434726272,0.04599272633958335,0.1705399056577694,0.5555555555555556,0.6060606060606061,0.5797101449275363,0.9495652173913044,36,575,33
T13,53,0.8717582760458337,0.37723582063614997,0.41055286945553954,0.75609756097561,0.9526007065943171,0.9889440710387308,0.5321525885558587,0.8543491337849634,0.5320928392938334,0.9443796566245546,0.03393589460914893,0.13690430733478004,0.325,0.6842105263157895,0.4406779661016949,0.9425087108013938,40,574,19
T13,54,0.8420739246400369,0.22767873041859504,0.20439753737906768,0.5907473309608541,0.9243303832834221,0.9856391044509857,0.3037114479874542,0.7575388571221381,0.3128636110136216,0.9137026239067056,0.03309658979943596,0.13572563185717038,0.21818181818181817,0.6,0.32,0.915702479338843,55,605,20
T13,55,0.8320809553266661,0.22887653988255244,0.2795115332428765,0.6623794212218649,0.9375954871312723,0.9870097735989113,0.39312977099236635,0.7999874541765686,0.39988260358080213,0.9278911564625851,0.03374880709131022,0.13803094058284854,0.2830188679245283,0.6818181818181818,0.4,0.92776886035313,53,623,22
T13,56,0.8011317601213681,0.22611130502417992,0.2850922131147541,0.5063694267515922,0.9531255248396089,0.9812400580953039,0.36479842674532936,0.7297474757956006,0.34982614834634845,0.937220602526725,0.03352600371840064,0.1400030908089224,0.23529411764705882,0.42105263157894735,0.3018867924528302,0.9383333333333334,34,600,19
T13,57,0.8133821071552463,0.2730652935161869,0.36571809693196977,0.4947368421052634,0.9511598048446459,0.9706509206526674,0.42055477438322897,0.7229483234749545,0.3872800241154007,0.9265792031098155,0.04627475473803296,0.17594030158857568,0.3611111111111111,0.43333333333333335,0.3939393939393939,0.9353796445880452,36,619,30
T13,58,0.831426874342907,0.16274041718143936,0.23130218511280848,0.5619335347432023,0.9271830772596469,0.9819108552690203,0.3277120563805686,0.7445583060014246,0.3229334915216853,0.9134758665370911,0.038276128770081894,0.14731243879639136,0.25925925925925924,0.5833333333333334,0.358974358974359,0.9170812603648425,54,603,24
T13,59,0.7564139629510653,0.2693263893766661,0.15486725663716805,0.31818181818181823,0.9325088339222614,0.9723655121591747,0.20833333333333326,0.6253453260520397,0.17859469694972194,0.9095238095238096,0.0376854615302966,0.15554657380922593,0.16666666666666666,0.3181818181818182,0.21875,0.9163879598662207,42,598,22
T13,60,0.8816720833532474,0.2474871914102567,0.30420483908855994,0.6607142857142857,0.9504516560722647,0.9884313623158151,0.4165996461315747,0.8055829708932751,0.4229057573882636,0.9412536443148687,0.029442103712787316,0.12102211271398765,0.325,0.65,0.43333333333333335,0.9437086092715232,40,604,20
T13,61,0.8447030913031547,0.27135412308486273,0.36399268356414927,0.4925742574257425,0.9586841390548614,0.9752214528689584,0.41863260706235894,0.7256291982403019,0.3912457377024781,0.9373339812115322,0.038512805169339845,0.1484772387652178,0.3783783783783784,0.4827586206896552,0.42424242424242425,0.9383116883116883,37,616,29
T13,62,0.9310151653901655,0.257008791200874,0.21710526315789466,0.6875,0.9306526806526807,0.9906947890818858,0.3299999999999999,0.8090763403263403,0.3584022312036966,0.9240362811791383,0.027272517851123355,0.11404247115810945,0.17777777777777778,0.6153846153846154,0.27586206896551724,0.9298831385642737,45,599,13
T13,63,0.9097614155101907,0.2896783150965572,0.37634408602150543,0.6760563380281688,0.9530166230697832,0.9859452475731546,0.4835228090372715,0.8145364805489761,0.47739545856511434,0.9418691286038223,0.03381585772087763,0.13010786092617363,0.40476190476190477,0.68,0.5074626865671642,0.9443507588532883,42,593,25
T13,64,0.7678844020932589,0.17985291691629016,0.24999999999999994,0.4915254237288134,0.9489736070381233,0.9817961165048543,0.33142857142857135,0.7202495153834684,0.3195402394940705,0.9336734693877552,0.03312683401443188,0.14034192089597827,0.24390243902439024,0.5,0.32786885245901637,0.9301533219761499,41,587,20
T13,65,0.9279667184716273,0.27763949590826126,0.3783382789317508,0.8225806451612905,0.9507638072855462,0.9932482199852689,0.5182926829268294,0.8866722262234183,0.536063762570852,0.9462585034013606,0.030195292166854838,0.12116452367933282,0.43478260869565216,0.8333333333333334,0.5714285714285714,0.9515347334410339,46,619,24
T13,66,0.7866452314330595,0.18002200568670734,0.28040297433437267,0.4103194103194102,0.9490584299808118,0.9708186413298361,0.33314334568253057,0.6796889201501111,0.30047209799603064,0.9241982507288629,0.04260758200748098,0.1671625561142377,0.3076923076923077,0.42857142857142855,0.3582089552238806,0.9285714285714286,39,602,28
T13,67,0.7819386240244324,0.2043632624347203,0.3044681692368525,0.5499999999999999,0.9403121818798775,0.9777707208637662,0.3919572410282514,0.7451560909399388,0.37200156722329625,0.9226109491415614,0.041929316129233736,0.1668022550270839,0.27906976744186046,0.5,0.3582089552238806,0.9289256198347108,43,605,24
T13,68,0.8798932367041061,0.327167993182877,0.40575709779179836,0.6853146853146855,0.9486865178677835,0.9833239217900756,0.5097213622291025,0.8170006015912343,0.4966667238202782,0.9358762552640104,0.03927623817385774,0.1481323097912285,0.3333333333333333,0.625,0.43478260869565216,0.9361702127659575,45,611,24
T13,69,0.9525848064978499,0.22477092297053192,0.23350630096367678,0.6923076923076924,0.9486211180124222,0.9927200873589517,0.34922394678492236,0.8204644051600573,0.38078210295474807,0.9429543245869777,0.023217504842334473,0.0997734745188786,0.1875,0.6,0.2857142857142857,0.9509803921568627,32,612,10
T13,70,0.868542149771339,0.2699483607341627,0.24892241379310356,0.7085889570552147,0.9179420767600655,0.9879624936644702,0.3684210526315791,0.8132655169076402,0.3852476423868547,0.910204081632653,0.03493131721428855,0.13851522681976353,0.18181818181818182,0.5882352941176471,0.2777777777777778,0.912751677852349,55,596,17
T13,71,0.9404080971131406,0.5450468023987539,0.446987951807229,0.8607888631090488,0.9452854929073787,0.9924906132665833,0.5884218873909597,0.9030371780082137,0.5951910628738448,0.9411564625850339,0.033366639922817375,0.1278069626076275,0.36363636363636365,0.8,0.5,0.9456706281833617,44,589,20
T13,72,0.7734711567282073,0.19154231066411634,0.21663778162911618,0.3424657534246577,0.9465405085748076,0.970884386752396,0.26539278131634825,0.6445031309997327,0.2327983696806638,0.9215419501133787,0.03961444877261991,0.15805867464878665,0.13157894736842105,0.22727272727272727,0.16666666666666666,0.9178981937602627,38,609,22
T13,73,0.8359406431425114,0.30215544392065813,0.42649199417758393,0.6260683760683763,0.9528256704980843,0.9784827247018321,0.5073593073593077,0.7894470232832302,0.4841874159550402,0.9354875283446712,0.04233613822168571,0.1623940774964987,0.4166666666666667,0.5555555555555556,0.47619047619047616,0.9441624365482234,36,591,27
T13,74,0.8603447050716684,0.3349897411264552,0.40177604505089914,0.63855421686747,0.9530551542449224,0.9816186124678326,0.4932198883275727,0.7958046855561961,0.47625609940714375,0.9382572076449626,0.03827650740473544,0.14987430295470985,0.4146341463414634,0.6296296296296297,0.5,0.9443535188216039,41,611,27
T13,75,0.8461865271378745,0.2697898002658336,0.36596827883297456,0.7275204359673024,0.9452772473001974,0.9876397153603023,0.4869723814486714,0.83639884163375,0.4877567419094319,0.9362163913184323,0.036794526850885495,0.14816326893009854,0.4146341463414634,0.7083333333333334,0.5230769230769231,0.9495114006514658,41,614,24
T13,76,0.8611828501638538,0.25591799848088226,0.3359320859320857,0.6487119437939111,0.9347585573011521,0.9812392795883362,0.4426435338431684,0.7917352505475315,0.43018616385607794,0.9209102688694526,0.04218676015812207,0.15753889976927785,0.4074074074074074,0.6875,0.5116279069767442,0.93,54,600,32
T13,77,0.7816251797268149,0.1191229650723416,0.16801075268817192,0.4807692307692307,0.9276869158878501,0.9832838038632986,0.24900398406374488,0.7042280733285404,0.24859040926633758,0.9145124716553289,0.033620399897926805,0.14096998565241525,0.19607843137254902,0.5263157894736842,0.2857142857142857,0.9188311688311688,51,616,19
T13,78,0.7572998027074274,0.1811660355690941,0.2145985401459855,0.43620178041543034,0.9365790404338087,0.9766441303011678,0.2876712328767125,0.6863904104246195,0.2670048682527909,0.9174603174603173,0.03887412657301604,0.1586930332555703,0.275,0.4583333333333333,0.34375,0.9288135593220339,40,590,24
T13,79,0.8788969285086312,0.33712554794037913,0.41486872887964626,0.6551724137931034,0.9620430325104546,0.9854904738051231,0.5080375616743592,0.808607723151779,0.4970994708977444,0.9499352121801103,0.031838412506575604,0.12789358806497403,0.47368421052631576,0.6923076923076923,0.5625,0.9540983606557377,38,610,26
T13,80,0.8749693856795546,0.304551032990949,0.3467978594855859,0.7321428571428573,0.935860058309038,0.9868625663574455,0.47065713951036653,0.8340014577259476,0.4721081838244977,0.92680596047943,0.037132414328958634,0.1429665384860986,0.3,0.6818181818181818,0.4166666666666667,0.9279588336192109,50,583,22
T13,81,0.7838760858119772,0.2771688503342309,0.22200198216055494,0.4507042253521127,0.9337608640621042,0.9759238028044801,0.29747675962815406,0.6922325447071085,0.2758542271091044,0.9143181081956593,0.03756355349689641,0.1532264117024152,0.17777777777777778,0.38095238095238093,0.24242424242424243,0.9188311688311688,45,616,21
T13,82,0.8068229199752835,0.16949376740970035,0.19693654266958424,0.3103448275862069,0.9569753810082063,0.9760851369125912,0.24096385542168675,0.6336601042972066,0.2150632266968572,0.9357142857142858,0.033939073233754266,0.14136379140835006,0.20689655172413793,0.3,0.24489795918367346,0.940032414910859,29,617,20
T13,83,0.7924786949745939,0.17041364797877515,0.26445959104186934,0.5639534883720929,0.936341266095867,0.9814504019079586,0.36006893808829354,0.75014737723398,0.35075273276775965,0.9218172983479105,0.03874857309572526,0.15451351356475637,0.23809523809523808,0.5,0.3225806451612903,0.9323671497584541,42,621,20
T13,84,0.9428871194250773,0.46732394754733236,0.4492125984251969,0.7836538461538463,0.9524376147412795,0.9888810448288033,0.5710710710710711,0.8680457304475628,0.5678705749303309,0.9444768383543893,0.03550463787673593,0.13502982665260768,0.25,0.625,0.35714285714285715,0.9395973154362416,40,596,16
T13,85,0.8661137296082835,0.28592853852815076,0.3397913561847986,0.6551724137931035,0.9477101038715771,0.9852742667812001,0.4474975466143276,0.8014412588323403,0.4426921968817393,0.9361678004535146,0.03544144238141101,0.1380332272005771,0.2631578947368421,0.5555555555555556,0.35714285714285715,0.9378238341968912,38,579,18
T13,86,0.8406311873115053,0.3421387025997439,0.2954940711462452,0.49720670391061467,0.9231472378882739,0.9658937110890553,0.3706862356207856,0.7101769708994442,0.33147456101589196,0.8972141237447362,0.05022856285772718,0.18281366408870092,0.3,0.4411764705882353,0.35714285714285715,0.9087837837837838,50,592,34
T13,87,0.8399227322495814,0.30879843278253616,0.3942998204667862,0.5961995249406177,0.9540931743574913,0.9792263110118008,0.4746724300959069,0.7751463496490545,0.4533747932447648,0.9370100421120829,0.039020484147035885,0.1528118333940586,0.358974358974359,0.5384615384615384,0.4307692307692308,0.9383333333333334,39,600,26
T13,88,0.7695777892579547,0.13483072101035956,0.23376623376623384,0.39024390243902457,0.9441486214649151,0.9725743539736713,0.2923857868020306,0.6671962619519697,0.26267613123039746,0.9209750566893423,0.04152411127685957,0.16351491751716496,0.2682926829268293,0.4230769230769231,0.3283582089552239,0.9273021001615509,41,619,26
T13,89,0.8240542740574908,0.2464262852009741,0.3098139833226426,0.6428571428571429,0.9457351309551827,0.9858927851672712,0.4181214831914586,0.7942961369061627,0.4171938629068922,0.9346776805960478,0.03341314901651915,0.13714064758031863,0.34782608695652173,0.6666666666666666,0.45714285714285713,0.9384116693679092,46,617,24
T13,90,0.8015450266578926,0.24765517030258213,0.3302872062663188,0.4702602230483273,0.9380584399903402,0.9646138564688351,0.3880368098159511,0.7041593315193336,0.3470066392227972,0.9095238095238096,0.05241024293193921,0.19360732735475125,0.3191489361702128,0.4411764705882353,0.37037037037037035,0.9144295302013423,47,596,34
T13,91,0.7869377451408974,0.24202833648628333,0.33503967238290266,0.40919037199124747,0.9556208469277943,0.9673196963671262,0.3684210526315791,0.6824056094595208,0.3321205953645321,0.9273080660835762,0.04503090071386903,0.1757593199773391,0.3170731707317073,0.41935483870967744,0.3611111111111111,0.9247135842880524,41,611,31
T13,92,0.8022819949052235,0.19549705555889796,0.2807424593967516,0.6173469387755102,0.9264356905552917,0.9811510429756221,0.38596491228070157,0.771891314665401,0.37737665180122515,0.9126984126984129,0.041008644658291654,0.16155063551919957,0.3584905660377358,0.6551724137931034,0.4634146341463415,0.9266666666666666,53,600,29
T13,93,0.8076858191545147,0.378259428196798,0.2620213072271809,0.47272727272727266,0.9571512162501044,0.9825801911888375,0.33716191181919214,0.7149392444886886,0.32426674596800525,0.9420472951085194,0.02982831983593205,0.12859816999730414,0.24324324324324326,0.45,0.3157894736842105,0.9371980676328503,37,621,20
T13,94,0.7373629177394281,0.16970900328228772,0.1935483870967742,0.27184466019417475,0.9588767477382213,0.973169568328166,0.22611036339165544,0.615360703966198,0.1961259834984954,0.9348072562358277,0.034280223877166664,0.14702947383552104,0.2,0.2857142857142857,0.23529411764705882,0.9346733668341709,30,597,21
T13,95,0.8446439257929381,0.2826039944445804,0.3339222614840988,0.5806451612903225,0.935539027100966,0.9756597717546364,0.4240044868199662,0.7580920941956444,0.399751611088513,0.9168286362163914,0.04363021765062233,0.1632459908433745,0.21951219512195122,0.4090909090909091,0.2857142857142857,0.9233390119250426,41,587,22
T13,96,0.7274511126635784,0.12486690142188905,0.23361998361998368,0.47521865889212833,0.9369217546638805,0.9778387505276488,0.3132463967055594,0.7060702067780045,0.2952129572726028,0.9189666342727566,0.040032664192672915,0.16363649416078754,0.2826086956521739,0.52,0.36619718309859156,0.9235993208828522,46,589,25
T13,97,0.9213845272816863,0.33363192079802284,0.4004305705059202,0.7798742138364778,0.9332374445643051,0.9866937016854644,0.5291607396870553,0.8565558292003916,0.525416817155289,0.9249433106575966,0.04203820099408631,0.151454184453959,0.35,0.75,0.4772727272727273,0.9238410596026491,60,604,28
T13,98,0.9354759826105552,0.48064845380997245,0.44479166666666714,0.8026315789473687,0.9548916723087341,0.9907797681770284,0.5723860589812337,0.8787616256280513,0.5744175219098756,0.948331713637836,0.031744004661719144,0.12526739513084395,0.37209302325581395,0.7619047619047619,0.5,0.9476268412438625,43,611,21
T13,99,0.7898384271978018,0.27204179280354335,0.33117932148626794,0.41000000000000003,0.9502403846153844,0.9640287769784172,0.36639857015192123,0.6801201923076923,0.32610715866490136,0.9196145124716553,0.04776431862267666,0.18349351151412305,0.2222222222222222,0.2857142857142857,0.25,0.919732441471572,36,598,28
T13,100,0.8472174115346702,0.30689672753517167,0.3302377414561664,0.5657015590200442,0.9384610133624588,0.9757789765064945,0.41702826316406694,0.7520812861912516,0.3927876980254176,0.9194849368318757,0.042541698246741956,0.16128018514823986,0.24444444444444444,0.4583333333333333,0.3188405797101449,0.9196581196581196,45,585,24
T13,101,0.863634773369965,0.3233265570155769,0.34068335319825194,0.6202531645569617,0.9437219160661297,0.9814834409057243,0.4397999743556865,0.7819875403115458,0.426255842985024,0.9292355037252996,0.03668795223398656,0.14439099922032733,0.35714285714285715,0.6,0.44776119402985076,0.9398373983739837,42,615,25
T13,102,0.8810279104158503,0.340319809078539,0.30247631710154554,0.6842105263157894,0.928960731211916,0.9849254347396946,0.419499827129192,0.8065856287638529,0.41979339393582554,0.9184159378036929,0.03701442534460741,0.14272461652833707,0.2653061224489796,0.6190476190476191,0.37142857142857144,0.9270315091210614,49,603,21
T13,103,0.7905892924952718,0.3008980536203421,0.45079787234042573,0.5183486238532112,0.949424442811658,0.9609568666336143,0.48221906116642976,0.7338865333324345,0.4388710254319365,0.9174603174603175,0.05890719140144596,0.21752284952308007,0.4230769230769231,0.5116279069767442,0.4631578947368421,0.9170731707317074,52,615,43
T13,104,0.9214676090111955,0.39679597217167834,0.49858575469272315,0.7066326530612246,0.9669469116550274,0.986084942351904,0.5846524951002564,0.836789782358126,0.571370525268884,0.9553773890508584,0.03457749210470434,0.13099786960151408,0.4117647058823529,0.6363636363636364,0.5,0.9526226734348562,34,591,22
T13,105,0.8758018380228796,0.32310094455916255,0.405852417302799,0.6392785571142282,0.9438769378680448,0.977595220313667,0.49649805447470813,0.7915777474911366,0.4728737642479364,0.9266439909297053,0.044459421836143105,0.16249108294736278,0.3617021276595745,0.5862068965517241,0.4473684210526316,0.9291736930860034,47,593,29
T13,106,0.8935027269301462,0.3009595498610416,0.3338414634146342,0.6656534954407296,0.9485337416087621,0.9865262126408624,0.4446700507614214,0.8070936185247457,0.4435828420898321,0.937981859410431,0.03236095368792717,0.13107005189171148,0.3541666666666667,0.68,0.4657534246575342,0.9360655737704918,48,610,25
T13,107,0.8051444517692329,0.19959810817808887,0.27120717781402914,0.5000000000000001,0.9395057549085984,0.9765993384474628,0.3516657852987835,0.7197528774542992,0.33001877219451625,0.9205701328150308,0.03997335552921721,0.15579848744805855,0.20454545454545456,0.4090909090909091,0.2727272727272727,0.9173838209982789,44,581,22
T13,108,0.7505669767124603,0.09922553480118178,0.12616056799563086,0.2629482071713147,0.9466515512728607,0.9777024002203932,0.17051116442148004,0.6047998792220877,0.14754542707035775,0.927194687398769,0.0320932834691495,0.1353800674153735,0.13157894736842105,0.2777777777777778,0.17857142857142858,0.9229480737018425,38,597,18
T13,109,0.9509546857476233,0.2969394312141758,0.3072345173888785,0.797297297297297,0.9375712274586041,0.992548302964711,0.4435494697274801,0.8674342623779507,0.4693622896445816,0.9328636216391318,0.029248987897943335,0.11540405311954775,0.24489795918367346,0.75,0.36923076923076925,0.9337641357027464,49,619,16
T13,110,0.8386600267265931,0.2617558360579389,0.2917143324072558,0.5999999999999999,0.9262486173742872,0.9786052030707826,0.39256652738069026,0.7631243086871436,0.377167445300594,0.9105280207321023,0.04230949439889771,0.16086313337113572,0.2542372881355932,0.5555555555555556,0.3488372093023256,0.9098228663446055,59,621,27
T13,111,0.7618710186120112,0.21667203945328084,0.2880812399786211,0.3548387096774194,0.9546182412864979,0.9662057312321114,0.3179941002949853,0.6547284754819587,0.28051893123410143,0.925105280207321,0.04405566788205577,0.1758900970537285,0.22857142857142856,0.2962962962962963,0.25806451612903225,0.9242174629324547,35,607,27
T13,112,0.7975180472427664,0.13242812797885126,0.18595227375056275,0.5291479820627802,0.9399125940942852,0.987172327131837,0.27519573546560044,0.7345302880785327,0.28496653318742515,0.929527048914804,0.029498638970442154,0.12417298305891776,0.19047619047619047,0.5333333333333333,0.2807017543859649,0.9317803660565723,42,601,15
T13,113,0.7526898163705362,0.11023659498554264,0.15736040609137053,0.40789473684210525,0.9420391061452513,0.983594604447685,0.22710622710622708,0.6749669214936782,0.222092162235086,0.9282312925170066,0.030388966988309573,0.13207516060561486,0.1794871794871795,0.4375,0.2545454545454545,0.9322314049586777,39,605,16
T13,114,0.8478596112934749,0.2277661580918716,0.27166882276843474,0.5901639344262297,0.943326902105528,0.984676543728766,0.37206555440720523,0.7667454182658788,0.36980792854349603,0.9311143505021054,0.03271609244324735,0.13259335669435113,0.17647058823529413,0.4,0.24489795918367346,0.9392446633825944,34,609,15
T13,115,0.7736711333513093,0.11850727162350232,0.16691505216095393,0.4383561643835618,0.9055503928360225,0.9739233145556969,0.24177010253642758,0.671953278609792,0.22008007138755734,0.886216391318432,0.04512456112345926,0.17080103065774946,0.21311475409836064,0.48148148148148145,0.29545454545454547,0.9012738853503185,61,628,27
T13,116,0.8366771022134344,0.12361752177854037,0.07062554050158545,0.23333333333333334,0.9468775745592352,0.98618523793997,0.1084310688205355,0.5901054539462842,0.10118261689161746,0.9347424684159378,0.023451554285991265,0.1081959042438587,0.08333333333333333,0.2727272727272727,0.1276595744680851,0.9341894060995185,36,623,11
T13,117,0.797547575992422,0.35914474638237476,0.45982279254506575,0.4095238095238096,0.9695513648497373,0.9628850462654144,0.43321819228554986,0.6895375871867735,0.4002974490377729,0.9362163913184322,0.04712452342261016,0.1826924261137193,0.41379310344827586,0.36363636363636365,0.3870967741935484,0.9372937293729373,29,606,33
T13,118,0.8962223072354538,0.3893113473379632,0.3731013532173433,0.810924369747899,0.9222709217915351,0.9884399427501925,0.5110648761112162,0.8665976457697171,0.5148595691064344,0.9162617427923551,0.04176616923738722,0.15409387863936067,0.32,0.7272727272727273,0.4444444444444444,0.935064935064935,50,616,22
T13,119,0.7459179722992575,0.08708209088500837,0.10684304248282885,0.28571428571428564,0.9417454786792766,0.981836738224152,0.1555267543047584,0.6137298821967812,0.1420249345223656,0.9261256883705865,0.030479539991974742,0.12973892111454613,0.10810810810810811,0.2857142857142857,0.1568627450980392,0.9284525790349417,37,601,14
T13,120,0.7456363995480091,0.2149898327361958,0.23816764873598167,0.4124423963133638,0.9317229395931995,0.9683953327785549,0.3019640920592841,0.6720826679532818,0.2666304894771256,0.9061710398445094,0.047035510039092,0.1846310341132021,0.2702702702702703,0.37037037037037035,0.3125,0.9247863247863248,37,585,27
T13,121,0.7909850433346235,0.16021063496176247,0.2133304099978076,0.3982808022922638,0.9394910366460358,0.9742912607775581,0.2778412335808111,0.6688859194691497,0.25174057432696645,0.9180758017492713,0.03921808925882793,0.15400114079688115,0.17073170731707318,0.3333333333333333,0.22580645161290322,0.921311475409836,41,610,21
T13,122,0.7885546185168442,0.19791817474938792,0.30875576036866365,0.4774346793349168,0.9464221931182285,0.9730689190843433,0.37500000000000006,0.7119284362265726,0.34562020660410153,0.9240362811791383,0.04354422663809511,0.16999933134046408,0.2926829268292683,0.4444444444444444,0.35294117647058826,0.9238754325259516,41,578,27
T13,123,0.8501780033886901,0.23870078047938284,0.24478714161598605,0.5629370629370629,0.9417958418427129,0.9846856622794734,0.3412049651831668,0.752366452389888,0.3403270116786441,0.9295108519598319,0.03261171635504895,0.1329877175731451,0.2826086956521739,0.5652173913043478,0.37681159420289856,0.9329173166926678,46,641,23
T13,124,0.9201126852745636,0.3061672713761476,0.34337349397590367,0.5588235294117646,0.9615926708949962,0.983777937995674,0.4253731343283582,0.7602081001533805,0.41261956467376065,0.9476190476190476,0.029222432668929946,0.11739088398569113,0.32142857142857145,0.47368421052631576,0.3829787234042553,0.9532258064516129,28,620,19
T13,125,0.8611139174668532,0.27745334194763827,0.36792086889061293,0.6287703016241301,0.9445021541814961,0.9802064187756256,0.46421142787226244,0.786636227902813,0.4467345801853464,0.929073534175575,0.04097030111101285,0.151971684781924,0.3023255813953488,0.5416666666666666,0.3880597014925373,0.9325657894736842,43,608,24
T13,126,0.9094153952714608,0.32808425249674117,0.42160611854684504,0.6494845360824741,0.9481532264975575,0.9789417802158908,0.5113043478260869,0.7988188812900159,0.4892673604714441,0.9317298347910593,0.04236167884917284,0.14861030506311684,0.37777777777777777,0.5862068965517241,0.4594594594594595,0.935064935064935,45,616,29
T13,127,0.8511418525751839,0.19612397326050482,0.2387368421052631,0.5276872964169381,0.9393196959272371,0.9821898578698017,0.3287432961298738,0.7335034961720877,0.3212075865914145,0.9249919015225139,0.03403616284041898,0.13325400049213298,0.23076923076923078,0.47368421052631576,0.3103448275862069,0.9352750809061489,39,618,19
T13,128,0.8068707873467582,0.22139557723704456,0.3541526751734946,0.5124716553287982,0.9508124051625662,0.9737223473539014,0.4188509398993911,0.7316420302456821,0.38974257115458943,0.928895367670878,0.04442295271815977,0.17006074553003797,0.35,0.4827586206896552,0.4057971014492754,0.9312080536912751,40,596,29
T13,129,0.9433626427059016,0.38739091626514105,0.39581478183437263,0.8542600896860988,0.9305503428980858,0.9917275735427802,0.5409736308316434,0.8924052162920924,0.5514954973236292,0.9266925817946227,0.038904063348751405,0.14565541547219035,0.39344262295081966,0.8275862068965517,0.5333333333333333,0.9317073170731708,61,615,29
T13,130,0.9347063079859468,0.3824553613859973,0.48914858096828046,0.7650130548302873,0.963731184070167,0.9890524267120788,0.5967413441955194,0.8643721194502272,0.5903272222957803,0.9551020408163264,0.03319599154130457,0.12589422410280854,0.45,0.75,0.5625,0.9540983606557377,40,610,24
T13,131,0.9244067987626958,0.28491597271614433,0.31417624521072773,0.8453608247422681,0.9370383397819204,0.9944008958566628,0.45810055865921756,0.8911995822620943,0.4913557747319044,0.9340136054421769,0.029954847805434965,0.12122398578852556,0.26666666666666666,0.8,0.4,0.9398998330550918,45,599,15
T13,132,0.8813150776390652,0.1597265448796051,0.2344771241830064,0.5774647887323942,0.9533436239605636,0.9891506509609422,0.33352701917489813,0.765404206346479,0.3445337492296179,0.9442662779397474,0.024957922776778312,0.10840654537104537,0.2564102564102564,0.625,0.36363636363636365,0.9431818181818182,39,616,16
T13,133,0.9054661899153578,0.28082748368400273,0.32907060518732,0.7435897435897436,0.9371657979521955,0.988787641489286,0.4562367336746162,0.8403777707709695,0.465170681416945,0.9294622610949143,0.033748607115235287,0.13026301336691515,0.28888888888888886,0.6842105263157895,0.40625,0.9354838709677419,45,589,19
T13,134,0.9110417193811005,0.30464877097500953,0.2598684210526315,0.6245059288537549,0.9474728609781718,0.9884315635655139,0.3670150987224157,0.7859893949159633,0.3768584942882052,0.9382086167800453,0.02721325941655082,0.11418412030277385,0.2558139534883721,0.6111111111111112,0.36065573770491804,0.9362745098039216,43,612,18
T13,135,0.850756089921211,0.2712935330397479,0.3135704874835309,0.4857142857142856,0.9560634171023781,0.9782552420398654,0.38110488390712566,0.7208888514083319,0.3590572383501589,0.9373987690314218,0.03424189111523058,0.1367590827149811,0.34285714285714286,0.5,0.4067796610169492,0.943089430894309,35,615,24
T13,136,0.8489505463262471,0.3621389225982916,0.3784435261707986,0.5880149812734083,0.937760766870108,0.9724665665450906,0.46050701864655336,0.7628878740717581,0.42953465113865547,0.9165856818918042,0.04738827658739164,0.177083691936466,0.32075471698113206,0.53125,0.4,0.9123711340206185,53,582,32
T13,137,0.8554458431381512,0.28261318803414154,0.3227388659996078,0.6351351351351354,0.9416398985629757,0.9833165616227953,0.42799531676857056,0.7883875168490555,0.42014893737864134,0.9287819889860706,0.03659147572107763,0.14391973337066413,0.2619047619047619,0.55,0.3548387096774194,0.9303135888501742,42,574,20
T13,138,0.8260210486567092,0.2552945815940373,0.3253012048192771,0.5192307692307692,0.9536423841059601,0.9787595581988103,0.39999999999999997,0.7364365766683647,0.3791861967613441,0.9357142857142856,0.036855551119677005,0.14604110500067222,0.3076923076923077,0.5,0.38095238095238093,0.9355371900826446,39,605,24
T13,139,0.837085356923852,0.3001088454292181,0.3534516765285996,0.6547314578005116,0.944443502872735,0.9833245103229222,0.45907518893300886,0.7995874803366232,0.44920803478170984,0.9316002591512798,0.03693540075372927,0.14709092518668207,0.3404255319148936,0.64,0.4444444444444444,0.9353796445880452,47,619,25
T13,140,0.8195466656729206,0.1949696467415513,0.24315383201617352,0.5053475935828878,0.9303474172051012,0.9769978152365051,0.3283285767464946,0.7178475053939944,0.30970788547395667,0.912325882734046,0.041659062235007954,0.15925524109323763,0.2777777777777778,0.5357142857142857,0.36585365853658536,0.9169329073482428,54,626,28
T13,141,0.7803726548198422,0.2012238742156025,0.31293169608595534,0.5574162679425838,0.939113136328085,0.9770909991508632,0.4008355861391004,0.7482647021353344,0.37947963857223127,0.9210236475542597,0.04291193464278393,0.16894984251141484,0.35,0.5185185185185185,0.417910447761194,0.9351081530782029,40,601,27
T13,142,0.8273829278265115,0.26215350931965437,0.2374113168368229,0.5505617977528091,0.9256177423710505,0.9799860617215561,0.33176157659291494,0.7380897700619298,0.3217455263808044,0.910479429867185,0.03770355969936919,0.14964546748676844,0.2127659574468085,0.47619047619047616,0.29411764705882354,0.9176672384219554,47,583,21
T13,143,0.8283769464014485,0.24736903273829144,0.2956621004566209,0.6351931330472104,0.9589412567169641,0.9897829521258328,0.40350535540408944,0.7970671948820871,0.41181636942607974,0.950388726919339,0.026778626294652007,0.11770275823600937,0.2972972972972973,0.6470588235294118,0.4074074074074074,0.9469320066334992,37,603,17
T13,144,0.7912983193277309,0.144399690538629,0.1916961130742051,0.4843750000000001,0.9231092436974787,0.9794044222539229,0.2746835443037976,0.7037421218487393,0.2640469129424078,0.9071914480077745,0.039303840041594595,0.15381915445577712,0.14583333333333334,0.3888888888888889,0.21212121212121213,0.9147540983606557,48,610,18
T13,145,0.888176134636406,0.20272052667763443,0.20988551699073252,0.5076923076923078,0.9268813587824771,0.9800842861461315,0.29699151452815653,0.7172868332373924,0.28732537978514827,0.9114350502105604,0.03651946164280775,0.1392857646433427,0.23076923076923078,0.5217391304347826,0.32,0.914572864321608,52,597,23
T13,146,0.8768378479213935,0.282374937473848,0.3105950653120464,0.6131805157593123,0.9439263369141778,0.9833968761529948,0.4123314065510597,0.7785534263367451,0.40470350285234535,0.9308390022675739,0.03382276225887431,0.13345885614698275,0.20512820512820512,0.47058823529411764,0.2857142857142857,0.9341021416803954,39,607,17
T13,147,0.7873113150341599,0.1486992362163771,0.19691780821917795,0.39655172413793105,0.9450175849941383,0.9787518212724624,0.263157894736842,0.6707846545660348,0.24495582046758202,0.9269841269841268,0.03434664069530339,0.14345090983610273,0.23684210526315788,0.42857142857142855,0.3050847457627119,0.9308600337268128,38,593,21
T13,148,0.7231202572225708,0.20379735078898892,0.18681828730563937,0.4339622641509435,0.9414878517157884,0.9817171910640595,0.2611940298507463,0.6877250579333659,0.25154853384895326,0.9262390670553934,0.03204575835401059,0.14057047465135372,0.24324324324324326,0.47368421052631576,0.32142857142857145,0.9365609348914858,37,599,19
T13,149,0.8796529736428192,0.32816541952726974,0.31405538030143726,0.7293447293447293,0.9339777001838636,0.988132205446693,0.43905426926375124,0.8316612147642966,0.4477139751580589,0.9258341431810819,0.03580912202226981,0.14349609623383763,0.21153846153846154,0.6111111111111112,0.3142857142857143,0.9219512195121952,52,615,18
T13,150,0.8323426405524262,0.16479351330446657,0.16675360806816203,0.44625407166123776,0.9195851722575553,0.9787458250727822,0.24278481012658226,0.6829196219593965,0.23071498133171928,0.9031098153547135,0.03647426413652081,0.14392028891108438,0.19230769230769232,0.45454545454545453,0.2702702702702703,0.9107438016528926,52,605,22
T13,151,0.8056453734275739,0.2583050972244642,0.3496086470368989,0.5851528384279475,0.9403765332968871,0.9764075637705324,0.4377041530564629,0.7627646858624173,0.4139216042171993,0.9219306770327177,0.044973452728622944,0.1727568170629134,0.2653061224489796,0.5,0.3466666666666667,0.9213483146067416,49,623,26
T13,152,0.8995424798749061,0.3570669806677201,0.36169869207169386,0.6881720430107526,0.9324100196631615,0.9817271859866419,0.4741744284504657,0.8102910313369571,0.4616534845325464,0.919533527696793,0.041261284087223044,0.15267051952734517,0.22727272727272727,0.5,0.3125,0.9277504105090312,44,609,20
T13,153,0.8912250778917447,0.3481443570526123,0.41984732824427445,0.6666666666666665,0.9452252252252253,0.979462285287528,0.5152224824355969,0.805945945945946,0.4943018459146121,0.9295918367346938,0.043188126766962404,0.15712446982972925,0.3541666666666667,0.6071428571428571,0.4473684210526316,0.9275862068965517,48,580,28
T13,154,0.8594518755598861,0.41802565785451656,0.4538745387453875,0.6373056994818653,0.9461230433199855,0.9737729486699139,0.5301724137931035,0.7917143714009254,0.4995015875300917,0.9258503401360545,0.048480415792993066,0.17646253209542961,0.2857142857142857,0.46153846153846156,0.35294117647058826,0.9234782608695652,42,575,26
T13,155,0.9084385711889988,0.42039711326342954,0.4294940796555436,0.640449438202247,0.9547974413646058,0.9803835712409144,0.5141752577319587,0.7976234397834265,0.4939416895751025,0.9389374797538063,0.038576071437419604,0.14356893621762,0.2972972972972973,0.5,0.3728813559322034,0.9357638888888888,37,576,22
T13,156,0.826342497679339,0.23451308873218601,0.30851063829787245,0.5454545454545455,0.9541230443477239,0.9824370155038759,0.39411098527746335,0.7497887949011347,0.381249167402242,0.9393424036281179,0.03343232118825182,0.1363281393761542,0.32432432432432434,0.5454545454545454,0.4067796610169492,0.9425287356321839,37,609,22
T13,157,0.6785108104249608,0.15558274826611024,0.2425531914893616,0.23553719008264457,0.9572936660268714,0.9556886227544911,0.23899371069182385,0.596415428054758,0.19551761751143296,0.9176870748299316,0.05179958243186671,0.20796446976210178,0.16666666666666666,0.16666666666666666,0.16666666666666666,0.9148211243611585,30,587,30
T13,158,0.7835738408307034,0.20936724489188632,0.2900715187210771,0.49622166246851374,0.9427587727480875,0.9754325623837432,0.36612239479623,0.7194902176083007,0.3413958070556473,0.9226595400064787,0.0410872437329368,0.16419816564858955,0.23404255319148937,0.44,0.3055555555555556,0.9208860759493671,47,632,25
T13,159,0.8413682427812671,0.20368347219608782,0.31070496083550925,0.5528455284552845,0.9464475886201126,0.9797879042419151,0.39782699540325955,0.7496465585376986,0.3808426027805591,0.929980563654033,0.038476380983541864,0.15084116727353752,0.3902439024390244,0.5925925925925926,0.47058823529411764,0.9394957983193277,41,595,27
T13,160,0.8268494632000863,0.1632621535219679,0.27090103397341214,0.6359223300970874,0.9590699525689075,0.9910033416159713,0.3799461363165528,0.7974961413329975,0.3947544582042611,0.9515225137674118,0.025360086440833762,0.11410750697023198,0.21428571428571427,0.5454545454545454,0.3076923076923077,0.9554455445544554,28,606,11
T13,161,0.8067021970039874,0.18979488624360874,0.2447325769854134,0.4561933534743202,0.9451054305571914,0.9780568084847007,0.3185654008438819,0.7006493920157558,0.2990068719683283,0.9267573696145125,0.03666432341133245,0.14623569785581503,0.2564102564102564,0.45454545454545453,0.32786885245901637,0.9312080536912751,39,596,22
T13,162,0.8489921730008869,0.30280683431619676,0.44499221587960575,0.6049382716049382,0.9636872930990577,0.9806516256089555,0.5127821796980117,0.784312782351998,0.4919674478349258,0.9472141237447361,0.038228738857267776,0.1495915317931664,0.3142857142857143,0.5,0.38596491228070173,0.944620253164557,35,632,22
T13,163,0.80736688382679,0.1969199241850782,0.30168551312139963,0.4622425629290618,0.9442238543992092,0.9711671603596655,0.3650916602117222,0.7032332086641355,0.33302469675429364,0.9203433754454161,0.04486128535612368,0.16978198722334148,0.3111111111111111,0.4666666666666667,0.37333333333333335,0.9225700164744646,45,607,30
T13,164,0.7838443073845636,0.15740668295503565,0.2071538857436952,0.4600000000000001,0.9486414402400397,0.9836657793756697,0.28566359119943213,0.7043207201200199,0.27924330391344937,0.9347910592808552,0.030902716387566267,0.12973836043756715,0.1794871794871795,0.4375,0.2545454545454545,0.9338709677419355,39,620,16
T13,165,0.7115677071466554,0.16322176107328634,0.22327469553450618,0.2894736842105264,0.9304242424242425,0.949882440292043,0.2521008403361345,0.6099489633173845,0.19513301911842945,0.8890022675736962,0.060590303335713226,0.2303295912969057,0.21052631578947367,0.22857142857142856,0.2191780821917808,0.9032258064516129,38,589,35
T13,166,0.8106694271046642,0.2893624899680921,0.3180112570356473,0.6531791907514451,0.9124201903385135,0.9767861748774826,0.4277602523659307,0.7827996905449793,0.4083347218116232,0.8971655328798186,0.05016073224867393,0.18874847477926276,0.21153846153846154,0.4782608695652174,0.29333333333333333,0.9098639455782312,52,588,23
T13,167,0.7349801588342066,0.231739864002192,0.3261008296107212,0.4139886578449906,0.9454141323638365,0.961955854766037,0.36482627320323663,0.6797013951044135,0.32175825724184587,0.9135406543569807,0.05284025169239735,0.20655259684277827,0.2631578947368421,0.3225806451612903,0.2898550724637681,0.9191419141914191,38,606,31
T13,168,0.8287625321169843,0.26515681859498946,0.2966585167074164,0.5098039215686274,0.9413762651993749,0.975365990990991,0.37506439979392053,0.7255900933840012,0.35033136911906826,0.9214123744735989,0.040433343770396674,0.15828456891817805,0.2391304347826087,0.44,0.30985915492957744,0.9184692179700499,46,601,25
T13,169,0.7447864186868729,0.15986190422392843,0.25836431226765794,0.5072992700729926,0.9533114907559092,0.9836995894711423,0.3423645320197044,0.7303053804144509,0.33391202127075365,0.9394557823129253,0.031074072368076355,0.13620304506851383,0.21428571428571427,0.4,0.27906976744186046,0.9471890971039182,28,587,15
T13,170,0.8382083851989557,0.2772682391564377,0.37479541734860894,0.6122994652406418,0.9547714894624675,0.9823364599829455,0.46497461928934025,0.7835354773515546,0.4500212379802948,0.9402494331065759,0.036741353084522504,0.14470986946814512,0.28205128205128205,0.5238095238095238,0.36666666666666664,0.9376026272577996,39,609,21
T13,171,0.9247976941351845,0.37418815116412774,0.42453575661793774,0.8365122615803814,0.9507698027750079,0.9925897173506476,0.5632289346088325,0.8936410321776946,0.573057941434553,0.9460155490767737,0.03259320311841879,0.12553251209124816,0.4339622641509434,0.8518518518518519,0.575,0.9446254071661238,53,614,27
T13,172,0.8038377662869038,0.1828577866914031,0.23762376237623767,0.45859872611464975,0.9456853985422056,0.9793036279522765,0.31304347826086965,0.7021420623284277,0.2961423646036811,0.9283446712018142,0.035426669097081136,0.14194580906444865,0.21212121212121213,0.3684210526315789,0.2692307692307692,0.9354838709677419,33,589,19
T13,173,0.7602656371946549,0.2352285105533264,0.3064828253507498,0.4058295964125559,0.9510901088402878,0.9677984932125124,0.3492282249173097,0.6784598526264218,0.3128840158556539,0.9235179786200195,0.045249478250028084,0.17871836907410132,0.2564102564102564,0.35714285714285715,0.29850746268656714,0.9223140495867769,39,605,28
T13,174,0.9466606396149095,0.34753693271348285,0.3944444444444446,0.8022598870056495,0.9484998818804631,0.9913580246913581,0.5288640595903167,0.8753798844430565,0.5381867450653978,0.9426303854875282,0.031042737569260587,0.1177504537012397,0.35135135135135137,0.7222222222222222,0.4727272727272727,0.9514237855946399,37,597,18
T13,175,0.8529259108429643,0.2502695548763732,0.3247344461305007,0.6925566343042071,0.9477147221243096,0.9883592696973411,0.4421487603305784,0.8201356782142584,0.4477331103708274,0.9387755102040816,0.03256566416321071,0.1317097464455033,0.32432432432432434,0.631578947368421,0.42857142857142855,0.9467554076539102,37,601,19
T13,176,0.9236176995257972,0.19145071230563815,0.15955766192733015,0.7163120567375885,0.938702615508699,0.9951142054476609,0.2609819121447028,0.8275073361231438,0.31829599826946053,0.9351473922902496,0.020903938263817822,0.09543271173747292,0.22857142857142856,0.7272727272727273,0.34782608695652173,0.9483648881239243,35,581,11
T13,177,0.8120046821571874,0.2553315338884474,0.27262313860251997,0.419753086419753,0.9460996519820049,0.9713289760348582,0.3305555555555555,0.682926369200879,0.2987483040604317,0.9219306770327181,0.04093616473614398,0.15874635056348765,0.16666666666666666,0.2727272727272727,0.20689655172413793,0.9225589225589226,36,594,22
T13,178,0.8921346380266557,0.2337598737210321,0.31546231546231557,0.6850393700787403,0.9559220839865248,0.9903246427892674,0.4319914878524562,0.8204807270326325,0.44271622219558493,0.948121153223194,0.027022594476031236,0.11443411037885644,0.325,0.6842105263157895,0.4406779661016949,0.9472,40,625,19
T13,179,0.9034018132743914,0.2704182762288299,0.2167047579472263,0.5866141732283465,0.9371268470031021,0.9870887276687688,0.3164921863146716,0.7618705101157244,0.32670324160167696,0.9270327178490445,0.02752952861790003,0.11472043707264508,0.18421052631578946,0.5,0.2692307692307692,0.9342560553633218,38,578,14
T13,180,0.8913932055470521,0.23830598052132143,0.32488986784141005,0.7972972972972978,0.9274556213017754,0.990520728008089,0.4616588419405325,0.8623764592995364,0.4781158331398327,0.9219954648526076,0.03737112953670497,0.14272166129570812,0.31666666666666665,0.7916666666666666,0.4523809523809524,0.9247135842880524,60,611,24
T13,181,0.8712651358019082,0.44711456730868243,0.47102161100196455,0.6954314720812185,0.943909171397323,0.977351164797239,0.5616398243045388,0.8196703217392707,0.5354091323443444,0.9272594752186587,0.04835397543672384,0.17627102678158568,0.4107142857142857,0.6571428571428571,0.5054945054945055,0.924114671163575,56,593,35
T13,182,0.7795831988126093,0.2062340253014294,0.28706012745913007,0.4444444444444446,0.9566900637950481,0.9777227296967195,0.348821548821549,0.7005672541197463,0.32590419020850375,0.9373501781665048,0.03548301612397304,0.14895735579376826,0.23529411764705882,0.38095238095238093,0.2909090909090909,0.937799043062201,34,627,21
T13,183,0.8277253038723287,0.32353433796235176,0.3937789543348771,0.5543478260869563,0.9530416951469582,0.9749156571748212,0.4604669160325031,0.7536947606169573,0.4325179561768872,0.9322481373501782,0.04201712246425137,0.16276595761681867,0.3,0.46153846153846156,0.36363636363636365,0.9297658862876255,40,598,26
T13,184,0.7777510570824535,0.22247810977072505,0.1666666666666667,0.38636363636363646,0.9505813953488373,0.983754512635379,0.2328767123287672,0.6684725158562369,0.22513033787154474,0.9365079365079365,0.025620922190102025,0.11644910983087745,0.0967741935483871,0.25,0.13953488372093023,0.9371816638370118,31,589,12
T13,185,0.8107066917716594,0.23891000160028386,0.34660194174757286,0.5312500000000001,0.9544130596762175,0.978132592849705,0.4195064629847239,0.7428315298381087,0.39712915739724475,0.9359896339488175,0.03827725648065301,0.15368152950960953,0.4,0.5714285714285714,0.47058823529411764,0.9398998330550918,40,599,28
T13,186,0.8485346669613908,0.2882608569348707,0.35131894484412457,0.6260683760683761,0.9352250957854404,0.9780866516403707,0.45007680491551444,0.7806467359269083,0.4299921056238806,0.9188208616780045,0.044152209726600486,0.16406796416042682,0.2916666666666667,0.5384615384615384,0.3783783783783784,0.9215017064846417,48,586,26
T13,187,0.8525656432047473,0.15084492825842477,0.27219840783833443,0.5474137931034484,0.9604597777629914,0.9874303109074118,0.3635991820040901,0.7539367854332198,0.3631233461082905,0.9495950761256883,0.02691356311627121,0.11407970467557782,0.2857142857142857,0.5882352941176471,0.38461538461538464,0.9474548440065681,35,609,17
T13,188,0.8544528887937308,0.35621887924882756,0.3803638059701492,0.6083550913838119,0.9550110906043109,0.9817238738425119,0.4680728942459462,0.7816830909940614,0.4516502559735756,0.9399578879170716,0.03557566605350338,0.14171565551951454,0.35135135135135137,0.5416666666666666,0.4262295081967213,0.9421487603305785,37,605,24
T13,189,0.8801115576304513,0.2203699608112276,0.2755498059508407,0.7526501766784454,0.934403186130959,0.9913011060022368,0.4034090909090908,0.843526681404702,0.42818315756941855,0.9285714285714286,0.031493744376677436,0.1275784141576445,0.26,0.7222222222222222,0.38235294117647056,0.9320388349514563,50,618,18
T13,190,0.8495626697311595,0.29792813436212917,0.3737486095661845,0.6288209606986899,0.9422899511395083,0.9788804884108897,0.4688372093023255,0.7855554559190991,0.4487653347645834,0.9260123096857791,0.04293238988225654,0.16219880622296293,0.30612244897959184,0.5555555555555556,0.39473684210526316,0.925686591276252,49,619,27
T13,191,0.8530422129148285,0.34882574890318424,0.42227896584743096,0.6835443037974687,0.9374449186956745,0.9779175830118613,0.5220479431784555,0.8104946112465714,0.4985155400993744,0.9215257531584062,0.04806085315921888,0.1765271351299431,0.39655172413793105,0.6571428571428571,0.4946236559139785,0.9235772357723577,58,615,35
T13,192,0.8465621652805051,0.28372701519969457,0.3887058823529411,0.6629213483146068,0.9561504185795301,0.9853887632631761,0.4900622960545832,0.8095358834470684,0.48123947598592487,0.9443148688046649,0.03519066402766832,0.14049713716586065,0.34146341463414637,0.6363636363636364,0.4444444444444444,0.9432739059967585,41,617,22
T13,193,0.8883000145884257,0.3099486710697558,0.3480662983425416,0.5822102425876013,0.9521160576906817,0.9810962436406718,0.4356720933583059,0.7671631501391414,0.4193807378124164,0.9365565273728539,0.03585032054642893,0.138212133105961,0.2926829268292683,0.5217391304347826,0.375,0.9323181049069373,41,591,23
T13,194,0.8329015488817536,0.31758491540115535,0.4385360602798713,0.6312364425162692,0.9554287081503258,0.9791575444434714,0.5175304878048785,0.7933325753332974,0.4950214960458724,0.9384839650145774,0.041868512023274365,0.1623912798977792,0.391304347826087,0.6,0.47368421052631576,0.9345335515548282,46,611,30
T13,195,0.8206895861382082,0.33561201222317644,0.4152542372881355,0.5764705882352944,0.958904109589041,0.9781287970838395,0.4827586206896552,0.7676873489121676,0.4589197349821836,0.9404761904761905,0.03962761254473222,0.15592306484251287,0.22580645161290322,0.3684210526315789,0.28,0.940099833610649,31,601,19
T13,196,0.7925814089292351,0.09594489197073346,0.09279717189571367,0.3076923076923077,0.931991718426501,0.9834830635858356,0.14259039212357835,0.6198420130594043,0.13521521346915447,0.9181891804340785,0.028266289712767106,0.12082668912617336,0.10526315789473684,0.3076923076923077,0.1568627450980392,0.9271186440677966,38,590,13
T13,197,0.861099264405169,0.27067020467115277,0.3615089772039541,0.6547314578005113,0.9463586597291662,0.9833576950847964,0.465817520145568,0.8005450587648388,0.4552976483336078,0.9334305150631681,0.03682566318550618,0.1429219112784465,0.34782608695652173,0.64,0.4507042253521127,0.9366883116883117,46,616,25
T13,198,0.8216799770828317,0.27239318315559047,0.3738205179682797,0.5833333333333334,0.9467274714763956,0.9765675928046652,0.45564664138015437,0.7650304024048644,0.4309605596711457,0.9279397473275024,0.04272788494822395,0.16489845130760852,0.40816326530612246,0.6060606060606061,0.4878048780487805,0.9290540540540541,49,592,33
T13,199,0.8293000548983652,0.18425264492098387,0.22360670593565923,0.47635135135135126,0.9425655292619157,0.9810731605205317,0.3043478260869565,0.7094584403066335,0.2928205101767424,0.9269193391642371,0.03283776536188063,0.1341381069669029,0.19444444444444445,0.3888888888888889,0.25925925925925924,0.9335548172757475,36,602,18
T13,200,0.8678087341098075,0.29714265089201786,0.37181208053691284,0.5868644067796611,0.9439386679444179,0.9758513931888545,0.45521774856203784,0.7654015373620395,0.4295821700476999,0.9248299319727891,0.043488792442746164,0.16114024353821055,0.3023255813953488,0.5,0.37681159420289856,0.9269949066213922,43,589,26
T13,201,0.8721341271712284,0.38667155922213114,0.4245357566179378,0.6717724288840267,0.9502400027331271,0.9814742933766187,0.5202759956421743,0.8110062158085767,0.5025368627853238,0.9358114674441204,0.040035673623964874,0.15134509017406536,0.4222222222222222,0.6551724137931034,0.5135135135135135,0.9406919275123559,45,607,29
T13,202,0.920663652847202,0.4080865071138113,0.2872447948251464,0.8903508771929824,0.9413740356477787,0.996918634338739,0.43435732844261027,0.9158624564203806,0.4861540942477656,0.9400550696469062,0.024881252882010978,0.11128611099278908,0.25,0.8461538461538461,0.38596491228070173,0.9396551724137931,44,580,13
T13,203,0.7325560752524031,0.1722818622241538,0.23579224689499415,0.3736951983298539,0.9304468460444961,0.9627831141672278,0.28914272527979673,0.652071022187175,0.24575417855214318,0.9002105604146422,0.05131904999212717,0.19796864378184126,0.2549019607843137,0.38235294117647056,0.3058823529411765,0.9043760129659644,51,617,34
T13,204,0.8245077197149648,0.3056892558296581,0.29886764432893986,0.5749999999999998,0.9359178825924667,0.9788831118130357,0.39330646146329523,0.7554589412962334,0.37670655451759133,0.9195497246517657,0.03902995809223171,0.15471745471013135,0.2765957446808511,0.52,0.3611111111111111,0.9237147595356551,47,603,25
T13,205,0.8644383649674746,0.22955842407906168,0.16390545615197713,0.4308943089430896,0.9369355859908693,0.9828710258158111,0.23747799647943685,0.6839149474669795,0.2323548534913495,0.9228215095562035,0.03009940006739918,0.12322241350509806,0.1702127659574468,0.4444444444444444,0.24615384615384617,0.9220985691573926,47,629,18
T13,206,0.7800018680904419,0.18569034175618312,0.2866350710900475,0.5070422535211268,0.9359576568297081,0.9739661737359426,0.3662347099430786,0.7214999551754174,0.33977393675093687,0.9152413346290897,0.04458399445580548,0.1733532395450555,0.2608695652173913,0.4444444444444444,0.3287671232876712,0.9177852348993288,46,596,27
T13,207,0.8956641604010027,0.2528289608235402,0.22394220846233232,0.5740740740740742,0.9371762740183792,0.9858511292732226,0.32219747587230885,0.7556251740462266,0.327501018234724,0.9260609005506966,0.029491841654722892,0.11829458036822942,0.17073170731707318,0.4666666666666667,0.25,0.930116472545757,41,601,15
T13,208,0.8380466691039251,0.18208328397899715,0.2615844544095664,0.7017543859649125,0.9338522052054562,0.9894481095268496,0.38110793521165093,0.8178032955851843,0.3994470581145677,0.9263524457402008,0.03295083210588298,0.13299471340263172,0.21153846153846154,0.6470588235294118,0.3188405797101449,0.9239482200647249,52,618,17
T13,209,0.8735683920736355,0.1805971209626242,0.24917738558181265,0.5833333333333333,0.9583830746783394,0.9898111204342688,0.3491930412911339,0.7708582040058363,0.35981105463160334,0.9497084548104956,0.02420550392692969,0.10775778122814925,0.20689655172413793,0.5,0.2926829268292683,0.9538950715421304,29,629,12
T13,210,0.8737526700850189,0.2913226317996683,0.38429752066115686,0.6658711217183769,0.9467920485656466,0.9827032369656534,0.4873362445414846,0.8063315851420119,0.47418123925802974,0.9334467120181407,0.03987771804971634,0.15071660643131074,0.30434782608695654,0.5833333333333334,0.4,0.932258064516129,46,620,24
T13,211,0.8227726462677107,0.22011155763149579,0.2513641964442878,0.5244215938303342,0.9279360184353658,0.9768993381972565,0.3398381722989052,0.72617880613285,0.32133587956805815,0.9101392938127633,0.040595935030461834,0.15788745283358907,0.18867924528301888,0.43478260869565216,0.2631578947368421,0.9069767441860465,53,602,23
T13,212,0.9227412288647583,0.2574677949607471,0.3168854685377999,0.7547169811320755,0.949603406529181,0.9920623844248282,0.4463574047505181,0.8521601938306282,0.46647429893376985,0.9437479753806283,0.02855849150859405,0.11896363721226172,0.23809523809523808,0.6666666666666666,0.3508771929824561,0.9371816638370118,42,589,15
T13,213,0.8207055473570972,0.25192698603891517,0.26699029126213597,0.523809523809524,0.9467372134038801,0.9817117776152159,0.35369774919614155,0.7352733686067019,0.34209055387201354,0.9316326530612244,0.03358565608664541,0.13886565178851534,0.2727272727272727,0.5454545454545454,0.36363636363636365,0.9328,44,625,22
T13,214,0.8710229437811328,0.2844352013009866,0.3678160919540228,0.6547314578005116,0.9477992644441807,0.9833825701624814,0.4710211591536337,0.8012653611223461,0.4600086776751366,0.9348072562358278,0.037576967434997985,0.1424685612333715,0.3488372093023256,0.625,0.44776119402985076,0.9384359400998337,43,601,24
T13,215,0.8920613616790167,0.21474313480929602,0.2870159453302962,0.5971563981042654,0.963642699500523,0.9898580121703855,0.38769230769230767,0.7803995488023943,0.39404398931673823,0.9548752834467121,0.02374779366715672,0.10356792088857206,0.2903225806451613,0.6,0.391304347826087,0.9538714991762768,31,607,15
T13,216,0.9126968396612605,0.27345124854540065,0.34150326797385616,0.8393574297188755,0.9529809823824524,0.9951267056530215,0.4854819976771196,0.896169206050664,0.5164541206818208,0.9497732426303855,0.026205618958131897,0.11025217994119178,0.2903225806451613,0.75,0.4186046511627907,0.9582637729549248,31,599,12
T13,217,0.7876883016150034,0.166903247947472,0.18090315560391726,0.4222222222222221,0.9499542923626694,0.9843276384678975,0.25328508855456094,0.6860882572924458,0.2479818965967927,0.936491739552964,0.028910949224858973,0.12475970862568313,0.15789473684210525,0.4,0.22641509433962265,0.9341894060995185,38,623,15
T13,218,0.8287582058477907,0.23404912131338887,0.3218548229309331,0.5949367088607593,0.9412293344637557,0.9802221476628581,0.4177247333671913,0.7680830216622576,0.4024467841873362,0.9257207644962749,0.04002898732174232,0.15449985091435248,0.3409090909090909,0.5769230769230769,0.42857142857142855,0.9355877616747182,44,621,26
T13,219,0.8363591852938256,0.2488212591030817,0.2009889934598819,0.679245283018868,0.9163563496702009,0.9892736745326387,0.3101920236336779,0.7978008163445345,0.33663148351888195,0.9092322643343053,0.0319125333643901,0.13329566387661737,0.22413793103448276,0.6842105263157895,0.33766233766233766,0.9181380417335474,58,623,19
T13,220,0.7973264438898082,0.28135107815584703,0.338479809976247,0.5533980582524273,0.9329319686935583,0.9711707194785663,0.4200442151805453,0.7431650134729928,0.3880623021289216,0.9107709750566894,0.051416352755296275,0.19150472839786373,0.16279069767441862,0.30434782608695654,0.21212121212121213,0.9106529209621993,43,582,23
T13,221,0.8225842583823824,0.2393810094190795,0.3335423197492163,0.5588235294117645,0.9458426737314041,0.9778772715301554,0.41774636827640355,0.7523331015715844,0.3964378169591777,0.9279397473275026,0.04123199250016426,0.15928890628408093,0.2631578947368421,0.45454545454545453,0.3333333333333333,0.9316239316239316,38,585,22
T13,222,0.9501630941371515,0.30214907597399787,0.34765250718620255,0.9688473520249221,0.9313364597515672,0.9987382385810593,0.5116935009989423,0.9500919058882447,0.5584042817608719,0.9327016520894071,0.031172953377538472,0.12098228737313506,0.37037037037037035,0.9523809523809523,0.5333333333333333,0.9426229508196722,54,610,21
T13,223,0.842543315596098,0.1301280759717361,0.15852898400166213,0.40520446096654267,0.9323387406652517,0.9803256802571713,0.22789725209080042,0.6687716008158973,0.21649352862253038,0.9162617427923551,0.03384373961699704,0.13337133855293956,0.17391304347826086,0.4,0.24242424242424243,0.9198717948717948,46,624,20
T13,224,0.8551779826330536,0.23097202222290775,0.2537619699042409,0.613899613899614,0.945383549985816,0.9877950971161558,0.3590901758348122,0.7796415819427149,0.36755788755249447,0.935649497894396,0.028853965160643785,0.12368996447118627,0.14705882352941177,0.4166666666666667,0.21739130434782608,0.9408866995073891,34,609,12
T13,225,0.9110212403458706,0.3303684009486032,0.39999999999999974,0.6527777777777777,0.9495708154506438,0.9815157116451018,0.49604221635883883,0.8011742966142108,0.4793802793231774,0.9350340136054421,0.039689157923356644,0.1450085304966854,0.3023255813953488,0.5416666666666666,0.3880597014925373,0.9316666666666666,43,600,24
T13,226,0.9130603085098359,0.3333517482332496,0.4155653450807637,0.729381443298969,0.9527988614800759,0.9870991522300037,0.5294667913938261,0.8410901523895224,0.5241085665195331,0.9429705215419502,0.03495235831151307,0.1325789475489922,0.4318181818181818,0.7037037037037037,0.5352112676056338,0.9445378151260504,44,595,27
T13,227,0.7551067125645441,0.23941430754108253,0.2738654147104849,0.4326923076923077,0.9281239242685022,0.9631177552733571,0.33542753700351385,0.680408115980405,0.2924164400845084,0.8989148040168448,0.05213754459707536,0.19999218161952537,0.2826086956521739,0.3939393939393939,0.3291139240506329,0.9118136439267887,46,601,33
T13,228,0.8600761022895604,0.24318718474344211,0.27254340131468074,0.6062992125984255,0.9269378565503702,0.9811851559840165,0.37604651162790714,0.7666185345743977,0.3678280471270667,0.9130871396177518,0.037883165612896015,0.14638569329136442,0.25,0.5454545454545454,0.34285714285714286,0.9198606271777003,48,574,22
T13,229,0.8807310227153204,0.15779693905084524,0.17906276870163376,0.43430656934306566,0.9361606098091002,0.9809942544843049,0.2535768645357687,0.6852335895760829,0.24350744112488196,0.9205701328150308,0.03184709104240967,0.1282909294853798,0.15384615384615385,0.35294117647058826,0.21428571428571427,0.9299363057324841,39,628,17
T13,230,0.9293399750404991,0.3318692320261082,0.3996690111708729,0.7058823529411762,0.9508160602003287,0.9858538642673884,0.5103685114251748,0.8283492065707526,0.503162260637716,0.9399578879170717,0.03551618009919881,0.13410426469641398,0.3076923076923077,0.6,0.4067796610169492,0.9410774410774411,39,594,20
T13,231,0.8424557340851149,0.2568429981767833,0.2514970059880239,0.6179401993355481,0.9350192007780924,0.9857680816081182,0.3574958813838549,0.7764797000568202,0.36221259020783997,0.924198250728863,0.032534182457468065,0.13290122519278347,0.25,0.5555555555555556,0.3448275862068966,0.9362416107382551,40,596,18
T13,232,0.8274859992414988,0.2321428089107258,0.3027111808200761,0.6369636963696368,0.9478018752411143,0.9865565584789706,0.41038882138517613,0.7923827858053756,0.4112831323063921,0.9371234207968901,0.031829278150613816,0.13242209454153592,0.3125,0.5555555555555556,0.4,0.9504132231404959,32,605,18
T13,233,0.9058616107546869,0.2680411669901477,0.2666404869428626,0.6598639455782311,0.9374183170805268,0.9876427701378714,0.379807019997203,0.7986411313293791,0.38971640861711354,0.9281665046971168,0.030163460286409132,0.12048459920809772,0.1891891891891892,0.5,0.27450980392156865,0.9368600682593856,37,586,14
T13,234,0.8591735945160393,0.24291394957935625,0.2785929648241207,0.5609065155807366,0.9394455786330121,0.9808861093983969,0.372280419016922,0.7501760471068744,0.3603205492223289,0.9242954324586979,0.0361837251769535,0.142238341622511,0.30434782608695654,0.56,0.39436619718309857,0.9305331179321487,46,619,25
T13,235,0.7884583161151806,0.3089348695408923,0.4067649609713789,0.5345744680851062,0.9652838871218784,0.9789811430826512,0.4619931045805285,0.7499291776034924,0.4391109348444304,0.9469225785552315,0.036099587279904075,0.1501578882272236,0.34375,0.4782608695652174,0.4,0.9476190476190476,32,630,23
T13,236,0.8835364765332177,0.3085056284383768,0.350215296288702,0.6437994722955147,0.9463672212161731,0.9833811089812357,0.45365205843293493,0.7950833467558438,0.44370878677973596,0.9333657272432782,0.03550807306595214,0.13707560707491698,0.3235294117647059,0.55,0.4074074074074074,0.9450171821305842,34,582,20
T13,237,0.7525534063232475,0.22664375213955112,0.28551912568305987,0.41468253968253943,0.9371091871091872,0.9635262116716123,0.338187702265372,0.6758958633958634,0.29599339397599395,0.9072562358276643,0.0514030532311121,0.19970638594034557,0.25,0.3548387096774194,0.29333333333333333,0.9092465753424658,44,584,31
T13,238,0.8477629708712539,0.258264940137619,0.2773035675202452,0.6114864864864866,0.944660454514983,0.985919434678421,0.38156904080710746,0.7780734705007348,0.3826103337261194,0.9334791059280857,0.03206080311170377,0.12989317206663603,0.3170731707317073,0.6190476190476191,0.41935483870967744,0.9391891891891891,41,592,21
T13,239,0.8846027242276313,0.2859158636838171,0.30156815440289536,0.6578947368421051,0.931398104265403,0.9837316981604304,0.4135649296939622,0.7946464205537541,0.41003068261362435,0.9196145124716553,0.037734173056141004,0.14597628197826634,0.19607843137254902,0.5263157894736842,0.2857142857142857,0.916247906197655,51,597,19
T13,240,0.8744085646411972,0.2830726498031839,0.30521472392638027,0.5467032967032965,0.9464285714285714,0.9797992164544566,0.3917322834645668,0.7465659340659341,0.3748992622873873,0.9299319727891157,0.03654618924177338,0.1428622020785293,0.35294117647058826,0.5217391304347826,0.42105263157894735,0.9437819420783645,34,587,23
T13,241,0.8266281067578989,0.28039351113793676,0.39262820512820534,0.5384615384615383,0.954692169754931,0.9743777452415812,0.45412418906394814,0.7465768541082347,0.425429600947525,0.933219954648526,0.04339648474978115,0.16760403058091422,0.35714285714285715,0.5172413793103449,0.4225352112676056,0.9332247557003257,42,614,29
T13,242,0.9267940530248922,0.37767076261082017,0.375504710632571,0.7361477572559368,0.9450302096907949,0.987619165531757,0.49732620320855647,0.8405889834733657,0.4973449343417845,0.9360544217687075,0.033891404601175255,0.13169244540945757,0.28888888888888886,0.65,0.4,0.9341216216216216,45,592,20
T13,243,0.8269003202336541,0.27071552957371436,0.3885748889786033,0.5555555555555555,0.9480223080223079,0.9728806395942661,0.4572989666231145,0.7517889317889317,0.4266391951721424,0.9259961127308065,0.04696485515613353,0.17549198528995114,0.32608695652173914,0.5,0.39473684210526316,0.9226890756302522,46,595,30
T13,244,0.8050296860803097,0.27883755432836604,0.3816425120772946,0.5841035120147874,0.938156782220075,0.971846846846847,0.4616508400292183,0.7611301471174312,0.42966668081271564,0.9164399092970523,0.05014744411551547,0.1886462001294285,0.2857142857142857,0.4444444444444444,0.34782608695652173,0.9233390119250426,42,587,27
T13,245,0.8110019943116371,0.26910941152783124,0.31518101612412536,0.3915343915343915,0.9619081463431143,0.9724565035156449,0.34923310298331367,0.676721268938753,0.31884688320614074,0.9374635568513118,0.037964447492064755,0.1524086663212463,0.34285714285714286,0.42857142857142855,0.38095238095238093,0.9355371900826446,35,605,28
T13,246,0.8192376235561425,0.23190933166788416,0.15648072190319937,0.5618556701030928,0.9318836739425654,0.9895364378165447,0.2447866538338146,0.7468696720228292,0.26850403471723866,0.9237447359896339,0.02656416364702655,0.11970315329071675,0.15217391304347827,0.5384615384615384,0.23728813559322035,0.9262295081967213,46,610,13
T13,247,0.7011883160501062,0.15690346447999248,0.23029366306027824,0.3830334190231363,0.9409322737516309,0.9706350177413434,0.28764478764478774,0.6619828463873836,0.25513525682315547,0.9163265306122451,0.04327946389624266,0.17875578047578106,0.19444444444444445,0.30434782608695654,0.23728813559322035,0.9261083743842364,36,609,23
T13,248,0.8741015315074967,0.41415183223720453,0.5633187772925766,0.6825396825396827,0.9636495819701927,0.9778679454075986,0.6172248803827753,0.8230946322549377,0.5913620298126476,0.9455782312925173,0.04723041443866582,0.17328675844371805,0.5476190476190477,0.6571428571428571,0.5974025974025974,0.9490968801313628,42,609,35
T13,249,0.9098116885210954,0.3444756914112244,0.3246376811594202,0.7933884297520661,0.9291542086859572,0.9905456509994598,0.4607473431607816,0.8612713192190117,0.4772142039061348,0.923566569484937,0.03431430604473342,0.1337076976869986,0.2641509433962264,0.7,0.3835616438356164,0.92776886035313,53,623,20
T13,250,0.9149723805706087,0.2608480820385502,0.3036442752243676,0.7799511002444987,0.9130220629447828,0.9884161365057184,0.43711461290006837,0.8464865815946407,0.4498777915822926,0.9068513119533529,0.03917889568869746,0.1424313535593428,0.288135593220339,0.7391304347826086,0.4146341463414634,0.9205298013245033,59,604,23
T13,251,0.8594752043948215,0.34003636577415314,0.4123195380173246,0.6169354838709679,0.9476041738175329,0.9764789106021752,0.49428868120456926,0.7822698288442502,0.4684998859055051,0.929008746355685,0.04419246155200436,0.16580467287555478,0.3,0.48,0.36923076923076925,0.931323283082077,40,597,25
T13,252,0.7835328200296188,0.17702363400225216,0.24270557029177722,0.45409429280397023,0.9321611025305929,0.9727250185965783,0.3163353500432152,0.6931276976672816,0.2884635631725943,0.9103174603174603,0.043099232431425674,0.1668314639882319,0.24390243902439024,0.4,0.30303030303030304,0.9242174629324547,41,607,25
T13,253,0.8767152415739934,0.2534965768242053,0.2757255936675464,0.7108843537414967,0.9356087262491204,0.9894567104936741,0.3973384030418253,0.8232465399953084,0.41405135499862333,0.9281179138321997,0.03201659180400999,0.1305422661881968,0.25,0.6666666666666666,0.36363636363636365,0.9290540540540541,48,592,18
T13,254,0.7728561233305251,0.16541719896555204,0.23270440251572327,0.46835443037974683,0.9275964391691397,0.9738317757009347,0.31092436974789917,0.6979754347744432,0.2859688433347049,0.9070294784580498,0.04343515528842533,0.17013013136647231,0.25,0.4166666666666667,0.3125,0.9232111692844677,40,573,24
T13,255,0.7341541473349533,0.21278110691175608,0.2684593343619133,0.4103773584905662,0.943527530116382,0.9694071989231333,0.3245836109260495,0.676952444303474,0.29014156711089295,0.9178976352445741,0.04535000923247689,0.18178188908119994,0.21951219512195122,0.34615384615384615,0.26865671641791045,0.9198036006546645,41,611,26
T13,256,0.8457692906586647,0.14506666698736617,0.18459069020866772,0.5609756097560976,0.9410330818340105,0.9890203733073076,0.27777777777777773,0.7510043457950539,0.29521900826542596,0.9321995464852607,0.027078720575432525,0.11763459322245289,0.21428571428571427,0.6,0.3157894736842105,0.9342327150084317,42,593,15
T13,257,0.808708419399041,0.18433690967687982,0.18873499538319471,0.39353099730458213,0.9257224016367107,0.9720372836218374,0.2551173240139789,0.6596266994706466,0.22655484220800595,0.9033365727243278,0.04104858953690084,0.160265401389785,0.2,0.4230769230769231,0.2716049382716049,0.905144694533762,55,622,26
T13,258,0.8162771771095015,0.23294428372891118,0.35037406483790523,0.6095444685466375,0.9376719703313792,0.9775505113494636,0.4449722882026919,0.7736082194390084,0.42361033840291745,0.9205215419501132,0.045465027154926445,0.1717994630876871,0.2978723404255319,0.5384615384615384,0.3835616438356164,0.9256198347107438,47,605,26
T13,259,0.8360786615920905,0.23615766065987956,0.2810985460420032,0.5454545454545455,0.9476532172685567,0.9823192293622729,0.37100213219616207,0.7465538813615511,0.36040720010995947,0.9331065759637188,0.032934933108415165,0.13375259275234233,0.3023255813953488,0.5652173913043478,0.3939393939393939,0.9323181049069373,43,591,23
T13,260,0.7317740750741406,0.17459630672151616,0.24281984334203655,0.4471153846153845,0.9309852451213708,0.9714427613608145,0.3147208121827411,0.6890503148683778,0.28462752109939266,0.9081632653061226,0.04563794905480871,0.18186744714983996,0.2,0.36,0.2571428571428571,0.9097222222222222,45,576,25
T13,261,0.8419290940696121,0.36517037168991345,0.2034535818088563,0.5862068965517243,0.9219728688661863,0.9849707466318368,0.3020687904556417,0.7540898827089553,0.3094405129035583,0.910932944606414,0.031824769601418015,0.13127551386203754,0.17307692307692307,0.5294117647058824,0.2608695652173913,0.9161184210526315,52,608,17
T13,262,0.7801638401469585,0.0999975145055372,0.08761840324763195,0.39153439153439157,0.9107204925765927,0.9855807121874329,0.14319281271596407,0.6511274420554921,0.1487440424112936,0.8995950761256883,0.029250877907853776,0.12444576034897241,0.1,0.38461538461538464,0.15873015873015872,0.9126853377265239,50,607,13
T13,263,0.7809242672204484,0.19612533564432236,0.27628635346756153,0.5404814004376367,0.9226354179122319,0.9735049205147613,0.36565507031828276,0.7315584091749343,0.34012136077914024,0.9028344671201814,0.0473209581288477,0.18130142903973437,0.24489795918367346,0.46153846153846156,0.32,0.9158415841584159,49,606,26
T13,264,0.7748863691571817,0.2147093942359997,0.22108611679163825,0.3871866295264624,0.9421209921150823,0.973142189434765,0.2814579114839456,0.6646538108207724,0.2529048468868913,0.919533527696793,0.03886454354085961,0.15800235477584787,0.20930232558139536,0.375,0.26865671641791045,0.9191419141914191,43,606,24
T13,265,0.8589004968785832,0.3312746527472399,0.3372378613262799,0.5425531914893618,0.9399828913601366,0.9733378213191133,0.4159384830478853,0.7412680414247491,0.3871226851167694,0.9188046647230321,0.042997971426873914,0.16029771325828868,0.28,0.4827586206896552,0.35443037974683544,0.9155629139072847,50,604,29
T13,266,0.7848055305985915,0.17780944759285572,0.13214739517153742,0.31610942249240126,0.9195618890590034,0.9719905390265156,0.1863799283154121,0.6178356557757023,0.1566598976595759,0.8970521541950114,0.040060571319873554,0.1584932595616376,0.15384615384615385,0.34782608695652173,0.21333333333333335,0.9018302828618968,52,601,23
T13,267,0.7837689732792141,0.23860059999365235,0.2681289900147324,0.4785276073619633,0.9233328189035787,0.9679135733673672,0.3436844313890055,0.700930213132771,0.3079872808048101,0.8986718496922578,0.048412530555442194,0.18558639066207946,0.15217391304347827,0.2916666666666667,0.2,0.9050847457627119,46,590,24
T13,268,0.8643766627771299,0.15883017621111475,0.22487379531895355,0.5599999999999999,0.9436906151025171,0.9865811578543794,0.3208906352324819,0.7518453075512586,0.32635544339010025,0.9328150307742146,0.029693521807572894,0.12490793517537013,0.2702702702702703,0.5555555555555556,0.36363636363636365,0.9419568822553898,37,603,18
T13,269,0.9412818396274971,0.3987367855850862,0.5086887835703002,0.7721822541966428,0.9629894085445673,0.9883962379381945,0.6133333333333335,0.867585831370605,0.604518669510008,0.953968253968254,0.03531768915242687,0.13130522561878813,0.4772727272727273,0.75,0.5833333333333334,0.9522292993630573,44,628,28
T13,270,0.7413003317184983,0.2609564124850299,0.3722397476340692,0.5010615711252651,0.95232962031381,0.971292450525287,0.42714932126696803,0.7266955957195377,0.39465741171445917,0.9282312925170069,0.0459109100125598,0.18461539118394804,0.2926829268292683,0.42857142857142855,0.34782608695652173,0.925249169435216,41,602,28
T13,271,0.7751411084665075,0.137408095871838,0.11711711711711716,0.38235294117647045,0.9433526011560692,0.9872958257713249,0.17931034482758623,0.6628527711662698,0.18441223980532442,0.9325396825396827,0.02628466090878595,0.11699270880828427,0.1111111111111111,0.36363636363636365,0.1702127659574468,0.9345637583892618,36,596,11
T13,272,0.7773923602969719,0.2445528584663235,0.270572066655214,0.5421686746987954,0.9278320727458147,0.9762155975607576,0.36099014439605787,0.735000373722305,0.3405736141300683,0.909685779073534,0.04419128380197893,0.17345150439433546,0.1875,0.4090909090909091,0.2571428571428571,0.9117147707979627,48,589,22
T13,273,0.8426562435102276,0.34169599968179953,0.37931034482758663,0.6945010183299392,0.9330051626845962,0.9810629970963263,0.4906474820143889,0.8137530905072676,0.4755381157490114,0.9197278911564626,0.04467099759674178,0.1688217058326518,0.35294117647058826,0.6428571428571429,0.45569620253164556,0.9250871080139372,51,574,28
T13,274,0.8041897554387558,0.28336091308416983,0.30798004987531163,0.565217391304348,0.9337945842777052,0.9763033175355451,0.3987086359967716,0.7495059877910265,0.3766441354870813,0.915532879818594,0.043057200550032135,0.16909968081276566,0.3488372093023256,0.5357142857142857,0.4225352112676056,0.929553264604811,43,582,28
T13,275,0.8423867555680012,0.2868715340914327,0.29457171314741026,0.5652173913043477,0.9525038979328382,0.9842353267271845,0.38729743002128,0.758860644618593,0.37992675627320194,0.9393747975380627,0.031004339074239284,0.13086175331433847,0.2571428571428571,0.5,0.33962264150943394,0.9419568822553898,35,603,18
T13,276,0.8544880721772878,0.20556178079453155,0.3138888888888889,0.6827794561933537,0.9418070444104136,0.987037037037037,0.43006660323501433,0.8122932503018836,0.4335369315468094,0.9320861678004536,0.03519325086815097,0.1367089475490205,0.2857142857142857,0.6666666666666666,0.4,0.9308072487644151,49,607,21
T13,277,0.8196250392907062,0.18854961922657196,0.23305752561071708,0.4459102902374671,0.9341141029329632,0.9740576027107158,0.3061198085133911,0.6900121965852151,0.2805508883549801,0.9131357304826693,0.040376725096905784,0.15599512433240859,0.17391304347826086,0.34782608695652173,0.2318840579710145,0.9115191986644408,46,599,23
T13,278,0.8012273066944686,0.30491229588219826,0.3833333333333334,0.5125348189415043,0.9650159555608082,0.9790167865707434,0.43861740166865326,0.7387753872511562,0.41598146641550915,0.9465986394557822,0.03544855524640299,0.14628267764881775,0.36363636363636365,0.5,0.42105263157894735,0.9466019417475728,33,618,24
T13,279,0.9072699400459888,0.4353499905569744,0.5116751269035534,0.7346938775510203,0.9587549305436459,0.983983103053771,0.6032315978456014,0.8467244040473332,0.5862709346251251,0.946307094266278,0.040818165578058514,0.14950936659778574,0.46153846153846156,0.6666666666666666,0.5454545454545454,0.9512987012987013,39,616,27
T13,280,0.7615939698726102,0.20879071299316931,0.2657004830917874,0.3749999999999999,0.9455847255369925,0.9664593243078423,0.3110273327049952,0.6602923627684962,0.2728129178318573,0.9171201814058958,0.045535375214773875,0.17854289101668044,0.14705882352941177,0.20833333333333334,0.1724137931034483,0.9206611570247933,34,605,24
T13,281,0.889275901090345,0.38700102427307154,0.4228855721393035,0.7311827956989244,0.9444643925792936,0.9844061876247504,0.5358550039401102,0.8378235941391091,0.5245812923594128,0.9332199546485261,0.04014012846151488,0.1506643740175273,0.41818181818181815,0.71875,0.5287356321839081,0.9322314049586777,55,605,32
T13,282,0.7961224996982242,0.2423658703437825,0.3096539162112933,0.5762711864406779,0.9555425219941348,0.9848869544190545,0.40284360189573465,0.7659068542174063,0.39577881789649183,0.942857142857143,0.031943886781776384,0.13522752924896647,0.2,0.4,0.26666666666666666,0.9440677966101695,30,590,15
T13,283,0.800926315628564,0.21212735564317065,0.32179341657207694,0.47368421052631554,0.9383480369395861,0.9665214156658518,0.3832375802636023,0.706016123732951,0.3446665175278108,0.9113216715257532,0.05126424919885409,0.1887450481275262,0.34146341463414637,0.4375,0.3835616438356164,0.925249169435216,41,602,32
T13,284,0.8048019753472629,0.28051863568047386,0.302039440418001,0.5614035087719298,0.929271708683473,0.9749135413120217,0.39276712328767127,0.7453376087277014,0.36863798574658724,0.9102526724975704,0.04439528882263036,0.1714559980913605,0.22,0.44,0.29333333333333333,0.9125412541254125,50,606,25
T13,285,0.8302993558165969,0.20768683118948403,0.2943466749727456,0.6206896551724137,0.92280432745549,0.9791210976337242,0.3993238960490174,0.7717469913139519,0.38552313660047927,0.9079041140265629,0.043451669114847,0.1633032911185986,0.2982456140350877,0.6071428571428571,0.4,0.9155629139072847,57,604,28
T13,286,0.8028237969950176,0.2687619329374632,0.3536388929565091,0.5897435897435899,0.923427877526238,0.9694050372420826,0.44214573416331027,0.7565857336349139,0.40715712894731865,0.9012957563977972,0.05479143067332845,0.20267188372946993,0.3492063492063492,0.5641025641025641,0.43137254901960786,0.9053833605220228,63,613,39
T13,287,0.8853201658021703,0.2918051115565617,0.34394124847001234,0.7574123989218329,0.9365605397088412,0.9887542171685618,0.47306397306397313,0.846986469315337,0.48050145677021877,0.9290249433106575,0.03649538420392702,0.14128406136726954,0.28205128205128205,0.6470588235294118,0.39285714285714285,0.9422750424448217,39,589,17
T13,288,0.8709303801721214,0.30832938595681453,0.3324448752120183,0.620253164556962,0.9537192581642249,0.9854199573013034,0.43287584792554024,0.7869862113605934,0.4271365683426507,0.9417719468739876,0.031006101866001758,0.1258158993039754,0.2564102564102564,0.5555555555555556,0.3508771929824561,0.9403225806451613,39,620,18
T13,289,0.9045374210213868,0.36260999809782946,0.3472868217054263,0.6153846153846153,0.9427483511253143,0.9802050194414986,0.44400396432110995,0.7790664832549647,0.42753244649632305,0.9273080660835763,0.0383425814394007,0.1448965081602409,0.36363636363636365,0.5925925925925926,0.4507042253521127,0.9354304635761589,44,604,27
T13,290,0.8848615150312295,0.3371547795572793,0.40944881889763773,0.7123287671232875,0.9556475458308693,0.9871716554673182,0.52,0.8339881564770786,0.5147165065435841,0.945578231292517,0.03435920486773024,0.13590254274324906,0.40476190476190477,0.7083333333333334,0.5151515151515151,0.946218487394958,42,595,24
T13,291,0.877621127472676,0.22265216739867802,0.2935866089900318,0.7483221476510066,0.9370369128641831,0.990695283838151,0.4217209239497499,0.8426795302575949,0.4414013717584069,0.9306608357628766,0.03281610897217718,0.128489201246427,0.3269230769230769,0.7727272727272727,0.4594594594594595,0.9358974358974359,52,624,22
T13,292,0.9000693135349905,0.27649312247901625,0.3405017921146952,0.6951219512195123,0.9343638525564805,0.9843417261681072,0.45709703287890935,0.8147429018879964,0.4521994949219553,0.9232426303854876,0.039554636216262574,0.14625238201134022,0.3888888888888889,0.7,0.5,0.9319286871961102,54,617,30
T13,293,0.8014776442307687,0.32159259108656446,0.447227191413238,0.5000000000000001,0.9628605769230769,0.9697373199370535,0.4721435316336168,0.7314302884615385,0.4393135944630499,0.9366213151927439,0.046004721859613525,0.17783044725401803,0.4166666666666667,0.46875,0.4411764705882353,0.9383116883116883,36,616,32
T13,294,0.8103222237945477,0.3343508997544083,0.24806821209698912,0.525691699604743,0.9529423535493337,0.9855139945160122,0.3370745836350471,0.7393170265770383,0.33436566554574987,0.9406867508908324,0.027735364532995018,0.12090725599719437,0.2777777777777778,0.5555555555555556,0.37037037037037035,0.9447154471544715,36,615,18
T13,295,0.8424943718286758,0.3256963478016667,0.36614173228346464,0.6355353075170844,0.9423696456270135,0.9801439563167039,0.4646128226477936,0.7889524765720489,0.4473479793683565,0.9270975056689342,0.04175065888836517,0.16146725125495057,0.2916666666666667,0.56,0.3835616438356164,0.9261083743842364,48,609,25
T13,296,0.824353971609785,0.10644559226249968,0.15531192900026108,0.38636363636363646,0.9462458471760794,0.9836812930632544,0.22156023086948434,0.6663047417698579,0.21501270615028042,0.9322805312601229,0.02803074832952112,0.12031698321188414,0.17073170731707318,0.4375,0.24561403508771928,0.93042071197411,41,618,16
T13,297,0.8270648917198341,0.2794255153069008,0.3088462386940214,0.5479452054794517,0.9470642899383289,0.9798101630919293,0.3950338600451464,0.7475047477088905,0.37800484097055614,0.9305474570780693,0.037007102065998575,0.1486413872206304,0.28205128205128205,0.5,0.36065573770491804,0.9353233830845771,39,603,22
T13,298,0.85348623118796,0.33711312312689723,0.43758765778401115,0.6341463414634146,0.9518491834774254,0.9777969655852965,0.5178423236514522,0.79299776247042,0.49336956779239066,0.9341269841269839,0.043827728171252155,0.16392052732889473,0.46,0.6388888888888888,0.5348837209302325,0.9337748344370861,50,604,36
T13,299,0.8137270813268137,0.1940200729237404,0.29724770642201814,0.47368421052631565,0.9548242510025949,0.9782477341389727,0.3652762119503944,0.7142542307644554,0.3435871467226616,0.9361678004535149,0.03528041395721385,0.14201355242395394,0.3333333333333333,0.52,0.40625,0.9369817578772802,39,603,25
T13,300,0.8629352811279094,0.4104193566405758,0.34660925726587744,0.5609756097560978,0.9484457278749788,0.9779315176460286,0.4284763805721892,0.7547106688155382,0.4066054545520135,0.9304340783932621,0.03757520852454863,0.14519117196602138,0.24324324324324326,0.42857142857142855,0.3103448275862069,0.9345335515548282,37,611,21
T13,301,0.856371810860619,0.24254695386107772,0.3203389830508476,0.5883777239709441,0.9386735543509659,0.9789119262803472,0.41482746006584575,0.7635256391609551,0.3971404969302414,0.9222708130871394,0.040521021069570236,0.15307330172414432,0.28205128205128205,0.4782608695652174,0.3548387096774194,0.9347471451876019,39,613,23
T13,302,0.8051664412051032,0.24444638538182686,0.3489051094890513,0.48380566801619457,0.9464328609176073,0.9686539643515671,0.40542832909245147,0.7151192644669009,0.369629745527558,0.9205215419501133,0.04781437875545023,0.18115679749415345,0.3111111111111111,0.4375,0.36363636363636365,0.9195402298850575,45,609,32
T13,303,0.950048027320944,0.3187820128002198,0.3664994984954865,0.7885196374622359,0.946855594635074,0.9913663994361731,0.5004108463434677,0.8676876160486549,0.5129968009171268,0.9409135082604468,0.03112573400583468,0.11886610351539015,0.38095238095238093,0.7619047619047619,0.5079365079365079,0.9475465313028765,42,591,21
T13,304,0.945576903140599,0.3529711687688671,0.4475443185120604,0.7457627118644069,0.9681441139505655,0.9909946997375599,0.5593897566291318,0.8569534129074862,0.5595319459285598,0.9607061872367992,0.02731791599003994,0.11295105135917378,0.3939393939393939,0.7222222222222222,0.5098039215686274,0.9594155844155844,33,616,18
T13,305,0.8872891542143675,0.38968536961645184,0.5082212257100148,0.7234042553191488,0.9605988023952096,0.9840510366826155,0.5970149253731342,0.8420015288571794,0.5802721195305905,0.9479591836734692,0.04048525445256254,0.1529293610474382,0.42857142857142855,0.6666666666666666,0.5217391304347826,0.9451827242524917,42,602,27
T13,306,0.8640495821414557,0.23541040668544846,0.26585204755614295,0.6969696969696969,0.9251892983341748,0.9874290640040226,0.38489122639254153,0.8110794976519359,0.3969648874871932,0.9166504697116942,0.03510458200335505,0.13868805352281294,0.2653061224489796,0.65,0.37681159420289856,0.9279731993299832,49,597,20
T13,307,0.8882463661545066,0.3418058360319913,0.37420986093552433,0.649122807017544,0.9408177905308462,0.9800722381367541,0.4747393744987969,0.7949702987741951,0.45717107654290223,0.9257369614512473,0.041139447982691875,0.1521525163953901,0.30612244897959184,0.5769230769230769,0.4,0.9248747913188647,49,599,26
T13,308,0.8101775335342951,0.24141584472656133,0.265277119848413,0.41558441558441556,0.9474637987975272,0.9726172676379566,0.3238398149486771,0.6815241071909713,0.29388285521345464,0.9242468415937803,0.03973810456888011,0.15606371041177958,0.2571428571428571,0.36,0.3,0.9304635761589404,35,604,25
T13,309,0.7793769125123493,0.1809345591968159,0.28631631135349533,0.4714285714285713,0.9514420644290774,0.9775586594114997,0.3562615669339913,0.7114353179288244,0.33404337543844786,0.9323939099449304,0.037275071879616144,0.1504306539832602,0.25,0.4090909090909091,0.3103448275862069,0.9347471451876019,36,613,22
T13,310,0.8467441047477345,0.4023882822331261,0.5280921183243995,0.6846846846846848,0.9589145276985568,0.9783962047863429,0.5962788612418741,0.8217996061916207,0.5709426291978765,0.9416585681891805,0.04742083325018841,0.17754629402953617,0.475,0.6129032258064516,0.5352112676056338,0.9438775510204082,40,588,31
T13,311,0.9055527965496224,0.42079961540291105,0.41132874536791963,0.7192224622030237,0.9429733841604128,0.9837711554580636,0.5233497979344409,0.8310979231817184,0.5115012348231154,0.931227729186913,0.03945941633960915,0.14662919246300973,0.2916666666666667,0.6086956521739131,0.39436619718309857,0.9297385620915033,48,612,23
T13,312,0.7984178742237535,0.24906904930040316,0.3338461538461539,0.5299145299145299,0.9561763068670611,0.9800311203319501,0.40962718263331765,0.7430454183907955,0.3906057690971285,0.9392128279883382,0.035646152872870804,0.1448406720032625,0.2702702702702703,0.47619047619047616,0.3448275862068966,0.9400630914826499,37,634,21
T13,313,0.917297712209209,0.3114119490761807,0.3203688181056162,0.7222222222222222,0.9313974345957288,0.9868220528910803,0.4438508883985601,0.8268098284089755,0.44809149922584823,0.9224327826368643,0.03573058132373102,0.12993098322980595,0.20833333333333334,0.5882352941176471,0.3076923076923077,0.9259868421052632,48,608,17
T13,314,0.77655597693707,0.27359805444904883,0.25782688766114176,0.4912280701754384,0.9527826596367895,0.9824815754500422,0.33816425120772936,0.722005364906114,0.3266489493111087,0.9378684807256237,0.03136703561292177,0.1351268285728653,0.2564102564102564,0.5,0.3389830508474576,0.9352159468438538,39,602,20
T13,315,0.8713888711032377,0.3353790305722186,0.38194109126026077,0.6793587174348696,0.9340738578810922,0.9798296324310694,0.48897589120131874,0.806716287657981,0.4710859228504818,0.9196631033365725,0.04475314128383779,0.16566629474929762,0.3157894736842105,0.6206896551724138,0.4186046511627907,0.9196141479099679,57,622,29
T13,316,0.8525368468740568,0.16346851326709783,0.25862068965517243,0.40909090909090917,0.9700000000000002,0.9846553352219075,0.3169014084507043,0.6895454545454547,0.30368360085897944,0.9560090702947844,0.025337161401612632,0.10970718501403436,0.28,0.4117647058823529,0.3333333333333333,0.9538714991762768,25,607,17
T13,317,0.852058755256978,0.18515797280151816,0.13858978812087522,0.5588235294117648,0.9177609762567978,0.9887463827658891,0.22209852490954624,0.7382922528342812,0.24634619147816236,0.9094590217039198,0.028317172939054416,0.12027621708833981,0.14545454545454545,0.5714285714285714,0.2318840579710145,0.912106135986733,55,603,14
T13,318,0.7817969297707853,0.17604995127234047,0.2824332712600871,0.4814814814814817,0.9411255411255408,0.9741683799884021,0.35602503912363087,0.7113035113035111,0.3293048129471678,0.9200194363459673,0.04302911575234378,0.1674959827918292,0.26666666666666666,0.4444444444444444,0.3333333333333333,0.9218241042345277,45,614,27
T13,319,0.7576252210486066,0.19720126025072574,0.1813832967909108,0.4642857142857142,0.9312980930076945,0.9814889903566453,0.2608571019062633,0.6977919036467044,0.2538299419934854,0.9164723032069971,0.03346144948597744,0.14082373136790635,0.23809523809523808,0.5,0.3225806451612903,0.9304635761589404,42,604,20
T13,320,0.7788916017231431,0.18499224600770273,0.2537590113285273,0.4501278772378518,0.9385963425588529,0.9735431132987606,0.3245521601685985,0.6943621098983522,0.2972504685511451,0.9169420149011986,0.04188679384376074,0.16541437154876593,0.23809523809523808,0.4,0.29850746268656714,0.9252782193958664,42,629,25
T13,321,0.8769518905714246,0.23906376351289435,0.3425320056899004,0.5512820512820512,0.9611961851030959,0.9831687419493343,0.4225302684681522,0.7562391181925736,0.4085517650671452,0.9466958211856171,0.03216629826749673,0.12987822748945702,0.2857142857142857,0.5,0.36363636363636365,0.9439102564102564,35,624,20
T13,322,0.8522921558964823,0.28986046500667473,0.44317592112091325,0.6192893401015229,0.9636160184463058,0.9818608990083958,0.5166364186327889,0.7914526792739144,0.4977511828549514,0.9482345319080013,0.03665327263940266,0.14441012197005593,0.42857142857142855,0.6,0.5,0.9484536082474226,35,582,25
T13,323,0.7663114457236304,0.1513891907096257,0.24537037037037035,0.4622093023255812,0.9423076923076924,0.9773617229564368,0.32056451612903225,0.7022584973166369,0.30016481639415593,0.9235827664399093,0.03807249484809413,0.15399499759289792,0.21052631578947367,0.38095238095238093,0.2711864406779661,0.927487352445194,38,593,21
T13,324,0.8471624330250161,0.34261501963544416,0.39277364505844836,0.6376811594202898,0.951446245878794,0.9815902515998948,0.48612389846113363,0.794563702649542,0.4696254157048839,0.9367184969225786,0.038885509252564295,0.15115522456808092,0.2564102564102564,0.47619047619047616,0.3333333333333333,0.9353796445880452,39,619,21
T13,325,0.8991596929023875,0.19413128725415518,0.274583557227297,0.6186440677966102,0.9550659033417654,0.9891413009755593,0.3803498325269816,0.7868549855691878,0.3889750387724538,0.9460641399416909,0.025814698313985796,0.1111977720655218,0.3055555555555556,0.6111111111111112,0.4074074074074074,0.9481361426256077,36,617,18
T13,326,0.85961995210894,0.2789819492313022,0.31864689914387134,0.6355685131195334,0.9450108697483949,0.9846359150848975,0.4244784422809457,0.7902896914339641,0.4196185757558725,0.9329770003239393,0.03457357971261634,0.13855212918574325,0.2826086956521739,0.5909090909090909,0.38235294117647056,0.9329073482428115,46,626,22
T13,327,0.8537530779312981,0.3389206987898882,0.43881118881118875,0.5823665893271461,0.9617356061509118,0.978176527643065,0.5004985044865403,0.7720510977390289,0.47632334816817723,0.9431972789115646,0.040538347478993125,0.1551892265366695,0.35294117647058826,0.5,0.41379310344827586,0.9420783645655877,34,587,24
T13,328,0.8650464410735125,0.17161264353068717,0.15040585707464588,0.5399999999999998,0.9110185030838471,0.9854842490578285,0.2352794721772688,0.7255092515419236,0.24756605634006826,0.9005021056041466,0.03317477878448904,0.13276563574568684,0.1724137931034483,0.5263157894736842,0.2597402597402597,0.9093799682034976,58,629,19
T13,329,0.8371798566737008,0.23165364532408284,0.302675585284281,0.5915032679738562,0.9510218463706837,0.9847968864023351,0.40044247787610626,0.77126255717227,0.39491902407036356,0.9385487528344671,0.03238473638778557,0.13340786764132384,0.2702702702702703,0.5263157894736842,0.35714285714285715,0.9387755102040817,37,588,19
T13,330,0.8266212671620006,0.18657168474062527,0.2510518934081348,0.5203488372093027,0.936998584237848,0.9796472184531886,0.338694418164617,0.7286737107235752,0.3248224806566255,0.9207482993197278,0.03847512732193604,0.14914094481183537,0.22727272727272727,0.47619047619047616,0.3076923076923077,0.923728813559322,44,590,21
T13,331,0.9635669286644798,0.4969990305065796,0.3926128590971271,0.8913043478260869,0.95545746388443,0.9963385291348468,0.5451092117758783,0.9233809058552584,0.5738895208719422,0.953449951409135,0.023871799165438322,0.09995370641531655,0.3170731707317073,0.8666666666666667,0.4642857142857143,0.9512987012987013,41,616,15
T13,332,0.7534503676470585,0.16498163447304803,0.17713365539452494,0.34375,0.9398823529411762,0.9743871203805341,0.23379383634431455,0.6418161764705881,0.20730700459114207,0.9182539682539682,0.03747203585452433,0.1538790721937321,0.175,0.3333333333333333,0.22950819672131148,0.9224422442244224,40,606,21
T13,333,0.9007910222867148,0.2207201033579001,0.2611822881546415,0.5253164556962023,0.9447822873269721,0.9816725140074357,0.34889656207776604,0.7350493715115873,0.33788420684242243,0.9297538062844184,0.03422388266914539,0.13045780577730887,0.2619047619047619,0.5238095238095238,0.3492063492063492,0.9310924369747899,42,595,21
T13,334,0.8677496814035123,0.2703015683382898,0.3676962423765494,0.681122448979592,0.9455217302867988,0.9845561889969465,0.4775776159448066,0.8133220896331954,0.4698264953710415,0.93377065111759,0.03800140515594078,0.14553443320260193,0.3877551020408163,0.6785714285714286,0.4935064935064935,0.9364820846905537,49,614,28
T13,335,0.8163738370333902,0.25072952350529687,0.23057432432432415,0.4204851752021564,0.9383866222545356,0.9735983439758613,0.2978317196236191,0.679435898728346,0.2706876658889642,0.9166018788467767,0.039866788732478085,0.1550502083302222,0.24444444444444444,0.4230769230769231,0.30985915492957744,0.9205834683954619,45,617,26
T13,336,0.7977795891536708,0.26024639016564893,0.4199305899851264,0.5073375262054509,0.9599321929419015,0.9714934322254183,0.4595144445951445,0.733634859573676,0.4276687888142486,0.9354551344347263,0.045637707680902743,0.17600684375492037,0.40476190476190477,0.5151515151515151,0.4533333333333333,0.9327868852459016,42,610,33
T13,337,0.8214989244497248,0.25079710414307727,0.3575757575757575,0.5539906103286386,0.9494877293304741,0.9767156862745098,0.43462246777163893,0.7517391698295564,0.4102541908524261,0.9303854875283448,0.042079057798791696,0.16338485815559822,0.32608695652173914,0.5357142857142857,0.40540540540540543,0.92914653784219,46,621,28
T13,338,0.8352122647333101,0.23927887745790594,0.24066390041493776,0.4985673352435529,0.9351906504544916,0.978387056934667,0.3246268656716418,0.7168789928490222,0.308245197894782,0.9179138321995465,0.03706803810768843,0.14496134210393377,0.2,0.42857142857142855,0.2727272727272727,0.9194630872483222,45,596,21
T13,339,0.8775177999869357,0.26836015974136607,0.36679536679536684,0.603174603174603,0.9614344503233391,0.9849433871356299,0.4561824729891957,0.7823045267489711,0.4456398601286987,0.9486394557823129,0.03153757768948353,0.12613137383632037,0.3235294117647059,0.55,0.4074074074074074,0.9466666666666667,34,600,20
T13,340,0.7662763288237812,0.10569038339277152,0.15060240963855415,0.43478260869565216,0.9343422584400464,0.9840608141245708,0.2237136465324384,0.6845624335678493,0.22295188848634648,0.9213151927437642,0.031280072024413144,0.13275949330752843,0.18181818181818182,0.47058823529411764,0.26229508196721313,0.9251247920133111,44,601,17
T13,341,0.7879813051013889,0.22365361448803636,0.3216374269005849,0.5569620253164556,0.9449258160237387,0.9784906588003932,0.40778498609823915,0.7509439206700972,0.38811162963512,0.9275510204081634,0.04054591263596522,0.1617107277789302,0.2631578947368421,0.45454545454545453,0.3333333333333333,0.9328859060402684,38,596,22
T13,342,0.8467977293178666,0.32012402738936263,0.3143596377749032,0.6262886597938147,0.9371442125237192,0.9819808624332048,0.41860465116279094,0.7817164361587668,0.4086171548237676,0.9234693877551021,0.037544136604635195,0.14826472950699987,0.22916666666666666,0.5238095238095238,0.3188405797101449,0.922824302134647,48,609,21
T13,343,0.886005594555108,0.2647946473865826,0.27147181233446827,0.5394736842105264,0.9348171970209885,0.9783009175612002,0.3611880191291215,0.7371454406157574,0.3441873445811431,0.9177842565597668,0.038436471664704194,0.144438787375117,0.25,0.45454545454545453,0.3225806451612903,0.9279588336192109,40,583,22
T13,344,0.7298672282132302,0.1487260848889892,0.18011257035647274,0.29003021148036234,0.9485216162092117,0.9716423313623747,0.2222222222222221,0.6192759138447871,0.19026667907408898,0.9238095238095239,0.03927407923215797,0.16151934981083763,0.19444444444444445,0.30434782608695654,0.23728813559322035,0.9254966887417219,36,604,23
T13,345,0.8130264606783875,0.2503161000892077,0.33174724019794444,0.6163366336633667,0.9404026344378057,0.9807917005983785,0.431328878990349,0.778369634050586,0.41713631003793117,0.9255587949465501,0.04000727486240234,0.1582000284852168,0.3076923076923077,0.5217391304347826,0.3870967741935484,0.9344827586206896,39,580,23
T13,346,0.860133339463883,0.3049263894912089,0.3840332954975405,0.637362637362637,0.9443941593373749,0.9795408651291315,0.4792822571125012,0.7908783983500061,0.45990405417768093,0.928555231616456,0.041713448647294885,0.15779322250065403,0.2916666666666667,0.56,0.3835616438356164,0.925249169435216,48,602,25
T13,347,0.7922431121417451,0.17184509682385277,0.2174079754601227,0.4954128440366974,0.9313384131469616,0.979566201967306,0.30219853431045973,0.7133756285918295,0.2899292635279725,0.9151765468092,0.03836175239886504,0.15466608722475697,0.24,0.5217391304347826,0.3287671232876712,0.9192751235584844,50,607,23
T13,348,0.7182629387269476,0.22423403267996425,0.3105743159970421,0.433734939759036,0.9524602702473014,0.9714820657732779,0.3619649525998275,0.6930976050031687,0.3300436692188107,0.9280531260123098,0.04355420789144908,0.17670722624190716,0.16666666666666666,0.2727272727272727,0.20689655172413793,0.9258064516129032,36,620,22
T13,349,0.8979169360314647,0.3789314469720626,0.41327780499755007,0.6495956873315364,0.9595049287320562,0.9842172812098928,0.5051654439287317,0.8045503080317963,0.49205132038355925,0.9464690638160026,0.033152186357020275,0.12774136143184403,0.2972972972972973,0.55,0.38596491228070173,0.9432739059967585,37,617,20
T13,350,0.837795987114901,0.19640746861159314,0.2341751393899638,0.481132075471698,0.920540393384605,0.9723230653103772,0.31502316346790193,0.7008362344281516,0.2880011175262686,0.8994169096209913,0.044853006358900216,0.16566800022528114,0.1568627450980392,0.34782608695652173,0.21621621621621623,0.9010238907849829,51,586,23
T13,351,0.782285895387719,0.16356001461534644,0.24137931034482749,0.4153846153846156,0.9500546539981499,0.9769995676610462,0.30533117932148623,0.6827196346913826,0.28249640285691097,0.9303530936183998,0.03678671014786046,0.14917763441758156,0.16216216216216217,0.3157894736842105,0.21428571428571427,0.9308176100628931,37,636,19
T13,352,0.7185688005825525,0.1285312341615238,0.18193069306930693,0.34426229508196715,0.9329818513636821,0.9704703649019193,0.23805668016194326,0.6386220732228247,0.20555364563696488,0.9085519922254619,0.04234789890891664,0.17113436585160155,0.20930232558139536,0.36,0.2647058823529412,0.9174917491749175,43,606,25
T13,353,0.7649560081802242,0.11679893146932123,0.20924885028104245,0.3939393939393941,0.9481235648078307,0.9782104935496142,0.2733188720173536,0.6710314793736123,0.25322499441312823,0.9294622610949143,0.03619617569857949,0.14908466074391932,0.20930232558139536,0.4090909090909091,0.27692307692307694,0.9263322884012539,43,638,22
T13,354,0.8273823740148081,0.23677379936529439,0.3463471202164666,0.5739910313901344,0.9423044116141799,0.9764876427535975,0.4320154291224683,0.7581477215021573,0.4082623139169509,0.9236799481697441,0.0436156471267612,0.16612905800968972,0.32653061224489793,0.5517241379310345,0.41025641025641024,0.9259259259259259,49,621,29
T13,355,0.8028974321923701,0.1816323039338661,0.1774691358024692,0.46938775510204084,0.9378425655976678,0.9840920215369554,0.2575587905935051,0.7036151603498543,0.2565006859950861,0.9248299319727892,0.030157892274976898,0.1283780352996101,0.14285714285714285,0.35714285714285715,0.20408163265306123,0.9346733668341709,35,597,14
T13,356,0.8627895709116673,0.3774318318196298,0.511764705882353,0.694148936170213,0.9705116058739932,0.9861612515042117,0.5891647855530475,0.832330271022103,0.575284048739781,0.9587301587301587,0.03317777108637934,0.13208996747760737,0.41935483870967744,0.6190476190476191,0.5,0.9581320450885669,31,621,21
T13,357,0.7898394014052372,0.21537861923163104,0.2894736842105262,0.423076923076923,0.9519572953736656,0.9727272727272729,0.3437499999999999,0.6875171092252943,0.31358305273430265,0.9285714285714286,0.04015823281672554,0.1581265356816489,0.16129032258064516,0.25,0.19607843137254902,0.9301533219761499,31,587,20
T13,358,0.8293432538101349,0.1907758756131474,0.2972972972972973,0.5165745856353591,0.9477417829274057,0.978635087290929,0.37739656912209896,0.7321581842813825,0.35793843434432865,0.930045351473923,0.037192428433212604,0.14587569694088515,0.3333333333333333,0.5384615384615384,0.4117647058823529,0.933993399339934,42,606,26
T13,359,0.8990949491913725,0.3313689291793771,0.3496877787689563,0.8484848484848486,0.9513123622520537,0.9951096828280006,0.4952621604548326,0.899898605368451,0.5251362185703949,0.9482345319080012,0.026090435750964397,0.11078522287759669,0.3225806451612903,0.7692307692307693,0.45454545454545453,0.9586919104991394,31,581,13
T13,360,0.833840122036487,0.13802649645231266,0.1927688272761334,0.6475770925110133,0.9283636182274605,0.9900712740682954,0.2970983109571243,0.787970355369237,0.32450740811236456,0.9211370262390669,0.030450204501394285,0.12523299546453012,0.2619047619047619,0.6470588235294118,0.3728813559322034,0.9387417218543046,42,604,17
T13,361,0.8217693016483498,0.3360950058990246,0.3901223380154054,0.5707656612529002,0.954157655433135,0.977409901266441,0.46346386758175206,0.7624616583430176,0.43923369865354406,0.9354227405247815,0.03986973908158988,0.15761070170298797,0.36585365853658536,0.5357142857142857,0.43478260869565216,0.9354304635761589,41,604,28
T13,362,0.872957781180667,0.3277410371608013,0.4223067173637515,0.6380697050938337,0.9614571530044479,0.9836491045938229,0.5082367297132397,0.7997634290491409,0.4933370232051611,0.9477810171687723,0.035155540729396896,0.14003344206458887,0.47368421052631576,0.6666666666666666,0.5538461538461539,0.9512605042016806,38,595,27
T13,363,0.8454929395399077,0.24255196808655033,0.29915789473684207,0.5918367346938775,0.9438986164242739,0.9828040007018775,0.39742693329604256,0.7678676755590756,0.38866046242807006,0.9302073210236474,0.03477749041444064,0.1388253295201614,0.3157894736842105,0.5454545454545454,0.4,0.9405940594059405,38,606,22
T13,364,0.8982907148183995,0.39758916298743824,0.4106666666666668,0.63768115942029,0.9469833273359722,0.9783147459727385,0.499594484995945,0.792332243378131,0.4768895238716662,0.930045351473923,0.04159545924623596,0.1525929632941805,0.30952380952380953,0.52,0.3880597014925373,0.9303904923599321,42,589,25
T13,365,0.903184799834344,0.2978414454447558,0.24894157493649458,0.5971563981042656,0.9558435524285218,0.9897761052975239,0.35139442231075707,0.7764999752663937,0.3633329951445581,0.9472627146096534,0.023703541469255497,0.10483932493519557,0.24324324324324326,0.6,0.34615384615384615,0.9457735247208932,37,627,15
T13,366,0.83138677270289,0.20600141500809455,0.31392045454545453,0.6480938416422286,0.9430357353461494,0.9852143913257763,0.4229665071770335,0.795564788494189,0.420508566978539,0.9316326530612244,0.03485184332427973,0.1384808379059959,0.37209302325581395,0.6666666666666666,0.47761194029850745,0.9409780775716695,43,593,24
T13,367,0.8061577365340964,0.22998976098963986,0.28527489427143415,0.46902654867256627,0.9365269052171541,0.9702854717181367,0.354769304327038,0.7027767269448602,0.3219369334270174,0.9125688370586329,0.045066550054797726,0.17363171468988212,0.3,0.42857142857142855,0.35294117647058826,0.9237435008665511,40,577,28
T13,368,0.8724140598131065,0.29752707617336527,0.35642594859241117,0.5652173913043479,0.9555641944425665,0.9805741045876334,0.43717159585647797,0.7603907928734571,0.41893128564467336,0.9392776158082281,0.03580172061422765,0.14113925261327023,0.32432432432432434,0.5217391304347826,0.4,0.9416531604538088,37,617,23
T13,369,0.7866710187911868,0.12460005174114348,0.18042090328682914,0.5093457943925234,0.9424653895952988,0.9872198362052478,0.2664571328793436,0.725905591993911,0.2752125741940406,0.9319565921606738,0.027484718543868077,0.12096755735725703,0.1794871794871795,0.5,0.2641509433962264,0.9358552631578947,39,608,14
T13,370,0.9141150076534695,0.3011453722661061,0.3436088749263695,0.6756756756756758,0.943482671174979,0.9851713241654456,0.45555121697253675,0.8095791734253273,0.4511840029820614,0.9322481373501782,0.03461511839002284,0.13163667464724665,0.2857142857142857,0.6,0.3870967741935484,0.9373970345963756,42,607,20
T13,371,0.7757185801167277,0.1655550276496634,0.2219601677148846,0.30555555555555547,0.9496506579839911,0.9667667978730751,0.2571341833636915,0.6276031067697733,0.2194636513879053,0.9207321023647554,0.04234285329384121,0.16673623150466563,0.2702702702702703,0.3448275862068966,0.30303030303030304,0.9253246753246753,37,616,29
T13,372,0.754541579455071,0.2019489841711992,0.30520857883572927,0.39361702127659554,0.9495637296834899,0.9653025375236968,0.34382052303199234,0.6715903754800427,0.30468706578271315,0.9199384515711047,0.04776164681239997,0.18754611149289238,0.25,0.3333333333333333,0.2857142857142857,0.9196141479099679,40,622,30
T13,373,0.7820018688041963,0.19081163790455513,0.3189635916908643,0.5112781954887217,0.9482755695794524,0.976162618095454,0.39284731774415393,0.7297768825340871,0.3682748442095977,0.9285066407515388,0.041829349748042956,0.16626880468680585,0.32653061224489793,0.5517241379310345,0.41025641025641024,0.9262820512820513,49,624,29
T13,374,0.8404306284753328,0.3366924525342081,0.46398199099549764,0.6235294117647057,0.9635327150514761,0.9806033736275154,0.5320522013480566,0.793531063408091,0.5108808370911294,0.9471493359248462,0.03808920072486921,0.14909575158975505,0.28125,0.45,0.34615384615384615,0.9437086092715232,32,604,20
T13,375,0.8922715824425008,0.2850904186070517,0.3237410071942446,0.6428571428571429,0.9328571428571432,0.9812171299774607,0.43062200956937796,0.787857142857143,0.4190092554044216,0.919047619047619,0.040203576809283374,0.14958626198947336,0.29411764705882354,0.6,0.39473684210526316,0.9194395796847635,51,571,25
T13,376,0.8541103493068963,0.34980105954835544,0.48336106489184744,0.6974789915966391,0.9460703430308292,0.9773909922842275,0.5710073710073715,0.8217746673137339,0.5445334515196464,0.9293002915451894,0.052394797429115,0.18777710024849434,0.44,0.6470588235294118,0.5238095238095238,0.9323181049069373,50,591,34
T13,377,0.8190390812659081,0.20596850398667993,0.21271076523994836,0.5484949832775922,0.9287642295505222,0.983227730152814,0.30654205607476664,0.7386296064140572,0.3057996927301858,0.9158730158730158,0.034932364734298865,0.14146179792425898,0.25,0.5714285714285714,0.34782608695652173,0.9246231155778895,48,597,21
T13,378,0.9188868756475431,0.3681051450440014,0.48041178152702313,0.6857142857142857,0.9693540226007756,0.9867795271534776,0.564990751639482,0.8275341541575307,0.5532108280184291,0.9580984774862327,0.031069798103860614,0.11973816267714697,0.4864864864864865,0.6923076923076923,0.5714285714285714,0.957680250783699,37,638,26
T13,379,0.8938972493168367,0.29229364518514367,0.365925925925926,0.6918767507002802,0.9494269171688526,0.9864947820748925,0.47868217054263573,0.8206518339345663,0.4754037154608305,0.9390022675736962,0.034944794486402364,0.13176890127080684,0.2682926829268293,0.5789473684210527,0.36666666666666664,0.9392,41,625,19
T13,380,0.8890206488923006,0.31608020052256774,0.3868520859671304,0.678492239467849,0.9420480344127136,0.9819404658114335,0.4927536231884059,0.8102701369402814,0.47838335159762885,0.9285714285714287,0.041065060610923534,0.15190127603950243,0.3137254901960784,0.6153846153846154,0.4155844155844156,0.9242424242424242,51,594,26
T13,381,0.8947577539283148,0.18652230407566794,0.19870967741935483,0.4230769230769231,0.9481809078771697,0.9818543160805322,0.2704126426690079,0.6856289154770464,0.25891271999493964,0.9327016520894071,0.029418348453857178,0.1169164129790944,0.1388888888888889,0.3333333333333333,0.19607843137254902,0.928695652173913,36,575,15
T13,382,0.7811187692426774,0.16511031159241304,0.2102941176470588,0.4798657718120806,0.9369866228584839,0.980958230958231,0.29243353783231085,0.7084261973352822,0.28235438637018684,0.9215419501133787,0.03557655477405611,0.1446801331817884,0.2222222222222222,0.47619047619047616,0.30303030303030304,0.9233333333333333,45,600,21
T13,383,0.8461913579692035,0.2815963211312762,0.3135391923990501,0.6226415094339622,0.9311576941400669,0.9799448483329156,0.4170616113744078,0.7768996017870146,0.4031516191447708,0.9163265306122451,0.0415066231308307,0.161212000333766,0.2391304347826087,0.5,0.3235294117647059,0.9194395796847635,46,571,22
T13,384,0.9233966334157898,0.4399333136475317,0.3691651705565529,0.5949367088607597,0.9523357354811359,0.9804482927169891,0.4556155657111204,0.7736362221709476,0.43741720887563135,0.9363297700032395,0.034550296625245384,0.12912127623690078,0.34210526315789475,0.52,0.4126984126984127,0.9402261712439418,38,619,25
T13,385,0.8736978713887894,0.29452303584307377,0.3333333333333332,0.730458221024259,0.9358503964966268,0.9875109279380542,0.45777027027027023,0.8331543087604427,0.46236489504205114,0.9272108843537414,0.03535371719736655,0.1391265823599951,0.32653061224489793,0.6956521739130435,0.4444444444444444,0.9336650082918739,49,603,23
T13,386,0.8163286346942886,0.22225891326278488,0.2353982300884955,0.3518518518518518,0.9488272921108739,0.970321017565112,0.2820784729586426,0.6503395719813628,0.24870763414327005,0.9232426303854873,0.040166249771691025,0.1565097400683922,0.23809523809523808,0.37037037037037035,0.2898550724637681,0.9209677419354839,42,620,27
T13,387,0.6920076934625115,0.12063391111967296,0.17464598786244115,0.3457943925233647,0.9382784529272353,0.9743415196104102,0.23207885304659517,0.6420364227252999,0.20572628705249582,0.9167152575315839,0.039778176478819365,0.1646708529662096,0.21052631578947367,0.36363636363636365,0.26666666666666666,0.9279869067103109,38,611,22
T13,388,0.8318083802541294,0.193611830121517,0.26504481434058885,0.5718232044198893,0.9321352565618349,0.9807189948998631,0.3622047244094486,0.7519792304908621,0.35193003718043814,0.91734693877551,0.038386023100269395,0.1480499798500044,0.3,0.5217391304347826,0.38095238095238093,0.9353233830845771,40,603,23
T13,389,0.9058366713780837,0.2664476343853119,0.32519280205655554,0.6052631578947366,0.9375148774101403,0.9794827157423527,0.4230769230769232,0.7713890176524386,0.40665855328074413,0.9217687074829933,0.04003495173212249,0.1443567247444688,0.29411764705882354,0.5769230769230769,0.38961038961038963,0.9208754208754208,51,594,26
T13,390,0.8870619100719442,0.2998007024378751,0.34660925726587716,0.6555819477434678,0.9380538499481228,0.9819285688850906,0.4534679028283064,0.7968178988457955,0.4416240646737798,0.9245707806932297,0.039286100490390885,0.14579161255719053,0.3469387755102041,0.6296296296296297,0.4473684210526316,0.932258064516129,49,620,27
T13,391,0.9187770591078033,0.4313898463746591,0.39894712748912803,0.7685185185185185,0.9558447672854453,0.9908490352268567,0.5252373060117523,0.862181642901982,0.531369955133639,0.9489633948817622,0.02919307590105067,0.11655161447696033,0.22857142857142856,0.6153846153846154,0.3333333333333333,0.9463986599664992,35,597,13
T13,392,0.8376805253058445,0.28033088276985957,0.3347294938917973,0.596949891067538,0.9348676679139541,0.976879128727013,0.42893883484289363,0.7659087794907461,0.4070859086712783,0.9172821509556203,0.04353819464120154,0.16458746271894145,0.3090909090909091,0.5666666666666667,0.4,0.915,55,600,30
T13,393,0.8869181113845443,0.2579157676095706,0.325312573720217,0.5933734939759037,0.9518648175575602,0.9835655032086398,0.4202346487886636,0.7726191557667319,0.41038050774177115,0.93837058632977,0.033257889263396685,0.1303476195699518,0.3157894736842105,0.5714285714285714,0.4067796610169492,0.9424342105263158,38,608,21
T13,394,0.8165741402370874,0.20938964473213126,0.3013305504826507,0.4782608695652173,0.9548588284871469,0.9782409725939869,0.36971830985915494,0.7165598490261822,0.3479769154110541,0.9362163913184323,0.03655550030668306,0.14499752005131222,0.20588235294117646,0.3684210526315789,0.2641509433962264,0.9343434343434344,34,594,19
T13,395,0.7902323399154392,0.31907634548640035,0.31328200192492783,0.5224719101123596,0.9261922002689562,0.9678413144524916,0.39169675090252715,0.7243320551906578,0.35514777579188056,0.9017492711370263,0.05088894550591311,0.19302585629033728,0.2765957446808511,0.43333333333333335,0.33766233766233766,0.9137055837563451,47,591,30
T13,396,0.9240072880092738,0.4065446755920965,0.5152559903464914,0.8678861788617884,0.9517634142994373,0.9918661399023936,0.646619794483504,0.909824796580613,0.6447188904798377,0.9470845481049565,0.04005345462266996,0.14627363084247152,0.52,0.8387096774193549,0.6419753086419753,0.9533011272141707,50,621,31
T13,397,0.8676137697131638,0.21220523814593972,0.23248224227298933,0.5274390243902438,0.9327434223807283,0.9808069908545753,0.32271818787475043,0.730091223385486,0.3132921339110634,0.9176708778749595,0.035907248312492125,0.14127433449590038,0.24,0.5217391304347826,0.3287671232876712,0.9198036006546645,50,611,23
T13,398,0.8095942707205825,0.17543174773965192,0.1954484605087016,0.47712418300653614,0.929410382898755,0.9801808497460672,0.2773029439696108,0.7032672829526455,0.26720663428266084,0.9137188208616779,0.036400144302043566,0.1464412402587308,0.20833333333333334,0.47619047619047616,0.2898550724637681,0.9170896785109983,48,591,21
T13,399,0.8370396666346929,0.2175141314797012,0.24915618287818367,0.6321525885558581,0.9172905646347027,0.9828872550794974,0.35743369648949064,0.7747215765952805,0.35706396937894413,0.905425979915776,0.03928158164118384,0.15202205565392826,0.24528301886792453,0.5909090909090909,0.3466666666666667,0.9175084175084175,53,594,22
T13,400,0.8240505895313708,0.17648280332654523,0.2222222222222222,0.3909348441926345,0.9429550017715834,0.9737772899134038,0.28336755646817247,0.666944922982109,0.25581682297305147,0.9208616780045352,0.03845970849188217,0.14925057238179307,0.24390243902439024,0.4,0.30303030303030304,0.9240924092409241,41,606,25
T13,401,0.8597773213428244,0.23170984215834978,0.2674396502566054,0.7027972027972026,0.9354849509524926,0.9894651109261849,0.3874432052870716,0.8191410768748477,0.40494163070287326,0.9279397473275024,0.031079605375198816,0.12927165042199787,0.20512820512820512,0.5714285714285714,0.3018867924528302,0.9376053962900506,39,593,14
T13,402,0.843807892817509,0.21254295820916833,0.2573426573426572,0.5859872611464968,0.9375734775452623,0.9839605181986428,0.35762876579203096,0.7617803693458796,0.3554389804665098,0.9250566893424037,0.03466687447579278,0.1380710972142225,0.2631578947368421,0.5263157894736842,0.3508771929824561,0.9360967184801382,38,579,19
T13,403,0.8682285631049029,0.2348493803540813,0.3094401983061351,0.5646437994722957,0.9434224110210369,0.9797008734775656,0.3997864958633574,0.7540331052466662,0.3832790219137033,0.9271460965338516,0.03798952825881938,0.14632820764690718,0.3076923076923077,0.5217391304347826,0.3870967741935484,0.9345955249569707,39,581,23
T13,404,0.7524000349081341,0.2230730596048898,0.3539527720739219,0.4218415417558887,0.9569530194455371,0.9673259110711568,0.38492672714584786,0.6893972806007129,0.348853289801474,0.928620019436346,0.04670736831217967,0.18593968013612944,0.3157894736842105,0.4,0.35294117647058826,0.9309262166405023,38,637,30
T13,405,0.9008097401921493,0.2962084781780769,0.38038858530661823,0.47229551451187357,0.9654577148949854,0.9760462649283099,0.4213889355977806,0.7188766147034293,0.39500697052519107,0.9442662779397474,0.03620904051669662,0.13507633506377176,0.3548387096774194,0.44,0.39285714285714285,0.9425675675675675,31,592,25
T13,406,0.7787714038664383,0.18345449546810394,0.2315384615384616,0.43143812709030094,0.9497543883179373,0.9794260027662517,0.3013515768396463,0.6905962577041193,0.28358080825412996,0.9321833495302883,0.03385335658876196,0.14242116550608885,0.16666666666666666,0.3333333333333333,0.2222222222222222,0.9314845024469821,36,613,18
T13,407,0.8188338078665646,0.24236469194687504,0.28127975623690704,0.6098265895953757,0.9363768164806632,0.9832710793251782,0.384986315652287,0.7731017030380194,0.3801296719071973,0.9235665694849368,0.03660114748135308,0.14722605235634126,0.24,0.5714285714285714,0.3380281690140845,0.9239482200647249,50,618,21
T13,408,0.7939859762386459,0.22042004442054003,0.28796561604584514,0.45067264573991017,0.9406496298065439,0.9698350160059099,0.35139860139860124,0.6956611377732271,0.3176210477468513,0.915873015873016,0.044819547219149054,0.17285296125315228,0.2727272727272727,0.41379310344827586,0.3287671232876712,0.9186046511627907,44,602,29
T13,409,0.7505686654851448,0.15089301810173036,0.1838074398249453,0.31034482758620696,0.9433933630109267,0.9708469988026445,0.23087494273934953,0.6268690952985667,0.19809527360636422,0.9184159378036929,0.039820066562312434,0.16140247946330755,0.18604651162790697,0.3333333333333333,0.23880597014925373,0.915,43,600,24
T13,410,0.8304395508338306,0.26919365798734957,0.35638657355260167,0.5124716553287982,0.9512897890985965,0.9737351878675763,0.4204092479404729,0.7318807222136974,0.3912770692401189,0.9293488824101068,0.04238743431779619,0.16154247375669814,0.2857142857142857,0.4444444444444444,0.34782608695652173,0.926948051948052,42,616,27
T13,411,0.9109526542363237,0.31693060873568873,0.3415442918048318,0.6959459459459459,0.9534088623717905,0.9890469070551827,0.45821417222751826,0.8246774041588683,0.46332600247263983,0.9447683835438938,0.0293825599553362,0.118442151282376,0.2972972972972973,0.6470588235294118,0.4074074074074074,0.946843853820598,37,602,17
T13,412,0.7763155551319666,0.2561107393084674,0.3523178807947019,0.46180555555555536,0.9406841339155749,0.9615623062616242,0.39969947407963924,0.7012448447355653,0.3554342963466545,0.9094104308390022,0.054097429500499845,0.2049405694239303,0.28205128205128205,0.34375,0.30985915492957744,0.9204545454545454,39,616,32
T13,413,0.8694808398914983,0.1552461495541042,0.2256861177724488,0.523809523809524,0.9516657518753224,0.9867211616396778,0.3154562383612664,0.7377376378424232,0.31779617640234303,0.940459993521218,0.027067455947587478,0.11516806261536815,0.25,0.5555555555555556,0.3448275862068966,0.9392,40,625,18
T13,414,0.845938272348584,0.29576678396423833,0.38088040808615165,0.6575342465753423,0.9441490268261921,0.9813984799900791,0.48235434860629267,0.8008416367007674,0.4668802279621337,0.9299157758341433,0.04046648319940618,0.15614002223057943,0.30612244897959184,0.6,0.40540540540540543,0.9281045751633987,49,612,25
T13,415,0.8885141976667399,0.28965966071748706,0.2716102608320756,0.6101694915254234,0.9433766233766233,0.9859021733419728,0.3758949880668255,0.7767730574510235,0.37755133091543136,0.9322319403952056,0.030888532702462387,0.12550989447975108,0.2765957446808511,0.6190476190476191,0.38235294117647056,0.9297658862876255,47,598,21
T13,416,0.8757280485591634,0.39564664537488436,0.4818886285817265,0.6983546617915906,0.9503548548634974,0.9794451068676477,0.5702708466624015,0.8243547583275439,0.5470572040838595,0.9347262714609653,0.045499068325635356,0.16721714346476815,0.3617021276595745,0.6071428571428571,0.4533333333333333,0.9310924369747899,47,595,28
T13,417,0.8604911397466429,0.2589711789990615,0.30502445531347255,0.6105919003115262,0.9474560032272704,0.9847140211732642,0.4068198665678278,0.7790239517693984,0.4021044010924889,0.9351959831551667,0.033079656414100655,0.13342085215139365,0.375,0.625,0.46875,0.9419795221843004,40,586,24
T13,418,0.8339235311692833,0.2725929361015518,0.3072044647387114,0.5118343195266273,0.9540034358473407,0.9800166095712656,0.38395688015218776,0.7329188776869839,0.36578466418462435,0.9370586329770003,0.03431918910804493,0.1405896541966441,0.2926829268292683,0.5217391304347826,0.375,0.9341021416803954,41,607,23
T13,419,0.8590168213208884,0.28213307146837246,0.33119010069149574,0.6393442622950816,0.9040716895771703,0.9712133390657419,0.4363461999520497,0.7717079759361261,0.4053774205171309,0.8857628765792032,0.05678153131208518,0.19443566810476257,0.2222222222222222,0.4827586206896552,0.30434782608695654,0.8933333333333333,63,600,29
T13,420,0.7581611526111782,0.16378875959870542,0.23266974760042658,0.4091903719912472,0.9262568114654682,0.9663185657768113,0.29665722379603393,0.6677235917283577,0.2583603476990934,0.8994655004859087,0.049319011637264154,0.18886468481330354,0.22916666666666666,0.36666666666666664,0.28205128205128205,0.9095315024232633,48,619,30
T13,421,0.8887278524264559,0.26601757317809915,0.33023872679045085,0.7685185185185185,0.9405602636534842,0.9907017108851971,0.46196660482374763,0.8545393910860013,0.47704512857464404,0.9342403628117913,0.032651372139615546,0.12857752018525972,0.26666666666666666,0.7058823529411765,0.3870967741935484,0.9359190556492412,45,593,17
T13,422,0.8776843255626097,0.28764961229725367,0.37333333333333313,0.6683046683046683,0.9457302474062251,0.9833156779661018,0.47905396905271086,0.8070174578554468,0.4679689579359105,0.9329284094590217,0.038713461619110004,0.14715183623531874,0.3695652173913043,0.6296296296296297,0.4657534246575342,0.9367909238249594,46,617,27
T13,423,0.7783973012875721,0.15338154087925782,0.21891002194586692,0.5498392282958201,0.928294410959824,0.9825845891384702,0.31314584695879666,0.7390668196278221,0.31038903280907754,0.9149497894395852,0.03810557107781235,0.1535301865935063,0.26,0.5652173913043478,0.3561643835616438,0.9203389830508475,50,590,23
T13,424,0.8774436461045311,0.2688389311832236,0.33374434854089613,0.6321525885558582,0.9452096466174307,0.9833843232408481,0.436852723604573,0.7886811175866446,0.42789965970709115,0.9321833495302881,0.03603080394960769,0.1398988405999146,0.3111111111111111,0.6086956521739131,0.4117647058823529,0.9348534201954397,45,614,23
T13,425,0.7232125403958722,0.23116658923797911,0.2515822784810126,0.3218623481781375,0.9431900072063416,0.9590864680019541,0.2824156305506216,0.6325261776922396,0.23630117955948987,0.9083900226757372,0.05141432565812651,0.2008236476728404,0.25,0.25806451612903225,0.25396825396825395,0.9208754208754208,32,594,31
T13,426,0.8219450013733476,0.3230565593780277,0.40622036791200433,0.5817490494296577,0.9460711702091009,0.9727274337223509,0.4783919597989948,0.7639101098193795,0.4472318323758612,0.9243440233236151,0.04782873908516217,0.18124826725842694,0.35185185185185186,0.5588235294117647,0.4318181818181818,0.9196141479099679,54,622,34
T13,427,0.8912848345453889,0.3731784039798106,0.40441921751469717,0.6129032258064514,0.949764896982132,0.977819634904149,0.4872984855886665,0.7813340613942918,0.4637603018234463,0.9320051830255911,0.04126739583382342,0.15519822455646692,0.3541666666666667,0.5666666666666667,0.4358974358974359,0.9301587301587302,48,630,30
T13,428,0.75859112013137,0.195600010441262,0.3342480790340285,0.4985673352435529,0.959087306271818,0.9789142109611677,0.4001971414489896,0.7288273207576855,0.37857651216614485,0.9408649173955295,0.03818279607788393,0.1572539990937735,0.2857142857142857,0.45454545454545453,0.3508771929824561,0.9378151260504202,35,595,22
T13,429,0.7846795806529074,0.18775981401605965,0.29347826086956513,0.4954128440366971,0.9379770992366412,0.9727857496288966,0.36860068259385653,0.7166949716366693,0.3397000800789716,0.9160997732426303,0.04510243830115195,0.17308592339831477,0.25,0.375,0.3,0.9303482587064676,36,603,24
T13,430,0.8524147181546511,0.29242281164240835,0.3058655901211114,0.5768025078369906,0.9508797284353099,0.9835735020598307,0.39975170701427687,0.7638411181361502,0.39080924685409274,0.9373501781665048,0.03194544338841882,0.1297766884934107,0.19444444444444445,0.4117647058823529,0.2641509433962264,0.9345637583892618,36,596,17
T13,431,0.7922432043356756,0.2810078941963421,0.2236024844720496,0.4675324675324674,0.9259039715471251,0.974422956955708,0.3025210084033612,0.6967182195397963,0.2791243889782862,0.9058956916099773,0.03997328399349198,0.16200532917124907,0.125,0.3,0.17647058823529413,0.9045996592844975,48,587,20
T13,432,0.8085694527824436,0.16232463516395743,0.18897414038078997,0.3454545454545455,0.9522862158321491,0.9783583243159684,0.2443056576047024,0.6488703806433473,0.22320774051719558,0.9333657272432782,0.0318627413272273,0.13268294900339322,0.23076923076923078,0.3333333333333333,0.2727272727272727,0.9469320066334992,26,603,18
T13,433,0.7508672674792716,0.16540030741559364,0.2617706690696102,0.34156378600823045,0.9438273509547807,0.960908186593602,0.2963907664838668,0.6426955684815056,0.2520923874204592,0.9106413994169096,0.05222463488371381,0.1986362511138916,0.29545454545454547,0.37142857142857144,0.3291139240506329,0.9116666666666666,44,600,35
T13,434,0.7292012134643395,0.2114380820816207,0.2716809421841542,0.3295454545454547,0.953614047050801,0.9643990069650369,0.2978286384976526,0.6415797507981278,0.25855034468736277,0.9224813735017817,0.04658876290028138,0.18622060525863102,0.23076923076923078,0.3103448275862069,0.2647058823529412,0.919093851132686,39,618,29
T13,435,0.892317571824077,0.24228807255329388,0.19985358711566603,0.5551601423487543,0.9268566074983686,0.9844516312460018,0.29390391602745236,0.7410083749235615,0.29805738094292356,0.9150145772594754,0.031995674847373194,0.12877248702535588,0.23076923076923078,0.5714285714285714,0.3287671232876712,0.9233176838810642,52,639,21
T13,436,0.7742611536880093,0.22521397622485229,0.24968152866242027,0.45901639344262296,0.950591393339485,0.98002248551414,0.32343234323432335,0.704803893391054,0.3067385741341107,0.9335924846128927,0.03358423499724654,0.14220048576607597,0.21951219512195122,0.45,0.29508196721311475,0.9322834645669291,41,635,20
T13,437,0.7378876888014392,0.10373383667248243,0.10828025477707014,0.4146341463414635,0.91874637260592,0.9850653391412569,0.17171717171717182,0.6666902594736916,0.17640749003923759,0.9070294784580499,0.030632604992487964,0.133780126018272,0.10909090909090909,0.42857142857142855,0.17391304347826086,0.9073170731707317,55,615,14
T13,438,0.9075471638655462,0.27694299528171745,0.3486924034869238,0.6249999999999999,0.9560504201680671,0.9854482459939369,0.44764188649080716,0.7905252100840335,0.44062746711488987,0.9440395205701326,0.03113046551342638,0.12164948847273493,0.3684210526315789,0.6363636363636364,0.4666666666666667,0.9469320066334992,38,603,22
T13,439,0.759092388879833,0.1574660591292503,0.21662404092071613,0.35483870967741954,0.9483935100163429,0.9733702230676119,0.2690169922185168,0.6516161098468811,0.24002579527680673,0.9254454162617428,0.03792287748172934,0.15472216422916082,0.2631578947368421,0.4,0.31746031746031744,0.9280936454849499,38,598,25
T13,440,0.850170605137265,0.2481698258226071,0.26055488540410116,0.5011600928074244,0.9269281201573486,0.9730947315730196,0.34285714285714264,0.7140441064823866,0.3162635720275713,0.9061224489795917,0.04388531533849427,0.16437040569936212,0.2909090909090909,0.5161290322580645,0.37209302325581395,0.9131832797427653,55,622,31
T13,441,0.8485919524609156,0.1909594365630842,0.25821972734562937,0.559270516717325,0.9377492134528995,0.982115167747392,0.35331230283911647,0.7485098650851123,0.3456171070847377,0.9236313573048268,0.036008408681834046,0.1413493208182471,0.26,0.5652173913043478,0.3561643835616438,0.9214046822742475,50,598,23
T13,442,0.7510544397463012,0.0974648629926965,0.1453035806953814,0.36363636363636376,0.945282392026578,0.9830701724078361,0.20763811642565813,0.6544593778314709,0.1991408046293584,0.9307742144476838,0.030498924220603008,0.1319474461928418,0.15789473684210525,0.375,0.2222222222222222,0.9298831385642737,38,599,16
T13,443,0.8413363825024606,0.323248262526248,0.2655865463494667,0.5606060606060606,0.9397442369173818,0.982150393922341,0.36042304480935144,0.7501751487617212,0.352072793286482,0.92555879494655,0.03400174133428539,0.13923174346946976,0.14285714285714285,0.375,0.20689655172413793,0.9224283305227656,42,593,16
T13,444,0.8422026708432092,0.2772478790427033,0.21050269299820476,0.48905109489051085,0.94119220353716,0.9828922561273654,0.29432067775337317,0.7151216492138355,0.28845602925062264,0.9271460965338516,0.030428601033284666,0.12497482862303567,0.2,0.47368421052631576,0.28125,0.9250814332247557,45,614,19
T13,445,0.8139968238997799,0.318930984969435,0.3362729171501509,0.5348837209302326,0.9515508800460775,0.9780606292768714,0.4129381590196638,0.743217300488155,0.39102776529256433,0.9332685455134434,0.03819602699745354,0.15250697590764906,0.32558139534883723,0.5384615384615384,0.4057971014492754,0.9302721088435374,43,588,26
T13,446,0.88698947957467,0.3433875438784976,0.3788473455897544,0.7138964577656677,0.9491811867299859,0.9870823740311779,0.4950067476383268,0.8315388222478267,0.4925848318180358,0.9393909944930353,0.034533161113891056,0.13502675476500514,0.3023255813953488,0.6190476190476191,0.40625,0.9377049180327869,43,610,21
T13,447,0.9371886879503059,0.3546904227175399,0.35486045570985597,0.8723897911832946,0.9185157434054798,0.9929127625499328,0.5045045045045048,0.8954527672943873,0.5244575894230309,0.916261742792355,0.03782436435598989,0.13666913648163634,0.3050847457627119,0.8181818181818182,0.4444444444444444,0.9243697478991597,59,595,22
T13,448,0.6988259806132208,0.138776634268535,0.2210876276418903,0.296875,0.9440311241553476,0.9616715048062716,0.2534367769157479,0.6204530620776738,0.20982801112358893,0.9111597019760285,0.04887217546108903,0.1967839584593388,0.23255813953488372,0.3125,0.26666666666666666,0.9102773246329527,43,613,32
T13,449,0.8521402208902216,0.29433353311347055,0.2140410958904112,0.5208333333333334,0.9465034965034966,0.986036911121904,0.30339805825242744,0.733668414918415,0.30578394581339186,0.9349206349206348,0.026766154386799922,0.11592329894637302,0.21951219512195122,0.5294117647058824,0.3103448275862069,0.9345335515548282,41,611,17
T13,450,0.7709429406291985,0.16833384180872282,0.2200772200772201,0.40860215053763455,0.952698747219295,0.9801252710190316,0.2860727728983689,0.6806504488784647,0.2689485820119699,0.9354875283446712,0.03186418524156255,0.1355812380362481,0.21621621621621623,0.42105263157894735,0.2857142857142857,0.9343185550082101,37,609,19
T13,451,0.832894157245399,0.26154324527482375,0.3746271275662397,0.5041322314049588,0.9380227806277713,0.9625274352706052,0.4298369236963962,0.721077506016365,0.3861017738731785,0.9082604470359572,0.05662248272419986,0.20076575573066194,0.40384615384615385,0.5,0.44680851063829785,0.9169329073482428,52,626,42
T13,452,0.904368933665809,0.3038689408957958,0.36634777715250433,0.7265625,0.9427961796382848,0.9869701643354785,0.48709315375982054,0.8346793398191423,0.4863089869691021,0.9333819241982508,0.03494471167756548,0.1300008092667195,0.2916666666666667,0.6666666666666666,0.4057971014492754,0.9344,48,625,21
T13,453,0.8325519108895284,0.20803115232740851,0.27447319285142696,0.5306859205776173,0.954515810772395,0.9843079098480799,0.3618143459915611,0.7426008656750062,0.3543459313587022,0.9412050534499515,0.029896167640469776,0.12589972474181346,0.2222222222222222,0.47058823529411764,0.3018867924528302,0.9377104377104377,36,594,17
T13,454,0.8461703038725915,0.2491917957523873,0.33275126115638315,0.6202531645569619,0.9416871555743958,0.9814441734704697,0.4331354969061748,0.7809701600656789,0.42018934198528235,0.9272918691286037,0.03869757647257081,0.1506827654931103,0.27450980392156865,0.5833333333333334,0.37333333333333335,0.9243156199677939,51,621,24
T13,455,0.8179340690268668,0.2549251816882564,0.25210084033613434,0.4477611940298507,0.9475545079552149,0.9775075987841944,0.3225806451612902,0.6976578509925329,0.30127698433924194,0.9285714285714286,0.03446702907456426,0.13933912162193435,0.11428571428571428,0.23529411764705882,0.15384615384615385,0.9293739967897271,35,623,17
T13,456,0.8198880992653005,0.22895867283863236,0.3395931142410016,0.5680628272251312,0.9499881488504387,0.9798313164649799,0.4250734573947112,0.7590254880377849,0.4067900418024241,0.9334467120181404,0.03807087618779132,0.15082431983045327,0.325,0.5416666666666666,0.40625,0.9373970345963756,40,607,24
T13,457,0.8249514625653274,0.2651928196614026,0.34542815674891164,0.4303797468354432,0.953681832186505,0.9671909176127487,0.38325281803542693,0.6920307895109741,0.3465039326352869,0.92555879494655,0.04573750698278782,0.17158287631805297,0.3142857142857143,0.3793103448275862,0.34375,0.9311475409836065,35,610,29
T13,458,0.8153467951359229,0.25917790037587507,0.3054393305439332,0.6275071633237823,0.9412111911226537,0.9839565592990251,0.4108818011257037,0.7843591772232179,0.4056904660637831,0.928798185941043,0.035156538209455815,0.14217866918976294,0.3,0.5714285714285714,0.39344262295081966,0.937394247038917,40,591,21
T13,459,0.788812985127412,0.12055809789894906,0.13779527559055124,0.4516129032258065,0.9494518176572417,0.9897738209817131,0.21116138763197592,0.7005323604415241,0.2261934218982876,0.940702947845805,0.02452874051089098,0.11055299067867244,0.1388888888888889,0.45454545454545453,0.2127659574468085,0.9363166953528399,36,581,11
T13,460,0.8189631972432821,0.14183547535840244,0.1839999999999999,0.5609756097560976,0.9408009286128843,0.9890176937156804,0.27710843373493965,0.7508882691844909,0.29464592213237645,0.9319727891156464,0.027421487072252105,0.12094166911347574,0.20930232558139536,0.6,0.3103448275862069,0.9336650082918739,43,603,15
T13,461,0.7378138891337467,0.1903356942009281,0.25857519788918226,0.292343387470998,0.9569333991791973,0.9633972809408698,0.2744243932794029,0.6246383933250975,0.23522879553220832,0.9244574020084224,0.04435085851210631,0.17776730841036775,0.29411764705882354,0.3225806451612903,0.3076923076923077,0.9263502454991817,34,611,31
T13,462,0.7992824930238731,0.19285953823492602,0.18170103092783518,0.5017793594306048,0.9256353202951163,0.9825957235206365,0.26679280983916753,0.7137073398628606,0.26499593333213367,0.9121315192743764,0.034375880249032646,0.1426872936663781,0.18518518518518517,0.5,0.2702702702702703,0.9145569620253164,54,632,20
T13,463,0.9107861766499,0.22770077748066628,0.26189562547966244,0.7358490566037736,0.9357602070635386,0.9913317294084348,0.3863025328993917,0.835804631833656,0.4123952441006291,0.9297538062844185,0.029233302319824496,0.11807816727723673,0.2857142857142857,0.7368421052631579,0.4117647058823529,0.9323181049069373,49,591,19
T13,464,0.6922180777158098,0.11879288190891228,0.21621115687008594,0.397590361445783,0.928834877198946,0.9689705308698889,0.2801018552200799,0.6632126193223645,0.24586170220909723,0.9038386783284741,0.047335968161405444,0.18945297906227312,0.25,0.43333333333333335,0.3170731707317073,0.9068219633943427,52,601,30
T13,465,0.8449793457467609,0.29156830354585705,0.3596837944664031,0.5864661654135337,0.9505318336811033,0.9798027489245619,0.4458962841976316,0.7684989995473186,0.42697025015860474,0.9340621963070943,0.03814323217376306,0.14871844243080726,0.25,0.47619047619047616,0.32786885245901637,0.9300341296928327,40,586,21
T13,466,0.7912311689891758,0.28354221641083727,0.39129155634010004,0.48717948717948706,0.9649381460769358,0.9760031538712055,0.43400228422254844,0.7260588166282115,0.40750511050579397,0.9438127632005183,0.038750783510033256,0.15674985063356267,0.3125,0.4166666666666667,0.35714285714285715,0.9403973509933775,32,604,24
T13,467,0.831897283103749,0.32686891130040036,0.34438305709023925,0.4594594594594593,0.9576845358373943,0.9734203213724778,0.39368421052631564,0.7085719976484268,0.36410131970479814,0.9346938775510203,0.038592403721090206,0.15199606834801524,0.37142857142857144,0.4642857142857143,0.4126984126984127,0.9381270903010034,35,598,28
T13,468,0.7442296565544295,0.24919265707782112,0.3537653239929948,0.4325481798715205,0.9558242547587693,0.9678748939265366,0.38921001926782284,0.694186217315145,0.3534348518587618,0.9281179138321994,0.046707913422552594,0.1863355406142947,0.325,0.41935483870967744,0.36619718309859156,0.9261083743842364,40,609,31
T13,469,0.905203164865994,0.36824867501925795,0.46582163875056565,0.7656249999999999,0.9600352231931178,0.9890094553574542,0.5792288207148886,0.8628301115965589,0.5745022482685287,0.951571104632329,0.0338826687234063,0.1323102276327619,0.43243243243243246,0.7272727272727273,0.5423728813559322,0.9559543230016313,37,613,22
T13,470,0.7432037148897609,0.19841461382643702,0.13981358189081225,0.2727272727272728,0.9570764119601327,0.9809316262598746,0.1848591549295775,0.6149018423437027,0.16657639010788877,0.9400064787819891,0.026818644603603666,0.12152808787766112,0.125,0.26666666666666666,0.1702127659574468,0.9347826086956522,32,598,15
T13,471,0.8385452706973048,0.30754601685660293,0.3870707722069968,0.6435272045028143,0.934458446103191,0.9760520013684572,0.4833903764847998,0.7889928253030025,0.4581263499678513,0.9168772270813087,0.04786331797164123,0.1762846429429623,0.45454545454545453,0.6578947368421053,0.5376344086021505,0.9314194577352473,55,627,38
T13,472,0.7042057902973409,0.31799727649742127,0.1704545454545455,0.3000000000000001,0.9485915492957746,0.9746743849493489,0.21739130434782616,0.6242957746478873,0.18994163750147613,0.9265306122448979,0.03459528497424079,0.1516398203431987,0.16216216216216217,0.3,0.21052631578947367,0.9248747913188647,37,599,20
T13,473,0.8064422464129877,0.18073405397710535,0.26287978863936584,0.5115681233933161,0.9338156802277308,0.9764355698871388,0.34729493891797547,0.7226919018105235,0.32647692819779495,0.9151927437641725,0.04233093616479249,0.16444364557226887,0.25,0.48,0.3287671232876712,0.9190082644628099,48,605,25
T13,474,0.8284997534874282,0.27061361335456946,0.34818339100346024,0.5609756097560975,0.9488024460676067,0.9779396316268646,0.429677074993328,0.7548890279118521,0.4077381027520458,0.9307742144476837,0.040432687068818966,0.1579734296331651,0.24390243902439024,0.43478260869565216,0.3125,0.9254237288135593,41,590,23
T13,475,0.8532816268034471,0.2873762408966468,0.29569455727051175,0.527027027027027,0.9564087953341822,0.9831171292228711,0.3788378143972246,0.7417179111806047,0.36713424921116233,0.9419987042436022,0.03027936130940183,0.12597956529043455,0.3142857142857143,0.5238095238095238,0.39285714285714285,0.9438943894389439,35,606,21
T13,476,0.8594236152540036,0.20904732939917675,0.22146707288493092,0.409090909090909,0.944102305233047,0.9762497172585387,0.2873650600577771,0.676596607161978,0.2642578828277159,0.9240848720440556,0.03587323947470289,0.14089126606175756,0.19444444444444445,0.35,0.25,0.9315960912052117,36,614,20
T13,477,0.8467308723041691,0.22760898020144707,0.35310519645120414,0.6048632218844987,0.9570637818194054,0.9842546933125703,0.4459026888604355,0.780963501851952,0.4353982453166734,0.9439261418853256,0.033681146371589185,0.13400817918518743,0.34285714285714286,0.5714285714285714,0.42857142857142855,0.9474548440065681,35,609,21
T13,478,0.7508196735547609,0.20431594657193017,0.22499097146984476,0.3763213530655392,0.9265433260880728,0.9632575353190278,0.281613741665725,0.651432339576806,0.2387756763360919,0.897035957240039,0.04993198262435413,0.19423648211472372,0.20408163265306123,0.3333333333333333,0.25316455696202533,0.9028006589785832,49,607,30
T13,479,0.8036343156189363,0.18424388797115193,0.24417426545086102,0.5793269230769228,0.91123274631128,0.9776586237712244,0.34354953670705607,0.7452798346941015,0.3298822044248771,0.8955782312925169,0.04573978354348165,0.1743295821552658,0.23333333333333334,0.5384615384615384,0.32558139534883723,0.9038142620232172,60,603,26
T13,480,0.9094098116101959,0.4074323920278531,0.4829268292682927,0.7457627118644068,0.9488478706719751,0.9831250000000001,0.5862324204293117,0.8473052912681909,0.5689679539483713,0.9366213151927436,0.04302034190304312,0.15398355737103075,0.35,0.6086956521739131,0.4444444444444444,0.9384885764499121,40,569,23
T13,481,0.7627373145271479,0.14411308872260997,0.20883760202645654,0.3063583815028902,0.9526113490003032,0.9711275714506675,0.2483682008368201,0.6294848652515967,0.21588314541744727,0.9272594752186593,0.038940732788035004,0.15606678347846967,0.1891891891891892,0.30434782608695654,0.23333333333333334,0.9240924092409241,37,606,23
T13,482,0.9355631256588751,0.21827788933101216,0.2757941393745382,0.8421052631578949,0.9513160072835624,0.9963591601796148,0.41550732702652565,0.8967106352207286,0.46468507258905056,0.9489633948817622,0.023166267561335115,0.10347824658875254,0.3023255813953488,0.8666666666666667,0.4482758620689655,0.9460370994940978,43,593,15
T13,483,0.8533468300163276,0.21702541757121127,0.26020839200225315,0.6616541353383458,0.9108690857889292,0.9827043449613821,0.37352198079838334,0.7862616105636375,0.37292517026779465,0.8995950761256882,0.04269593427787857,0.15953529373101005,0.23214285714285715,0.5909090909090909,0.3333333333333333,0.9128978224455612,56,597,22
T13,484,0.8437409429988932,0.2218152767382715,0.27877697841726623,0.46969696969696967,0.9527679623085982,0.9788238141335913,0.34988713318284426,0.7112324660027839,0.3298898320797077,0.9346938775510205,0.0337584923749263,0.13581978133890898,0.2222222222222222,0.38095238095238093,0.2807017543859649,0.9312080536912751,36,596,21
T13,485,0.7354082985627379,0.12268937062516075,0.13489004760825202,0.3617021276595746,0.9365005408103835,0.9816846622128417,0.19649933949801843,0.649101334234979,0.1864480880694689,0.9211856171039846,0.03178527968600643,0.13706278469752123,0.13636363636363635,0.375,0.2,0.9222042139384117,44,617,16
T13,486,0.9250719913608799,0.4459867682531117,0.4180082366154997,0.7350230414746547,0.9470375796395354,0.985726444200149,0.5329355608591886,0.8410303105570949,0.5247585417717959,0.9366051182377713,0.03665391066651865,0.13911925255558857,0.39215686274509803,0.7142857142857143,0.5063291139240507,0.9357495881383855,51,607,28
T13,487,0.7743506887371834,0.14152542986655645,0.22151898734177225,0.34920634920634935,0.9545477450239352,0.9753707263490318,0.271079035381095,0.6518770471151423,0.24455276863165787,0.9329284094590217,0.03608408504784705,0.1467219994458667,0.21875,0.3333333333333333,0.2641509433962264,0.9368932038834952,32,618,21
T13,488,0.8373496168756704,0.28516692143017125,0.36411651728553157,0.6914893617021277,0.9320273738237805,0.981709075182008,0.4770392115747538,0.8117583677629541,0.4643576686958803,0.9192095885973435,0.04387702533097993,0.16614901128001464,0.34615384615384615,0.6428571428571429,0.45,0.9305993690851735,52,634,28
T13,489,0.8593284184406726,0.36870114790541353,0.4918738049713193,0.7044728434504792,0.9444018271208894,0.9766515217077744,0.5792831675736536,0.8244373352856843,0.5513748425556239,0.927372853903466,0.053834285566696845,0.19399600530337102,0.4745762711864407,0.6829268292682927,0.56,0.9273927392739274,59,606,41
T13,490,0.8420737893903093,0.21298100531928893,0.2702887408166753,0.578005115089514,0.927613850143213,0.9793332975468356,0.36833527357392326,0.7528094826163636,0.3552655861980487,0.9121153223194042,0.040244908345154914,0.1550323059723513,0.26666666666666666,0.5217391304347826,0.35294117647058826,0.9259259259259259,45,594,23
T13,491,0.8919564136559499,0.27795364293518926,0.2250489236790607,0.5750000000000001,0.9540603248259862,0.9897701287760261,0.32348804500703243,0.7645301624129931,0.33712347540730325,0.9454648526077098,0.0223755850007327,0.0986102045734911,0.16666666666666666,0.45454545454545453,0.24390243902439024,0.9489291598023064,30,607,11
T13,492,0.890199032226045,0.28845859836531706,0.3522105263157898,0.7264437689969604,0.9482308999444787,0.9889454290226354,0.4744080533106482,0.8373373344707196,0.4797596077467887,0.9399578879170716,0.03273499453943234,0.1313340418057916,0.3673469387755102,0.75,0.4931506849315068,0.9397394136807817,49,614,24
T13,493,0.8711789147536166,0.2709962080100513,0.3584149599287623,0.6865671641791046,0.9514773970872967,0.9871611235326998,0.47096679830334953,0.8190222806332006,0.4695667583595849,0.9414156138645936,0.033348157874736904,0.1336650596497897,0.375,0.72,0.4931506849315068,0.9402261712439418,48,619,25
T13,494,0.8623627643720482,0.2850193732148221,0.2803935347856641,0.7284345047923323,0.9312163092579221,0.98938409934342,0.40492198401623747,0.8298254070251272,0.4218519123647564,0.9240200842241659,0.03242731683402105,0.13309333708662754,0.29310344827586204,0.7391304347826086,0.41975308641975306,0.9225700164744646,58,607,23
T13,495,0.8610789463345923,0.2529030131815502,0.30055045871559627,0.670487106017192,0.9357134425013067,0.9856990584473262,0.41505131128848344,0.8031002742592493,0.4165628575825252,0.9252186588921286,0.03556356247810999,0.14021008533997228,0.27450980392156865,0.6363636363636364,0.3835616438356164,0.9273021001615509,51,619,22
T13,496,0.9114333513145555,0.3397416673079724,0.3880597014925375,0.7506561679790027,0.9465576490105462,0.9882469380180625,0.5116279069767443,0.8486069084947744,0.5122169349911195,0.938095238095238,0.03446656617292202,0.1314910883688735,0.28888888888888886,0.65,0.4,0.9359605911330049,45,609,20
T13,497,0.8174437745420609,0.19296180363462798,0.31234637927774617,0.5885286783042396,0.9382858500330882,0.9795397778604452,0.40810276679841895,0.7634072641686638,0.3921350127200477,0.9223841917719469,0.04157262593753209,0.1602858117747802,0.3181818181818182,0.56,0.4057971014492754,0.9321192052980133,44,604,25
T13,498,0.8519836580275418,0.23760897327486982,0.381668946648427,0.5764462809917358,0.9457773512476008,0.9746569415255285,0.4592592592592594,0.7611118161196682,0.4313719967535118,0.9255102040816323,0.04674394568879492,0.16968837046116206,0.391304347826087,0.5625,0.46153846153846156,0.930921052631579,46,608,32
T13,499,0.8780714536343027,0.36756053201734873,0.49933949801849437,0.6961325966850831,0.9542104627280417,0.9795361527967258,0.5815384615384619,0.8251715297065623,0.5580622329360974,0.9383219954648526,0.04661117169144038,0.17012634964137244,0.4583333333333333,0.6666666666666666,0.5432098765432098,0.9370748299319728,48,588,33
T18,0,0.852605371476207,0.5867054789346774,0.4444031928717282,0.48236953455571213,0.9472849921623189,0.9544123649140238,0.46260869565217383,0.7148272633590156,0.41394795533765494,0.9099125364431488,0.1157759606150785,0.3735443304039324,0.4107142857142857,0.46938775510204084,0.4380952380952381,0.905448717948718,56,624,49
T18,1,0.8237046405023949,0.5050260509589957,0.40788699234844045,0.42247510668563315,0.9468839648709059,0.9498261038433697,0.4150529047714116,0.6846795357782695,0.36348944564185404,0.9050858438613543,0.12438371478382514,0.39819527222204004,0.2682926829268293,0.275,0.2716049382716049,0.9008403361344538,41,595,40
T18,2,0.807798762075823,0.4908912481764161,0.38974812196199765,0.3733333333333335,0.9515566079101989,0.9482469325689517,0.38136417684574664,0.6624449706217661,0.3313777201429874,0.9073048266925818,0.11561581133992639,0.3742568766875669,0.3111111111111111,0.3111111111111111,0.3111111111111111,0.9018987341772152,45,632,45
T18,3,0.8496003100687328,0.5487410313435639,0.4671639802850676,0.6239103362391035,0.9287228924250249,0.9610200431471612,0.534277879341865,0.7763166143320641,0.4864449807858535,0.9009718172983477,0.1195201399219114,0.3887798777998909,0.45454545454545453,0.603448275862069,0.5185185185185185,0.8925619834710744,77,605,58
T18,4,0.8746514011518043,0.4472180788338723,0.4162652834383108,0.6033834586466167,0.9456873965802538,0.9737850981505803,0.4926551194913399,0.7745354276134351,0.4627799656430462,0.9250404923874312,0.12436373733075687,0.4019583703181777,0.41509433962264153,0.5945945945945946,0.4888888888888889,0.9247135842880524,53,611,37
T18,5,0.8258909629251598,0.4701244648407866,0.3934306569343065,0.4254143646408837,0.9569719877802516,0.9621030713170224,0.408797876374668,0.6911931762105678,0.36871567027821317,0.9242468415937802,0.1096747159557696,0.3632283449032905,0.35135135135135137,0.37142857142857144,0.3611111111111111,0.9224283305227656,37,593,35
T18,6,0.8415427475454234,0.4392762286815459,0.42508710801393723,0.507628294036061,0.938881343375725,0.9553964065837415,0.46270543615676357,0.723254818705893,0.4121766079536442,0.9036281179138321,0.12860884633606554,0.4054443260673969,0.42592592592592593,0.46938775510204084,0.44660194174757284,0.9083601286173634,54,622,49
T18,7,0.8854497297263888,0.5542178276218582,0.4687500000000001,0.6108597285067875,0.9437293122471497,0.9675716440422323,0.5304518664047153,0.7772945203769686,0.4919138156522561,0.9187074829931973,0.12327120744765217,0.4075045869360868,0.4,0.5142857142857142,0.45,0.9258010118043845,45,593,35
T18,8,0.8424285947864092,0.5220629691544978,0.42625698324022304,0.5343137254901958,0.9463763575605679,0.9646088344864289,0.47420758234928495,0.740345041525382,0.43345740550223455,0.9177842565597667,0.11812977373823355,0.379339884178699,0.39215686274509803,0.47619047619047616,0.43010752688172044,0.913961038961039,51,616,42
T18,9,0.8499134322606166,0.6086175638880014,0.46971782518926364,0.5652173913043479,0.9458443155860129,0.9624517236446859,0.5130614546137945,0.7555308534451803,0.46996309141582027,0.9160673793326853,0.10855066711676013,0.3588397812080823,0.4,0.47619047619047616,0.43478260869565216,0.9150326797385621,50,612,42
T18,10,0.9082028063305598,0.6608222046504656,0.5364238410596028,0.5000000000000002,0.9657366617719042,0.9605647517039924,0.5175718849840258,0.732868330885952,0.4811089358268374,0.9315192743764173,0.09352256961181492,0.31263456131822337,0.48717948717948717,0.4634146341463415,0.475,0.9264448336252189,39,571,41
T18,11,0.8744971826032908,0.6654132885914072,0.5878119001919385,0.5965909090909092,0.9536344008636198,0.9552155420991926,0.5921688688366097,0.7751126549772644,0.5466145284827802,0.9180110139293812,0.11113687793910292,0.3591231943713352,0.559322033898305,0.559322033898305,0.559322033898305,0.9147540983606557,59,610,59
T18,12,0.8135885824471194,0.629986182054777,0.5636147443519618,0.5511627906976744,0.953894472361809,0.951623010402306,0.5573192239858906,0.7525286315297417,0.5101221130681388,0.914625850340136,0.10979642578394094,0.36455654444867114,0.46938775510204084,0.4423076923076923,0.45544554455445546,0.9086378737541528,49,602,52
T18,13,0.8817614568923942,0.5974962685318528,0.49111900532859665,0.5208791208791207,0.9379086147733428,0.9444929434017167,0.5055614810300166,0.7293938678262318,0.44704968357123,0.8948817622287009,0.12620084148275867,0.3969901300324052,0.43333333333333335,0.4482758620689655,0.4406779661016949,0.8905472636815921,60,603,58
T18,14,0.836034147222936,0.578050908494208,0.542701393095094,0.5663716814159293,0.9602589746289083,0.9637593111099371,0.5542839467986391,0.7633153280224187,0.5164472218111236,0.9299805636540331,0.11051360904928065,0.3622358785356047,0.43478260869565216,0.47619047619047616,0.45454545454545453,0.9206611570247933,46,605,42
T18,15,0.8581081906739303,0.5431605877384803,0.45815695213285623,0.5973254086181281,0.9416437251223061,0.965880067628332,0.5185662950336316,0.769484566870217,0.47806157052681253,0.9153709102688695,0.12611688071068164,0.3994867399427881,0.38181818181818183,0.5,0.4329896907216495,0.9105691056910569,55,615,42
T18,16,0.8676380905592592,0.5150017202830721,0.41676300578034675,0.5184563758389261,0.9474187048360198,0.9644739168877098,0.4620807519760734,0.7329375403374729,0.42143656949088953,0.9184321347586655,0.10526991369394888,0.3509849152818406,0.3888888888888889,0.5,0.4375,0.913322632423756,54,623,42
T18,17,0.9341322948743301,0.7767096237164739,0.609667586006677,0.6936416184971094,0.951710514501212,0.9661811088220816,0.648949320148331,0.8226760664991609,0.6096106819044756,0.9264010366051181,0.10897324717606302,0.352911677609981,0.509090909090909,0.5957446808510638,0.5490196078431373,0.9232053422370617,55,599,47
T18,18,0.8789215222917643,0.5672356785414224,0.5227629513343799,0.533653846153846,0.9629087359687654,0.964438469998778,0.5281522601110229,0.7482812910613057,0.49185973182503956,0.9325396825396824,0.10081740726196249,0.3382724969158704,0.4878048780487805,0.47619047619047616,0.4819277108433735,0.929159802306425,41,607,42
T18,19,0.7575649631197044,0.4490986514473733,0.45791539467945946,0.4966887417218544,0.9567742384198081,0.9627672603842252,0.47651463580667136,0.7267314900708312,0.4367653952170274,0.9252672497570456,0.11598118354489231,0.3803855735013647,0.38636363636363635,0.4146341463414634,0.4,0.9165302782324058,44,611,41
T18,20,0.8214482871818636,0.5156276032887342,0.38263296126066937,0.5549999999999996,0.934636774417796,0.9664138872915468,0.4529731830547994,0.744818387208898,0.41340799828474983,0.9088111435050211,0.1241080586655034,0.4019557565265039,0.3770491803278688,0.5348837209302325,0.4423076923076923,0.9058441558441559,61,616,43
T18,21,0.8358518242987916,0.5742176625461466,0.4726688102893894,0.5021097046413504,0.9508834980533094,0.9561050785609267,0.4869446609508966,0.7264966013473297,0.4407172076764747,0.9147068351149983,0.11047616343020165,0.36508003400578387,0.43137254901960786,0.46808510638297873,0.4489795918367347,0.9087837837837838,51,592,47
T18,22,0.8676599399956084,0.4951476185440389,0.3781468531468533,0.5919540229885059,0.9387632131666838,0.973384505533738,0.46148922551738863,0.7653586180775948,0.4319302618488803,0.9182377712989956,0.10835804792221071,0.35636953202753957,0.3684210526315789,0.5526315789473685,0.4421052631578947,0.9131147540983606,57,610,38
T18,23,0.8544151584372984,0.5876956717810589,0.47241379310344817,0.5956521739130431,0.943542435424354,0.9649056603773583,0.5269230769230768,0.7695973046686988,0.4855927222222636,0.9163265306122449,0.12056819144011285,0.38757449588568066,0.43137254901960786,0.5116279069767442,0.46808510638297873,0.9196141479099679,51,622,43
T18,24,0.7524011553939309,0.3472789274095114,0.3961352657004829,0.4019607843137254,0.9543128654970758,0.9553604098060738,0.3990267639902675,0.6781368249054006,0.35387659883840034,0.9159863945578229,0.12111713092502288,0.3914742061487556,0.4090909090909091,0.391304347826087,0.4,0.9131832797427653,44,622,46
T18,25,0.8379360155995956,0.5572481351769193,0.5502364066193856,0.5069885641677258,0.9593996194270065,0.9520683326274177,0.5277279168634862,0.7331940917973659,0.4840134243472406,0.9190314220926465,0.10369492078020216,0.3434501545980037,0.5106382978723404,0.4528301886792453,0.48,0.9121621621621622,47,592,53
T18,26,0.8665411442934309,0.48944340269852826,0.5680473372781065,0.5565217391304349,0.9640836408364083,0.9624263261296659,0.5622254758418742,0.7603026899834215,0.5255163585472925,0.9321995464852609,0.10364187198745745,0.3476922847264043,0.5909090909090909,0.5306122448979592,0.5591397849462365,0.9322314049586777,44,605,49
T18,27,0.8367274512952801,0.3817309421421653,0.3181244364292152,0.47817836812144177,0.9348676164062631,0.9657442832992257,0.38206627680311855,0.7065229922638526,0.3424190923661426,0.9075801749271137,0.12182239473555849,0.39114478073793923,0.3090909090909091,0.4594594594594595,0.3695652173913043,0.9036544850498339,55,602,37
T18,28,0.7868912751028968,0.4942828497152354,0.48467650397275813,0.4546583850931677,0.9514481775242847,0.9455663017678109,0.46918780331471477,0.7030532813087262,0.4180005106817339,0.9061062520246194,0.12458796727763762,0.4011349816587781,0.49056603773584906,0.43333333333333335,0.46017699115044247,0.9020866773675762,53,623,60
T18,29,0.8962105697694485,0.5966708654973594,0.5736677115987464,0.5781990521327016,0.9667765970440944,0.9673673918357368,0.5759244689221088,0.7724878245883979,0.5430018017664787,0.9388888888888888,0.10162462840358294,0.3433726449899275,0.5135135135135135,0.5,0.5066666666666667,0.9372881355932203,37,590,38
T18,30,0.8262965872750645,0.5164402528865879,0.5081001472754051,0.45275590551181116,0.9585505088111193,0.9487777914261145,0.4788341429562805,0.7056532071614652,0.43349374476522007,0.9148526077097505,0.11000620719215032,0.35998318423638404,0.46511627906976744,0.39215686274509803,0.425531914893617,0.9107438016528926,43,605,51
T18,31,0.8583688062961125,0.5768111320544577,0.525821596244131,0.5358851674641147,0.963017209813255,0.9644297763109644,0.5308056872037913,0.7494511886386849,0.49455795942561764,0.9326530612244899,0.11143149798567616,0.36242153929186477,0.5227272727272727,0.5111111111111111,0.5168539325842697,0.9301948051948052,44,616,45
T18,32,0.8432677961955528,0.5789101011035271,0.4910394265232969,0.6116071428571425,0.9477172312223857,0.9673055242390078,0.5447316103379717,0.7796621870397642,0.5063235158449957,0.9221088435374148,0.10924063220590985,0.3652032725858064,0.48148148148148145,0.5777777777777777,0.5252525252525253,0.9240710823909531,54,619,45
T18,33,0.8597548287616146,0.5747139223615244,0.45910001821825447,0.5034965034965034,0.9476689873975498,0.9558230075909759,0.48027444253859336,0.7255827454470266,0.4326649403666396,0.9116618075801751,0.11685604345100073,0.37533299966376094,0.44642857142857145,0.5,0.4716981132075472,0.9090909090909091,56,616,50
T18,34,0.7625549088481649,0.502433259256482,0.43065299514301136,0.5245398773006135,0.9446446061284453,0.9613748420284436,0.4729823174948138,0.7345922417145294,0.42887454840908923,0.9135892452218983,0.11363667393905771,0.3744474021491976,0.38461538461538464,0.47619047619047616,0.425531914893617,0.9107438016528926,52,605,42
T18,35,0.8375271961762922,0.4912056829384413,0.5123888783809344,0.545839210155148,0.9545942899413493,0.9600729810638936,0.5285853658536585,0.7502167500482487,0.4862465855757492,0.9217363135730484,0.10907593438189689,0.36691633739134455,0.46,0.5,0.4791666666666667,0.9172185430463576,50,604,46
T18,36,0.7424265246630809,0.36439338884868183,0.31391200951248494,0.37660485021397994,0.9289321344993223,0.9452312319839576,0.3424124513618676,0.6527684923566512,0.2813855799710687,0.8850340136054422,0.14090290748769785,0.44405435997057385,0.2777777777777778,0.3191489361702128,0.297029702970297,0.8885400313971743,54,637,47
T18,37,0.8449342005228372,0.4736831887685187,0.4364988558352407,0.515772870662461,0.9484311193326583,0.961961908807703,0.4728361908696555,0.7321019949975595,0.4300779892109794,0.9173307418205378,0.11764990416550765,0.39004967920432887,0.40425531914893614,0.4634146341463415,0.4318181818181818,0.9161073825503355,47,596,41
T18,38,0.8257167243536285,0.5126658877414044,0.44379668427764674,0.5412130637636086,0.9466622407798877,0.9632895415192617,0.48768768768768817,0.7439376522717479,0.4456538077769876,0.9171039844509232,0.11033208997639739,0.36518420606279545,0.4444444444444444,0.5333333333333333,0.48484848484848486,0.9169381107491856,54,614,45
T18,39,0.850349846929653,0.35631493008604526,0.3730964467005078,0.5294117647058824,0.9356491532783325,0.9648934264732222,0.43771712158808945,0.7325304589921074,0.39646674600468523,0.9082442500809849,0.11983438848912593,0.38354645819247407,0.3793103448275862,0.5238095238095238,0.44,0.9081967213114754,58,610,42
T18,40,0.8890170966406705,0.6663692168304535,0.6458112407211027,0.6041666666666669,0.9572452636968766,0.949346197791037,0.6242952332137367,0.7807059651817716,0.5780384817858782,0.9168934240362809,0.11150561257200532,0.3689499053284846,0.6140350877192983,0.5555555555555556,0.5833333333333334,0.9170812603648425,57,603,63
T18,41,0.831750714035407,0.4672706957230775,0.4301531647905518,0.5235849056603773,0.9460969138388492,0.96234086752721,0.47229257420727383,0.7348409097496132,0.42935685768553294,0.9156300615484289,0.1275786008526127,0.40536916368896775,0.4,0.45454545454545453,0.425531914893617,0.9113300492610837,50,609,44
T18,42,0.8766299169045261,0.717614553986137,0.5883947939262475,0.6567796610169494,0.9599006762468302,0.9697374039282665,0.62070938215103,0.8083401686318896,0.5866763605350869,0.9355685131195335,0.10605131248816184,0.34594591060907365,0.5370370370370371,0.6170212765957447,0.5742574257425742,0.9296235679214403,54,611,47
T18,43,0.8078624283020612,0.5257606583632929,0.38464536243180025,0.4110787172011659,0.9445361621412763,0.9500423968343696,0.3974229917455202,0.6778074396712213,0.344992676920585,0.9030450275348235,0.11727257052961498,0.38122030431161924,0.37254901960784315,0.3958333333333333,0.3838383838383838,0.9019292604501608,51,622,48
T18,44,0.8317333237031812,0.4571875112228369,0.40785498489425986,0.5648535564853557,0.9530088707743947,0.9745035547928416,0.4736842105263159,0.7589312136298751,0.444982158570268,0.9319727891156463,0.11169181883303222,0.36553402158815856,0.35714285714285715,0.5,0.4166666666666667,0.9328,42,625,30
T18,45,0.9036139023634244,0.6610864002292314,0.540983606557377,0.6181556195965419,0.9552055131676103,0.9669864208296997,0.5770006724949563,0.7866805663820761,0.539676079063072,0.928684807256236,0.10078218608452794,0.3358984566542153,0.5471698113207547,0.6041666666666666,0.5742574257425742,0.9264957264957265,53,585,48
T18,46,0.7584299276562367,0.32579646198026996,0.35988700564971754,0.43680000000000024,0.9407478427612656,0.956335282651072,0.3946308724832216,0.6887739213806328,0.3455271954289464,0.9050372529964367,0.12500068524253596,0.4082486301540036,0.37037037037037035,0.4166666666666667,0.39215686274509803,0.9008,54,625,48
T18,47,0.8168942333488016,0.5937076933402908,0.5030864197530862,0.5083160083160083,0.9385339781114788,0.939729867482161,0.5056876938986555,0.7234249932137435,0.4448285646638948,0.8916099773242633,0.12702290411390402,0.40730383039000234,0.5,0.4852941176470588,0.4925373134328358,0.8881578947368421,66,608,68
T18,48,0.902256990109033,0.5953246557576869,0.4684419851288263,0.6604095563139933,0.946667129324404,0.9751058848758869,0.5481031866464343,0.8035383428191987,0.5189099833732561,0.927648202137998,0.09666976930050687,0.3259680076974476,0.43636363636363634,0.631578947368421,0.5161290322580645,0.9243697478991597,55,595,38
T18,49,0.8862621679034726,0.7255086697642263,0.594146341463415,0.6576673866090718,0.9473017481631618,0.9593329057087876,0.624295233213737,0.8024845673861165,0.5786517616633987,0.916893424036281,0.11704244893990645,0.37484010073312457,0.5671641791044776,0.6229508196721312,0.59375,0.9126050420168067,67,595,61
T18,50,0.8481774764307449,0.4853696500350258,0.5174216027874564,0.5247349823321555,0.966440513690332,0.9673781227261704,0.5210526315789473,0.7455877480112437,0.4879771978799039,0.9380952380952379,0.10777484099275803,0.3600509490512715,0.5,0.4594594594594595,0.4788732394366197,0.9371816638370118,34,589,37
T18,51,0.8776305173573392,0.6262549368119493,0.5188387893761578,0.5741626794258368,0.9442456341253934,0.954907353792704,0.5451005840363395,0.7592041567756154,0.49557435277823775,0.9091674765144154,0.11644321324665126,0.3720692792483466,0.42592592592592593,0.4791666666666667,0.45098039215686275,0.9068219633943427,54,601,48
T18,52,0.8251303210246208,0.38787558749220574,0.39008115419296685,0.45374449339207046,0.9406385480841802,0.9536613577720437,0.4195112490302561,0.6971915207381254,0.36819317939560925,0.9030450275348234,0.1239510815259567,0.3998959804723128,0.3888888888888889,0.44680851063829785,0.4158415841584158,0.9005059021922428,54,593,47
T18,53,0.8884180174549232,0.4514287444145523,0.3422982885085575,0.3973509933774834,0.9438725831130893,0.9551661036036034,0.36777583187390545,0.6706117882452864,0.3185935714277764,0.9064463880790412,0.10973784965709954,0.3635197403444887,0.34782608695652173,0.4,0.37209302325581395,0.9101497504159733,46,601,40
T18,54,0.8211919065664557,0.5010598269599331,0.4430036771821168,0.5215311004784686,0.9498177887046433,0.9628798189949268,0.47907074089577195,0.7356744445915562,0.43739311272676434,0.9193715581470684,0.11339982983802034,0.37777052250297305,0.41304347826086957,0.4634146341463415,0.4367816091954023,0.9180602006688964,46,598,41
T18,55,0.8301861148251054,0.6459115494992494,0.6540029349421168,0.6108742004264397,0.9615398557291479,0.9540525473411622,0.6317032837231282,0.7862070280777935,0.5899656811895202,0.9242468415937805,0.11276855562840253,0.3749293071407869,0.6428571428571429,0.5714285714285714,0.6050420168067226,0.9185441941074524,56,577,63
T18,56,0.8971535987151134,0.6435602221142549,0.5839416058394161,0.7007299270072992,0.9579594345421021,0.9743685921480371,0.6370272063702721,0.8293446807747007,0.60642640761998,0.9379818594104309,0.10648597667692522,0.35573516786397646,0.5416666666666666,0.6341463414634146,0.5842696629213483,0.9371816638370118,48,589,41
T18,57,0.7716832965464181,0.42319856810497475,0.36015325670498066,0.47554806070826283,0.9391029536890726,0.9613039691427149,0.4098837209302323,0.7073255071986678,0.365092542765666,0.907936507936508,0.12864253496426592,0.4113591173759163,0.36538461538461536,0.4523809523809524,0.40425531914893614,0.9042735042735043,52,585,42
T18,58,0.8575170204149063,0.5483508006954214,0.49163879598662247,0.5533249686323716,0.9431634052100213,0.9550675249274265,0.5206611570247938,0.7482441869211964,0.47094001195028434,0.907936507936508,0.11070479173755038,0.3738460505440486,0.46551724137931033,0.5192307692307693,0.4909090909090909,0.9027777777777778,58,576,52
T18,59,0.7968475801291248,0.4551468235205974,0.4944134078212291,0.4332925336597308,0.9547669623891039,0.9428677196446198,0.4618395303326811,0.6940297480244173,0.41193578863223723,0.9064625850340137,0.11970903532275118,0.3971952210364915,0.4782608695652174,0.4,0.43564356435643564,0.9043624161073825,46,596,55
T18,60,0.9006830126696851,0.5913389740567797,0.46755725190839753,0.5714285714285721,0.940842830638749,0.9602358796797231,0.5143007084754663,0.7561357010336602,0.46813052380016335,0.9100583090379009,0.1137500548927638,0.3712432049277564,0.39285714285714285,0.4888888888888889,0.43564356435643564,0.9038785834738617,56,593,45
T18,61,0.814259777092531,0.5117187920933236,0.5173745173745176,0.5809248554913296,0.9538631889763779,0.9639438020639065,0.5473110959836626,0.7673940222338537,0.5073492710342249,0.9246031746031744,0.1182712214320268,0.3855737666072241,0.5,0.5208333333333334,0.5102040816326531,0.9215686274509803,50,612,48
T18,62,0.8736627627145838,0.6144085526232623,0.5677966101694917,0.582608695652174,0.9623616236162361,0.9644970414201184,0.5751072961373392,0.772485159634205,0.5385946910723665,0.9326530612244899,0.09917670660785832,0.33218237371931936,0.46153846153846156,0.46153846153846156,0.46153846153846156,0.9290540540540541,39,592,39
T18,63,0.78943164678995,0.48503784349857143,0.4169513236549956,0.578838174273859,0.9532090600692184,0.9750946438586651,0.484735666418466,0.7660236171715387,0.4567132281322697,0.9327502429543247,0.12045051033057648,0.3834182178741428,0.41304347826086957,0.5588235294117647,0.475,0.930116472545757,46,601,34
T18,64,0.9175245779963495,0.6595197040386311,0.615770282588879,0.7026699029126214,0.9548166940613164,0.9689075020849198,0.6563562753036439,0.8287432984869688,0.6200143602945315,0.9312601230968579,0.1053068498193222,0.34972348529636244,0.5901639344262295,0.6666666666666666,0.6260869565217392,0.9296235679214403,61,611,54
T18,65,0.8707590228209512,0.5806470473184132,0.5064935064935068,0.612857142857143,0.9485221674876848,0.9660102847108994,0.554621848739496,0.780689655172414,0.5150280113174871,0.9218820861678005,0.117718630913553,0.385857101428728,0.4727272727272727,0.5652173913043478,0.5148514851485149,0.9149305555555556,55,576,46
T18,66,0.8033063900065538,0.3814012979739684,0.36111111111111127,0.3532608695652174,0.9582728592162554,0.9568840579710144,0.3571428571428572,0.6557668643907364,0.3147478685529898,0.9204081632653062,0.10818359293618106,0.36287174313571785,0.3611111111111111,0.3333333333333333,0.3466666666666667,0.9183333333333333,36,600,39
T18,67,0.7481904882708762,0.4184053115939905,0.340680655968965,0.40469208211143703,0.9343643576870415,0.9493124542973835,0.36993776926759225,0.6695282198992392,0.31356663013304725,0.8934078393262068,0.12736482882506692,0.4118031535980705,0.2826086956521739,0.3023255813953488,0.29213483146067415,0.8928571428571429,46,588,43
T18,68,0.8101234900755865,0.4920968888252476,0.5069356872635559,0.5410497981157466,0.9515909372291692,0.9575183754827458,0.5234374999999998,0.7463203676724581,0.47833982795212837,0.9170068027210885,0.11674599339098861,0.3882008588021586,0.5185185185185185,0.5185185185185185,0.5185185185185185,0.914332784184514,54,607,54
T18,69,0.8429164919921857,0.5922637160740691,0.5997844440452673,0.5859950859950867,0.9602441026373076,0.9580047353710857,0.5928095872170445,0.7731195943161968,0.5519839751227535,0.9257045675413023,0.10452003901726625,0.3486527168484595,0.5471698113207547,0.5272727272727272,0.5370370370370371,0.9156829679595279,53,593,55
T18,70,0.8396269503901621,0.6103417870634469,0.6475958612294583,0.5853658536585367,0.9691402988256613,0.960201369453099,0.6149104218840301,0.7772530762420989,0.580540527333221,0.9352445740200842,0.09798107952085991,0.33436813256948356,0.6086956521739131,0.5384615384615384,0.5714285714285714,0.9286926994906621,46,589,52
T18,71,0.7707127844832761,0.40353254846805847,0.3686548223350251,0.4256410256410253,0.9482175383814727,0.9587455272574195,0.395103706222373,0.6869292820112491,0.34985914960037245,0.9135568513119532,0.11287007364626485,0.37504129017713184,0.3469387755102041,0.40476190476190477,0.37362637362637363,0.9082125603864735,49,621,42
T18,72,0.8424419236894163,0.612087751060513,0.5101049358725218,0.5319148936170207,0.9556201038640965,0.9591829522564228,0.5207816684852689,0.7437674987405589,0.4783244394308794,0.9217525105280207,0.10594324125949305,0.35460692922438714,0.4146341463414634,0.40476190476190477,0.40963855421686746,0.9180602006688964,41,598,42
T18,73,0.853343266671275,0.5324215946692672,0.4491817398794142,0.5511713933415536,0.9315591388259636,0.9534815788512797,0.4949774578818318,0.7413652660837586,0.4408830662831205,0.8965824425008099,0.1259084407658495,0.40269021698066715,0.44776119402985076,0.5454545454545454,0.4918032786885246,0.8980263157894737,67,608,55
T18,74,0.833211657484329,0.6440686697984704,0.5394574599260172,0.6198347107438019,0.9610294756977656,0.9716918099658897,0.576859685748819,0.7904320932207836,0.5448929296714747,0.9376255264010366,0.11000865594667955,0.36224143181290874,0.35135135135135137,0.43333333333333335,0.3880597014925373,0.9296740994854202,37,583,30
T18,75,0.8396849325310376,0.6098818274523008,0.4748427672955975,0.5273573923166472,0.9370682075116189,0.9483854563946096,0.4997242140099282,0.732212799914133,0.4433486457085179,0.8971655328798187,0.1209152957271898,0.39053721607059977,0.423728813559322,0.45454545454545453,0.43859649122807015,0.8950819672131147,59,610,55
T18,76,0.7856002996749702,0.4206403630940737,0.3811713455953536,0.4639175257731963,0.9561744793898364,0.9684071656714346,0.41849342367477116,0.7100460025815161,0.38321682864922924,0.9291059280855198,0.10274451041549361,0.34830809584385125,0.375,0.4411764705882353,0.40540540540540543,0.9279869067103109,40,611,34
T18,77,0.8340568414097829,0.5398992719563208,0.49711815561959677,0.5073529411764708,0.9571253071253072,0.9587743047009598,0.5021834061135373,0.7322391241508889,0.4601653304885968,0.9224489795918368,0.11624172556010923,0.38265410481948076,0.48936170212765956,0.5,0.4946236559139785,0.9206081081081081,47,592,46
T18,78,0.7553956696137212,0.35889093107859277,0.3670212765957448,0.38475836431226773,0.9568944699347981,0.959907945736434,0.3756805807622505,0.670826417123533,0.3342099570748576,0.9219954648526076,0.12242590684262275,0.3996955660956783,0.3333333333333333,0.3055555555555556,0.3188405797101449,0.9216666666666666,33,600,36
T18,79,0.8739944069299499,0.6017184372764594,0.4512805416544006,0.6488888888888884,0.9346136981496095,0.9698067193244275,0.5323378765517837,0.7917512935192492,0.49568690334736704,0.9127470035633299,0.11491928787392955,0.3745375867857107,0.4090909090909091,0.6,0.4864864864864865,0.9074675324675324,66,616,45
T18,80,0.8329515214820749,0.4499903807816364,0.3980070339976555,0.5087412587412586,0.9466364140224468,0.9652608526721062,0.4466125849594388,0.7276888363818528,0.40672359757145377,0.9182377712989959,0.1136913126355081,0.36775461593888,0.3617021276595745,0.4358974358974359,0.3953488372093023,0.9151712887438825,47,613,39
T18,81,0.8328032218646018,0.4937373086748708,0.4313886606409205,0.5274261603375527,0.939044800310061,0.9577396460335997,0.47459772193093486,0.7332354803238068,0.4260481839295207,0.9058632977000323,0.1165647296209206,0.38464758547909006,0.4107142857142857,0.48936170212765956,0.44660194174757284,0.9098101265822784,56,632,47
T18,82,0.7608485158449932,0.34355913168826946,0.3115930213598567,0.3985401459854016,0.9258582843094213,0.948136026039887,0.34974377745241597,0.6621992151474114,0.29026831600856234,0.8849044379656624,0.13535653825444288,0.42277410136375476,0.32786885245901637,0.38461538461538464,0.35398230088495575,0.884493670886076,61,632,52
T18,83,0.7845478392800816,0.43995205548918453,0.43949044585987274,0.44878048780487795,0.9570993296770262,0.9586181640625,0.4440868865647627,0.702939908740952,0.40197543448980433,0.9216553287981859,0.11151344391264376,0.3718234373374185,0.4,0.38095238095238093,0.3902439024390244,0.9183006535947712,40,612,42
T18,84,0.7522953376381759,0.5453903927050842,0.465095676824947,0.4501800720288117,0.9460015382138833,0.9428479749001711,0.45751633986928125,0.6980908051213475,0.4020196174675336,0.8991739552964042,0.12693846428099834,0.41150418865503785,0.38461538461538464,0.37037037037037035,0.37735849056603776,0.8949044585987261,52,628,54
T18,85,0.8507644084292192,0.6467851517505581,0.5774783445620794,0.6198347107438019,0.944090677534386,0.9527053078010538,0.5979073243647238,0.7819626941390938,0.5467943141782184,0.908503401360544,0.1246888901990421,0.40088539583680677,0.5087719298245614,0.5178571428571429,0.5132743362831859,0.9078726968174204,57,597,56
T18,86,0.8695457769213568,0.6150840648853514,0.5123617436564739,0.6550218340611356,0.9473397621682389,0.970157576629731,0.5749749018892035,0.8011807981146872,0.5391206803482055,0.9245707806932296,0.11026075591066374,0.36353717980521494,0.4827586206896552,0.6222222222222222,0.5436893203883495,0.9207419898819561,58,593,45
T18,87,0.8493028907426716,0.46531334707292615,0.4115485564304461,0.5599999999999999,0.9415537017726797,0.9670147255689424,0.47443267776096815,0.7507768508863399,0.4357405368358662,0.9155976676384838,0.12227435053488878,0.40234975841137816,0.34,0.4722222222222222,0.3953488372093023,0.9136212624584718,50,602,36
T18,88,0.8006983723403609,0.4618424739703567,0.4461506100126207,0.46759259259259234,0.9539717502272567,0.9576211701119572,0.4566200215285251,0.7107821714099246,0.41257215749177556,0.9182377712989958,0.11821151494863681,0.3834755635344123,0.4186046511627907,0.4186046511627907,0.4186046511627907,0.9188311688311688,43,616,43
T18,89,0.8019448449217758,0.4935040551045004,0.47096774193548413,0.532199270959903,0.938476928848318,0.9512040557667933,0.49971477467199116,0.7353380999041104,0.4457647556825382,0.9005668934240362,0.12077345369238417,0.4017854022178394,0.4576271186440678,0.47368421052631576,0.46551724137931033,0.8985270049099836,59,611,57
T18,90,0.8899553939330519,0.6476431782615514,0.5948171956609084,0.6313432835820899,0.9646450482033304,0.9695394806384553,0.6125362019031863,0.79799416589271,0.579956889811323,0.9393262066731455,0.10024052024417868,0.33794742647624404,0.5652173913043478,0.5777777777777777,0.5714285714285714,0.934453781512605,46,595,45
T18,91,0.7351117422914173,0.4213341662206725,0.44306049822064036,0.3705357142857139,0.9615856651939125,0.9487769435698715,0.4035656401944892,0.6660606897398134,0.36074588244251965,0.9165532879818595,0.11511689679511494,0.37889523357946153,0.4473684210526316,0.3541666666666667,0.3953488372093023,0.9158576051779935,38,618,48
T18,92,0.886310795731948,0.6576577625033831,0.5446202952520282,0.6324324324324321,0.9380439699629058,0.956105567953376,0.585250821780763,0.7852382011976692,0.534464488088516,0.9059928733398122,0.12127898236634962,0.38657283837147377,0.4852941176470588,0.5892857142857143,0.532258064516129,0.9033333333333333,68,600,56
T18,93,0.8435679121272573,0.5025342496186541,0.5113955666562601,0.5571428571428576,0.9439670605084141,0.9529403260201686,0.5332899234901517,0.7505549588256355,0.48237259555411616,0.9071266601878847,0.12072775452302839,0.39414662576627996,0.4915254237288136,0.5087719298245614,0.5,0.8989547038327527,59,574,57
T18,94,0.818486762163404,0.31111815739186155,0.34562996594778667,0.4539130434782609,0.940067573421121,0.9610656463669536,0.39243905058532924,0.6969903084496909,0.34760915773335926,0.9083738257207646,0.11891900198190918,0.38660561351698447,0.3829787234042553,0.42857142857142855,0.4044943820224719,0.9101694915254237,47,590,42
T18,95,0.8963676839404717,0.6666059381031672,0.6223888591322972,0.6272040302266996,0.9623544907621658,0.9630916118919111,0.624787167308898,0.794779260494433,0.5875159577108494,0.9321833495302883,0.0925761519698053,0.3169758404252444,0.6078431372549019,0.5849056603773585,0.5961538461538461,0.9319286871961102,51,617,53
T18,96,0.8395341684221178,0.4547154388061664,0.4324324324324325,0.5114155251141553,0.945975744211687,0.9600895188362553,0.46861924686192474,0.7286956346629211,0.423717020579822,0.9136054421768708,0.1146334588158225,0.3777329261893656,0.4166666666666667,0.46511627906976744,0.43956043956043955,0.9159802306425041,48,607,43
T18,97,0.7954381608095382,0.48343229646013325,0.5060650169820479,0.5525339925834365,0.9455391693564205,0.9543891858811671,0.5282795880465982,0.7490365809699284,0.4788944359131531,0.9094914156138645,0.12514026985737411,0.4059122951451098,0.5,0.5166666666666667,0.5081967213114754,0.9050632911392406,62,632,60
T18,98,0.8111536478721084,0.5521634778398339,0.41558210019611325,0.6271186440677966,0.9435051617462038,0.9753077621991412,0.4998927728929872,0.7853119029070004,0.4722828188004416,0.9244574020084225,0.12050723398339061,0.3826187599534091,0.40350877192982454,0.6052631578947368,0.4842105263157895,0.9209677419354839,57,620,38
T18,99,0.8715481084917006,0.5234046333436962,0.4917818181818183,0.6422872340425531,0.9381330122529921,0.9656793948783375,0.5570475327456957,0.7902101231477726,0.5152860855437832,0.9129089731130547,0.11844139459833095,0.38569122592432076,0.4838709677419355,0.6,0.5357142857142857,0.9141914191419142,62,606,50
T18,100,0.8590763555303187,0.5824418494947556,0.5058249370277085,0.6313617606602481,0.9445905632733754,0.9661298476204231,0.5616641901931655,0.7879761619668115,0.5213669101599024,0.9187722708130871,0.12139656834798529,0.3918610776189396,0.45161290322580644,0.5833333333333334,0.509090909090909,0.9117647058823529,62,612,48
T18,101,0.8679722289992433,0.6079538707483284,0.4396299902629017,0.5657894736842106,0.939369995785925,0.9625931123825973,0.49479452054794526,0.7525797347350678,0.45076247530271557,0.9103984450923226,0.12873337975769436,0.4074023336773481,0.40350877192982454,0.5227272727272727,0.45544554455445546,0.9095394736842105,57,608,44
T18,102,0.785827400002236,0.44912300582984555,0.3340563991323214,0.4773960216998195,0.936338972506869,0.9640086820381439,0.3930660427523135,0.7068674971033442,0.3511694101587983,0.9075639779721411,0.13091934727412008,0.408018965591978,0.32142857142857145,0.46153846153846156,0.37894736842105264,0.9034369885433715,56,611,39
T18,103,0.8774933112509116,0.5579673048001302,0.39813624678663184,0.5190615835777123,0.9342414773724675,0.9586425534980906,0.45062738679759906,0.72665153047509,0.4021553459189592,0.9021379980563652,0.12282202722899553,0.39323175017675804,0.32142857142857145,0.42857142857142855,0.3673469387755102,0.8996763754045307,56,618,42
T18,104,0.7021852009971986,0.35180935780413775,0.34399795239314024,0.32214765100671117,0.9554787381878821,0.9511005827122923,0.33271444485703655,0.6388131945972967,0.2862291752388909,0.9126822157434402,0.1152689311689985,0.3755007453601885,0.2777777777777778,0.24390243902439024,0.2597402597402597,0.9082125603864735,36,621,41
T18,105,0.8899200752024063,0.5402431081616555,0.42298008697642475,0.4512820512820513,0.9562668054471329,0.9608338707709467,0.4366729678638941,0.7037744283645921,0.395503400335122,0.922772918691286,0.1008255733645643,0.33547739509008806,0.4090909090909091,0.45,0.42857142857142855,0.9207920792079208,44,606,40
T18,106,0.7972302651125543,0.47410957372492524,0.43816388467374834,0.5271565495207671,0.948359426758255,0.9633066515548627,0.47855811062771936,0.7377579881395109,0.43692751570713745,0.9184645286686103,0.11440048385578275,0.37780276606791485,0.3877551020408163,0.4634146341463415,0.4222222222222222,0.9151712887438825,49,613,41
T18,107,0.7705232105178608,0.4235601111689399,0.4574898785425097,0.47478991596638626,0.9504071058475203,0.953583364277757,0.46597938144329865,0.7125985109069535,0.4180754938938228,0.9119047619047618,0.11863996994132377,0.39330233500534545,0.425531914893617,0.4166666666666667,0.42105263157894735,0.9080267558528428,47,598,48
T18,108,0.7862057933791724,0.5120948873745232,0.5730824891461649,0.4366041896361628,0.962719575382282,0.9371386394390449,0.49561952440550666,0.6996618825092227,0.4513794657033088,0.9086167800453515,0.11701418271510476,0.3856904441028011,0.56,0.417910447761194,0.47863247863247865,0.9022435897435898,50,624,67
T18,109,0.7989930563261497,0.4337899470810738,0.38650306748466245,0.4527439024390244,0.9422551970322668,0.9554124305814301,0.41700932704844046,0.6974995497356455,0.36750008684541097,0.9058471007450601,0.12626090425433514,0.4083725043188557,0.37037037037037035,0.4444444444444444,0.40404040404040403,0.9026402640264026,54,606,45
T18,110,0.8150780014335518,0.4787079110831878,0.37340248194110043,0.5043782837127847,0.941412811942573,0.9648391047372251,0.42911877394636033,0.7228955478276788,0.3883105555113555,0.9131195335276968,0.1248963919443113,0.40258275743324434,0.2857142857142857,0.4,0.3333333333333333,0.9084967320261438,49,612,35
T18,111,0.8491453585584261,0.634794566969225,0.5460992907801424,0.5714285714285718,0.9595000791014079,0.9633100381194408,0.5584768812330014,0.7654643252649898,0.5200576963761213,0.9290087463556851,0.10938387375114828,0.35714837929175186,0.4772727272727273,0.4883720930232558,0.4827586206896552,0.9267100977198697,44,614,43
T18,112,0.8937174666921943,0.7220119154253565,0.5732087227414326,0.639629200463499,0.9483473670981528,0.9604174621356752,0.60460021905805,0.7939882837808261,0.5601425644825261,0.9181405895691611,0.10826690355653434,0.35865997499677377,0.4807692307692308,0.5319148936170213,0.5050505050505051,0.915807560137457,52,582,47
T18,113,0.8295822408718259,0.5574269872035308,0.5251050210042009,0.5266853932584269,0.9581718232433575,0.958425124689378,0.5258940198337173,0.7424286082508922,0.4841932264454889,0.9233398121153223,0.10839599621566903,0.35866973410450836,0.45454545454545453,0.4444444444444444,0.449438202247191,0.9177852348993288,44,596,45
T18,114,0.8264811715919174,0.4854304151287979,0.502127659574468,0.516788321167883,0.9568531038721575,0.9592113370301909,0.5093525179856114,0.7368207125200203,0.46744974037683756,0.9226757369614512,0.11060819406735406,0.3696030262742532,0.4883720930232558,0.45652173913043476,0.47191011235955055,0.9225700164744646,43,607,46
T18,115,0.9046653082693968,0.67312552651453,0.551401869158879,0.7293956043956049,0.9466139396935243,0.9749268168512154,0.6280307510348911,0.8380047720445643,0.5964924266666874,0.9286848072562357,0.10655616222572616,0.35250909615533227,0.5,0.6666666666666666,0.5714285714285714,0.9267100977198697,60,614,45
T18,116,0.863204627460807,0.543788523410218,0.4290617848970254,0.5971337579617835,0.9390869140624999,0.9681600805436698,0.49933422103861536,0.7681103360121417,0.46151768723348985,0.9147392290249432,0.11762935798471816,0.3792115127673783,0.38461538461538464,0.5263157894736842,0.4444444444444444,0.9183006535947712,52,612,38
T18,117,0.7429600624568009,0.3599571827498248,0.3543591803937325,0.39436619718309857,0.9438769273752772,0.9522744089355554,0.37329383134059885,0.6691215622791878,0.3220507775946027,0.9040654356980887,0.12517787635236985,0.4039078013383982,0.2978723404255319,0.32558139534883723,0.3111111111111111,0.8986928104575164,47,612,43
T18,118,0.8773680213208537,0.6726227720229092,0.5085470085470085,0.6486486486486486,0.9518635436105829,0.9724360344950466,0.5701167781215689,0.8002560961296158,0.5374348161560637,0.9302397149335924,0.11283595230044093,0.362068935530471,0.43137254901960786,0.5641025641025641,0.4888888888888889,0.9239669421487603,51,605,39
T18,119,0.8695454379931512,0.5896193098033409,0.5231707317073173,0.6085106382978728,0.9518176216882315,0.9654999999999998,0.5626229508196725,0.780164129993052,0.5232743265283493,0.9243764172335599,0.10858482617681668,0.3554842241050217,0.46,0.5227272727272727,0.48936170212765956,0.9190556492411467,50,593,44
T18,120,0.8302395609074164,0.4941881709616849,0.3870762711864408,0.44922547332185897,0.9498378790768643,0.9607155384075762,0.41584158415841593,0.6995316761993616,0.37254659503665727,0.9168610301263364,0.11895244736439134,0.3800171199881527,0.2926829268292683,0.3333333333333333,0.3116883116883117,0.9129720853858785,41,609,36
T18,121,0.8174214680949459,0.5224309921979124,0.4817684594348223,0.5236994219653182,0.9387447247912363,0.9477138402407628,0.5018596185803594,0.731222073378277,0.44565858638706685,0.8980401684483318,0.12655282692624226,0.40852237983615314,0.423728813559322,0.44642857142857145,0.43478260869565216,0.8905723905723906,59,594,56
T18,122,0.8404226951619895,0.5269681666936288,0.3738120380147839,0.5691318327974277,0.9276652842156624,0.9659596087895338,0.45124282982791614,0.7483985585065451,0.4108498199770498,0.9023809523809526,0.12955479087715763,0.41605560094649197,0.3442622950819672,0.525,0.4158415841584158,0.9006734006734006,61,594,40
T18,123,0.8298260626544918,0.43852279200276106,0.4068333920394504,0.4526748971193413,0.9405335734590463,0.9501801576825658,0.42853167609683684,0.6966042352891939,0.3746741942834543,0.9002105604146421,0.12247618527375732,0.40111710901436265,0.3617021276595745,0.3695652173913043,0.3655913978494624,0.9028006589785832,47,607,46
T18,124,0.8600310980172094,0.598120410758292,0.47988505747126436,0.5566666666666668,0.9314393939393939,0.9486882716049382,0.5154320987654321,0.7440530303030304,0.4573721016155335,0.8931972789115645,0.13635428426740745,0.429081738878318,0.4098360655737705,0.4807692307692308,0.4424778761061947,0.8930390492359932,61,589,52
T18,125,0.8218655053552303,0.5505367114569967,0.4498539435248293,0.5884101040118869,0.9405565589436952,0.9651120947137355,0.5098868757472635,0.764483331477791,0.46851168660659026,0.913686426951733,0.12787315429089569,0.40225428348063896,0.42857142857142855,0.574468085106383,0.4909090909090909,0.9095315024232633,63,619,47
T18,126,0.8215477721247701,0.4684163658359964,0.4903381642512081,0.5154028436018959,0.9433120790944259,0.9484422834503871,0.5025581779171483,0.7293574613481608,0.44863697924724616,0.9023647554259799,0.1315538550901528,0.4252634556915228,0.47368421052631576,0.4909090909090909,0.48214285714285715,0.9021922428330523,57,593,55
T18,127,0.8846296423466559,0.4499801898969966,0.40598290598290565,0.5666003976143139,0.9498617289888177,0.9731460950973144,0.47302904564315323,0.758231063301566,0.4424994578017142,0.9280045351473926,0.110048709186483,0.36028891263578156,0.40425531914893614,0.5428571428571428,0.4634146341463415,0.9290322580645162,47,620,35
T18,128,0.8553049097549815,0.5819231610906209,0.4509853461344111,0.4829545454545453,0.9625628833298876,0.9669274168426153,0.4664227854716486,0.7227587143922165,0.4314944027652318,0.9338516358924523,0.09262467478555278,0.32239507539233947,0.4146341463414634,0.4594594594594595,0.4358974358974359,0.9288025889967637,41,618,37
T18,129,0.7846043239372572,0.49626092043976694,0.449526813880126,0.4077253218884119,0.9570249969215612,0.9494258490105056,0.4276069017254312,0.6823751594049866,0.3814683617017874,0.9134920634920635,0.11089838060047014,0.36838915919536236,0.46511627906976744,0.39215686274509803,0.425531914893617,0.9098497495826378,43,599,51
T18,130,0.8881845196756089,0.7453989913227355,0.6392444583203253,0.6478405315614623,0.9582995001714214,0.9597715690172407,0.6435137895812058,0.8030700158664414,0.6025675014626144,0.9265144152899254,0.10538674807166461,0.3530162491040288,0.5789473684210527,0.6,0.5892857142857143,0.9229480737018425,57,597,55
T18,131,0.8053494591104657,0.48847525185440194,0.36996644295302017,0.4883720930232558,0.9483209468758602,0.9675630134100962,0.4210023866348449,0.718346519949558,0.383922862505875,0.9214123744735989,0.10876461342008932,0.36309457828790576,0.32558139534883723,0.42424242424242425,0.3684210526315789,0.9209225700164745,43,607,33
T18,132,0.8646287799791452,0.6080171215922494,0.4671532846715323,0.6399999999999996,0.9467153284671532,0.9729932483120779,0.5400843881856534,0.7933576642335767,0.5081739049510098,0.9258503401360544,0.11836688075260951,0.3845544446201608,0.4423076923076923,0.5897435897435898,0.5054945054945055,0.9270664505672609,52,617,39
T18,133,0.8736966870398188,0.6394851445252606,0.46735445836403877,0.6015936254980084,0.9360002833413021,0.9617869165681011,0.5260451227604517,0.7687969544196551,0.480316342835057,0.9074505992873341,0.12246351418459885,0.3929505366265773,0.3728813559322034,0.5,0.42718446601941745,0.9006734006734006,59,594,44
T18,134,0.753975258153213,0.27108258243157773,0.3089887640449438,0.3642384105960266,0.9558981713875939,0.9652425778421433,0.3343465045592705,0.6600682909918102,0.2962962781820136,0.9255102040816326,0.11422479590526446,0.3722959244991247,0.3142857142857143,0.3333333333333333,0.3235294117647059,0.9265175718849841,35,626,33
T18,135,0.8070291288813515,0.42438722118098066,0.43945550589191407,0.4813084112149533,0.9518044928903331,0.9589742687176599,0.4594307561597283,0.7165564520526432,0.4154095289749235,0.9175574991901524,0.11585998603728846,0.38022245738547705,0.4583333333333333,0.4782608695652174,0.46808510638297873,0.9177631578947368,48,608,46
T18,136,0.8376299294469239,0.6521871206549994,0.43556804496186335,0.564320388349515,0.9246408918745086,0.9536919306392465,0.4916547088588481,0.7444806401120116,0.43627176852266125,0.890978296080337,0.12829370506806684,0.40395428962518326,0.296875,0.4222222222222222,0.3486238532110092,0.8808724832214765,64,596,45
T18,137,0.8867610926434454,0.4376502213453296,0.43902439024390255,0.516891891891892,0.9524793388429752,0.9647913332512618,0.4747866563227309,0.7346856153674335,0.43536132479472367,0.9232426303854876,0.09539838548890918,0.3271247080651851,0.4772727272727273,0.4883720930232558,0.4827586206896552,0.9259868421052632,44,608,43
T18,138,0.9006004409623674,0.5947207498843318,0.48058847568451163,0.5393258426966292,0.9556980776939299,0.9646589030010908,0.5082658022690437,0.7475119601952795,0.4694764136147506,0.9262876579203108,0.10509890129758004,0.34482319520719856,0.4444444444444444,0.4878048780487805,0.46511627906976744,0.9244663382594417,45,609,41
T18,139,0.7792534843976913,0.28625791647995824,0.36625029460287556,0.42125237191650866,0.9536786618662899,0.9628676278762369,0.39183055975794273,0.6874655168913992,0.3512784122480919,0.9218658892128281,0.11821707608720086,0.3840625269406984,0.36585365853658536,0.39473684210526316,0.379746835443038,0.9177852348993288,41,596,38
T18,140,0.7965155687551503,0.5328947228362605,0.506024096385542,0.5547945205479452,0.9402783772119118,0.9503789737717432,0.5292882147024504,0.7475364488799285,0.47534491739079615,0.9019922254616132,0.12981327280098706,0.4185889660274759,0.4426229508196721,0.48214285714285715,0.46153846153846156,0.8955223880597015,61,603,56
T18,141,0.7913278450949612,0.3479849522986989,0.39614427860696527,0.49908592321755013,0.9496986755538671,0.9663012158268326,0.44169652143765165,0.7243922993857087,0.40331123936233365,0.9217525105280209,0.11354907450239947,0.3763410005912762,0.41304347826086957,0.475,0.4418604651162791,0.9210526315789473,46,608,40
T18,142,0.8525352923878321,0.5380288358974338,0.42064010450685807,0.5130111524163565,0.9541001138441368,0.9679073267188129,0.46225625074769683,0.7335556331302469,0.42602216210202687,0.9271946873987692,0.10573290158744315,0.3505082990232074,0.38095238095238093,0.45714285714285713,0.4155844155844156,0.925249169435216,42,602,35
T18,143,0.9295316651493986,0.7582593846092855,0.5999053030303031,0.7418032786885247,0.955224671470962,0.976120857699805,0.6633507853403143,0.8485139750797432,0.6336452746229122,0.9375121477162293,0.10651222760350293,0.349007229687543,0.5666666666666667,0.6938775510204082,0.6238532110091743,0.9323432343234324,60,606,49
T18,144,0.8405516641775873,0.5109659961997804,0.3855993397978132,0.4836956521739132,0.9485451655262978,0.9649341746787831,0.42911261623235003,0.7161204088501054,0.38924913992029964,0.9194525429219306,0.11229912254406221,0.3653585041663021,0.3191489361702128,0.4166666666666667,0.3614457831325301,0.9154704944178629,47,627,36
T18,145,0.8486859390278982,0.599964670477774,0.4345088161209064,0.5235204855842184,0.9449822325695383,0.9608771492648893,0.4748795595320025,0.7342513590768784,0.43039446964743033,0.9134920634920634,0.11740328978686215,0.3832608742962741,0.32558139534883723,0.3783783783783784,0.35,0.9106529209621993,43,582,37
T18,146,0.8582466941081196,0.5621845279942118,0.42162162162162187,0.5591397849462365,0.9481965625756476,0.9695544554455445,0.48073959938366734,0.7536681737609421,0.4454860740552894,0.9235827664399093,0.11551000462566573,0.373180268416346,0.375,0.5,0.42857142857142855,0.9191919191919192,48,594,36
T18,147,0.8746460381171061,0.6712554288196337,0.5829383886255923,0.5985401459854012,0.9559889972493122,0.9586258776328985,0.5906362545018006,0.7772645716173568,0.5480083654241577,0.9226757369614511,0.10104637880932443,0.33452680820163294,0.52,0.52,0.52,0.9223300970873787,50,618,50
T18,148,0.8764936490958861,0.6069427760912046,0.42520398912057983,0.5809248554913289,0.933141169853768,0.9631725989623018,0.49101378467981105,0.7570330126725487,0.44682346510994486,0.905506964690638,0.10635462706393613,0.3477568160411349,0.38095238095238093,0.5333333333333333,0.4444444444444444,0.8998330550918197,63,599,45
T18,149,0.8602398254596677,0.5798747528869097,0.5405869229449112,0.567465321563682,0.9523572229439925,0.9570582869815607,0.5537001230444715,0.7599112722538374,0.5086130152542636,0.9177518626498218,0.11017657927727209,0.36554445172127586,0.42,0.44680851063829785,0.4329896907216495,0.9108589951377634,50,617,47
T18,150,0.8421745627538126,0.5591806268455844,0.5075744680851066,0.48797250859106567,0.9479947509392581,0.9439899758346012,0.49758051059569536,0.7179836297651616,0.4436973215120975,0.902461937155815,0.12259731325760287,0.39907281599423544,0.48148148148148145,0.4482758620689655,0.4642857142857143,0.898989898989899,54,594,58
T18,151,0.79026039363757,0.43471054161624656,0.44177892600110685,0.4615384615384612,0.946510353120082,0.9504092611991974,0.4514425796718835,0.7040244073292719,0.4000399041472821,0.9057661159701975,0.1179012220972974,0.3865101745930853,0.4339622641509434,0.4423076923076923,0.4380952380952381,0.9016666666666666,53,600,52
T18,152,0.795125920232691,0.5180793375236508,0.483734087694484,0.5205479452054795,0.9552860467965208,0.9611734253666954,0.5014662756598243,0.7379169960010001,0.46011098445003706,0.9229024943310657,0.10968754147227028,0.361266552390007,0.46938775510204084,0.4791666666666667,0.4742268041237113,0.9187898089171974,49,628,48
T18,153,0.8555563984085469,0.7288551303583981,0.6458112407211025,0.631088082901554,0.9574793125397836,0.9548051288561634,0.6383647798742135,0.7942836977206691,0.5945613612584693,0.9217687074829932,0.11666817072717445,0.37828684736683066,0.5818181818181818,0.5423728813559322,0.5614035087719298,0.9166666666666666,55,600,59
T18,154,0.8130427743530982,0.3929877374630626,0.3793548387096773,0.48837209302325574,0.9503509496284062,0.9676300578034681,0.4270152505446622,0.719361521325831,0.39016697650162446,0.9233236151603497,0.11475582280718584,0.3731408039296178,0.3181818181818182,0.4117647058823529,0.358974358974359,0.9166666666666666,44,600,34
T18,155,0.8856279576174078,0.6439386655193738,0.5241264559068218,0.5223880597014925,0.965194109772423,0.9649592407835502,0.5232558139534883,0.7437910847369578,0.4883333544321477,0.9349206349206348,0.0997702502537566,0.3291427650506694,0.47368421052631576,0.46153846153846156,0.4675324675324675,0.9321192052980133,38,604,39
T18,156,0.7392539425049811,0.38505574836534767,0.377854671280277,0.3667711598746081,0.9529105702412961,0.950735998606393,0.37223042836041365,0.6598408650579521,0.32410559058633204,0.9105118237771299,0.11622648397291832,0.38520948205223987,0.3333333333333333,0.3023255813953488,0.3170731707317073,0.9060402684563759,39,596,43
T18,157,0.8463550710120935,0.6071017318452273,0.5438596491228067,0.6564705882352941,0.9412797992471769,0.9625352835514498,0.5948827292110872,0.7988751937412355,0.5501797590108137,0.9138321995464852,0.11846215476448471,0.3880457813659975,0.546875,0.6140350877192983,0.5785123966942148,0.9161184210526315,64,608,57
T18,158,0.8328289684149415,0.6165309434924203,0.4999167637755953,0.5302843016069221,0.9464308005064465,0.9522724418208242,0.5146529562982006,0.7383575510566842,0.4642902360813332,0.9082604470359573,0.11248098213070416,0.36669121084301126,0.4423076923076923,0.4423076923076923,0.4423076923076923,0.9076433121019108,52,628,52
T18,159,0.8835334697506514,0.5480470683091061,0.48714260025175365,0.6028037383177574,0.9501799252349511,0.9682265615265492,0.5388363998010943,0.7764918317763541,0.5018084369050517,0.924894719792679,0.10152653506648787,0.3395910436646097,0.4576271186440678,0.5869565217391305,0.5142857142857142,0.919175911251981,59,631,46
T18,160,0.8014375402044094,0.5538035809545463,0.5048797905260651,0.47867298578199047,0.963705526182624,0.9598533168807241,0.4914272474513438,0.7211892559823072,0.453418063728506,0.928895367670878,0.11041610725267928,0.36167406492440496,0.5,0.44680851063829785,0.47191011235955055,0.9244372990353698,42,622,47
T18,161,0.8081623970827908,0.41994434491874066,0.44801257579160114,0.4460093896713614,0.9570782475072903,0.9567441129750205,0.4470087385166927,0.7015438185893259,0.40392130088321826,0.9200518302559116,0.10845826652046277,0.360124911254409,0.4418604651162791,0.40425531914893614,0.4222222222222222,0.9169329073482428,43,626,47
T18,162,0.8902210368601104,0.6379408472673018,0.48772395487723946,0.7082630691399662,0.9463786487002726,0.9782632107983917,0.5776598880047155,0.8273208589201193,0.5523175161348768,0.930369290573372,0.11217224995697753,0.3717405693690422,0.49122807017543857,0.6666666666666666,0.5656565656565656,0.9313099041533547,57,626,42
T18,163,0.875783465960969,0.6692834879975753,0.6027118644067796,0.5879629629629627,0.9692678833647995,0.9673907354095787,0.5952460662872445,0.7786154231638813,0.5636299798532087,0.9412536443148688,0.08956482195624382,0.3090276501609562,0.5263157894736842,0.5128205128205128,0.5194805194805194,0.9384359400998337,38,601,39
T18,164,0.856122034097444,0.5257064126902641,0.40245304714449964,0.4746835443037974,0.9455998325075022,0.9588832666926151,0.4355942750466707,0.7101416884056498,0.38969686442671014,0.9118561710398445,0.11102191539522745,0.3577792684161742,0.2978723404255319,0.3783783783783784,0.3333333333333333,0.9069767441860465,47,602,37
T18,165,0.8593426296678333,0.548546734439301,0.4581024930747927,0.5384615384615389,0.9449195790659206,0.959473947537703,0.49504209541627736,0.7416905587637295,0.44927560195987476,0.9125688370586331,0.11296143576206849,0.36842346518853114,0.4727272727272727,0.5306122448979592,0.5,0.9100346020761245,55,578,49
T18,166,0.8586716389273084,0.5375571497831013,0.45457317073170783,0.5924895688456189,0.9369037332251748,0.9628307357738309,0.5144483740188047,0.764696651035397,0.4700753475371956,0.9088273404599935,0.11832593949522242,0.3806947188088276,0.3898305084745763,0.5111111111111111,0.4423076923076923,0.9026845637583892,59,596,45
T18,167,0.7947479332515093,0.41828748452173786,0.42701198630137005,0.44392523364486,0.953236907382175,0.9562101352772131,0.435304385773511,0.6985810705135174,0.3901298736255308,0.9161645610625203,0.11415020887392678,0.3798434471979514,0.4166666666666667,0.43478260869565216,0.425531914893617,0.9119086460032626,48,613,46
T18,168,0.7993185262625235,0.5366910235854877,0.41167600172339486,0.5300970873786406,0.9530231358045924,0.9703317103926581,0.4634412513641322,0.7415601115916166,0.4295994077454284,0.9283284742468415,0.1147065000459554,0.3731753923088152,0.40425531914893614,0.5135135135135135,0.4523809523809524,0.9258064516129032,47,620,37
T18,169,0.7857353126948053,0.4165513032487707,0.3987565115106706,0.5263975155279506,0.9374825272574787,0.9617308071483629,0.45377187111578565,0.7319400213927145,0.4089289336830509,0.9074667962423066,0.1191650805652255,0.3978005764181509,0.38461538461538464,0.47619047619047616,0.425531914893617,0.9055944055944056,52,572,42
T18,170,0.8555415972233638,0.628391890197525,0.4503784693019343,0.6313617606602474,0.9307867469241493,0.9656448009376257,0.5257301808066758,0.7810742537921984,0.4835978292812619,0.9061062520246196,0.125516490938085,0.4023260322603197,0.40625,0.5531914893617021,0.46846846846846846,0.9052969502407705,64,623,47
T18,171,0.8119061111797996,0.5567463026735828,0.44020213363279054,0.49339207048458134,0.9475014480543413,0.9571785733283685,0.4652818991097922,0.7204467592694614,0.4185720703673274,0.9124392614188531,0.11598756456376308,0.3770970971222354,0.3541666666666667,0.3953488372093023,0.37362637362637363,0.9070146818923328,48,613,43
T18,172,0.8796923887754506,0.704804550556945,0.6639344262295083,0.6386333771353482,0.9694751209827522,0.9659990108803166,0.6510381781647689,0.8040542490590502,0.6189247743912251,0.9409297052154194,0.100476806037329,0.332970007015461,0.6136363636363636,0.5625,0.5869565217391305,0.9376026272577996,44,609,48
T18,173,0.8077024275294065,0.43961788571111565,0.45791324736225053,0.44426751592356656,0.9596819196428571,0.9574945628534144,0.45098718392795256,0.701974717783212,0.4096385607660754,0.9229834791059283,0.11142671657971397,0.3633120211822171,0.4318181818181818,0.4318181818181818,0.4318181818181818,0.9189627228525121,44,617,44
T18,174,0.8875194020870829,0.7138159366837642,0.6466165413533833,0.6548223350253805,0.9648904382470118,0.9660932435801544,0.6506935687263553,0.8098563866361963,0.6162013307615418,0.93718820861678,0.10180092149631166,0.3387366235913856,0.5777777777777777,0.5416666666666666,0.5591397849462365,0.9321192052980133,45,604,48
T18,175,0.8439671107362423,0.6133618390738587,0.4633431085043993,0.6061381074168801,0.9316994277183377,0.9604976272925484,0.5252077562326875,0.7689187675676088,0.47744890473319573,0.9028344671201813,0.12259336576945176,0.3982826979996148,0.37037037037037035,0.47619047619047616,0.4166666666666667,0.9060402684563759,54,596,42
T18,176,0.870023071357485,0.597343637263422,0.46475729960944734,0.5188953488372089,0.9494413604103716,0.9588914713553216,0.49033650544491286,0.7341683546237905,0.44543267871859493,0.9158568189180433,0.11236042182443219,0.35969246670435967,0.40425531914893614,0.4418604651162791,0.4222222222222222,0.9133333333333333,47,600,43
T18,177,0.8330554758121291,0.4574695767672884,0.42619184376794905,0.5071770334928228,0.9477428466809645,0.9617283295291682,0.4631710362047438,0.7274599400868937,0.4200864181966851,0.9164237123420795,0.11436604535733487,0.3757437728804711,0.3877551020408163,0.475,0.42696629213483145,0.9147157190635451,49,598,40
T18,178,0.7580768729563231,0.3160641307318673,0.3151086581579855,0.359009628610729,0.9299041499708739,0.9416896070930603,0.33562965004133366,0.6444568892908015,0.27238310730821946,0.8828474246841593,0.1353580636067573,0.4287814763082601,0.3103448275862069,0.34615384615384615,0.32727272727272727,0.8778877887788779,58,606,52
T18,179,0.8131856051500639,0.511035902535103,0.4301780693533272,0.6023622047244094,0.9245470340034749,0.9609183541854766,0.5019136139967195,0.7634546193639422,0.45395189039812234,0.8967120181405894,0.13375740426443158,0.424109084123779,0.3787878787878788,0.5208333333333334,0.43859649122807015,0.8920741989881956,66,593,48
T18,180,0.8856621642173834,0.6162297514701428,0.5588319907940165,0.6250000000000003,0.944762625171097,0.9574541870482586,0.5900668286755775,0.7848813125855485,0.5423657142804716,0.9125688370586328,0.1137398620074127,0.37375893582661757,0.4915254237288136,0.5471698113207547,0.5178571428571429,0.9120521172638436,59,614,53
T18,181,0.8400341890706917,0.6237240697325769,0.5757240769400838,0.48947368421052617,0.9659872385678835,0.9525315902616354,0.5291069795793963,0.7277304613892048,0.4905097487783702,0.924927113702624,0.09618241146051566,0.32855969443954447,0.5555555555555556,0.46296296296296297,0.5050505050505051,0.9208400646203554,45,619,54
T18,182,0.8138783612840033,0.4558580334398435,0.4851146900927281,0.5053380782918149,0.9433191855154998,0.947493389455507,0.49501992031872505,0.7243286319036573,0.4405595955952479,0.9014577259475219,0.11740725350387972,0.38775678828470245,0.4642857142857143,0.4482758620689655,0.45614035087719296,0.8981937602627258,56,609,58
T18,183,0.7709951140477453,0.43164628339491096,0.3957173447537477,0.4631578947368424,0.9511341991341989,0.9624671456106534,0.4267898383371827,0.7071460469355205,0.38521812328238064,0.9195983155166828,0.12137036727326644,0.3945082021130294,0.3829787234042553,0.43902439024390244,0.4090909090909091,0.9153094462540716,47,614,41
T18,184,0.7606915540716107,0.436176091875376,0.3756708407871197,0.4402515723270439,0.9581685245115666,0.9676794576927733,0.40540540540540526,0.6992100484193053,0.36986167572475537,0.9301587301587304,0.11004318287942971,0.3633780411150468,0.3684210526315789,0.4117647058823529,0.3888888888888889,0.9286871961102107,38,617,34
T18,185,0.8235261422613729,0.5474683005590864,0.49813953488372104,0.5125628140703516,0.9625093379197721,0.9645369080779944,0.505248260408067,0.737536075995062,0.4688333322546061,0.9320537738905086,0.11066827054706126,0.36784004721682,0.43902439024390244,0.46153846153846156,0.45,0.9258010118043845,41,593,39
T18,186,0.8215538324609285,0.4172403434645446,0.44615384615384607,0.5488958990536278,0.9472269728805276,0.9644278606965173,0.4922206506364922,0.7480614359670776,0.451330228952404,0.91859410430839,0.116247813928797,0.3800287287230211,0.4444444444444444,0.5333333333333333,0.48484848484848486,0.9181380417335474,54,623,45
T18,187,0.8248861225078123,0.4852734968139074,0.5026269702276707,0.44297719087635046,0.9542828524924429,0.9426158548435538,0.4709206927985413,0.6986300216843968,0.4205676925269449,0.9059928733398122,0.11930317195095536,0.38561731319650844,0.5098039215686274,0.4406779661016949,0.4727272727272727,0.9064516129032258,51,620,59
T18,188,0.817498558795686,0.3781846563170059,0.3381818181818186,0.41456166419019347,0.9329814655701484,0.9507191994996871,0.37249666221628874,0.6737715648801708,0.31686836995190704,0.8934240362811793,0.12672567205738589,0.4055449883796561,0.3392857142857143,0.3958333333333333,0.36538461538461536,0.8925081433224755,56,614,48
T18,189,0.8698138628428118,0.6126108027811702,0.5757688032604674,0.5355850422195422,0.9590610865795447,0.9521671222178836,0.554950450852603,0.7473230643995432,0.5110200209305191,0.9192581794622611,0.10504502065613339,0.3492994252954985,0.5636363636363636,0.5166666666666667,0.5391304347826087,0.9138211382113821,55,615,60
T18,190,0.8464520330170581,0.6794874891927913,0.6238046795523907,0.6108786610878663,0.9674018441141728,0.9656313242410909,0.6172740084558085,0.7891402526010194,0.583831611047196,0.9384191771946876,0.1063265839113839,0.3476779827772632,0.525,0.5,0.5121951219512195,0.9344262295081968,40,610,42
T18,191,0.8361908316443061,0.5079146538454441,0.43435251798561214,0.4636058230683096,0.9319865198507813,0.9391116437858646,0.4485026696587486,0.6977961714595452,0.38436904499646124,0.8845643019112408,0.1215030434565817,0.38707788139003924,0.41935483870967744,0.4262295081967213,0.42276422764227645,0.88107202680067,62,597,61
T18,192,0.8125539810817592,0.5637997442443435,0.4964936886395513,0.4639580602883356,0.9554424723842622,0.9495497718021463,0.47967479674796754,0.7097002663362988,0.4325168955131998,0.9129251700680274,0.11415021822819252,0.37639601748558293,0.4666666666666667,0.42857142857142855,0.44680851063829785,0.9144736842105263,45,608,49
T18,193,0.8464393387808309,0.43269198229145356,0.40642181658236226,0.38766519823788553,0.9526266828146666,0.9489622855943908,0.39682198840455246,0.670145940526276,0.34775612809251755,0.9090055069646906,0.11284473170877951,0.37053464035533645,0.3673469387755102,0.375,0.3711340206185567,0.9008130081300812,49,615,48
T18,194,0.8252993920598908,0.5184919512220709,0.44580123990231035,0.5330188679245279,0.9485057952799887,0.9631494053210911,0.4855242966751914,0.7407623316022585,0.4437564892015311,0.9185455134434726,0.11905294093161901,0.3769852439400716,0.3469387755102041,0.4358974358974359,0.38636363636363635,0.91,49,600,39
T18,195,0.894540433154182,0.5646748618938797,0.4108119478334034,0.4201807228915663,0.9509388355636516,0.952707682588706,0.4154435226547543,0.6855597792276089,0.36729993837742114,0.9109815354713315,0.1074102142150142,0.34733573071978524,0.3958333333333333,0.41304347826086957,0.40425531914893614,0.9104,48,625,46
T18,196,0.7696857280331256,0.3063222950036911,0.2688956073270498,0.34340222575516716,0.9283010970228648,0.9484826344957855,0.30161579892280094,0.6358516613890159,0.2430275511190264,0.8865889212827988,0.13598734481977792,0.43295165558667303,0.22641509433962265,0.2926829268292683,0.2553191489361702,0.8850574712643678,53,609,41
T18,197,0.8390027585092632,0.5112757211900353,0.4710539336961903,0.5991189427312779,0.943710178505608,0.9656770300123928,0.5274238227146818,0.7714145606184428,0.48689863960260593,0.9171039844509232,0.12037816394569192,0.3903655070316924,0.44642857142857145,0.5434782608695652,0.49019607843137253,0.9148936170212766,56,611,46
T18,198,0.7742316046496217,0.2780957619351808,0.3198529411764707,0.3774403470715836,0.9557363320971407,0.9653214113098114,0.346268656716418,0.6665883395843621,0.308242508011907,0.9255102040816328,0.11588515033853261,0.37934513987666413,0.3333333333333333,0.35294117647058826,0.34285714285714286,0.9243421052631579,36,608,34
T18,199,0.7951332517728182,0.4782875869192341,0.4290502793296091,0.5470085470085472,0.9370534614437055,0.9598738170347004,0.48090169067000643,0.7420310042261262,0.4338932809131579,0.9060090702947846,0.12936811053493405,0.42368503064853225,0.38461538461538464,0.47619047619047616,0.425531914893617,0.9054290718038529,52,571,42
T18,200,0.793099179674916,0.3491547698552547,0.2934782608695653,0.4090909090909092,0.9455611390284758,0.9666095890410958,0.3417721518987343,0.6773260240596924,0.30371152210902824,0.9174603174603175,0.12239066643072284,0.39138861617958937,0.23809523809523808,0.3333333333333333,0.2777777777777778,0.9146141215106732,42,609,30
T18,201,0.8503446727194014,0.6652281110609541,0.5674017818022492,0.6112334801762117,0.9465188502094465,0.9549851529338893,0.5885026130424904,0.7788761651928289,0.5397800757828147,0.9120019436345966,0.10755230212949105,0.35258965750435506,0.5161290322580645,0.5423728813559322,0.5289256198347108,0.9071661237785016,62,614,59
T18,202,0.7517705775976936,0.37739483897555937,0.3589061906570449,0.434782608695652,0.94117749551339,0.9564932535325991,0.39321751794445,0.6879800521045211,0.3443509952142035,0.9055231616456106,0.11967558618931462,0.3939417755896542,0.37254901960784315,0.4222222222222222,0.3958333333333333,0.9059967585089141,51,617,45
T18,203,0.8684392067115805,0.5759353411716421,0.41140776699029075,0.5978835978835976,0.9412334908518112,0.9714857428714356,0.48741912293314116,0.7695585443677044,0.4543395584057544,0.9191609977324265,0.11452316178881587,0.36653690443271897,0.4107142857142857,0.575,0.4791666666666667,0.919093851132686,56,618,40
T18,204,0.8767933079958627,0.6747836156482621,0.4169491525423731,0.7500000000000003,0.9380403458213257,0.9844990548204159,0.5359477124183009,0.8440201729106629,0.5255592863067344,0.9275510204081632,0.11369860920717315,0.3658369753157686,0.38596491228070173,0.7096774193548387,0.5,0.9276315789473685,57,608,31
T18,205,0.8101878369596762,0.45022883675564196,0.4110766292671283,0.3987034035656404,0.9570366242315528,0.9548748066931937,0.40479548660084647,0.6778700138985965,0.3608096090751273,0.9179786200194363,0.11416572655100442,0.37088365220314956,0.34146341463414637,0.34146341463414637,0.34146341463414637,0.9120521172638436,41,614,41
T18,206,0.7249823584061135,0.23835242568090653,0.28070175438596495,0.38631790744466804,0.9408866995073889,0.9625122910521139,0.3251481795088908,0.6636023034760284,0.28210061351012133,0.9096371882086165,0.13674406856724883,0.4341683620423338,0.2826086956521739,0.37142857142857144,0.32098765432098764,0.9089403973509934,46,604,35
T18,207,0.8275704949407839,0.47996369772501346,0.47358247422680416,0.486111111111111,0.9571533459198658,0.9591654404036158,0.4797650130548302,0.7216322285154885,0.43797462187887104,0.9225461613216716,0.1091662771555282,0.3684937689897039,0.39473684210526316,0.38461538461538464,0.38961038961038963,0.9225700164744646,38,607,39
T18,208,0.8539351302417025,0.4418051593654724,0.3789234268385141,0.4518987341772153,0.9271304038427326,0.9450358146704144,0.4122061855670104,0.6895145690099739,0.35041402948901,0.8845643019112407,0.12602272025237604,0.40414593942880994,0.38095238095238093,0.43636363636363634,0.4067796610169492,0.8809523809523809,63,588,55
T18,209,0.8931204406798634,0.6332265213045025,0.5289499509322859,0.6078947368421049,0.9489542715349166,0.9624995505698775,0.5656813013818431,0.778424504188511,0.5231282515586999,0.9195659216067378,0.11230086217107732,0.3618523011209133,0.4642857142857143,0.5416666666666666,0.5,0.9157212317666127,56,617,48
T18,210,0.8357145352411133,0.5274825964833932,0.49283351708930573,0.5308788598574824,0.942341438957132,0.9500821433084796,0.5111492281303605,0.7366101494073071,0.4578173010744696,0.9030612244897959,0.11374189139667927,0.3771489195910288,0.49122807017543857,0.4827586206896552,0.48695652173913045,0.9035947712418301,57,612,58
T18,211,0.8851498105856099,0.6401783757612618,0.5437017994858605,0.5595238095238088,0.9559771825396823,0.958592389952748,0.551499348109517,0.7577504960317458,0.5088547464290079,0.9219954648526075,0.10909664875710073,0.35503522481018845,0.48936170212765956,0.48936170212765956,0.48936170212765956,0.9201331114808652,47,601,47
T18,212,0.8833576482767019,0.7281402297369297,0.6267057773243206,0.7020000000000001,0.9465290464011691,0.9612979832649956,0.662219526986052,0.8242645232005845,0.61752531780915,0.9188046647230319,0.11148255895122511,0.36547226379258,0.5454545454545454,0.6206896551724138,0.5806451612903226,0.9159935379644588,66,619,58
T18,213,0.8059111545727954,0.5067392457460123,0.4914529914529914,0.5467511885895403,0.9564049334473074,0.9647696476964768,0.5176294073518379,0.751578061018424,0.47911503201200334,0.927097505668934,0.1182861596338764,0.38852060111828557,0.4444444444444444,0.4878048780487805,0.46511627906976744,0.9237147595356551,45,603,41
T18,214,0.7812147706410354,0.477344693893992,0.5216234198270129,0.496307237813885,0.9621585586217785,0.9582918348447518,0.5086505190311421,0.7292328982178315,0.46906793692887855,0.9264010366051182,0.12045873484792298,0.39107379826470084,0.5,0.46938775510204084,0.4842105263157895,0.9227129337539433,46,634,49
T18,215,0.7733208183473448,0.3627344153008303,0.38386546429441865,0.4302103250478011,0.9564730797706571,0.9638079705744574,0.40571870170015445,0.6933417024092291,0.36665998903619845,0.9252672497570459,0.10861756573804525,0.35858995295419055,0.3902439024390244,0.4,0.3950617283950617,0.9205834683954619,41,617,40
T18,216,0.8392617082996835,0.5771835247585306,0.5563745019920318,0.5526315789473684,0.9607134036622796,0.9601375176304653,0.5544967242406194,0.756672491304824,0.5149260662763009,0.9273080660835765,0.10880592164723157,0.3624686148173712,0.54,0.5192307692307693,0.5294117647058824,0.9230769230769231,50,624,52
T18,217,0.7549700707245726,0.37594211224237967,0.3947232281427828,0.44733242134062884,0.9380110555781218,0.9494467385280919,0.41938438988640486,0.6926717384593756,0.3641753034020369,0.8973436993845156,0.13249070469409138,0.4285253602099728,0.39655172413793105,0.4339622641509434,0.4144144144144144,0.895330112721417,58,621,53
T18,218,0.8137628491565456,0.5393351708608954,0.472668810289389,0.4428822495606326,0.9659262080786741,0.9617466556337054,0.4572909915748541,0.7044042288196534,0.4214175086522635,0.9321833495302881,0.09934164477340197,0.33425313301087745,0.4117647058823529,0.3783783783783784,0.39436619718309857,0.929042904290429,34,606,37
T18,219,0.8234395908344717,0.5987518165158773,0.5505494505494501,0.5719178082191778,0.9485146022155084,0.952591656131479,0.5610302351623737,0.7602162052173432,0.5117137275261737,0.911111111111111,0.1197505358822846,0.3890400317029162,0.5423728813559322,0.5333333333333333,0.5378151260504201,0.9081803005008348,59,599,60
T18,220,0.8873868637144534,0.6129013235083788,0.46465191581219656,0.6129568106312293,0.9482668706324098,0.9709688328794434,0.5285992018827383,0.7806118406318194,0.4944498763429364,0.925380628441853,0.11477167639422871,0.36991381082257374,0.43137254901960786,0.5641025641025641,0.4888888888888889,0.9243421052631579,51,608,39
T18,221,0.8347898722990479,0.47669224558921525,0.43448275862068925,0.45668316831683137,0.940054204407674,0.9449233802312034,0.4453064391000772,0.6983686863622528,0.38797499239467637,0.8957725947521867,0.12122257961926212,0.3932459223228459,0.423728813559322,0.45454545454545453,0.43859649122807015,0.8931552587646077,59,599,55
T18,222,0.8279979866728432,0.32128848009139455,0.3062381852551984,0.42631578947368415,0.9565165876777252,0.9737064286575806,0.35643564356435636,0.6914161885757047,0.3273711380298564,0.9336734693877551,0.1020839279307798,0.3468993167140411,0.3235294117647059,0.4074074074074074,0.36065573770491804,0.9334470989761092,34,586,27
T18,223,0.8780079519988434,0.6686574894065814,0.5543478260869567,0.5275862068965519,0.9535849056603775,0.9485735735735735,0.540636042402827,0.7405855562784646,0.49192606091093133,0.91156462585034,0.11105109593191544,0.35895403281687377,0.49019607843137253,0.45454545454545453,0.4716981132075472,0.9078947368421053,51,608,55
T18,224,0.8275732847854501,0.4340332187003808,0.43610223642172535,0.46826758147512876,0.9571445914774795,0.9621674395899438,0.45161290322580655,0.7127060864763041,0.41161725946959027,0.9248299319727891,0.11432436065255558,0.3727347990147923,0.4418604651162791,0.4634146341463415,0.4523809523809524,0.9244663382594417,43,609,41
T18,225,0.8562194499203395,0.5490274137814489,0.5176297747306556,0.5683814303638643,0.9473834155374724,0.9567015499694321,0.5418197351559159,0.7578824229506684,0.4946144180976921,0.9131357304826692,0.1174278508415876,0.3839345142523466,0.5,0.5178571428571429,0.5087719298245614,0.9065108514190318,58,599,56
T18,226,0.8521316596355247,0.6415485324422588,0.5708673790069138,0.5312180143295804,0.9502559151928015,0.9421048829817972,0.5503294705748694,0.740736964761191,0.49697361168948423,0.9038386783284741,0.11720916382541238,0.3770807851494989,0.4909090909090909,0.4426229508196721,0.46551724137931033,0.8993506493506493,55,616,61
T18,227,0.7531612060245034,0.4499933663873012,0.3939962476547845,0.38709677419354865,0.9549825783972125,0.9537198134873686,0.3905160390516042,0.6710396762953804,0.34488619149063865,0.9150631681243925,0.1161846847973149,0.37954288345318665,0.37209302325581395,0.36363636363636365,0.367816091954023,0.9069373942470389,43,591,44
T18,228,0.8482499758387388,0.6329414353800206,0.5761031234506687,0.6544021024967143,0.9545317568645522,0.9669414067410079,0.6127614695025482,0.8044669296806335,0.5750462603779324,0.9286362163913183,0.11686129971439731,0.38031386806772705,0.5,0.5957446808510638,0.5436893203883495,0.9239482200647249,56,618,47
T18,229,0.8177709027554798,0.44742097481981663,0.39293139293139256,0.5286713286713284,0.9279457125231337,0.9571137694069738,0.45080500894454345,0.7283085205972312,0.39979568070625804,0.8955782312925169,0.1294774374511002,0.41453449368645634,0.3770491803278688,0.4791666666666667,0.42201834862385323,0.895,61,600,48
T18,230,0.8697579540725766,0.6764075716778266,0.4760621433100826,0.6199421965317921,0.9419115579302586,0.9667881368162794,0.5385581061692972,0.7809268772310252,0.49881568996330294,0.9166504697116941,0.11428438421182982,0.36730054761792674,0.4107142857142857,0.5227272727272727,0.46,0.9086294416243654,56,591,44
T18,231,0.8391761183885502,0.540273725845182,0.4267971396311629,0.5654450261780104,0.9472362244279303,0.969109984758799,0.4864343163538873,0.7563406253029704,0.4505265360176335,0.9224327826368643,0.11697400484254,0.37789908546982154,0.38,0.5135135135135135,0.4367816091954023,0.9190082644628099,50,605,37
T18,232,0.8216829211069161,0.4387051711141324,0.4392023346303504,0.5187667560321718,0.9387982589617467,0.9547793853019507,0.4756804214223005,0.7287825074969592,0.42458479905450414,0.903271784904438,0.12787278655066672,0.4111594536789838,0.45,0.5,0.47368421052631576,0.9018003273322422,60,611,54
T18,233,0.8686023144821916,0.7052182731754872,0.6416770296677924,0.570165745856354,0.9635953433805612,0.9514711910320612,0.6038114343029093,0.7668805446184573,0.5626716985593742,0.9232264334305152,0.10518199754529335,0.34872334072149497,0.625,0.5555555555555556,0.5882352941176471,0.9203252032520325,56,615,63
T18,234,0.8075764722371108,0.40616159750769343,0.3598023064250413,0.49602543720190795,0.9322252646633062,0.9601401113705764,0.4170724720710399,0.7141253509326071,0.37015613594458574,0.9011175898931,0.1250055194345395,0.40090801615150634,0.32142857142857145,0.42857142857142855,0.3673469387755102,0.898360655737705,56,610,42
T18,235,0.8107621477284122,0.5982461466254273,0.5337159253945483,0.5254237288135594,0.9599358974358974,0.9586359719315524,0.5295373665480428,0.7426798131247283,0.4888432600224815,0.9250566893424038,0.10704197610918452,0.3522382298409019,0.4523809523809524,0.4222222222222222,0.4367816091954023,0.9220985691573926,42,629,45
T18,236,0.8276019358844129,0.5646623810399637,0.5352653631284912,0.5495608531994975,0.9526005591068534,0.9551346140112832,0.5423189174847435,0.7510807061531757,0.49624585148443556,0.9161807580174928,0.10518323244402782,0.35012741665470726,0.4909090909090909,0.5094339622641509,0.5,0.9123376623376623,55,616,53
T18,237,0.8286132581099566,0.413771287403258,0.40875912408759085,0.48837209302325535,0.94023610427939,0.9559889972493123,0.44503311258278105,0.7143040986513229,0.39539098972502706,0.9049886621315193,0.12818340415100887,0.4132178110617074,0.41818181818181815,0.46938775510204084,0.4423076923076923,0.9066022544283414,55,621,49
T18,238,0.8629903966664189,0.49246444672733547,0.44698627411975317,0.5063091482649842,0.9514851139576277,0.961366882372648,0.47480190174326453,0.7288971311113059,0.4323675889827019,0.9194849368318754,0.11455909252481422,0.3668775930047429,0.43137254901960786,0.4782608695652174,0.4536082474226804,0.9150641025641025,51,624,46
T18,239,0.8549081573242194,0.5703042980326587,0.5553121577217963,0.5978773584905662,0.9490717511289515,0.9568736562539523,0.5758091993185691,0.7734745548097588,0.5292821316781663,0.9153061224489797,0.11468895390399816,0.37492739156078725,0.543859649122807,0.5535714285714286,0.5486725663716814,0.9161184210526315,57,608,56
T18,240,0.8041730136956986,0.4420336110335046,0.41501976284584935,0.43091655266757817,0.945110644084559,0.9483934995658104,0.4228187919463082,0.6880135983760689,0.36966643116085823,0.9024943310657597,0.12909683658888518,0.40854432718789024,0.4230769230769231,0.4230769230769231,0.4230769230769231,0.9025974025974026,52,616,52
T18,241,0.8735239251638678,0.690248731595218,0.520661157024793,0.6176470588235295,0.9339407744874716,0.9545983701979046,0.5650224215246635,0.7757939166555005,0.512003293818682,0.9010204081632652,0.12371464901271347,0.3897796962133657,0.4931506849315068,0.5901639344262295,0.5373134328358209,0.8985270049099836,73,611,61
T18,242,0.8240501322595599,0.5863020285540812,0.6209912536443148,0.5649867374005304,0.9677659310686834,0.9596754364396362,0.5916666666666666,0.7663763342346069,0.5561939667358968,0.9333333333333332,0.10998051880352651,0.36928661074334035,0.6046511627906976,0.5098039215686274,0.5531914893617021,0.9308072487644151,43,607,51
T18,243,0.7360626136271953,0.2548499997723365,0.3068010075566752,0.36325678496868485,0.9528662202202544,0.9630431019560325,0.332650553052028,0.6580615025944696,0.2920683667083621,0.9208454810495628,0.12004402095781305,0.39181870734349933,0.3333333333333333,0.35135135135135137,0.34210526315789475,0.9180327868852459,39,610,37
T18,244,0.8271729249005031,0.5341849753806496,0.3733333333333332,0.4962406015037596,0.9465319911748482,0.966966015143511,0.4261009914687572,0.7213862963393038,0.38816906730435513,0.9193715581470683,0.1191726216018378,0.3770938917778214,0.3673469387755102,0.4864864864864865,0.4186046511627907,0.9168053244592346,49,601,37
T18,245,0.8378801949703244,0.4401987743755753,0.4310306775546241,0.4835355285961875,0.9553213982426647,0.9635372056844201,0.45577596266044373,0.7194284634194259,0.41612359782592956,0.9244574020084223,0.11951192801056078,0.38677681832824024,0.4222222222222222,0.475,0.4470588235294118,0.9235772357723577,45,615,40
T18,246,0.8195192016865759,0.37991479046125587,0.34554973821989543,0.5628997867803837,0.9401269309064783,0.9745531281032771,0.42822384428223853,0.7515133588434311,0.40127334096436257,0.9200680272108843,0.11526631963644787,0.3786473715926981,0.34615384615384615,0.5454545454545454,0.4235294117647059,0.9199346405228758,52,612,33
T18,247,0.8093176689717152,0.46689784818364055,0.42957746478873216,0.44579780755176585,0.9392424053006624,0.9428965863453812,0.4375373580394498,0.6925201064262143,0.3787050143986538,0.8933106575963718,0.12487712772649104,0.39760230397930646,0.4074074074074074,0.39285714285714285,0.4,0.893719806763285,54,621,56
T18,248,0.8452759528468925,0.47099129316140836,0.40948275862068984,0.4425465838509318,0.9497309197651663,0.9558099458394881,0.4253731343283584,0.6961387518080491,0.3785447268088825,0.9126984126984126,0.11362662834468717,0.37634771085518876,0.3902439024390244,0.4,0.3950617283950617,0.9172297297297297,41,592,40
T18,249,0.7812061823401029,0.5375410718365966,0.46512109294141996,0.40839694656488534,0.9540524200718373,0.9428034230086626,0.4349172553953352,0.6812246833183614,0.38451525644855694,0.9054259799157759,0.11939281222037317,0.3869112081120964,0.4583333333333333,0.38596491228070173,0.41904761904761906,0.9022435897435898,48,624,57
T18,250,0.8542295908807263,0.5273226702179488,0.4856115107913663,0.5287206266318533,0.9467345418425623,0.9547958928124215,0.5062499999999994,0.737727584237208,0.45759586566950117,0.9104308390022675,0.12326626353176694,0.39673471442793706,0.49122807017543857,0.5,0.49557522123893805,0.9077669902912622,57,618,56
T18,251,0.8209561330240374,0.5194499928915391,0.3385780885780888,0.472485768500949,0.9413446796782139,0.9656135142776363,0.3944777639470411,0.7069152240895813,0.3548009968166981,0.9133300939423386,0.11458060687623074,0.37524609894717914,0.32075471698113206,0.4594594594594595,0.37777777777777777,0.9052453468697124,53,591,37
T18,252,0.8686404865209867,0.5707759589780883,0.45600772076564233,0.6249999999999997,0.94087826026152,0.9693640473317363,0.5272947084534546,0.78293913013076,0.4906206641544065,0.9176708778749595,0.11466783344682062,0.3734757787937117,0.46774193548387094,0.6170212765957447,0.5321100917431193,0.9148580968280468,62,599,47
T18,253,0.8464049533970976,0.5883822757078051,0.5161290322580645,0.5245901639344263,0.9554896142433236,0.9569093610698366,0.5203252032520326,0.7400398890888749,0.4765460806033527,0.9197278911564626,0.10627342984751083,0.3536811304812563,0.45454545454545453,0.43478260869565216,0.4444444444444444,0.9151103565365025,44,589,46
T18,254,0.8489993800687542,0.5144517405080256,0.3858611024602925,0.6135181975736567,0.9316476317568151,0.971781336996999,0.47375967880699715,0.772582914665236,0.44155909809504207,0.9108357628765792,0.124767109068249,0.3965912128323797,0.36363636363636365,0.6,0.4528301886792453,0.9058441558441559,66,616,40
T18,255,0.8321940699606679,0.5336719494978666,0.4311730048205682,0.5637254901960788,0.9445488721804509,0.9667076364025008,0.48861911987860435,0.7541371811882647,0.44970271204388,0.9181243926141885,0.11537578544580614,0.37476080956418184,0.42592592592592593,0.5609756097560976,0.4842105263157895,0.9177852348993288,54,596,41
T18,256,0.8254619529116537,0.6210795378676769,0.5369127516778518,0.5647058823529408,0.9480552070263487,0.9533181932879132,0.5504587155963298,0.756380544689645,0.5013694779183154,0.9111111111111111,0.11667168798339514,0.3857228971350985,0.47058823529411764,0.46153846153846156,0.46601941747572817,0.9080267558528428,51,598,52
T18,257,0.8085359453148141,0.45542801317525883,0.42021276595744667,0.42397137745974944,0.9604164144776661,0.9609980620155039,0.42208370436331244,0.6921938959687078,0.3827960141213042,0.9264172335600908,0.11624854841646379,0.37085900945155825,0.3888888888888889,0.3684210526315789,0.3783783783783784,0.9259259259259259,36,621,38
T18,258,0.867254551239373,0.499983162363066,0.4269015754701001,0.5341246290801187,0.9406720213251025,0.9606354209574296,0.47453158836267784,0.7373983252026106,0.4289536895888549,0.9096047942986719,0.11140061454643,0.36554877994737184,0.3888888888888889,0.4883720930232558,0.4329896907216495,0.9093904448105437,54,607,43
T18,259,0.80223389111274,0.4422028382651148,0.5164273067086367,0.4927726675427071,0.9564284827965185,0.9523095116225707,0.5043227665706054,0.7246005751696127,0.4588650324449742,0.9164237123420798,0.12089513162505862,0.39113494098759477,0.4791666666666667,0.4423076923076923,0.46,0.9107438016528926,48,605,52
T18,260,0.8018031471982836,0.44842260769877496,0.3994452149791957,0.5000000000000002,0.9474769529354681,0.9644400543276946,0.4441017733230534,0.7237384764677341,0.40352233089080713,0.9182539682539682,0.12029265623201438,0.39034070504431007,0.4166666666666667,0.4878048780487805,0.449438202247191,0.9176470588235294,48,595,41
T18,261,0.8216379927978128,0.4995813337723865,0.47915027537372124,0.4322981366459625,0.9528027805008465,0.943536430386896,0.4545200111950739,0.6925504585734047,0.403456364498291,0.905296404275996,0.12288329157652549,0.3961839118054651,0.4,0.34615384615384615,0.3711340206185567,0.901294498381877,45,618,52
T18,262,0.75002766633754,0.3816118012601277,0.37242562929061784,0.4603960396039604,0.94276322654701,0.9594838572642307,0.4117647058823529,0.7015796330754852,0.36580375206932764,0.9096209912536444,0.13011475963948854,0.4223340353483896,0.3877551020408163,0.4418604651162791,0.41304347826086957,0.9108910891089109,49,606,43
T18,263,0.8549448614614427,0.5783685339921949,0.475167785234899,0.48827586206896517,0.9516985793699815,0.9540557275541794,0.4816326530612241,0.7199872207194735,0.4345657318425347,0.9136054421768708,0.10799852244162621,0.35375493701031874,0.47058823529411764,0.47058823529411764,0.47058823529411764,0.9130434782608695,51,621,51
T18,264,0.8820110932590798,0.661063450526699,0.5625000000000004,0.6435536294691226,0.9414967709256679,0.9576249356002061,0.600303183425973,0.7925252001973951,0.5516333037700092,0.9103174603174603,0.11894426106512393,0.3861047838665446,0.5,0.5370370370370371,0.5178571428571429,0.9093959731543624,58,596,54
T18,265,0.764763940337112,0.2979907012268374,0.2972972972972973,0.41176470588235276,0.9338903014892842,0.9589705333830658,0.3452914798206277,0.6728275036858185,0.2976243587190628,0.9006802721088437,0.13020649502378656,0.41651482886344743,0.3137254901960784,0.3902439024390244,0.34782608695652173,0.898989898989899,51,594,41
T18,266,0.8804767433315726,0.6825134992383726,0.5400248859394443,0.6706730769230771,0.9405000357679377,0.964811859027281,0.5982997625794594,0.8055865563455074,0.5554661509238102,0.9150469711694201,0.11039502612633818,0.35863912007477144,0.46774193548387094,0.58,0.5178571428571429,0.9111842105263158,62,608,50
T18,267,0.9124213331118756,0.6547935659055701,0.5045184042318712,0.6742268041237113,0.9614705630302511,0.9806653497194202,0.5771558245083207,0.8178486835769812,0.5553647764962335,0.9456754130223515,0.09600957388076149,0.32285945200848476,0.47619047619047616,0.625,0.5405405405405406,0.943801652892562,42,605,32
T18,268,0.8289329296364791,0.39532034671240696,0.44671152593878877,0.4827586206896552,0.9556518259477702,0.9614058425078325,0.46403607666290864,0.7192052233187127,0.42299281055494825,0.9229996760609005,0.10848342550022709,0.36040746251691447,0.46511627906976744,0.46511627906976744,0.46511627906976744,0.9240924092409241,43,606,43
T18,269,0.8317910114485649,0.5380117341497777,0.5810126582278478,0.534342258440046,0.9584223087551814,0.9501867995018679,0.5567010309278346,0.7463822835976139,0.5116212181707503,0.9171201814058957,0.1185720131509176,0.3832409621270868,0.6037735849056604,0.5245901639344263,0.5614035087719298,0.9168053244592346,53,601,61
T18,270,0.8332662819017167,0.6117626132467513,0.6204701273261514,0.538156590683846,0.9574775499753096,0.9413457043190564,0.5763894154219432,0.7478170703295774,0.5276884563131748,0.9095076125688369,0.11716992490952319,0.38294209701420895,0.5925925925925926,0.48484848484848486,0.5333333333333333,0.9061976549413735,54,597,66
T18,271,0.8152714419291869,0.6106466365334822,0.5850956696878147,0.5659090909090908,0.9555235696293628,0.9520633896238928,0.5753424657534246,0.7607163302692269,0.5292374490049223,0.9166504697116943,0.11399675141216563,0.37660759368010455,0.5283018867924528,0.5,0.5137614678899083,0.9150641025641025,53,624,56
T18,272,0.9158206229126773,0.6282140163472043,0.40139731083575036,0.643491124260355,0.9203445130507995,0.9688480998633524,0.494398441305407,0.7819178186555773,0.4568999421132134,0.899125364431487,0.13051103979835446,0.40903426433243584,0.323943661971831,0.575,0.4144144144144144,0.8925619834710744,71,605,40
T18,273,0.774561103617345,0.1878143594933733,0.21711949987977872,0.26819126819126815,0.944220787007692,0.9572081068407983,0.23996811055009296,0.6062060275994801,0.19242994886824077,0.9073534175574994,0.1256257623511946,0.4059682619282564,0.23076923076923078,0.2727272727272727,0.25,0.9080068143100511,39,587,33
T18,274,0.7866543486363831,0.3880650113723812,0.3910891089108911,0.47494989979959906,0.9556543684653287,0.9681032383735086,0.42895927601809947,0.7153021341324639,0.3932807621391628,0.9284580498866214,0.11390696499400377,0.37577058998928975,0.38095238095238093,0.45714285714285713,0.4155844155844156,0.9265905383360522,42,613,35
T18,275,0.8153265112723787,0.5160835581016677,0.5013262599469498,0.5486211901306243,0.953757225433526,0.9614430944706174,0.523908523908524,0.751189207782075,0.4821673309588101,0.9221088435374151,0.11626389077621142,0.38062975950129874,0.46938775510204084,0.5,0.4842105263157895,0.9194078947368421,49,608,46
T18,276,0.8144886614162273,0.4838226169612176,0.5374331550802144,0.514724711907811,0.9569598208732428,0.9530475718533198,0.5258338783518645,0.7358422663905266,0.4809908237396588,0.9178004535147393,0.1131419674996864,0.3722120182329412,0.5490196078431373,0.5,0.5233644859813084,0.9169381107491856,51,614,56
T18,277,0.8860560420210302,0.646375519082778,0.5443864229765019,0.637614678899083,0.9572618172912074,0.9705736280109263,0.5873239436619724,0.7974382480951451,0.553477759995264,0.9335600907029479,0.09785631286924917,0.3306881865131427,0.5102040816326531,0.5952380952380952,0.5494505494505495,0.9308600337268128,49,593,42
T18,278,0.8325889477205841,0.5745850888168905,0.47038969008898474,0.5537294563843239,0.9385797911143533,0.9552533410597226,0.5086686022397349,0.7461546237493385,0.45776413180575387,0.9040654356980886,0.12544558266293518,0.4088340705270229,0.34615384615384615,0.4,0.3711340206185567,0.9033280507131537,52,631,45
T18,279,0.8684531363917587,0.604626034289099,0.5681159420289859,0.5867287543655416,0.9518725213989628,0.9552494147307761,0.577272355395566,0.769300637882252,0.530928666434345,0.9163103336572725,0.11803120784212821,0.38017402564752806,0.5423728813559322,0.5517241379310345,0.5470085470085471,0.912828947368421,59,608,58
T18,280,0.8515563871417345,0.5205245919430314,0.3960271561478498,0.49450549450549414,0.95897873793869,0.972127486453266,0.4398212789723538,0.7267421162220922,0.40859799989810314,0.9350178166504696,0.11227833481409986,0.3627362073990284,0.375,0.46875,0.4166666666666667,0.9303482587064676,40,603,32
T18,281,0.8690123370588207,0.7076106418522032,0.650229357798165,0.6623831775700935,0.9617026619789049,0.9636386512330145,0.6562499999999999,0.8120429197744992,0.6189558399340749,0.9326530612244899,0.10699574683121252,0.35431598405251913,0.5227272727272727,0.5227272727272727,0.5227272727272727,0.9302325581395349,44,602,44
T18,282,0.8695815440872801,0.5566916478200157,0.38089480048367624,0.580110497237569,0.9381418388304941,0.9714750406605781,0.45985401459854036,0.7591261680340317,0.4273365106481578,0.9160997732426304,0.12088630182709732,0.38559971675788085,0.3333333333333333,0.5294117647058824,0.4090909090909091,0.9150326797385621,54,612,34
T18,283,0.8587589787122898,0.564218033153842,0.5064538043478266,0.5605263157894743,0.948493442041829,0.9581393683305879,0.5321199143468957,0.7545098789156515,0.48629939774468456,0.9150631681243926,0.1126878608265446,0.36449304334195237,0.4727272727272727,0.52,0.49523809523809526,0.9135399673735726,55,613,50
T18,284,0.8527130460633083,0.5065216751849395,0.5493562231759651,0.49805447470817066,0.9608647036898992,0.9523457702253415,0.5224489795918361,0.7294595891990352,0.47983399901674395,0.920408163265306,0.11352575287788814,0.37197234131969625,0.5531914893617021,0.49056603773584906,0.52,0.9223300970873787,47,618,53
T18,285,0.7883852438519713,0.2934056217259978,0.2642740619902119,0.2788296041308088,0.945260347129506,0.9489460216888022,0.2713567839195979,0.6120449756301575,0.21858746112105928,0.901360544217687,0.12404205493848246,0.3947415338487097,0.2682926829268293,0.2619047619047619,0.26506024096385544,0.9011345218800648,41,617,42
T18,286,0.8319921436588102,0.5532110133523002,0.5142107564494972,0.5600000000000004,0.9398809523809525,0.9494888755261576,0.5361294734442673,0.7499404761904762,0.48145053084474565,0.9011175898931002,0.12217952481897563,0.39678916082683663,0.4406779661016949,0.45614035087719296,0.4482758620689655,0.8947368421052632,59,608,57
T18,287,0.8631159053235922,0.619947230465585,0.47799696509863454,0.5317577548005908,0.9517201452606094,0.9607034072394984,0.5034462091699132,0.7417389500306002,0.4605452581170579,0.9194849368318757,0.11090196669082496,0.36439663984530857,0.44,0.4888888888888889,0.4631578947368421,0.9166666666666666,50,612,45
T18,288,0.8010359170321466,0.5815703571038066,0.45142857142857173,0.5808823529411764,0.9280359820089952,0.9559845559845558,0.5080385852090034,0.7544591674750858,0.45534603373690485,0.8959183673469386,0.1294365618338141,0.4210766722641954,0.3508771929824561,0.4444444444444444,0.39215686274509803,0.8973509933774835,57,604,45
T18,289,0.8018682869515747,0.34089913557912266,0.36682640284433493,0.4822190611664298,0.9279114380752914,0.9538998751605723,0.4166812993854262,0.7050652496208605,0.3626839237105659,0.8923874311629413,0.13413570406199024,0.42580978478037806,0.36507936507936506,0.46,0.40707964601769914,0.8875838926174496,63,596,50
T18,290,0.8679292321259591,0.537465105025661,0.511140235910878,0.6341463414634146,0.9545399146861668,0.9720739729427825,0.5660377358490566,0.7943431280747908,0.5333493822330186,0.9321995464852608,0.10983381530495416,0.36412360026535306,0.5098039215686274,0.6190476190476191,0.5591397849462365,0.9318936877076412,51,602,42
T18,291,0.8637782126490567,0.5610196344244339,0.4279197080291973,0.5638148667601685,0.9337080829618144,0.9605358567181496,0.4865565833837644,0.7487614748609914,0.439619788463871,0.9038062844185293,0.12396887014304861,0.4002750231332364,0.36666666666666664,0.4888888888888889,0.41904761904761906,0.8969594594594594,60,592,45
T18,292,0.8060515544104171,0.4845428079896679,0.3888888888888893,0.4747474747474749,0.9461289986454098,0.9614570097416347,0.4275503573749191,0.7104382366964423,0.38399524252687733,0.9143828960155492,0.11565662261122157,0.37396865627187065,0.3877551020408163,0.4523809523809524,0.4175824175824176,0.9109243697478991,49,595,42
T18,293,0.7794380943029893,0.4153418220582155,0.44629523262492815,0.502262443438914,0.9493511269899646,0.9591273422156165,0.47262773722627727,0.7258067852144393,0.42789524016540154,0.9157434402332362,0.1270065471161801,0.4053273055835054,0.4423076923076923,0.46938775510204084,0.45544554455445546,0.9090909090909091,52,605,49
T18,294,0.8284185523955642,0.5692800634522831,0.48868488471391935,0.4858841010401186,0.9580038226165634,0.9575504767246213,0.48728046833421995,0.7219439618283411,0.44506009487612125,0.9219792678976351,0.10596733979441696,0.3567933720495769,0.4418604651162791,0.4318181818181818,0.4367816091954023,0.9181969949916527,43,599,44
T18,295,0.8524168363169187,0.5598830397445248,0.5555555555555554,0.5721096543504173,0.9518857286054377,0.9548768225238812,0.5637110980622431,0.7619976914779274,0.5171694204270038,0.9157596371882086,0.11817957381768511,0.3834588623940225,0.5454545454545454,0.5172413793103449,0.5309734513274337,0.9119601328903655,55,602,58
T18,296,0.8280713875513976,0.49759047917881744,0.4730795224149585,0.4504504504504505,0.9590209888223131,0.9552887384164325,0.46148774859905517,0.7047357196363817,0.4188132857269458,0.9206187236799481,0.10929129940825402,0.3626798853298313,0.42857142857142855,0.4,0.41379310344827586,0.9168026101141925,42,613,45
T18,297,0.7911630161207377,0.4550939941585581,0.4226965122332121,0.5329249617151611,0.9418041246129895,0.9618593350840523,0.4714534546158315,0.7373645431640752,0.4272702260151913,0.9115322319403951,0.1276871119890187,0.41176740137176937,0.39622641509433965,0.4772727272727273,0.4329896907216495,0.9069373942470389,53,591,44
T18,298,0.8238696516970633,0.5274492272622667,0.466966003848621,0.43273231622746205,0.9560263171820155,0.9498273837688168,0.44919786096256703,0.6943793167047386,0.4025320208185456,0.9132491091674766,0.10744332131543717,0.3572374829970081,0.43902439024390244,0.375,0.4044943820224719,0.9135399673735726,41,613,48
T18,299,0.8492622611935066,0.4852390330143492,0.4259028642590291,0.528593508500773,0.9435947632448304,0.9619558438318572,0.47172413793103485,0.7360941358728016,0.4279513208939985,0.9131519274376418,0.1073221093815009,0.3534034485316413,0.41818181818181815,0.5,0.45544554455445546,0.9105691056910569,55,615,46
T18,300,0.8304950638051172,0.54211384719457,0.47350620067643745,0.5049088359046283,0.950624680611112,0.9562019213726115,0.48870357800833897,0.7277667582578702,0.44243242637986957,0.9145934564301912,0.1221903855400809,0.39257327399958997,0.4117647058823529,0.45652173913043476,0.4329896907216495,0.909688013136289,51,609,46
T18,301,0.8251312559089083,0.502861863031186,0.4567006269592477,0.5791304347826087,0.9519535649311271,0.9700896955999717,0.5106802497535327,0.765541999856868,0.4760898145768978,0.9276482021379981,0.1130152270048121,0.37048440973348024,0.46,0.5609756097560976,0.5054945054945055,0.9258649093904449,50,607,41
T18,302,0.8098201237835156,0.48398027347322015,0.429486039480704,0.4058823529411763,0.9424986556730597,0.9370066111873405,0.41735073014775753,0.6741905043071181,0.35732209460015085,0.8907839326206674,0.11718083510512713,0.38162846093530667,0.3888888888888889,0.3620689655172414,0.375,0.8833333333333333,54,600,58
T18,303,0.8022138463703913,0.4720112942369896,0.393425238600212,0.5031645569620253,0.9401214320608555,0.960807389180129,0.4415790517754414,0.7216429945114404,0.39626551799239523,0.9088111435050209,0.12377315110642856,0.39452564274482393,0.39285714285714285,0.4888888888888889,0.43564356435643564,0.9089456869009584,56,626,45
T18,304,0.8308811566937919,0.5513104291266443,0.4846153846153851,0.48355263157894784,0.9406929691451693,0.9404551201011375,0.4840834248079039,0.7121228003620583,0.42465785242188203,0.893424036281179,0.12355531142814952,0.40253457495836076,0.43636363636363634,0.42105263157894735,0.42857142857142855,0.892436974789916,55,595,57
T18,305,0.8279443902668007,0.6021777177987251,0.47782026768642405,0.4709762532981528,0.9516071871566785,0.9503273756857193,0.4743735763097946,0.7112917202274157,0.425356443655,0.9103012633624878,0.10973342023653022,0.36391801226899173,0.391304347826087,0.3829787234042553,0.3870967741935484,0.9076175040518638,46,617,47
T18,306,0.7662435072609619,0.35749111180913756,0.3834196891191713,0.3284023668639056,0.9561640471512769,0.9449095983497148,0.35378486055776925,0.6422832070075912,0.30566564731938833,0.9080498866213154,0.11586505425691132,0.3772675620103237,0.375,0.30612244897959184,0.33707865168539325,0.9060509554140127,40,628,49
T18,307,0.9003980934694904,0.7138876694009914,0.6363636363636358,0.6948130277442698,0.9588108050127822,0.968034798931485,0.664305132218469,0.8268119163785261,0.6285294120325332,0.9339974084872044,0.10207100495888605,0.3453840175497529,0.5892857142857143,0.6346153846153846,0.6111111111111112,0.93,56,600,52
T18,308,0.8155251844758751,0.5656151723395689,0.4668972332015811,0.6298600311041992,0.943447649330002,0.9700725731120211,0.5362716352974558,0.7866538402171005,0.5005178778799351,0.9205863297700032,0.12412215762515957,0.40075114394767597,0.41379310344827586,0.5853658536585366,0.48484848484848486,0.9163934426229509,58,610,41
T18,309,0.7849480489575935,0.47395814926396085,0.44150707743547013,0.4249649368863955,0.9527216338613895,0.9495925249402837,0.43307810107197536,0.6888432853738925,0.3843345777341941,0.9100583090379009,0.11289211864272077,0.3686450830850836,0.42,0.39622641509433965,0.4077669902912621,0.9040880503144654,50,636,53
T18,310,0.8703814616716175,0.4618066164114281,0.3075995174909532,0.48387096774193544,0.9307849993970818,0.9659617069202852,0.3761061946902657,0.7073279835695087,0.336799338004064,0.9040816326530611,0.12152914847358418,0.3858848169486,0.27450980392156865,0.42424242424242425,0.3333333333333333,0.9058823529411765,51,595,33
T18,311,0.8068244725327056,0.47736024428135226,0.4527720739219711,0.5281437125748503,0.9332498434564809,0.9497833290848839,0.4875621890547263,0.7306967780156656,0.43097154069956645,0.8948979591836735,0.1369411520567668,0.43459086598242075,0.3870967741935484,0.46153846153846156,0.42105263157894735,0.8912685337726524,62,607,52
T18,312,0.7966845804678109,0.3438542595365529,0.288480635551142,0.40619902120717793,0.9251684102421278,0.9542532945527668,0.33736572147488636,0.6656837157246529,0.28360909531276884,0.8890994493035308,0.1332708222949201,0.4287420652392916,0.25925925925925924,0.35,0.2978723404255319,0.888135593220339,54,590,40
T18,313,0.882116581359227,0.642559137366223,0.5641284588971925,0.5549374130737135,0.9619447334544236,0.9605557414287977,0.5594951923076923,0.7584410732640685,0.5207685625245614,0.9287657920310982,0.10080053146845189,0.33528301975196834,0.5294117647058824,0.54,0.5346534653465347,0.9245585874799358,51,623,50
T18,314,0.8507565426410805,0.3937286870951807,0.28759398496240585,0.3227848101265822,0.9545890246824825,0.9612693050193049,0.3041749502982106,0.6386869174045324,0.2627321165853692,0.9206349206349206,0.10657404730762346,0.34537826250315296,0.2972972972972973,0.3142857142857143,0.3055555555555556,0.9188311688311688,37,616,35
T18,315,0.7834136796587832,0.3884788750330751,0.4236111111111115,0.4716494845360828,0.9380905022376926,0.9484665661136249,0.44634146341463454,0.7048699933868876,0.3904549942629498,0.8970521541950113,0.12732733488439757,0.4146516976544787,0.4482758620689655,0.45614035087719296,0.45217391304347826,0.9003164556962026,58,632,57
T18,316,0.8656616185732734,0.6029498046432624,0.5254658385093168,0.6086330935251797,0.9529846153846153,0.9660636306924516,0.5640000000000001,0.7808088544548974,0.5254061803545372,0.9258503401360545,0.10879315580552693,0.3579557602403674,0.46938775510204084,0.5227272727272727,0.4946236559139785,0.922824302134647,49,609,44
T18,317,0.7850175047056898,0.40258654127994964,0.3688888888888891,0.4535519125683062,0.9484947406601376,0.9631675874769797,0.40686274509803944,0.7010233266142218,0.3653795218751686,0.9176870748299321,0.12084125424329843,0.3852348196338057,0.3695652173913043,0.425,0.3953488372093023,0.9147540983606557,46,610,40
T18,318,0.7585645982203477,0.38292492357092317,0.3351278600269182,0.4206081081081085,0.9399611084103063,0.957533737773926,0.3730337078651688,0.6802846082592073,0.3248457526643648,0.9051020408163265,0.12103032010289846,0.39825690161659294,0.3541666666666667,0.3953488372093023,0.37362637362637363,0.9067103109656302,48,611,43
T18,319,0.8516365133233514,0.6413395114256594,0.6060661764705887,0.5304054054054058,0.9614040775160291,0.9481527531083481,0.5657172271791358,0.7459047414607173,0.5220824888669302,0.9180110139293811,0.10947784056160759,0.36704049341453654,0.58,0.4915254237288136,0.5321100917431193,0.9166666666666666,50,612,59
T18,320,0.8583122637623781,0.6084610762832241,0.5349500713266762,0.5222841225626741,0.9597630214761785,0.9577534179086092,0.5285412262156448,0.7410235720194263,0.4873461909606419,0.9241496598639455,0.09468441982597814,0.32269925438396657,0.4634146341463415,0.4418604651162791,0.4523809523809524,0.9239669421487603,41,605,43
T18,321,0.76391174674374,0.44238920473243293,0.4672897196261681,0.395256916996047,0.9575735020468924,0.9438738077769624,0.4282655246252674,0.6764152095214699,0.3808818710162249,0.9091836734693877,0.11920554529193557,0.39474744744273266,0.45,0.33962264150943394,0.3870967741935484,0.9070146818923328,40,613,53
T18,322,0.8479463459408619,0.5968748058061181,0.5012120082043635,0.5549132947976879,0.952984392575928,0.9617574542810011,0.5266973645537378,0.7539488436868079,0.4849135173625523,0.9217525105280208,0.11347042070892391,0.37206239861719076,0.46,0.5,0.4791666666666667,0.9181669394435352,50,611,46
T18,323,0.7684217955569207,0.30401984426536305,0.4074702886247881,0.46966731898238767,0.9579973522686245,0.9670756894666505,0.4363636363636366,0.713832335625506,0.40022503993236547,0.9297052154195011,0.11485869540026902,0.37919639165614105,0.3902439024390244,0.45714285714285713,0.42105263157894735,0.9256756756756757,41,592,35
T18,324,0.811939665625208,0.47224584380553647,0.42894930198383496,0.5530503978779838,0.931174949523573,0.9570583416765266,0.4831581560870641,0.7421126737007786,0.4323363104703281,0.898850016196955,0.12823865052592098,0.4151093299943507,0.4461538461538462,0.5370370370370371,0.48739495798319327,0.900974025974026,65,616,54
T18,325,0.7904537287151199,0.3784476493737903,0.390422535211267,0.4736842105263155,0.9225594045233321,0.9436310395314785,0.42804200123533,0.6981218075248239,0.3638222039352781,0.880012957563978,0.1322993297185773,0.42737644789321494,0.375,0.43636363636363634,0.40336134453781514,0.8847402597402597,64,616,55
T18,326,0.8977014186321605,0.6544851102217821,0.6280087527352304,0.6157697121401761,0.9636668032129944,0.9617996302616608,0.6218290150762849,0.7897182576765848,0.5845994476304313,0.9321509556203432,0.10831902273908943,0.35378142090908415,0.5740740740740741,0.5849056603773585,0.5794392523364486,0.9267100977198697,54,614,53
T18,327,0.7343013238273212,0.3568651419622577,0.39088905216752373,0.41454545454545444,0.9570392122991881,0.9609067415925214,0.40236984747258275,0.6857923334223214,0.3615548683418236,0.9232102364755426,0.11794008034601923,0.3830782793023049,0.38095238095238093,0.4,0.3902439024390244,0.9212598425196851,42,635,40
T18,328,0.8320438220750006,0.39793955664667324,0.34057971014492733,0.475548060708263,0.9336331591102465,0.9610860860860859,0.3969035890218155,0.7045906099092548,0.3513345677261594,0.9028344671201813,0.12402752090859054,0.4005211495345442,0.3584905660377358,0.4523809523809524,0.4,0.9056291390728477,53,604,42
T18,329,0.8186307614103698,0.5246741590954779,0.42618990094225684,0.45487364620938636,0.958954063115689,0.9632992482769396,0.4400648621678934,0.7069138546625376,0.40147403705389706,0.927291869128604,0.09979265533561447,0.3376377587081916,0.4186046511627907,0.45,0.43373493975903615,0.9211409395973155,43,596,40
T18,330,0.8629871336570899,0.6350886910663763,0.5757261410788383,0.6271186440677967,0.948456206679269,0.9579938900203666,0.6003244997295837,0.7877874253735329,0.5542524941221671,0.9162131519274378,0.11325671380938887,0.37630477862543027,0.5272727272727272,0.5471698113207547,0.5370370370370371,0.9155405405405406,55,592,53
T18,331,0.8235731460191672,0.502192807000022,0.4577226606538896,0.517857142857143,0.9494003787081841,0.9598000638094223,0.48593656493117904,0.7336287607826635,0.4416906535460425,0.9165208940719144,0.12617707558122848,0.4003253748045465,0.4444444444444444,0.5106382978723404,0.4752475247524752,0.912396694214876,54,605,47
T18,332,0.8680795899446094,0.44411058825001987,0.2529685080020654,0.5511811023622047,0.9265146513635669,0.9785978651504587,0.34677990092002864,0.7388478768628859,0.332593254833345,0.910301263362488,0.12074266619926227,0.3803215944654139,0.25,0.5185185185185185,0.3373493975903614,0.9131121642969984,56,633,27
T18,333,0.8518852262005028,0.5340626127073027,0.43312499999999976,0.6226415094339621,0.9366708560256946,0.969642211781713,0.5108735716918539,0.7796561827298284,0.47462899400607594,0.9140265630061549,0.12000483174388012,0.39249415297051427,0.3684210526315789,0.5526315789473685,0.4421052631578947,0.9116666666666666,57,600,38
T18,334,0.7646958314871839,0.39467841838556916,0.3972413793103448,0.37795275590551175,0.9457681806899975,0.941445336627548,0.3873570948217888,0.6618604682977547,0.33111928499540977,0.8967120181405895,0.13228245966662752,0.42352927676916086,0.3695652173913043,0.3269230769230769,0.3469387755102041,0.8977635782747604,46,626,52
T18,335,0.8623661362443582,0.644805196945712,0.542750929368029,0.5895020188425297,0.9543147208121829,0.9619368526145016,0.56516129032258,0.7719083698273566,0.5238870719356499,0.9235827664399091,0.1044710070703676,0.3469558307512456,0.4666666666666667,0.4772727272727273,0.47191011235955055,0.918825561312608,45,579,44
T18,336,0.8208993662316482,0.6223968537493836,0.541182415361293,0.6071428571428565,0.9517431972789114,0.9627439384979302,0.5722682340368682,0.7794430272108843,0.5306952153802872,0.9222060252672495,0.11949449092865148,0.39199700693990974,0.4807692307692308,0.5319148936170213,0.5050505050505051,0.9180602006688964,52,598,47
T18,337,0.8188298313719062,0.47600290289708225,0.41565948502364686,0.5450160771704179,0.9418673544069982,0.9646445717549214,0.4716287389446487,0.7434417157887081,0.4303065700255578,0.9138807904114025,0.12788089158834456,0.40539211746650866,0.35714285714285715,0.47619047619047616,0.40816326530612246,0.9073482428115016,56,626,42
T18,338,0.8222255436214905,0.4229348869601973,0.4059423662072668,0.5382059800664452,0.9423043493376905,0.9653446832760492,0.4628099173553719,0.7402551647020679,0.42238283872657284,0.914723032069971,0.12443318423477506,0.39798585946669546,0.4,0.5116279069767442,0.4489795918367347,0.9105960264900662,55,604,43
T18,339,0.8554001422289956,0.6120944526196239,0.5275862068965524,0.5393654524089312,0.9484251474463546,0.9506918238993711,0.53341080766996,0.7438952999276427,0.4830108979511197,0.9089569160997732,0.1213663722993618,0.39020243836182567,0.4716981132075472,0.4807692307692308,0.47619047619047616,0.9045138888888888,53,576,52
T18,340,0.7950206482903992,0.41214629467019837,0.4123947972456004,0.4695121951219512,0.9604775627830381,0.9684013905463601,0.4391038696537677,0.7149948789524947,0.40464609302427257,0.9330903790087465,0.10690678885857853,0.3572301683502721,0.41025641025641024,0.4444444444444444,0.4266666666666667,0.9288079470198676,39,604,36
T18,341,0.8698218414867516,0.5757507047114511,0.6022201665124886,0.5314285714285715,0.9613413647397284,0.949054761693441,0.5646140503035559,0.7463849680841499,0.5212021787974603,0.9186912860382246,0.10081471105053605,0.3414161937546002,0.58,0.4915254237288136,0.5321100917431193,0.9185303514376997,50,626,59
T18,342,0.8455089105970243,0.551169986665214,0.4787234042553196,0.6185567010309282,0.9524156348628307,0.9724838869608329,0.5397301349325342,0.7854861679468792,0.5075695824593731,0.9303854875283446,0.10569121302365198,0.35517704250146426,0.4583333333333333,0.5641025641025641,0.5057471264367817,0.9277310924369748,48,595,39
T18,343,0.8262466910635482,0.6369758166467933,0.6342857142857141,0.5355850422195414,0.9679639594543861,0.9525862068965515,0.580771746239372,0.7517745008369638,0.5436163813037549,0.9273242630385488,0.10973452304971691,0.36314582917528243,0.5714285714285714,0.46153846153846156,0.5106382978723404,0.9238410596026491,42,604,52
T18,344,0.818707576618384,0.5051106422351352,0.5039339103068451,0.5147679324894516,0.955569649243345,0.9573743292855125,0.5092933108040951,0.7351687908663982,0.465801032462663,0.9200356333009394,0.11224296532304451,0.37221239350922386,0.4807692307692308,0.5,0.49019607843137253,0.9140495867768595,52,605,50
T18,345,0.8192054104265659,0.6115009792322379,0.6230450781968716,0.49935483870967723,0.9708958536801918,0.9526763311959855,0.554384528803847,0.7351253461949346,0.5203204698939526,0.9294622610949141,0.10642061422979536,0.3561858353310789,0.5405405405405406,0.40816326530612246,0.46511627906976744,0.9254457050243112,37,617,49
T18,346,0.8135075628202187,0.540636052721849,0.475566150178784,0.506216696269982,0.961937057734563,0.9661829872273873,0.4904129793510322,0.7340768770022725,0.4547598454184004,0.9328474246841595,0.10607817966165145,0.3537031174374787,0.41025641025641024,0.4444444444444444,0.4266666666666667,0.9258620689655173,39,580,36
T18,347,0.8526499418109397,0.3399343072109543,0.3967611336032389,0.4666666666666667,0.9454212454212456,0.9584106943928705,0.4288840262582057,0.7060439560439561,0.38257289113496307,0.9112244897959185,0.11703181812006876,0.38599468939024834,0.3829787234042553,0.4186046511627907,0.4,0.9081632653061225,47,588,43
T18,348,0.8357827615156224,0.5126153335870383,0.43216171917683516,0.4856733524355304,0.9451577725401907,0.9553236501982258,0.4573576178086155,0.7154155624878604,0.40858384402652337,0.9087949465500487,0.10924639888055762,0.361794323653147,0.37735849056603776,0.43478260869565216,0.40404040404040403,0.9034369885433715,53,611,46
T18,349,0.9029393758205475,0.7413271961807733,0.7006869479882232,0.6144578313253009,0.9665863277826467,0.9516772732175602,0.6547455295735897,0.790522079553974,0.6156723319612677,0.9268221574344024,0.09533354000449003,0.3205940152121932,0.6153846153846154,0.5423728813559322,0.5765765765765766,0.9189655172413793,52,580,59
T18,350,0.7728416191731527,0.4469829820654664,0.32164031620553357,0.4986595174262734,0.9535591672444992,0.9773105456562434,0.3910497071632377,0.7261093423353864,0.36768351272844346,0.9343213475866536,0.1169745464451367,0.3753243661593068,0.30952380952380953,0.4642857142857143,0.37142857142857144,0.9285714285714286,42,616,28
T18,351,0.7557029110634281,0.35497054060787014,0.3645016797312431,0.41394658753709185,0.9402862053242608,0.9509595260898868,0.38765383088527194,0.6771163964306763,0.3342853630918184,0.9000647878198899,0.13381251222317622,0.42808124656739477,0.3137254901960784,0.37209302325581395,0.3404255319148936,0.8954468802698144,51,593,43
T18,352,0.8061583792835976,0.23605865814991747,0.30246049209841974,0.38230088495575215,0.9396556199705807,0.9569447136990888,0.3377261559079741,0.6609782524631664,0.2889934141434055,0.9039520570132815,0.12436029514041524,0.3961369028252842,0.30612244897959184,0.36585365853658536,0.3333333333333333,0.9011532125205931,49,607,41
T18,353,0.8907389928181502,0.6186204656097929,0.46164060194747714,0.6762481089258697,0.9361091170136394,0.9727448055019831,0.5487067075843928,0.8061786129697547,0.5157509506480387,0.9166342727567217,0.11571767247324184,0.37333562735245146,0.39344262295081966,0.6,0.4752475247524752,0.912106135986733,61,603,40
T18,354,0.8674004834275684,0.635431585888154,0.5072788353863386,0.6731054977711741,0.9459923898367497,0.972246751608427,0.5785440613026823,0.8095489438039618,0.5448607876902233,0.9251700680272109,0.12133797808320153,0.3881913411017658,0.4074074074074074,0.5641025641025641,0.4731182795698925,0.9166666666666666,54,588,39
T18,355,0.8388385874760524,0.6116136740825777,0.5589635113696456,0.5620347394540944,0.9553994794823345,0.9559277293238448,0.5604949182501106,0.7587171094682144,0.5161611637516375,0.9194525429219308,0.1193370309083542,0.3842335507587309,0.5,0.5185185185185185,0.509090909090909,0.9136,56,625,54
T18,356,0.853030734283262,0.39817647587097144,0.42222937107929864,0.5088195386702846,0.9365157915201215,0.9543612556958377,0.4614978902953584,0.7226676650952033,0.40952302880487274,0.9007774538386781,0.12370549054816672,0.39880861379589727,0.4406779661016949,0.49056603773584906,0.4642857142857143,0.9011532125205931,59,607,53
T18,357,0.8448821420479492,0.45519825571679046,0.4140480591497233,0.5113182423435424,0.932652302462688,0.9535005792064871,0.4575708570942213,0.721985272403115,0.40395639518863247,0.8967768059604794,0.1290045286243995,0.4131536015918845,0.40625,0.5,0.4482758620689655,0.8927973199329984,64,597,52
T18,358,0.7511826797755352,0.22291642847071505,0.20370370370370372,0.23239436619718312,0.9374697043141053,0.9466470876162504,0.21710526315789477,0.5849320352556442,0.1598098789756165,0.8920634920634921,0.1354883196982189,0.4336889762401738,0.21951219512195122,0.23076923076923078,0.225,0.8998384491114702,41,619,39
T18,359,0.8637700492524844,0.5405527421127804,0.557077625570776,0.4822134387351778,0.9639002605135837,0.9518559353178976,0.5169491525423727,0.7230568496243808,0.4764894894117724,0.9224489795918366,0.10371746110209254,0.34714567027992377,0.5555555555555556,0.4716981132075472,0.5102040816326531,0.9225806451612903,45,620,53
T18,360,0.837910932236268,0.5171373897303088,0.4909090909090905,0.4886877828054294,0.958808385435822,0.9584558823529411,0.4897959183673465,0.723748084120626,0.44842959723527726,0.923469387755102,0.10860419961657905,0.3611320500820422,0.475,0.4418604651162791,0.4578313253012048,0.9224137931034483,40,580,43
T18,361,0.8086643163543528,0.5378314870966712,0.5531788472964945,0.5619718309859155,0.9602607010745112,0.9615988428498351,0.5575406727218286,0.7611162660302133,0.5184917131192519,0.928198898607062,0.11135453915659584,0.3651314243155274,0.4772727272727273,0.4772727272727273,0.4772727272727273,0.9243421052631579,44,608,44
T18,362,0.8686106950364646,0.5970296724813438,0.447494033412888,0.5725190839694658,0.9432945499081443,0.9649210724129289,0.5023442732752849,0.757906816938805,0.46122590387144774,0.9157596371882085,0.11339145819516644,0.3709321974001717,0.37254901960784315,0.48717948717948717,0.4222222222222222,0.9147540983606557,51,610,39
T18,363,0.8345561621113095,0.5563432694735001,0.4899845916795066,0.4818181818181814,0.9594362745098038,0.9581446579366049,0.48586707410236785,0.7206272281639927,0.44467856751144036,0.9236961451247169,0.11202107396250131,0.3614059142301327,0.4523809523809524,0.4318181818181818,0.4418604651162791,0.9203980099502488,42,603,44
T18,364,0.8886891859712693,0.726084473634359,0.6767123287671233,0.6848428835489834,0.954251744636857,0.9558576051779936,0.680753330271015,0.8195473140929201,0.6358239117367306,0.921201814058957,0.10771457920573098,0.354161090717368,0.6307692307692307,0.6119402985074627,0.6212121212121212,0.9151103565365025,65,589,67
T18,365,0.8060035134420015,0.4560472461764835,0.5215517241379314,0.4606598984771575,0.9585408366533864,0.9476858690300344,0.4892183288409706,0.709600367565272,0.4435140854661749,0.9140589569160997,0.10873794078926588,0.36122989114590826,0.5,0.4074074074074074,0.4489795918367347,0.9093959731543624,44,596,54
T18,366,0.8516409501223934,0.5184287185274652,0.42013552758954453,0.5020242914979752,0.9364489947482891,0.9534946526952575,0.4574440052700917,0.7192366431231324,0.40475530013856836,0.8999514091350826,0.11350902519300214,0.373705946504916,0.3793103448275862,0.4489795918367347,0.411214953271028,0.8951747088186356,58,601,49
T18,367,0.8396812676343652,0.5515357568249182,0.523407022106632,0.5164670658682634,0.9614643207626524,0.9604208241431222,0.5199138858988158,0.738965693315458,0.4808705786891042,0.9277615808228054,0.11084090860160843,0.36560701262968687,0.45,0.42857142857142855,0.43902439024390244,0.9216354344122658,40,587,42
T18,368,0.865298771646066,0.443864636588452,0.29746070133010905,0.5093167701863356,0.9303106633081443,0.9703490554234955,0.3755725190839697,0.7198137167472398,0.34312755066646555,0.9072562358276642,0.11968190784475319,0.38500376763912547,0.27450980392156865,0.4375,0.3373493975903614,0.9067796610169492,51,590,32
T18,369,0.7583369489020639,0.4052928108688342,0.384712571067593,0.3531799729364004,0.9483444411052379,0.9412889754522642,0.3682725257004634,0.6507622070208191,0.3135242020818625,0.8984774862325882,0.12251264232967196,0.3923820578446293,0.36,0.3333333333333333,0.34615384615384615,0.8906752411575563,50,622,54
T18,370,0.8768778242093893,0.7108557667733799,0.5467636363636361,0.6355029585798818,0.9441827138378861,0.9607035450651599,0.5878029710711492,0.7898428362088838,0.5423757500999663,0.9146096533851636,0.11965778914194779,0.3814305416748736,0.4576271186440678,0.5510204081632653,0.5,0.9102990033222591,59,602,49
T18,371,0.7964080330217508,0.4694217033405418,0.4425465838509316,0.42410714285714274,0.9559401080019635,0.9526663405088063,0.43313069908814583,0.6900236254295532,0.3875559126202384,0.9154195011337869,0.10725299122488922,0.3588933661793872,0.4444444444444444,0.40816326530612246,0.425531914893617,0.9127625201938611,45,619,49
T18,372,0.8489115330243404,0.6996423065197468,0.5898058252427183,0.6558704453441295,0.9581631390023517,0.9681090545272636,0.6210862619808306,0.8070167921732407,0.5853020360338752,0.932766439909297,0.10166864758969223,0.3392411021771961,0.4666666666666667,0.525,0.49411764705882355,0.9286898839137645,45,603,40
T18,373,0.8127864352692633,0.506562149045141,0.3991511348957371,0.4820592823712947,0.9431296176619562,0.9587365281156228,0.43670502725620824,0.7125944500166255,0.39008955609099516,0.9096209912536443,0.11780254506750534,0.3856301958580094,0.36,0.4186046511627907,0.3870967741935484,0.9083601286173634,50,622,43
T18,374,0.8213217095650223,0.6056809924118397,0.42572658772874006,0.5467741935483867,0.9442334494773519,0.9649788128048997,0.478716965906798,0.7455038215128695,0.4379946778597304,0.9162941367023,0.12051267866926697,0.38669921954040803,0.37735849056603776,0.4878048780487805,0.425531914893617,0.9098497495826378,53,599,41
T18,375,0.7927661086835567,0.5131753267925148,0.5095419847328249,0.5047258979206053,0.9337799536202005,0.9325784868759646,0.5071225071225075,0.7192529257704028,0.44030945241549607,0.8823129251700681,0.14073429041420127,0.4539245481680368,0.5,0.4411764705882353,0.46875,0.8876033057851239,60,605,68
T18,376,0.828126649348567,0.49051273560125225,0.4806818181818184,0.5458064516129034,0.94319453076445,0.9556675062972293,0.5111782477341392,0.7445004911886766,0.46192558743800777,0.9082766439909297,0.11307464202368685,0.37325681994800053,0.5,0.5357142857142857,0.5172413793103449,0.9083469721767594,60,611,56
T18,377,0.8402437443368778,0.535016854010147,0.507923269391159,0.5386996904024763,0.9587542381767975,0.9633675189660016,0.5228589826142945,0.7487269642896371,0.48419567756382564,0.9279883381924197,0.11131357649580316,0.3679545618334238,0.4772727272727273,0.4666666666666667,0.47191011235955055,0.9214046822742475,44,598,45
T18,378,0.8783177542597589,0.5534701525272605,0.5026949904882693,0.6499282639885224,0.9448303758287754,0.9691874729398182,0.5669080182354521,0.7973793199086489,0.5297699237424917,0.9215257531584062,0.11644182229047627,0.3753465260263735,0.45454545454545453,0.5681818181818182,0.5050505050505051,0.9173693086003373,55,593,44
T18,379,0.8148342174421661,0.46778779010088956,0.4453727506426739,0.47941888619854756,0.9383108760141535,0.945781396354204,0.4617691154422792,0.7088648811063504,0.40422361238987203,0.8953352769679301,0.1220011614339725,0.39700725875583925,0.42105263157894735,0.42857142857142855,0.4247787610619469,0.8905723905723906,57,594,56
T18,380,0.8198862180773971,0.4708666756828605,0.44102205110255543,0.49518569463548834,0.9436197066247726,0.9541462892228607,0.4665370730352682,0.7194027006301305,0.41641566029851224,0.9066569484936831,0.11961228130638653,0.3817337791129254,0.43103448275862066,0.4807692307692308,0.45454545454545453,0.9021207177814029,58,613,52
T18,381,0.7763041040592067,0.36943916470377636,0.3787313432835823,0.41428571428571437,0.9477237048665619,0.954617330803289,0.395711500974659,0.681004709576138,0.34738359184246076,0.9096209912536446,0.12176897317795798,0.39525882646414645,0.3673469387755102,0.391304347826087,0.37894736842105264,0.9040650406504065,49,615,46
T18,382,0.8464555143629153,0.5667897362366614,0.5316455696202532,0.5744680851063829,0.9463076426959045,0.9544641405106521,0.552227903579255,0.7603878639011437,0.5031442517660127,0.9106413994169097,0.11885840053597356,0.3882682597137312,0.5172413793103449,0.5172413793103449,0.5172413793103449,0.9109697933227345,58,629,58
T18,383,0.864765145379399,0.6455056508558592,0.5412217001281501,0.6270207852193995,0.9421315420812528,0.9586782901109345,0.5809705769965609,0.7845761636503261,0.5334034522405617,0.9111920958859736,0.11778939174719252,0.3831298908566348,0.4666666666666667,0.5490196078431373,0.5045045045045045,0.905982905982906,60,585,51
T18,384,0.8553675917099199,0.5661036829151591,0.4175946547884188,0.6421232876712331,0.9364983001457018,0.9736177732895734,0.5060728744939272,0.7893107939084674,0.47577721289297537,0.9170068027210885,0.12210966838639835,0.39520554719710327,0.36363636363636365,0.5555555555555556,0.43956043956043955,0.9134125636672326,55,589,36
T18,385,0.8233453754263715,0.4633407407020733,0.28959810874704467,0.46563192904656325,0.938446306949115,0.9702280107299167,0.3570994777116481,0.7020391179978391,0.32402172770333354,0.914269517330742,0.11361955191746698,0.3683212052762409,0.22916666666666666,0.39285714285714285,0.2894736842105263,0.9124797406807131,48,617,28
T18,386,0.7106882416659314,0.20044111183031182,0.16881028938906756,0.19522776572668124,0.9469861398321738,0.9552303130602675,0.18106049719787332,0.5711069527794275,0.1328167855438216,0.9076935536119208,0.1276775104664751,0.40793654341755986,0.1891891891891892,0.20588235294117646,0.19718309859154928,0.9077669902912622,37,618,34
T18,387,0.8697300364802226,0.5644392631163562,0.46597118728266296,0.588579795021962,0.9433803261995469,0.9646864508716181,0.5201478743068394,0.7659800606107544,0.4786362809039028,0.9159054097829608,0.122295471603647,0.38794683731682095,0.4,0.5333333333333333,0.45714285714285713,0.9092356687898089,60,628,45
T18,388,0.8152541817002117,0.39959663423964314,0.347265128111939,0.5209923664122138,0.9381457501033201,0.9687572238917439,0.41674844618907436,0.729569058257767,0.38091719241297095,0.9133624878522837,0.12225137117082464,0.39411829626441985,0.3076923076923077,0.45714285714285713,0.367816091954023,0.9066213921901528,52,589,35
T18,389,0.7800317853016308,0.4556834816596174,0.40136054421768674,0.510086455331412,0.9350233817376321,0.9571680524061476,0.4492385786802027,0.7225549185345221,0.3994804190793684,0.9015873015873016,0.13826994286641808,0.440854382121907,0.4067796610169492,0.4897959183673469,0.4444444444444444,0.9,59,600,49
T18,390,0.8452811066710246,0.5247599147400758,0.4451882845188279,0.5364705882352935,0.9286968990858575,0.9494594099321971,0.48658536585365797,0.7325837436605758,0.428459188727315,0.8908973113054746,0.13172596750576365,0.4144227448541689,0.4117647058823529,0.5,0.45161290322580644,0.8896103896103896,68,616,56
T18,391,0.8826325201801526,0.676157224982475,0.5003503854239661,0.6854838709677419,0.9369383711879995,0.9700027470011903,0.578465527019363,0.8112111210778706,0.5410713920445637,0.9157272432782637,0.115663808174383,0.3712719553816398,0.4375,0.6222222222222222,0.5137614678899083,0.9129720853858785,64,609,45
T18,392,0.7803639104526487,0.41077288105438936,0.3857142857142855,0.4618973561430792,0.9421548245077654,0.9570186335403725,0.42038216560509534,0.7020260903254224,0.37213167482179466,0.9071428571428571,0.12015338878972603,0.39411342289539864,0.38461538461538464,0.4444444444444444,0.41237113402061853,0.9053156146179402,52,602,45
T18,393,0.8241434207133365,0.5161496360372737,0.500738552437223,0.4599728629579377,0.9581838426326857,0.9511236644971137,0.47949080622347956,0.7090783527953116,0.43468289132899884,0.9165532879818595,0.11147666525200026,0.3688607910388253,0.5,0.4339622641509434,0.46464646464646464,0.9143780290791599,46,619,53
T18,394,0.8611549849371485,0.68915854856002,0.5455803228285935,0.622850122850123,0.947253845330288,0.9610935095501042,0.5816602474801279,0.7850519840902055,0.5374539630631366,0.9173145448655653,0.10915670317808115,0.3579838405919435,0.48333333333333334,0.5686274509803921,0.5225225225225225,0.9100169779286927,60,589,51
T18,395,0.9127023937718957,0.6946294844041323,0.575262866629773,0.6117404737384139,0.9441239102342426,0.9515886410331668,0.5929411764705881,0.7779321919863283,0.5411635508347961,0.9075315840621965,0.10855433256090334,0.35382553202652073,0.47692307692307695,0.543859649122807,0.5081967213114754,0.9030694668820679,65,619,57
T18,396,0.8156998148472724,0.498029737695879,0.4567126725219573,0.5370051635111874,0.9549529242453143,0.9669405526879457,0.49361509775115825,0.745979043878251,0.45652998866026046,0.9274214447683835,0.1122948537493266,0.3741867355890534,0.4883720930232558,0.5121951219512195,0.5,0.9278350515463918,43,582,41
T18,397,0.90371002350307,0.662587711110499,0.5109034267912769,0.6823855755894587,0.941844672181751,0.9708540155275552,0.5843230403800471,0.812115123885605,0.5483863305957858,0.9206349206349206,0.11375242685106464,0.36746581810824086,0.4918032786885246,0.6382978723404256,0.5555555555555556,0.9176672384219554,61,583,47
T18,398,0.784117691872361,0.41443351691884417,0.4031552936704051,0.3986842105263159,0.9443459766040412,0.943359478744312,0.4009072866458748,0.6715150935651785,0.3447680774446096,0.8973275024295432,0.1275733262466538,0.40956405254884126,0.38181818181818183,0.39622641509433965,0.3888888888888889,0.8947368421052632,55,627,53
T18,399,0.8457012423863195,0.6094555869768267,0.5542521994134894,0.5723192019950121,0.9539607312119162,0.9570813149098191,0.563140829024625,0.7631399666034643,0.5187528966324274,0.9192581794622612,0.12039242524775423,0.3876488800353929,0.5,0.5098039215686274,0.5048543689320388,0.9123711340206185,52,582,51
T18,400,0.858362156605836,0.5388945700133458,0.4453907815631262,0.58887171561051,0.9419517225708343,0.966602094992108,0.5071788532851573,0.7654117190906722,0.46764888029297363,0.9160511823777131,0.1152648803922525,0.3738384599841499,0.40350877192982454,0.5348837209302325,0.46,0.9137380191693291,57,626,43
T18,401,0.8075904147501849,0.537025407080763,0.47673098751418863,0.4693611473272492,0.9509322169200478,0.9495341339851916,0.4730173627404976,0.7101466821236484,0.42326871131263283,0.909054097829608,0.11823008789538952,0.38756445288218216,0.4,0.3829787234042553,0.391304347826087,0.9022687609075044,45,573,47
T18,402,0.8492556059685689,0.5281208848906916,0.41426403641881626,0.5302114803625377,0.9391657619164356,0.9609919547026463,0.4651206814955039,0.7346886211394867,0.41968633794925314,0.9084710074505992,0.11698593768310261,0.37839470274221465,0.38181818181818183,0.4883720930232558,0.42857142857142855,0.9074380165289256,55,605,43
T18,403,0.8233773396453101,0.5112483210121331,0.46315420969718163,0.506024096385542,0.9457273805099893,0.9538972281221556,0.48364101626759254,0.7258757384477658,0.4340548386739759,0.9084872044055718,0.11683471595338007,0.3843670375023238,0.4166666666666667,0.425531914893617,0.42105263157894735,0.9051724137931034,48,580,47
T18,404,0.8842447891335883,0.5417825359365991,0.4142011834319525,0.5783132530120482,0.9596158749043933,0.9787636086263086,0.4826892687832207,0.7689645639582208,0.4597686460533886,0.941674765144153,0.10853449370079861,0.3569856557695729,0.3953488372093023,0.5666666666666667,0.4657534246575342,0.9375,43,624,30
T18,405,0.8262011289457915,0.4616092057602531,0.3775510204081633,0.4673684210526316,0.9561414020371478,0.9692662779397472,0.4176857949200376,0.7117549115448897,0.38324996107996884,0.9298185941043082,0.11463891321880644,0.3762283727635211,0.32432432432432434,0.4,0.3582089552238806,0.929042904290429,37,606,30
T18,406,0.793696250413292,0.4528651787939005,0.4255319148936171,0.46296296296296297,0.950440528634361,0.9571164510166358,0.4434589800443459,0.706701745798662,0.39772876501619686,0.9146258503401359,0.11837805986438525,0.38651607311882424,0.42857142857142855,0.44680851063829785,0.4375,0.9108910891089109,49,606,47
T18,407,0.8176777982103316,0.5314191411967015,0.45466847090663004,0.5433962264150939,0.93543391188251,0.953874639220171,0.49508840864440024,0.7394150691488022,0.44229261120049185,0.9000971817298349,0.12510873587708377,0.40926805578415165,0.4107142857142857,0.46938775510204084,0.4380952380952381,0.8984509466437177,56,581,49
T18,408,0.7613473522607023,0.4232217396282812,0.405116376598868,0.44444444444444475,0.9505688847071944,0.9576100121114252,0.42387011847301476,0.6975066645758194,0.3785257697642313,0.9149335924846128,0.11898143988826045,0.3854452797931307,0.40816326530612246,0.43478260869565216,0.42105263157894735,0.9099836333878887,49,611,46
T18,409,0.8513341522250673,0.4468608104983225,0.4418604651162791,0.5219780219780219,0.9564902102973168,0.9680733944954127,0.47858942065491183,0.7392341161376693,0.4428773296954968,0.9295918367346939,0.11189917155322819,0.3688383212255561,0.4318181818181818,0.5135135135135135,0.4691358024691358,0.9293924466338259,44,609,37
T18,410,0.855723174059546,0.4939941541556988,0.43559857763729737,0.4929577464788732,0.9501108841042836,0.9599844736934966,0.4625065547981121,0.7215343152915784,0.4186531271052933,0.916990605766116,0.10627662868391295,0.35399370108974987,0.42857142857142855,0.4666666666666667,0.44680851063829785,0.9111111111111111,49,585,45
T18,411,0.8328628587536846,0.5219515711445741,0.4704555705908891,0.5701530612244904,0.9373888928393657,0.9571783840694147,0.5155284619820418,0.7537709770319277,0.4658778519873469,0.9047457078069323,0.11896447710366663,0.38685120506292453,0.45,0.5,0.47368421052631576,0.9024390243902439,60,615,54
T18,412,0.7774161552886372,0.501466838011818,0.4373088685015289,0.5315985130111524,0.9311119430924746,0.951779563719862,0.4798657718120804,0.7313552280518135,0.42430565155063077,0.8945578231292517,0.13169207657812418,0.41864781660433587,0.421875,0.48214285714285715,0.45,0.8905472636815921,64,603,56
T18,413,0.8688902285050898,0.6309884265559126,0.4633385335413414,0.604887983706721,0.9586985232320806,0.9762807189142926,0.5247349823321553,0.7817932534694008,0.49775845434760657,0.9390022675736963,0.10201994079549802,0.3410790977190072,0.3783783783783784,0.4827586206896552,0.42424242424242425,0.9367720465890182,37,601,29
T18,414,0.8486446816720923,0.5580112901552252,0.46385542168674687,0.4583333333333335,0.9579924480805537,0.9570889657340459,0.46107784431137727,0.7081628907069435,0.4186287150026288,0.9212827988338192,0.11067979711247614,0.3652964057611031,0.425,0.40476190476190477,0.4146341463414634,0.9179487179487179,40,585,42
T18,415,0.753479923750206,0.3567517783925427,0.3691406250000001,0.36627906976744196,0.9611030828516377,0.9606403466538276,0.3677042801556421,0.6636910763095398,0.3285793730483415,0.9263038548752834,0.10270017221467413,0.34340426032122423,0.37142857142857144,0.34210526315789475,0.3561643835616438,0.922824302134647,35,609,38
T18,416,0.8560431316676771,0.5891443740396307,0.5284815507566735,0.55361596009975,0.9505933079143354,0.9551370414794391,0.540756850804697,0.752104634007043,0.49380661841390217,0.9144962747003563,0.11853451235387952,0.38494274641847204,0.46153846153846156,0.5,0.48,0.913477537437604,52,601,48
T18,417,0.8063275081027645,0.428453840382231,0.45473393227366965,0.4519230769230769,0.9587429408073626,0.9582919563058588,0.4533241474336893,0.7053330088652197,0.4118442628986475,0.9228862973760933,0.10996522021936538,0.366681885112573,0.4634146341463415,0.4318181818181818,0.4470588235294118,0.922824302134647,41,609,44
T18,418,0.8086313536329301,0.5680470018762112,0.5505928853754939,0.5553488372093025,0.9370838328875771,0.9382086795937209,0.5529606351306648,0.7462163350484396,0.49061375825115716,0.8905571752510527,0.12585094780840506,0.4047191296222657,0.49230769230769234,0.463768115942029,0.47761194029850745,0.8863636363636364,65,616,69
T18,419,0.8768999465501713,0.6925026596780562,0.6201201201201207,0.5854465270121283,0.9588922388113591,0.952785850105837,0.6022846957789845,0.7721693829117435,0.5584397270661411,0.9204891480401685,0.10335163709508409,0.3402547175621416,0.5555555555555556,0.5263157894736842,0.5405405405405406,0.9142857142857143,54,595,57
T18,420,0.7979561496835486,0.46924679423324506,0.3827258320126785,0.49023090586145684,0.9460890326822259,0.9645629012911872,0.42985871620869975,0.7181599692718412,0.3892672587979306,0.9169906057661159,0.12117127648040833,0.38275285280377425,0.37254901960784315,0.4634146341463415,0.41304347826086957,0.9164086687306502,51,646,41
T18,421,0.8281780051720594,0.4751079462023981,0.4757914338919925,0.4960362400906002,0.9391997696142835,0.9436668113425923,0.4857029702970297,0.7176180048524419,0.42727430638140806,0.8948331713637836,0.12418072052855916,0.4047083147146673,0.42857142857142855,0.4576271186440678,0.4426229508196721,0.8877887788778878,63,606,59
T18,422,0.8361728986401238,0.5838352931925421,0.5882045929018792,0.5313531353135316,0.9572566227856331,0.9467423917702529,0.5583353975724551,0.7443048790495823,0.5112536716509017,0.9133624878522837,0.11789834377371083,0.38308157034577844,0.5555555555555556,0.4838709677419355,0.5172413793103449,0.9055649241146712,54,593,62
T18,423,0.8485644913437576,0.6144632824575579,0.5752508361204012,0.5958429561200922,0.9520995725421171,0.9558248138331441,0.5853658536585364,0.7739712643311047,0.5394431708219807,0.9171201814058957,0.11833813259203409,0.3793391532396911,0.5,0.5098039215686274,0.5048543689320388,0.9159802306425041,52,607,51
T18,424,0.7850986944908234,0.5071123641651922,0.4186495176848877,0.4991055456171736,0.9531014923824511,0.9656592203241349,0.4553508976451389,0.7261035189998123,0.416877819141812,0.9243278263686425,0.11315143778501283,0.3717164764238078,0.3958333333333333,0.475,0.4318181818181818,0.9176276771004942,48,607,40
T18,425,0.78443475228022,0.36698909359877524,0.49985661026670486,0.3784194528875377,0.9694752686666432,0.9508523166188866,0.43074261707648565,0.6739473607770906,0.3959788588054239,0.9253806284418526,0.11094790544919954,0.36818826309409347,0.5151515151515151,0.3617021276595745,0.425,0.9230769230769231,33,598,47
T18,426,0.823493084133516,0.5367322642309136,0.4742785445420326,0.5249999999999999,0.9482716049382717,0.957372553907516,0.49835201054713246,0.7366358024691358,0.45198253078696093,0.9137188208616781,0.1136136764383738,0.37658630156533984,0.45098039215686275,0.46938775510204084,0.46,0.9080068143100511,51,587,49
T18,427,0.784412509521746,0.3357629431683702,0.2635514018691588,0.3700787401574803,0.9533120037919184,0.9710319855159926,0.30786026200873357,0.6616953719746994,0.2754307465855132,0.9281179138321995,0.11217015296601679,0.36707513253521956,0.2702702702702703,0.35714285714285715,0.3076923076923077,0.926948051948052,37,616,28
T18,428,0.8103126608912011,0.4364300266294458,0.36957006014702626,0.4906832298136647,0.9515070511831935,0.9699219227611744,0.4216010165184246,0.721095140498429,0.3874532943702491,0.9262714609653385,0.11040945952865323,0.3676429929834927,0.3170731707317073,0.41935483870967744,0.3611111111111111,0.9228187919463087,41,596,31
T18,429,0.8239648761650311,0.6404117995900058,0.6015516212452755,0.5461441213653605,0.9643613330249273,0.9556891717948266,0.5725104127224537,0.7552527271951439,0.5333614761639056,0.9268545513443472,0.10253926371906605,0.34487811354688747,0.5333333333333333,0.47058823529411764,0.5,0.9232,45,625,51
T18,430,0.8794934824546994,0.6535024706061846,0.5677655677655683,0.6216577540106955,0.9561446977205152,0.9646294213223345,0.5934907466496494,0.7889012258656052,0.5546342308083773,0.9277777777777777,0.10355276936849042,0.3459968056435122,0.5306122448979592,0.5531914893617021,0.5416666666666666,0.9260504201680673,49,595,47
T18,431,0.8565110289181043,0.6877463612639159,0.6281606346058507,0.65421686746988,0.9597711424995529,0.9639246529835334,0.640924036759127,0.8069940049847162,0.602937200261506,0.9310171687722707,0.1119612227511456,0.36134480806551894,0.5535714285714286,0.5961538461538461,0.5740740740740741,0.9252032520325203,56,615,52
T18,432,0.7461576012479376,0.30588179192461035,0.32137962539972603,0.3501742160278745,0.9485291569938672,0.954482061294934,0.3351595998094331,0.6493516865108708,0.2870554237480318,0.9095885973436993,0.12497275028529119,0.4025821381824546,0.30434782608695654,0.3333333333333333,0.3181818181818182,0.904610492845787,46,629,42
T18,433,0.8804666687912263,0.6964475715436245,0.557401074743527,0.6662125340599455,0.9519804953888555,0.9691541214770049,0.6069687028991931,0.8090965147244005,0.5705372484979194,0.9281988986070617,0.11260576514672334,0.3716055524964899,0.47058823529411764,0.5714285714285714,0.5161290322580645,0.9232081911262798,51,586,42
T18,434,0.8713130099654555,0.32250130105429187,0.23823823823823823,0.44155844155844143,0.9219567223874471,0.9676030567215583,0.30949284785435627,0.6817575819729443,0.2735442049909759,0.896793002915452,0.13174103933779155,0.41835183900674044,0.23728813559322035,0.4375,0.3076923076923077,0.8956953642384106,59,604,32
T18,435,0.8796726194096491,0.6398972770231938,0.5984654731457795,0.6298788694481824,0.9611241797697166,0.9657875093306795,0.6137704918032781,0.7955015246089499,0.5774731449806831,0.9332199546485259,0.10751076324625987,0.3613356765079025,0.5918367346938775,0.5918367346938775,0.5918367346938775,0.9312714776632303,49,582,49
T18,436,0.7990218465522969,0.3654325337690515,0.3547445255474453,0.3665158371040724,0.9458134117935515,0.9483712354025813,0.36053412462908013,0.656164624448812,0.3076880204794344,0.9022675736961452,0.12073076315780498,0.3953573673948615,0.37777777777777777,0.3617021276595745,0.3695652173913043,0.9023569023569024,45,594,47
T18,437,0.8436887511744493,0.5215920605393061,0.3781104592352825,0.5574112734864299,0.9473512939524208,0.9738718594291951,0.45057859209257495,0.7523812837194255,0.42150622636227036,0.9261742792355037,0.11048467152669135,0.3646906336592132,0.32608695652173914,0.4838709677419355,0.38961038961038963,0.9210084033613445,46,595,31
T18,438,0.8515606145640682,0.4787684157561989,0.43162751677852307,0.5113043478260867,0.953045135580005,0.9654742680615039,0.4680996247014667,0.732174741703046,0.4294112348904064,0.9242468415937803,0.11928471589109717,0.38281389264766946,0.3953488372093023,0.4473684210526316,0.41975308641975306,0.9214046822742475,43,598,38
T18,439,0.8644070832322426,0.6578616339496046,0.5674778761061948,0.68218085106383,0.951536936043629,0.9698079838302172,0.6195652173913044,0.8168588935537293,0.583513158551743,0.9285714285714285,0.11068373901460418,0.36587124598479515,0.46938775510204084,0.5609756097560976,0.5111111111111111,0.9255499153976311,49,591,41
T18,440,0.804158747824752,0.4223087619244341,0.332433890987588,0.4067796610169494,0.935118974771404,0.9520300457450027,0.365868144921798,0.6709493178941766,0.3118618795233835,0.896242306446388,0.11976814006272057,0.38565538455136156,0.28846153846153844,0.3488372093023256,0.3157894736842105,0.8973143759873617,52,633,43
T18,441,0.8374569737023273,0.5417120525189489,0.46181653863533645,0.5840000000000002,0.9367498672331385,0.9603636957586975,0.5157708806459752,0.7603749336165693,0.4688819691661738,0.906754130223518,0.11890542257966938,0.3805577198905296,0.45454545454545453,0.5555555555555556,0.5,0.9030694668820679,66,619,54
T18,442,0.8058644530521978,0.4709829063162091,0.5022143489813993,0.5118483412322272,0.9607740494512205,0.9622011743324478,0.5069855817592487,0.7363111953417241,0.4685009870844399,0.9285552316164563,0.11468096247826912,0.37424443214508946,0.41025641025641024,0.42105263157894735,0.4155844155844156,0.9251247920133111,39,601,38
T18,443,0.8742795873101411,0.6914921481952383,0.5992555831265509,0.641528925619835,0.9471108361836837,0.9554197408508608,0.6196721311475412,0.7943198809017592,0.5714052419993646,0.9135730482669258,0.1132585249560128,0.3739726694503916,0.53125,0.5666666666666667,0.5483870967741935,0.9084967320261438,64,612,60
T18,444,0.8006251724242543,0.36571021532846143,0.35603112840466916,0.5243553008595987,0.9184929820241315,0.9573921971252565,0.42410196987253757,0.7214241414418652,0.3725573533385644,0.8873015873015873,0.14388910532162477,0.45394634988318017,0.36764705882352944,0.5208333333333334,0.43103448275862066,0.8942307692307693,68,624,48
T18,445,0.8846324515844587,0.6272192414081033,0.5558941154065896,0.599137931034483,0.9589927551522824,0.9654268972720352,0.5767065099278873,0.7790653430933826,0.5394119525278427,0.9305960479429868,0.10345710698756178,0.34516632697415434,0.5,0.5227272727272727,0.5111111111111111,0.9260504201680673,46,595,44
T18,446,0.8120479745190541,0.6020575047065746,0.5267056530214421,0.556730769230769,0.9331252295262578,0.9402904986585252,0.5413021702838061,0.7449279993785134,0.47828952141655606,0.8887431162941366,0.13443118223636794,0.4281305044234859,0.44776119402985076,0.46153846153846156,0.45454545454545453,0.8823529411764706,67,612,65
T18,447,0.8718614762081046,0.5486740320584291,0.46016713091922007,0.5371775417298937,0.9491133789626617,0.962115162807204,0.49569913982796554,0.7431454603462777,0.4531578592592067,0.9183349530288305,0.11465388874380736,0.37075803209942293,0.4444444444444444,0.5333333333333333,0.48484848484848486,0.9158415841584159,54,606,45
T18,448,0.8577715323417507,0.6235597634818698,0.48175182481751827,0.5892857142857143,0.9570217917675545,0.9717271051014136,0.5301204819277109,0.7731537530266344,0.4977338076238296,0.9336734693877551,0.10574890219678268,0.34876675010849145,0.4318181818181818,0.5277777777777778,0.475,0.9286926994906621,44,589,36
T18,449,0.7974880294078341,0.5984359837573464,0.5604395604395604,0.575909661229611,0.9551290041131744,0.957755280589926,0.5680693069306931,0.7655193326713927,0.5245774459198708,0.9208616780045352,0.11204679542824289,0.37771335484647034,0.4888888888888889,0.4583333333333333,0.4731182795698925,0.9209677419354839,45,620,48
T18,450,0.8494687893438395,0.4651509760738512,0.4224643755238891,0.5020920502092048,0.9392641173463089,0.9551949798296726,0.45884923525127436,0.720678083777757,0.40826741937158423,0.9037252996436669,0.12115513459229554,0.38969110631812315,0.39285714285714285,0.4583333333333333,0.4230769230769231,0.9001663893510815,56,601,48
T18,451,0.8846997418872113,0.7198343330207898,0.72499576916568,0.6169354838709683,0.9703445506971312,0.9523562178717917,0.6666147981016111,0.7936400172840494,0.6307101540027218,0.9305960479429869,0.10541756413736598,0.348653575064594,0.6923076923076923,0.5625,0.6206896551724138,0.9262981574539364,52,597,64
T18,452,0.8731736720984281,0.645462131103985,0.5802519301097112,0.5566166439290584,0.9635040364606334,0.9599598718715898,0.5681886004177854,0.760060340194846,0.5300710612748585,0.9296890184645287,0.10265445965664395,0.3379243441535365,0.5,0.4782608695652174,0.4888888888888889,0.9232053422370617,44,599,46
T18,453,0.8313106980676992,0.48944341529785224,0.42328410078192885,0.4957264957264958,0.9415936367155877,0.9557381441457531,0.45665010778892123,0.7186600662210417,0.40712904385497817,0.9061062520246195,0.11831071943143262,0.3858886078811553,0.3888888888888889,0.4375,0.4117647058823529,0.9008264462809917,54,605,48
T18,454,0.8202607937152065,0.6038359995651913,0.4878167641325537,0.6364985163204748,0.9447055522429937,0.9691457973517558,0.5523266507265037,0.7906020342817343,0.5153527917027961,0.9211532231940397,0.10798735347609408,0.3596552527415188,0.43333333333333335,0.5909090909090909,0.5,0.9140495867768595,60,605,44
T18,455,0.8165772912296304,0.42317598664781475,0.4256983240223467,0.4186813186813189,0.9350189633375473,0.9332492113564667,0.42216066481994485,0.676850141009433,0.3563142496357154,0.8817460317460317,0.12397725902589404,0.40927193615720214,0.4482758620689655,0.40625,0.4262295081967213,0.8815566835871405,58,591,64
T18,456,0.8110324721551558,0.48227051070494853,0.3835419659347427,0.4643478260869564,0.947951139218574,0.9620869748711905,0.4200944032366825,0.7061494826527652,0.37749497304458624,0.9164237123420798,0.11510896065883304,0.3836454537419004,0.3488372093023256,0.40540540540540543,0.375,0.9159663865546218,43,595,37
T18,457,0.8279903005053518,0.48755661579443477,0.36186099942561756,0.48387096774193544,0.9423695404087559,0.9643293168427197,0.41406506736772924,0.7131202540753456,0.3728746788936601,0.9133624878522838,0.11714998529394283,0.3791913097159533,0.36538461538461536,0.48717948717948717,0.4175824175824176,0.9133986928104575,52,612,39
T18,458,0.8244321677133097,0.5597064073765768,0.5812979762735521,0.48703956343792637,0.9682029359289158,0.9541790706986297,0.5300106044538706,0.7276212496834211,0.49373262928146827,0.9282150955620344,0.10685542329502505,0.3555633229340553,0.5813953488372093,0.4807692307692308,0.5263157894736842,0.9262295081967213,43,610,52
T18,459,0.8872080855582917,0.7007925260143971,0.6586586586586589,0.6886446886446891,0.9634688521077722,0.9679797653643308,0.6733179841391664,0.8260567703762304,0.6392490918735617,0.9379494655004859,0.10666858164027472,0.35370022295317516,0.5531914893617021,0.5777777777777777,0.5652173913043478,0.9348534201954397,47,614,45
T18,460,0.7849221214536188,0.300617033451694,0.3368983957219253,0.4277227722772277,0.9488703719611715,0.9646649898693493,0.37691636544933327,0.6882965721191996,0.33699659281214506,0.9190314220926464,0.12948712283137442,0.40776976869446974,0.3409090909090909,0.40540540540540543,0.37037037037037035,0.9169381107491856,44,614,37
T18,461,0.8349883295381436,0.3685858659717941,0.4211298606016141,0.44890510948905116,0.9591219950262503,0.9633310783854573,0.43457413249211363,0.7040135522576507,0.396068786619356,0.9274214447683836,0.10788299864082058,0.35869300594497283,0.4146341463414634,0.4473684210526316,0.43037974683544306,0.9235993208828522,41,589,38
T18,462,0.8234572419246886,0.5540432863560836,0.5903960599220197,0.5458167330677295,0.9646531725371442,0.9579017707985298,0.5672318611987386,0.7552349528024367,0.5290458788151327,0.9288953676708779,0.10904536326206025,0.3601303586083747,0.5531914893617021,0.5,0.5252525252525253,0.9226973684210527,47,608,52
T18,463,0.8774093168041304,0.544911388130042,0.4197578320199885,0.5662431941923776,0.9478430627299896,0.9704087588658752,0.48211920529801333,0.7570431284611836,0.44786078449075656,0.9240038872691934,0.10606985989392755,0.3505419124568261,0.4117647058823529,0.5526315789473685,0.47191011235955055,0.9221854304635762,51,604,38
T18,464,0.7680685556412927,0.3550645110897488,0.33665290259898,0.3867187500000001,0.9530400990439508,0.961855509084914,0.3599532528243087,0.6698794245219755,0.3184664415345175,0.9201652089407191,0.11470559213869215,0.37958689492814146,0.34146341463414637,0.3783783783783784,0.358974358974359,0.9153976311336718,41,591,37
T18,465,0.8188551089316388,0.5324130202686677,0.49619889048695304,0.43396226415094336,0.9563506898086337,0.9446134369560247,0.4629984662576687,0.6951564769797886,0.414794842863391,0.9092646582442501,0.10602990222799145,0.359326268269182,0.46,0.41818181818181815,0.4380952380952381,0.9059011164274322,50,627,55
T18,466,0.8002495375009747,0.46994723452334153,0.3935742971887551,0.4481707317073174,0.9445124938755509,0.9551591725504767,0.4191019244476124,0.6963416127914339,0.3700564602407402,0.9075963718820861,0.12085619450419842,0.3884966027322447,0.3541666666666667,0.38636363636363635,0.3695652173913043,0.9041322314049587,48,605,44
T18,467,0.8399680861476252,0.4751603442586071,0.44878706199460916,0.5336538461538463,0.9500976085895559,0.9639762317405299,0.48755490483162517,0.7418757273717012,0.4468499119492491,0.9206349206349207,0.11688451317858208,0.3855476890591259,0.425531914893617,0.4878048780487805,0.45454545454545453,0.9183673469387755,47,588,41
T18,468,0.8808568246575028,0.5446909765899298,0.4125539051269762,0.5482912332838035,0.9355064966946638,0.9616431442527801,0.4708348523514397,0.7418988649892337,0.4254828822109838,0.9059604794298671,0.12626325981439634,0.40029490145257773,0.36666666666666664,0.5,0.4230769230769231,0.9059561128526645,60,638,44
T18,469,0.8521053797151357,0.634644636439126,0.4785373608903024,0.6254545454545453,0.9296703296703295,0.9600863596102743,0.5422202206710202,0.7775624375624375,0.49344800949004697,0.901214771622935,0.13307681993613354,0.41684970630874074,0.4444444444444444,0.5818181818181818,0.5039370078740157,0.8956953642384106,72,604,55
T18,470,0.8364569575608316,0.564535823516648,0.5166475315729047,0.5597014925373135,0.9474800399201593,0.9554660963643222,0.5373134328358209,0.7535907662287363,0.48933353994107026,0.9121315192743763,0.11702181235650758,0.38642547935992094,0.46296296296296297,0.5,0.4807692307692308,0.9108910891089109,54,606,50
T18,471,0.8195170314005826,0.5084192643989559,0.3860414394765537,0.42961165048543665,0.9295897948974486,0.9405289130709855,0.4066628374497413,0.6796007226914427,0.34249750751541863,0.8828798185941042,0.12739824080880946,0.40736874100779635,0.3559322033898305,0.3888888888888889,0.37168141592920356,0.8822553897180763,59,603,54
T18,472,0.733746620456329,0.3988784155512302,0.3526198664778473,0.40752864157119456,0.9443119920644586,0.9553849675158897,0.37809110629067233,0.6759203168178267,0.32919388808907213,0.9071266601878847,0.1316714299971731,0.4225358306652312,0.30434782608695654,0.35,0.32558139534883723,0.9039735099337748,46,604,40
T18,473,0.8109335494863565,0.4761960694832417,0.362783810463968,0.5320945945945944,0.9327557469268701,0.9651647443498258,0.4314224222265698,0.7324251707607323,0.39044461541512254,0.9058632977000324,0.12689758892003702,0.4097139481259282,0.29411764705882354,0.4411764705882353,0.35294117647058826,0.9056603773584906,51,583,34
T18,474,0.891999885224312,0.6658461746972545,0.6197368421052634,0.6322147651006712,0.9642105263157894,0.9660049627791563,0.6259136212624586,0.7982126457082303,0.5910594104428023,0.9361678004535149,0.1024081706460791,0.34278541495240206,0.6153846153846154,0.6153846153846154,0.6153846153846154,0.9344262295081968,52,610,52
T18,475,0.8765650893491331,0.6326685565693636,0.49828285981891945,0.6039735099337745,0.9430697015321936,0.9621751545162105,0.5460610726199638,0.7735216057329842,0.5018868706263712,0.9140427599611273,0.11229246565306933,0.3654188657535696,0.4745762711864407,0.5490196078431373,0.509090909090909,0.9098497495826378,59,599,51
T18,476,0.8319936131392928,0.46818792065972037,0.3276131045241812,0.5212355212355214,0.9332518842275527,0.9689839381108072,0.40234167110165003,0.727243702731537,0.3671506780263337,0.9090540978296079,0.12108484899072289,0.39330310828979,0.32727272727272727,0.5142857142857142,0.4,0.9086294416243654,55,591,35
T18,477,0.871244373620214,0.6738107435166979,0.5906127770534545,0.6256906077348061,0.9612154150197628,0.9663479448652675,0.6076458752515085,0.7934530113772846,0.571737354151214,0.9336734693877549,0.10302688224844997,0.3408283461882261,0.5,0.5,0.5,0.9307086614173228,44,635,44
T18,478,0.8578426033718931,0.5620015337811172,0.5295416896742131,0.5509383378016085,0.9547754697618458,0.9583533130871826,0.5400281557954012,0.7528569037817272,0.49672451070754303,0.9206187236799482,0.1131534048989947,0.37728840798840485,0.5,0.5,0.5,0.9152542372881356,50,590,50
T18,479,0.8596957014796411,0.5720121222974746,0.576687116564417,0.5999999999999996,0.9474619289340102,0.9520530476919152,0.5881126173096973,0.7737309644670052,0.5380196188139033,0.9104308390022674,0.11996158528907745,0.39133413509269,0.5409836065573771,0.532258064516129,0.5365853658536586,0.9046822742474916,61,598,62
T18,480,0.7629673257712253,0.4099347821905294,0.33665008291873966,0.46113074204947,0.9376925473363564,0.962086907108483,0.38917882628607947,0.6994116446929132,0.34517136182464186,0.9071104632329123,0.12400550523996787,0.4020493615697047,0.33962264150943394,0.45,0.3870967741935484,0.9089456869009584,53,626,40
T18,481,0.817007863733128,0.46409635509085495,0.43031040779062735,0.4139344262295086,0.950402713013989,0.9471405185615461,0.4219635929573266,0.6821685696217487,0.3708360698637042,0.9058794946550048,0.1179924694848705,0.38067237265569825,0.391304347826087,0.3673469387755102,0.37894736842105264,0.9067930489731437,46,633,49
T18,482,0.856992213387985,0.5719902200485959,0.4596580923470209,0.6180451127819554,0.9407550144521326,0.9679529929164937,0.5272127542605833,0.7794000636170438,0.4888242310401131,0.9164237123420795,0.12029435968004676,0.38108770843787654,0.4,0.5238095238095238,0.4536082474226804,0.9133986928104575,55,612,42
T18,483,0.814256669746088,0.3287878964006129,0.3024861878453041,0.43452380952380976,0.9392736892736893,0.9647974308300395,0.35667752442996764,0.6868987493987495,0.3160853494396537,0.9104308390022676,0.12413142822930563,0.3969499121014637,0.30612244897959184,0.42857142857142855,0.35714285714285715,0.9087837837837838,49,592,35
T18,484,0.8302927496664527,0.5581610646736807,0.42687533729087984,0.605357142857143,0.9448979591836735,0.9724640002847939,0.5006857263424414,0.7751275510204081,0.46876274163654885,0.9233398121153223,0.12271432589402563,0.3971251850042134,0.38461538461538464,0.5555555555555556,0.45454545454545453,0.918918918918919,52,592,36
T18,485,0.8412505620354636,0.5847649447048705,0.546428571428571,0.56043956043956,0.9523809523809524,0.9548872180451129,0.5533453887884263,0.7564102564102564,0.5070355216776391,0.9159863945578232,0.11133513103103497,0.36563506233575055,0.5,0.4807692307692308,0.49019607843137253,0.9104991394148021,50,581,52
T18,486,0.8686944800544653,0.6489085494843051,0.515625,0.5439560439560441,0.954028670291646,0.9587680079483356,0.5294117647058825,0.748992357123845,0.48604574527944633,0.9201814058956915,0.10674758038019888,0.3495283386643435,0.45652173913043476,0.4772727272727273,0.4666666666666667,0.9206611570247933,46,605,44
T18,487,0.8270296797854899,0.5323969870171297,0.5143805309734508,0.48186528497409264,0.9441120305537873,0.9368367862556847,0.4975922953451038,0.7129886577639403,0.4384157176846643,0.8935374149659865,0.13167586075201063,0.4293317724816643,0.4807692307692308,0.4166666666666667,0.44642857142857145,0.8932874354561101,52,581,60
T18,488,0.8068852959597644,0.4612115077956617,0.5348047538200342,0.4625550660792954,0.9663349305811524,0.9555339569918601,0.4960629921259845,0.7144449983302238,0.4585862711013059,0.927437641723356,0.11768734186951757,0.38684779788408796,0.5135135135135135,0.41304347826086957,0.4578313253012048,0.9246231155778895,37,597,46
T18,489,0.813581542419866,0.5927756822534408,0.5563129357087535,0.5662251655629145,0.9483013827213976,0.9502396671791624,0.5612252871766826,0.7572632741421558,0.5105240075533692,0.9090540978296082,0.12460523696553305,0.4054434314605517,0.5,0.5087719298245614,0.5043478260869565,0.9042016806722689,58,595,57
T18,490,0.8726479984178019,0.6567229245659671,0.5544864622958158,0.5355521936459908,0.9651392852765571,0.9624766461210735,0.5448548812664907,0.750345739461274,0.5087622463407149,0.9329446064139942,0.09647815085734926,0.3267861145526087,0.43902439024390244,0.43902439024390244,0.43902439024390244,0.9242174629324547,41,607,41
T18,491,0.8687160443970496,0.5326746843951286,0.539936102236422,0.5774487471526197,0.9456056408964997,0.9529247557416572,0.5580627407815082,0.7615271940245596,0.507733231592229,0.9089569160997731,0.11408228599946871,0.37409432322875424,0.5423728813559322,0.5423728813559322,0.5423728813559322,0.9087837837837838,59,592,59
T18,492,0.820691690011257,0.4735247399829323,0.41853843720341616,0.5658682634730534,0.9355811019206504,0.9633693023927243,0.48117839607201257,0.7507246826968521,0.4376155774871692,0.9075801749271138,0.12678376532801816,0.4126500788272558,0.35714285714285715,0.4878048780487805,0.41237113402061853,0.905,56,600,41
T18,493,0.8343776930894312,0.5378813524857601,0.46865671641791073,0.5743902439024394,0.9332499999999998,0.9553422904670505,0.5161643835616442,0.7538201219512194,0.4639385296237782,0.8998866213151928,0.12640469971567697,0.4082998060071842,0.43333333333333335,0.5,0.4642857142857143,0.8984771573604061,60,591,52
T18,494,0.84622461034342,0.6266578541244543,0.5773930753564154,0.5821355236139629,0.9471068060158039,0.948073488134728,0.5797546012269937,0.7646211648148835,0.5273510673210025,0.9068027210884355,0.11059507207439369,0.36884692296517785,0.4909090909090909,0.47368421052631576,0.48214285714285715,0.9034941763727121,55,601,57
T18,495,0.7015210251748686,0.3486648144874653,0.32454036770583516,0.36864406779661013,0.9566192073379421,0.9640264197147635,0.3451891738699163,0.6626316375672762,0.30636608554388184,0.9251538710722386,0.1084589944512698,0.3631893717888298,0.3157894736842105,0.34285714285714286,0.3287671232876712,0.9204545454545454,38,616,35
T18,496,0.8371950764879024,0.5143946009773637,0.42634560906515606,0.48956356736242895,0.958140255981809,0.9672544518642181,0.45577287066246075,0.7238519116721189,0.41978119556098,0.9301425332037577,0.10584386257945644,0.3485203205680497,0.375,0.4411764705882353,0.40540540540540543,0.9278688524590164,40,610,34
T18,497,0.8302190561925241,0.466882114545903,0.4636363636363634,0.5108514190317193,0.9569395450675099,0.9640931372549019,0.48610007942811734,0.7338954820496146,0.4473119667476001,0.9266439909297052,0.11003336218188446,0.3644209039733943,0.45,0.46153846153846156,0.45569620253164556,0.9285714285714286,40,602,39
T18,498,0.8198308335794982,0.5055882235202654,0.48667822796783855,0.5039999999999999,0.941454643531421,0.9451594851706768,0.49518768046198264,0.7227273217657105,0.43859333621196395,0.8980563654033041,0.1302076225174713,0.4161087115509951,0.4666666666666667,0.45901639344262296,0.4628099173553719,0.8956661316211878,60,623,61
T18,499,0.8539663635983273,0.6241199323013049,0.5950413223140496,0.6043165467625901,0.9570498372151265,0.9586103097955601,0.5996430696014278,0.7806831919888582,0.5574956633918621,0.9236961451247165,0.11176134412673924,0.36694330750145415,0.5208333333333334,0.5,0.5102040816326531,0.9210526315789473,48,608,50
T21,0,0.3418351345208251,0.17630606269070012,0.15094339622641512,0.1568627450980392,0.9737302977232923,0.9748684979544127,0.15384615384615385,0.5652965214106658,0.1281801782031426,0.9501133786848073,0.025616960427661286,0.2030405433803094,0.11764705882352941,0.125,0.12121212121212122,0.9518272425249169,17,602,16
T21,1,0.44881293616428275,0.10344353901204775,0.0769230769230769,0.07894736842105261,0.9791425260718425,0.9797101449275363,0.0779220779220779,0.5290449472464476,0.05735693403674314,0.959750566893424,0.020236692599931206,0.14945191256776125,0.07692307692307693,0.08333333333333333,0.08,0.9613445378151261,13,595,12
T21,2,0.3520836651271429,0.12020739521472107,0.09999999999999998,0.10256410256410256,0.9791304347826086,0.9796983758700696,0.10126582278481011,0.5408472686733556,0.08069028407429069,0.959750566893424,0.021352519189132807,0.16230101965882854,0.07692307692307693,0.08333333333333333,0.08,0.9625407166123778,13,614,12
T21,3,0.3168234705784284,0.02262419569682292,0.0,0.0,0.9719953325554258,0.9708624708624709,0.0,0.4859976662777129,-0.028565482906002984,0.9444444444444443,0.02919855793674772,0.22495109852312475,0.0,0.0,0.0,0.9490131578947368,16,608,15
T21,4,0.2696732516361624,0.13224752125130884,0.24999999999999997,0.10389610389610393,0.985773562537048,0.9601616628175519,0.1467889908256881,0.5448348332165759,0.13727755170415312,0.9472789115646258,0.0401592041866886,0.3279544785007441,0.2,0.08333333333333333,0.11764705882352941,0.9507389162561576,10,609,24
T21,5,0.39290000146639104,0.16246013222557243,0.15094339622641503,0.12698412698412692,0.9735449735449733,0.9678550555230857,0.13793103448275856,0.5502645502645501,0.10928266787842925,0.9433106575963719,0.03156190780637495,0.24570405692614997,0.11764705882352941,0.10526315789473684,0.1111111111111111,0.9483870967741935,17,620,19
T21,6,0.5230806402899417,0.2931854043827031,0.17391304347826095,0.2727272727272727,0.966860465116279,0.9811209439528022,0.2123893805309735,0.6197938689217759,0.1927284160093563,0.949546485260771,0.019734795774826973,0.1460778371653799,0.17391304347826086,0.2857142857142857,0.21621621621621623,0.9545454545454546,23,638,14
T21,7,0.24296754647221958,0.07740161534352538,0.08333333333333336,0.057692307692307696,0.9807242990654206,0.9716435185185185,0.06818181818181819,0.5192083033788641,0.04595676335829476,0.9535147392290252,0.0287219594129025,0.23754024019394437,0.08333333333333333,0.0625,0.07142857142857142,0.9562289562289562,12,594,16
T21,8,0.6081353822917034,0.16603132357055778,0.08695652173913042,0.12903225806451613,0.9757645701096365,0.9842840512223516,0.10389610389610389,0.5523984140870764,0.08640478044455968,0.9608843537414967,0.01569565060600174,0.10529844658430597,0.06666666666666667,0.1111111111111111,0.08333333333333333,0.9642276422764228,15,615,9
T21,9,0.4479299334076178,0.09797170048459282,0.05882352941176471,0.07317073170731708,0.9721416134648868,0.9778166958552248,0.06521739130434784,0.522656172586102,0.040746221106816846,0.9512471655328798,0.022120605969815948,0.15758954668115277,0.058823529411764705,0.07692307692307693,0.06666666666666667,0.9543230016313213,17,613,13
T21,10,0.35594080697668506,0.024217138503569515,0.0,0.0,0.9825072886297376,0.9717416378316032,0.0,0.4912536443148688,-0.022233204294663245,0.9552154195011338,0.028021910413858184,0.21281086946579628,0.0,0.0,0.0,0.9579124579124579,10,594,15
T21,11,0.6246943979833057,0.23030501749246624,0.11764705882352942,0.19354838709677422,0.9740334679746105,0.9854057209573848,0.14634146341463417,0.5837909275356924,0.1314145197683556,0.9603174603174605,0.014970119630187923,0.10053093627761235,0.11764705882352941,0.2,0.14814814814814814,0.9624183006535948,17,612,10
T21,12,0.45707790333223514,0.2326882496247625,0.18918918918918917,0.21875000000000003,0.9826789838337182,0.9855240301100173,0.2028985507246377,0.6007144919168591,0.18759612529515785,0.9688208616780045,0.014775906315296343,0.1143063620220734,0.16666666666666666,0.2,0.18181818181818182,0.9707317073170731,12,615,10
T21,13,0.48823094004441325,0.0280584876877909,0.0,0.0,0.9827288428324698,0.9844290657439446,0.0,0.4913644214162349,-0.016399025970511936,0.967687074829932,0.016450296902246572,0.10790502469941665,0.0,0.0,0.0,0.9688013136288999,10,609,9
T21,14,0.2112086855291816,0.019092876071786776,0.0,0.0,0.9825378346915019,0.9734717416378318,0.0,0.49126891734575096,-0.02152303029005846,0.9569160997732425,0.026631695679725682,0.22017273006645907,0.0,0.0,0.0,0.9581239530988275,10,597,15
T21,15,0.44822752424584966,0.2517425342939154,0.20754716981132074,0.22448979591836732,0.9755102040816326,0.9777907656341321,0.21568627450980393,0.6,0.19252944473272246,0.9546485260770977,0.02216933841069654,0.17207200670640052,0.17647058823529413,0.2,0.1875,0.9555555555555556,17,585,15
T21,16,0.4274651517650932,0.021398006672393166,0.0,0.0,0.9792147806004619,0.9814814814814815,0.0,0.4896073903002309,-0.01961916079657369,0.9614512471655329,0.01855662084400453,0.13302028775939456,0.0,0.0,0.0,0.9638157894736842,12,608,10
T21,17,0.3020234973027156,0.013103593808947754,0.0,0.0,0.9723661485319516,0.9842657342657343,0.0,0.4861830742659758,-0.020851819159474122,0.957482993197279,0.01635643763351082,0.12662564615235833,0.0,0.0,0.0,0.9599332220367279,16,599,8
T21,18,0.4627199157538099,0.1444960805533623,0.16666666666666666,0.11764705882352942,0.9824868651488616,0.9739583333333334,0.13793103448275862,0.5500669619861955,0.11866479283518397,0.9574829931972788,0.026498431111843076,0.1882496715086518,0.16666666666666666,0.125,0.14285714285714285,0.9607201309328969,12,611,16
T21,19,0.39638196994636743,0.23728818644960742,0.15217391304347824,0.22580645161290322,0.9774956722446624,0.9860302677532014,0.18181818181818182,0.6016510619287828,0.16762220462086444,0.9642857142857142,0.01432518069444064,0.1134831058988983,0.13333333333333333,0.2,0.16,0.9658536585365853,15,615,10
T21,20,0.4852096453430571,0.3641535821696551,0.19718309859154923,0.3499999999999999,0.966937354988399,0.9846426461901948,0.2522522522522522,0.6584686774941995,0.24005701535243898,0.9529478458049887,0.017131181520821673,0.13249853479271387,0.17391304347826086,0.3333333333333333,0.22857142857142856,0.9553719008264463,23,605,12
T21,21,0.6186191736720457,0.3640658749170777,0.21538461538461537,0.3414634146341464,0.9704004643064423,0.9841082989994114,0.2641509433962264,0.6559319394702943,0.24942861524084622,0.9557823129251699,0.01637890015035538,0.1162147116004451,0.19047619047619047,0.3333333333333333,0.24242424242424243,0.9585406301824212,21,603,12
T21,22,0.4270590959716819,0.21712029310403314,0.19230769230769224,0.1886792452830188,0.9754529514903564,0.9748831775700935,0.1904761904761904,0.5820660983866877,0.16565447399178004,0.9518140589569162,0.025281687360809435,0.1967166954989078,0.17647058823529413,0.17647058823529413,0.17647058823529413,0.9536423841059603,17,604,17
T21,23,0.4669360173762437,0.2573372055739433,0.1627906976744186,0.24137931034482757,0.9792507204610951,0.9872167344567112,0.19444444444444442,0.6103150154029613,0.18192345745452126,0.9671201814058956,0.013836141220491429,0.10538938039731252,0.14285714285714285,0.2222222222222222,0.17391304347826086,0.9697933227344993,14,629,9
T21,24,0.581598768381377,0.3800813067097588,0.22580645161290316,0.358974358974359,0.9721739130434783,0.9853113983548766,0.2772277227722772,0.6655741360089187,0.2644074719234491,0.9586167800453513,0.015759175868296182,0.11546668673817541,0.2,0.3333333333333333,0.25,0.958904109589041,20,584,12
T21,25,0.2876767370456019,0.07444733760909585,0.12500000000000003,0.04838709677419355,0.9876615746180963,0.9660919540229885,0.06976744186046513,0.5180243356961449,0.057303960744927565,0.9546485260770973,0.033765899862526684,0.2685331838856474,0.125,0.05263157894736842,0.07407407407407407,0.9585406301824212,8,603,19
T21,26,0.4045800697242725,0.21361689717508447,0.3333333333333333,0.18461538461538457,0.9858740435550324,0.9693287037037036,0.23762376237623756,0.5852447140852085,0.2271578253623189,0.9563492063492063,0.03112951820369751,0.24196971031108816,0.2727272727272727,0.15,0.1935483870967742,0.9586092715231788,11,604,20
T21,27,0.6137440468434633,0.28032358356014214,0.17021276595744686,0.2580645161290323,0.9774956722446624,0.9866045428072219,0.20512820512820518,0.6177800941868473,0.19219759309851422,0.9648526077097507,0.014448183833346421,0.09869216499446923,0.13333333333333333,0.2222222222222222,0.16666666666666666,0.9676375404530745,15,618,9
T21,28,0.5520451618510356,0.35446282567497045,0.21538461538461537,0.33333333333333326,0.970383275261324,0.9835197174808711,0.2616822429906542,0.6518583042973287,0.24578557608755025,0.9552154195011338,0.01695338729682512,0.12767416600112347,0.19047619047619047,0.3076923076923077,0.23529411764705882,0.9566666666666667,21,600,13
T21,29,0.45824146588477743,0.10526966476583194,0.06666666666666668,0.08108108108108109,0.9756803705848291,0.9802210587550901,0.07317073170731708,0.5283807258329551,0.05158890733725187,0.9569160997732428,0.01987778800660576,0.14489671173735216,0.06666666666666667,0.09090909090909091,0.07692307692307693,0.959866220735786,15,598,11
T21,30,0.32966502052716007,0.024680779211815978,0.0,0.0,0.98600583090379,0.9718390804597701,0.0,0.493002915451895,-0.019851666679420902,0.9586167800453514,0.02852284224635131,0.2131935902031696,0.0,0.0,0.0,0.9611650485436893,8,618,16
T21,31,0.4797502390198416,0.13699124273244456,0.10000000000000002,0.11428571428571427,0.9791787160208213,0.9820185614849187,0.10666666666666667,0.5467322151532678,0.0875546579214914,0.9620181405895692,0.017946637617919065,0.1308444527524928,0.07692307692307693,0.1,0.08695652173913043,0.964041095890411,13,584,10
T21,32,0.29770819472559396,0.01857106200168055,0.0,0.0,0.9860708067324435,0.9764367816091953,0.0,0.49303540336622176,-0.018116749790486688,0.9631519274376418,0.023570413577830445,0.18500310755574284,0.0,0.0,0.0,0.9652892561983472,8,605,13
T21,33,0.5195502619213225,0.25543761130672504,0.1891891891891892,0.24137931034482757,0.9827089337175792,0.9872611464968153,0.21212121212121213,0.6120441220312034,0.1988477957838588,0.9705215419501133,0.013222326120107946,0.09916059746792662,0.16666666666666666,0.2222222222222222,0.19047619047619047,0.9724919093851133,12,618,9
T21,34,0.43895066345328065,0.18216933979684727,0.12727272727272726,0.15555555555555553,0.9720767888307155,0.9777647747220596,0.13999999999999999,0.5638161721931355,0.1157850708341622,0.9512471655328799,0.021941758506464862,0.16562592492272737,0.1111111111111111,0.14285714285714285,0.125,0.9554140127388535,18,628,14
T21,35,0.49042666194565054,0.16925616803929844,0.08695652173913045,0.15384615384615383,0.9758342922899885,0.9871944121071012,0.1111111111111111,0.5648402230680711,0.0980608289919627,0.9637188208616781,0.014032217671877826,0.09777858044367162,0.06666666666666667,0.125,0.08695652173913043,0.9643463497453311,15,589,8
T21,36,0.3211005830903817,0.0984438293458013,0.1081081081081081,0.07142857142857142,0.980679156908665,0.9698899826288361,0.08602150537634408,0.5260538641686182,0.06375188877942033,0.9518140589569161,0.03014472464787869,0.23915528642829084,0.08333333333333333,0.05555555555555555,0.06666666666666667,0.9544715447154472,12,615,18
T21,37,0.386780637731753,0.10128136458459656,0.18181818181818182,0.07547169811320754,0.9894798363530101,0.9718714121699196,0.10666666666666666,0.5324757672331089,0.09991183594058162,0.9620181405895692,0.02794480976399604,0.21247312244205982,0.14285714285714285,0.058823529411764705,0.08333333333333333,0.9640522875816994,7,612,17
T21,38,0.40548712187735636,0.08647050545590057,0.062499999999999986,0.0588235294117647,0.9737302977232923,0.9720279720279719,0.0606060606060606,0.5162769135675285,0.033526372197460255,0.9472789115646258,0.027667306825977563,0.20960815800774388,0.0625,0.06666666666666667,0.06451612903225806,0.9516666666666667,16,600,15
T21,39,0.3932381021115146,0.024526101288496825,0.0,0.0,0.98094688221709,0.9815135759676488,0.0,0.490473441108545,-0.01876763209553239,0.9631519274376418,0.018438642931572154,0.13504918295331547,0.0,0.0,0.0,0.9656862745098039,11,612,10
T21,40,0.5570901751505213,0.3480151065799685,0.16,0.3333333333333333,0.9758620689655173,0.9906651108518086,0.2162162162162162,0.6545977011494253,0.21583549189655182,0.9671201814058957,0.010536374018658555,0.07596974147702668,0.125,0.2857142857142857,0.17391304347826086,0.9686985172981878,16,607,7
T21,41,0.5274815462315472,0.23227753987770472,0.19230769230769232,0.20833333333333334,0.9755244755244755,0.977803738317757,0.19999999999999998,0.5919289044289044,0.17685110940127557,0.9546485260770976,0.023003127974675273,0.15953856103678427,0.17647058823529413,0.2,0.1875,0.9584,17,625,15
T21,42,0.5299684611296493,0.20685951533410843,0.1346153846153846,0.18421052631578944,0.973928157589803,0.981892523364486,0.15555555555555553,0.5790693419527962,0.13573653610038544,0.9569160997732428,0.018787253635183278,0.13007286866716627,0.11764705882352941,0.16666666666666666,0.13793103448275862,0.9590163934426229,17,610,12
T21,43,0.5169638477464555,0.29878144575193405,0.1964285714285715,0.2820512820512821,0.9739130434782608,0.9836065573770492,0.2315789473684211,0.6279821627647715,0.21466851263367975,0.9586167800453516,0.017539123101822207,0.13000927101447948,0.16666666666666666,0.25,0.2,0.9605263157894737,18,608,12
T21,44,0.4292434142395127,0.18243427928294942,0.17499999999999993,0.14893617021276592,0.9807804309842749,0.976798143851508,0.16091954022988503,0.5648583005985204,0.14032369467926156,0.9586167800453514,0.023628091488930882,0.18071975131008947,0.15384615384615385,0.13333333333333333,0.14285714285714285,0.9620853080568721,13,633,15
T21,45,0.4919967290051903,0.10228462373979184,0.06250000000000001,0.07142857142857144,0.9738675958188153,0.9772727272727272,0.06666666666666668,0.5226480836236934,0.04244469467942877,0.9523809523809523,0.022431743472019955,0.159368235352843,0.0625,0.07692307692307693,0.06896551724137931,0.9555921052631579,16,608,13
T21,46,0.4165505559653578,0.1999707307319251,0.10810810810810811,0.1904761904761905,0.981067125645439,0.9901563404748117,0.13793103448275865,0.5857716580608148,0.12983300569107745,0.9716553287981858,0.010991645373035853,0.083966535424851,0.08333333333333333,0.16666666666666666,0.1111111111111111,0.9721739130434782,12,575,6
T21,47,0.4339898114594827,0.11163175437561858,0.07142857142857142,0.09090909090909091,0.9774696707105719,0.9825783972125436,0.08,0.5341893808098314,0.06076947946552822,0.9608843537414966,0.017893730120619362,0.12799971902681465,0.07142857142857142,0.09090909090909091,0.08,0.9623567921440261,14,611,11
T21,48,0.4683021386351045,0.09328414570691168,0.08333333333333331,0.06382978723404253,0.9807804309842748,0.9745370370370371,0.07228915662650601,0.5223051091091586,0.050809544876892224,0.9563492063492062,0.02595488564695428,0.1844524035963819,0.08333333333333333,0.06666666666666667,0.07407407407407407,0.9590163934426229,12,610,15
T21,49,0.43659828583805294,0.1929789209833488,0.16666666666666674,0.1666666666666667,0.9736842105263159,0.9736842105263159,0.16666666666666674,0.5701754385964913,0.14035087719298397,0.9489795918367345,0.026959773756691542,0.20223195434054042,0.16666666666666666,0.17647058823529413,0.17142857142857143,0.9523809523809523,18,609,17
T21,50,0.391447585978834,0.01918003276842821,0.0,0.0,0.9722222222222222,0.979020979020979,0.0,0.4861111111111111,-0.024140227479261835,0.9523809523809523,0.021065655835173107,0.1535012913625719,0.0,0.0,0.0,0.9519725557461407,16,583,12
T21,51,0.45237345833635806,0.11491032316222101,0.0930232558139535,0.08510638297872342,0.9772859638905067,0.9750145264381174,0.0888888888888889,0.5311961734346151,0.06515394777359415,0.9535147392290249,0.025451310526922587,0.1833065983742195,0.07142857142857142,0.07142857142857142,0.07142857142857142,0.9581320450885669,14,621,14
T21,52,0.4436693621407017,0.12682846904186895,0.1,0.1081081081081081,0.9791546033584252,0.9808584686774943,0.10389610389610389,0.5436313557332666,0.0839995787003174,0.9608843537414966,0.01963137844923018,0.1427259775620542,0.07692307692307693,0.09090909090909091,0.08333333333333333,0.9631490787269682,13,597,11
T21,53,0.4021017810309708,0.01798656868017107,0.0,0.0,0.9844559585492229,0.9844559585492229,0.0,0.4922279792746114,-0.015544041450777034,0.9693877551020408,0.01604918103384041,0.11439006535118952,0.0,0.0,0.0,0.9698492462311558,9,597,9
T21,54,0.4536561259099541,0.2960543138751658,0.24999999999999994,0.27906976744186046,0.9790819291109821,0.981934731934732,0.2637362637362637,0.6290758482764213,0.24469234671006643,0.9620181405895692,0.01880153089867043,0.1483952097371923,0.2,0.23076923076923078,0.21428571428571427,0.9627749576988156,15,591,13
T21,55,0.35672724589922256,0.1261830603421767,0.09302325581395347,0.10810810810810813,0.9774174869716271,0.9808251016850668,0.1,0.5427627975398677,0.0794727923302369,0.9591836734693878,0.019183975564071285,0.1479842619147149,0.07142857142857142,0.09090909090909091,0.08,0.9626016260162602,14,615,11
T21,56,0.5740994888083002,0.35486145889388093,0.25000000000000006,0.33333333333333337,0.9756097560975611,0.9836065573770492,0.28571428571428575,0.6544715447154472,0.26864685285218703,0.96031746031746,0.01803895000445308,0.1257934714777076,0.2222222222222222,0.3076923076923077,0.25806451612903225,0.9616026711185309,18,599,13
T21,57,0.2303094265963645,0.07342219298674606,0.125,0.051724137931034496,0.9876905041031654,0.968390804597701,0.07317073170731708,0.5197073210170999,0.0606709579000105,0.9569160997732427,0.031753534982905944,0.2644883264395415,0.125,0.05555555555555555,0.07692307692307693,0.9605263157894737,8,608,18
T21,58,0.41388562208097845,0.20182839190360002,0.20408163265306123,0.17543859649122806,0.977152899824253,0.9725947521865888,0.18867924528301888,0.5762957481577405,0.1641929167969559,0.9512471655328798,0.027443520610767668,0.21302860032998322,0.1875,0.16666666666666666,0.17647058823529413,0.9545454545454546,16,616,18
T21,59,0.48608696455118877,0.10018369702479815,0.07142857142857141,0.06666666666666665,0.9773123909249564,0.975609756097561,0.0689655172413793,0.5219895287958115,0.045482978302721536,0.9540816326530615,0.024685177742627143,0.1744048514142111,0.07142857142857142,0.07142857142857142,0.07142857142857142,0.9570247933884297,14,605,14
T21,60,0.5250010106318479,0.27215162406753574,0.23728813559322037,0.24137931034482765,0.9736225087924971,0.9741935483870968,0.23931623931623935,0.6075009095686623,0.21323448775935108,0.9495464852607712,0.02625619948847974,0.1916933742427572,0.21052631578947367,0.2222222222222222,0.21621621621621623,0.9529983792544571,19,617,18
T21,61,0.6764753481637125,0.238172513694666,0.12500000000000003,0.20689655172413798,0.9757925072046111,0.9865967365967365,0.1558441558441559,0.5913445294643745,0.14278481287720152,0.9631519274376419,0.013677250690700738,0.08747009708578236,0.125,0.2222222222222222,0.16,0.965964343598055,16,617,9
T21,62,0.45457727072310417,0.18411009889964394,0.11111111111111112,0.1666666666666667,0.9722222222222222,0.9824561403508772,0.13333333333333336,0.5694444444444444,0.1139975946761299,0.95578231292517,0.017556690378957233,0.13158476896738128,0.1111111111111111,0.18181818181818182,0.13793103448275862,0.9571917808219178,18,584,11
T21,63,0.45685004948862,0.23256048687343864,0.11475409836065571,0.21875,0.9688221709006928,0.9853200234879623,0.15053763440860213,0.5937860854503464,0.13700773805199756,0.9552154195011338,0.014904340538168784,0.11195622824106075,0.1,0.2,0.13333333333333333,0.9570247933884297,20,605,10
T21,64,0.5161446692842048,0.2528487588831473,0.1724137931034483,0.2272727272727272,0.972093023255814,0.9800703399765534,0.196078431372549,0.5996828752642707,0.17435628361257327,0.9535147392290252,0.02055830254739505,0.15048372019622064,0.15789473684210525,0.23076923076923078,0.1875,0.956081081081081,19,592,13
T21,65,0.450477457007591,0.138670729312676,0.1111111111111111,0.1090909090909091,0.9719133996489175,0.9713450292397661,0.11009174311926608,0.5405021543699133,0.08172700074318719,0.9450113378684807,0.028845163655702874,0.2068850955669627,0.1111111111111111,0.1111111111111111,0.1111111111111111,0.9455782312925171,18,588,18
T21,66,0.4443776631531746,0.1330711067991233,0.0769230769230769,0.11428571428571425,0.9722382880277616,0.981892523364486,0.09195402298850572,0.543262001156738,0.07133695490662469,0.9552154195011336,0.01883436073154519,0.1357011646910814,0.058823529411764705,0.09090909090909091,0.07142857142857142,0.9579967689822294,17,619,11
T21,67,0.4721071735876611,0.24119424376933038,0.1724137931034482,0.217391304347826,0.9720605355064027,0.9788980070339977,0.19230769230769224,0.5947259199271143,0.16931124867443148,0.9523809523809523,0.021613848677823757,0.16306852598655436,0.15789473684210525,0.21428571428571427,0.18181818181818182,0.9539249146757679,19,586,14
T21,68,0.3694314708625376,0.10810199744658897,0.12903225806451613,0.08888888888888889,0.9842931937172775,0.9763416041546451,0.10526315789473685,0.5365910413030832,0.08781502541964878,0.961451247165533,0.023833361494019902,0.18463607026161508,0.1,0.07142857142857142,0.08333333333333333,0.9637561779242174,10,607,14
T21,69,0.5056277056277073,0.12299824818973422,0.0909090909090909,0.0909090909090909,0.9826689774696707,0.9826689774696707,0.0909090909090909,0.5367890341893808,0.07357806837876546,0.9659863945578233,0.017668185745316048,0.1251704330624408,0.09090909090909091,0.09090909090909091,0.09090909090909091,0.967479674796748,11,615,11
T21,70,0.547691215291996,0.28399304939868303,0.21739130434782616,0.2631578947368422,0.9791425260718425,0.9837019790454017,0.23809523809523817,0.6211502104043423,0.22073737152548178,0.963718820861678,0.016446369944847928,0.11906142663455711,0.2,0.25,0.2222222222222222,0.9628975265017667,15,566,12
T21,71,0.3360269914417394,0.013799260797500993,0.0,0.0,0.9758064516129031,0.983739837398374,0.0,0.48790322580645157,-0.019834087593952405,0.9603174603174605,0.01641526069590363,0.12378718301643803,0.0,0.0,0.0,0.9619834710743802,14,605,9
T21,72,0.39691260466427003,0.014009159302048747,0.0,0.0,0.9844916714531877,0.9867587795048934,0.0,0.49224583572659386,-0.014330010390747931,0.971655328798186,0.013525748142843531,0.09962069733958326,0.0,0.0,0.0,0.9741100323624595,9,618,7
T21,73,0.2958377660986369,0.016636565394524648,0.0,0.0,0.9739130434782609,0.9773123909249564,0.0,0.48695652173913045,-0.024327981246353714,0.9523809523809522,0.02298415936902076,0.17666347864885965,0.0,0.0,0.0,0.9565217391304348,15,621,12
T21,74,0.35419927616108177,0.18075788009296168,0.12499999999999994,0.16666666666666663,0.9756944444444443,0.9825174825174824,0.1428571428571428,0.5711805555555555,0.12371866583122204,0.9591836734693878,0.01804954389239788,0.14268998761810606,0.125,0.18181818181818182,0.14814814814814814,0.9619205298013245,16,604,11
T21,75,0.6221692643225715,0.2885024298010345,0.297872340425532,0.2545454545454546,0.9806904622586309,0.9761211415259172,0.2745098039215687,0.6176179584020427,0.2538761665166561,0.9580498866213154,0.023977285146870694,0.16452641133767204,0.26666666666666666,0.23529411764705882,0.25,0.9605911330049262,15,609,17
T21,76,0.41965603464048384,0.1231309808574452,0.12903225806451613,0.10526315789473684,0.9843568945538819,0.9803808424697057,0.11594202898550725,0.5448100262243094,0.09902326902522848,0.9654195011337868,0.01988933474732918,0.15063584404735308,0.1,0.08333333333333333,0.09090909090909091,0.9662162162162162,10,592,12
T21,77,0.3994924881881415,0.19617336780232258,0.12727272727272732,0.17948717948717952,0.9721739130434783,0.9812755997659451,0.148936170212766,0.5758305462653289,0.12830649972257704,0.9546485260770977,0.019333117042165962,0.1510160980254805,0.1111111111111111,0.16666666666666666,0.13333333333333333,0.9578606158833063,18,617,12
T21,78,0.2758672948948354,0.10127247205793481,0.07692307692307693,0.08823529411764708,0.9791907514450866,0.9820289855072463,0.08219178082191782,0.5337130227813669,0.06304684327898016,0.9620181405895691,0.019109361697285686,0.15086716094345423,0.07692307692307693,0.09090909090909091,0.08333333333333333,0.9642857142857143,13,616,11
T21,79,0.5137409568261393,0.2886592616866819,0.18571428571428572,0.26,0.9667444574095684,0.9781582054309327,0.21666666666666665,0.6133722287047843,0.1927619752157474,0.9467120181405897,0.02183112488255635,0.1631747456023317,0.17391304347826086,0.25,0.20512820512820512,0.948073701842546,23,597,16
T21,80,0.361080996641413,0.15939941392373946,0.19512195121951215,0.13559322033898302,0.9806451612903224,0.9704004643064421,0.15999999999999998,0.5581191908146528,0.13870853508025238,0.9523809523809524,0.03036321937623662,0.23867727632279181,0.15384615384615385,0.1111111111111111,0.12903225806451613,0.9557377049180328,13,610,18
T21,81,0.41436130382214126,0.1095859070486031,0.14285714285714285,0.08510638297872343,0.9860221316249271,0.9752304147465438,0.10666666666666669,0.5355642573018253,0.09164820001245373,0.9620181405895691,0.0247989380610266,0.18431769435498196,0.1111111111111111,0.06666666666666667,0.08333333333333333,0.964110929853181,9,613,15
T21,82,0.6134568760991963,0.33388176747310944,0.3142857142857144,0.3142857142857144,0.9861191440138809,0.9861191440138809,0.3142857142857144,0.6502024291497976,0.300404858299597,0.9727891156462586,0.014695941294528997,0.10384552842444553,0.2727272727272727,0.3,0.2857142857142857,0.9747474747474747,11,594,10
T21,83,0.5230772670263119,0.3659104417625733,0.19402985074626872,0.3513513513513513,0.9687319050376376,0.9858573954036536,0.25000000000000006,0.6600416281944945,0.2399560283270983,0.9557823129251701,0.014940953376470915,0.11676000780626201,0.18181818181818182,0.36363636363636365,0.24242424242424243,0.9577702702702703,22,592,11
T21,84,0.43671412113232216,0.12315777817624364,0.07692307692307691,0.10714285714285714,0.9792626728110598,0.9855072463768116,0.08955223880597014,0.5432027649769585,0.07344606980581725,0.9654195011337868,0.014866601385641729,0.11038202711832168,0.07692307692307693,0.1111111111111111,0.09090909090909091,0.9659284497444633,13,587,9
T21,85,0.43055977454247285,0.25034884011820946,0.2131147540983607,0.22413793103448282,0.9718640093786636,0.9735760422783324,0.21848739495798328,0.5980009702065732,0.19128972357946528,0.9472789115646257,0.0265749131663211,0.20966221189933176,0.2,0.2222222222222222,0.21052631578947367,0.9482758620689655,20,580,18
T21,86,0.6941979750907299,0.3472054952063427,0.13698630136986306,0.31249999999999994,0.9636258660508084,0.986989946777055,0.1904761904761905,0.6380629330254042,0.18502175247602398,0.9518140589569162,0.01384252692226659,0.08795370689724388,0.125,0.3,0.17647058823529413,0.9534109816971714,24,601,10
T21,87,0.5062658562367874,0.31756322355506134,0.17105263157894746,0.29545454545454547,0.9633720930232559,0.9816350710900474,0.21666666666666676,0.6294133192389006,0.1987954849052472,0.9467120181405896,0.019256470895823403,0.14589031062857627,0.16,0.2857142857142857,0.20512820512820512,0.9490968801313628,25,609,14
T21,88,0.34682384475989214,0.02401404523957059,0.0,0.0,0.9808139534883721,0.9745811669555171,0.0,0.49040697674418604,-0.022083634507545167,0.9563492063492062,0.02592466907623496,0.19082517056833698,0.0,0.0,0.0,0.9578414839797639,11,593,14
T21,89,0.48988800423847295,0.29543296133727415,0.26415094339622636,0.2745098039215686,0.9772329246935201,0.9783752191700759,0.26923076923076916,0.6258713643075443,0.24709147683598184,0.9569160997732425,0.02305833932353379,0.17105645254761445,0.23529411764705882,0.25,0.24242424242424243,0.9596774193548387,17,620,16
T21,90,0.5292832283725565,0.2967066401610969,0.2340425531914894,0.275,0.9791183294663574,0.9831100757134537,0.25287356321839083,0.6270591647331787,0.2349094789414675,0.9631519274376418,0.01721464132194039,0.12829329876327017,0.2,0.25,0.2222222222222222,0.9655172413793104,15,609,12
T21,91,0.40334189592310277,0.2940773429672814,0.1964285714285714,0.27499999999999997,0.9738979118329465,0.9830210772833723,0.22916666666666663,0.6244489559164732,0.21134011177142267,0.9580498866213153,0.017637752225302457,0.1443998667453451,0.16666666666666666,0.25,0.2,0.96,18,600,12
T21,92,0.4686445273652985,0.1113181047232196,0.10810810810810814,0.08163265306122452,0.9807580174927114,0.9739432541980313,0.09302325581395353,0.5311953352769679,0.0715488610261842,0.9557823129251701,0.02676544958396535,0.18620633469228345,0.08333333333333333,0.06666666666666667,0.07407407407407407,0.9579124579124579,12,594,15
T21,93,0.51628221054308,0.2748024572235715,0.18181818181818177,0.2564102564102564,0.9739130434782609,0.9830310122878877,0.21276595744680848,0.6151616499442587,0.19485535756163705,0.9580498866213151,0.017627525140576424,0.13122413807561206,0.16666666666666666,0.25,0.2,0.9591836734693877,18,588,12
T21,94,0.49942864491475736,0.10892750629809377,0.08333333333333336,0.08333333333333334,0.9809027777777778,0.9809027777777778,0.08333333333333334,0.5321180555555556,0.06423611111110902,0.9625850340136053,0.019052858868837938,0.13576176260332043,0.08333333333333333,0.09090909090909091,0.08695652173913043,0.9643463497453311,12,589,11
T21,95,0.4451807002933531,0.25624451144234034,0.18181818181818177,0.2424242424242424,0.9792027729636047,0.9854651162790696,0.20779220779220775,0.6108135076939235,0.19254739178064417,0.965419501133787,0.01514313319210029,0.11736054775442115,0.14285714285714285,0.2,0.16666666666666666,0.9667221297836939,14,601,10
T21,96,0.3306175710214044,0.02410199297423206,0.0,0.0,0.989492119089317,0.9707903780068728,0.0,0.4947460595446585,-0.017519452883861482,0.9608843537414965,0.02960930130887576,0.22449141373569612,0.0,0.0,0.0,0.9632721202003339,6,599,16
T21,97,0.4783077681811848,0.020389108946469343,0.0,0.0,0.9775604142692751,0.9849275362318841,0.0,0.48878020713463755,-0.018390754277569615,0.9631519274376419,0.015521327280716297,0.10734438150580565,0.0,0.0,0.0,0.9642248722316865,13,587,8
T21,98,0.5444960989610694,0.24263644336506313,0.28571428571428575,0.20689655172413787,0.9824150058616646,0.9732868757259002,0.23999999999999994,0.5946557787929013,0.22143150925009136,0.9569160997732427,0.02779055518970707,0.19438877069462235,0.23076923076923078,0.16666666666666666,0.1935483870967742,0.9572649572649573,13,585,18
T21,99,0.3797432158883393,0.09279791537342275,0.05882352941176469,0.07317073170731707,0.9721416134648868,0.9778166958552248,0.06521739130434782,0.522656172586102,0.04074622110681231,0.95124716553288,0.022362537795093923,0.16860700624306554,0.058823529411764705,0.07692307692307693,0.06666666666666667,0.9543973941368078,17,614,13
T21,100,0.6576536537960125,0.2953947201915751,0.24999999999999997,0.2619047619047619,0.9808362369337978,0.9819767441860463,0.2558139534883721,0.6213704994192799,0.23729784362913872,0.9637188208616779,0.01806083946080341,0.12354931400090137,0.21428571428571427,0.25,0.23076923076923078,0.9674267100977199,14,614,12
T21,101,0.39258998397046857,0.21940490047503927,0.17499999999999996,0.20588235294117643,0.9809248554913295,0.984338747099768,0.18918918918918914,0.5934036042162529,0.17252717623852643,0.965986394557823,0.01627273312591709,0.1314291514304496,0.15384615384615385,0.2,0.17391304347826086,0.9680672268907563,13,595,10
T21,102,0.6519512071670788,0.3545548270614518,0.31250000000000006,0.3260869565217392,0.9807916181606519,0.9819347319347318,0.3191489361702129,0.6534392873411955,0.3005922668218942,0.9637188208616778,0.019184278143812777,0.12767659215246138,0.26666666666666666,0.2857142857142857,0.27586206896551724,0.9660194174757282,15,618,14
T21,103,0.4769495038400947,0.16147697034522088,0.0869565217391304,0.13793103448275862,0.975792507204611,0.9854481955762515,0.10666666666666665,0.5568617708436848,0.0907420568864222,0.9620181405895691,0.01499707175255194,0.10974171804336971,0.06666666666666667,0.1111111111111111,0.08333333333333333,0.9630252100840336,15,595,9
T21,104,0.5902487727764374,0.18775511072087142,0.11764705882352942,0.12765957446808515,0.9737914967967385,0.9760653823701108,0.12244897959183677,0.5507255356324118,0.09750501294772747,0.9512471655328798,0.02423233496461299,0.16069545318943138,0.11764705882352941,0.13333333333333333,0.125,0.9528619528619529,17,594,15
T21,105,0.24822702600203764,0.01741470694712278,0.0,0.0,0.9843205574912892,0.9758203799654576,0.0,0.4921602787456446,-0.019471080150160906,0.9608843537414966,0.024296413652909958,0.1935809819755821,0.0,0.0,0.0,0.9620034542314335,9,579,13
T21,106,0.3196325429550477,0.0895933884898274,0.10810810810810806,0.05479452054794519,0.9804849201655825,0.9600463231036478,0.07272727272727271,0.5176397203567639,0.049035193639870175,0.9421768707482995,0.04000025028700102,0.3122810216213785,0.08333333333333333,0.043478260869565216,0.05714285714285714,0.9446308724832215,12,596,23
T21,107,0.44933743581999513,0.16026839027205875,0.11111111111111113,0.1363636363636364,0.9720930232558139,0.9777777777777777,0.12244897959183677,0.5542283298097251,0.09818651621365,0.9512471655328797,0.022535130428810533,0.16721249461794446,0.1111111111111111,0.14285714285714285,0.125,0.9546191247974068,18,617,14
T21,108,0.5818443455813691,0.126104873949086,0.07692307692307691,0.09999999999999999,0.9792387543252593,0.9843478260869564,0.08695652173913043,0.5396193771626296,0.06967804554447846,0.9642857142857142,0.017142046068427473,0.11052038450488252,0.07692307692307693,0.1111111111111111,0.09090909090909091,0.966996699669967,13,606,9
T21,109,0.4548720680436462,0.10997170616860194,0.09090909090909094,0.09090909090909093,0.9826689774696709,0.9826689774696709,0.09090909090909094,0.5367890341893808,0.07357806837876646,0.9659863945578231,0.01747244193712291,0.12925356756216166,0.09090909090909091,0.1,0.09523809523809523,0.9684908789386402,11,603,10
T21,110,0.5379241642512892,0.2530566098234588,0.3142857142857143,0.22448979591836737,0.98600583090379,0.9780219780219779,0.2619047619047619,0.6052478134110787,0.24805138765434465,0.9648526077097507,0.022958150811279176,0.168164145471369,0.2727272727272727,0.21428571428571427,0.24,0.9693548387096774,11,620,14
T21,111,0.549337246472664,0.3790831425692526,0.18571428571428572,0.3611111111111111,0.9670138888888888,0.9864226682408501,0.24528301886792453,0.6640625,0.23766034169908942,0.9546485260770975,0.014314712627123976,0.10890477990523317,0.17391304347826086,0.36363636363636365,0.23529411764705882,0.957166392092257,23,607,11
T21,112,0.4773532157961239,0.11718611514612759,0.06666666666666667,0.09999999999999998,0.9757785467128028,0.9842931937172776,0.07999999999999999,0.5378892733564014,0.06214228963099764,0.9608843537414965,0.015506517921676214,0.11252076584853979,0.06666666666666667,0.1111111111111111,0.08333333333333333,0.9642276422764228,15,615,9
T21,113,0.39894898698185133,0.1862458583651405,0.0816326530612245,0.17391304347826086,0.9741527857553128,0.9889212827988337,0.1111111111111111,0.5740329146167868,0.10220874237956286,0.963718820861678,0.011585802693256283,0.09078864206039337,0.0625,0.14285714285714285,0.08695652173913043,0.9653465346534653,16,606,7
T21,114,0.5174798767763105,0.2237467123801763,0.09523809523809527,0.2068965517241379,0.9671469740634007,0.9864785420340976,0.13043478260869568,0.5870217628937693,0.11925708224819996,0.9546485260770976,0.014626467946929735,0.10134966312089246,0.09523809523809523,0.2222222222222222,0.13333333333333333,0.9565943238731218,21,599,9
T21,115,0.37067611358268865,0.14827676753906385,0.08695652173913042,0.1333333333333333,0.9757785467128026,0.9848661233993015,0.10526315789473682,0.554555940023068,0.08852515936693092,0.9614512471655328,0.015413826226098297,0.12242305725723261,0.06666666666666667,0.1111111111111111,0.08333333333333333,0.9633943427620633,15,601,9
T21,116,0.5415554594659056,0.019255124463872175,0.0,0.0,0.9793340987370837,0.9872685185185184,0.0,0.48966704936854183,-0.016220589977771288,0.9671201814058957,0.012979896267573036,0.08406780108154731,0.0,0.0,0.0,0.9675213675213675,12,585,7
T21,117,0.4279371267675367,0.28367267878126784,0.36842105263157904,0.25925925925925924,0.9859649122807017,0.9768250289687138,0.30434782608695654,0.6226120857699805,0.2909685280882639,0.9637188208616778,0.02376314338968022,0.19128199593604056,0.3333333333333333,0.25,0.2857142857142857,0.9677938808373591,12,621,16
T21,118,0.4557462977830179,0.1938242965747718,0.17500000000000004,0.17073170731707318,0.9808473592571098,0.9802784222737818,0.17283950617283952,0.5757895332870915,0.1534175945169628,0.9620181405895691,0.020151917980447662,0.15155824110213684,0.15384615384615385,0.15384615384615385,0.15384615384615385,0.964110929853181,13,613,13
T21,119,0.16690846466965703,0.008432143761924851,0.0,0.0,0.9810562571756601,0.9872905834777584,0.0,0.49052812858783007,-0.015516569145427433,0.9688208616780045,0.013108598292081124,0.10843211804564953,0.0,0.0,0.0,0.9712460063897763,11,626,7
T21,120,0.3722933590692514,0.13294729997479046,0.09523809523809519,0.10909090909090904,0.9666471620830894,0.9711934156378599,0.10169491525423724,0.5378690355869993,0.07093232337178487,0.9399092970521543,0.028898652741606353,0.22310600627981486,0.09523809523809523,0.11764705882352941,0.10526315789473684,0.9437086092715232,21,604,17
T21,121,0.29299343098761704,0.0187099711755426,0.0,0.0,0.9825581395348837,0.9746251441753171,0.0,0.49127906976744184,-0.0210376969893727,0.9580498866213151,0.025575627010416536,0.19858227590720445,0.0,0.0,0.0,0.9607843137254902,10,612,14
T21,122,0.528097999133692,0.31432497252228353,0.32653061224489793,0.2909090909090909,0.9806904622586308,0.977259475218659,0.30769230769230765,0.6357997765838609,0.2872442375608018,0.9591836734693877,0.023617653377057252,0.17216327618990251,0.26666666666666666,0.25,0.25806451612903225,0.9615384615384616,15,598,16
T21,123,0.3329295186282598,0.01718364171950686,0.0,0.0,0.9791907514450866,0.980324074074074,0.0,0.4895953757225433,-0.020234654262937544,0.9603174603174605,0.02005522161675901,0.15162851386295337,0.0,0.0,0.0,0.9641693811074918,12,614,10
T21,124,0.4955909160932521,0.3125444545520536,0.23809523809523805,0.28846153846153844,0.9719626168224297,0.9782480893592003,0.26086956521739124,0.6302120776419841,0.23736265145056623,0.951814058956916,0.02297206289020805,0.16819396327368244,0.2,0.25,0.2222222222222222,0.9545454545454546,20,616,16
T21,125,0.5500570004762066,0.24490536018110926,0.09302325581395346,0.23529411764705885,0.9776760160274756,0.9924462521789656,0.13333333333333333,0.6064850668372672,0.1349164650528187,0.9705215419501134,0.009023546580917566,0.0603499217537746,0.07142857142857142,0.2,0.10526315789473684,0.9721311475409836,14,610,5
T21,126,0.3218206699589461,0.18102083661223448,0.15999999999999998,0.1632653061224489,0.9755102040816327,0.9760793465577596,0.16161616161616157,0.5693877551020409,0.1374208162790158,0.9529478458049887,0.02421032566259315,0.1982888819907642,0.125,0.13333333333333333,0.12903225806451613,0.9543147208121827,16,591,15
T21,127,0.3136794003036062,0.12409304272424046,0.09302325581395346,0.10810810810810809,0.9774174869716271,0.9808251016850668,0.09999999999999998,0.5427627975398676,0.07947279233023762,0.9591836734693875,0.01982681469978116,0.1562844959563518,0.07142857142857142,0.08333333333333333,0.07692307692307693,0.9596638655462185,14,595,12
T21,128,0.5808186940669541,0.21700846067495197,0.2258064516129032,0.17500000000000002,0.9860788863109049,0.9809578765147143,0.1971830985915493,0.5805394431554525,0.18249758273363223,0.9676870748299319,0.01964214801438926,0.13369236864031195,0.2,0.16666666666666666,0.18181818181818182,0.9700499168053245,10,601,12
T21,129,0.5487672018348624,0.21588025118235393,0.08163265306122447,0.2,0.9741972477064219,0.99067055393586,0.11594202898550722,0.587098623853211,0.11222753520968275,0.9654195011337867,0.010234329416961518,0.07151879339973317,0.0625,0.16666666666666666,0.09090909090909091,0.9672131147540983,16,610,6
T21,130,0.32866373154235873,0.1290911612201584,0.08163265306122448,0.11428571428571428,0.9739733950260265,0.9819241982507289,0.09523809523809523,0.5441295546558704,0.07489640236655021,0.9569160997732427,0.018042092215395766,0.14392406628906793,0.0625,0.09090909090909091,0.07407407407407407,0.959349593495935,16,615,11
T21,131,0.3511937649948176,0.11624343541344473,0.07692307692307693,0.10344827586206898,0.9792507204610951,0.984927536231884,0.08823529411764706,0.5413494981615821,0.0715191137381269,0.9648526077097507,0.016062010694684912,0.1222397707354364,0.07692307692307693,0.1111111111111111,0.09090909090909091,0.9675324675324676,13,616,9
T21,132,0.38359713374644655,0.15242686218216164,0.1428571428571429,0.1304347826086957,0.979045401629802,0.9767711962833915,0.1363636363636364,0.5547400921192489,0.1144418306793913,0.9569160997732427,0.023639682650211075,0.18432143844972795,0.14285714285714285,0.14285714285714285,0.14285714285714285,0.9586919104991394,14,581,14
T21,133,0.3269103754210138,0.012143250744581844,0.0,0.0,0.9810235767682576,0.9855574812247256,0.0,0.4905117883841288,-0.01655497957752087,0.9671201814058957,0.01481177580834661,0.11280453767329299,0.0,0.0,0.0,0.9688524590163935,11,610,8
T21,134,0.2677818789178507,0.013623811773103317,0.0,0.0,0.9774826789838339,0.9814492753623189,0.0,0.48874133949191695,-0.02043801902702711,0.9597505668934241,0.018472083388665204,0.14822988695668146,0.0,0.0,0.0,0.9621087314662273,13,607,10
T21,135,0.5400084508364759,0.2139789327527787,0.14285714285714288,0.18918918918918926,0.9756803705848289,0.9825072886297376,0.16279069767441864,0.5824347798870091,0.1437664029965302,0.9591836734693877,0.01859153743514025,0.12521002090948274,0.125,0.16666666666666666,0.14285714285714285,0.9614147909967846,16,622,12
T21,136,0.3674382944615314,0.1264566299752015,0.07692307692307694,0.10526315789473685,0.9721900347624565,0.9801401869158879,0.0888888888888889,0.5387265963285967,0.06648106473100286,0.9535147392290249,0.019958663972704446,0.15589069790366814,0.058823529411764705,0.08333333333333333,0.06896551724137931,0.9549248747913188,17,599,12
T21,137,0.5033008783559832,0.3160527818915423,0.28571428571428564,0.3,0.9825986078886312,0.983739837398374,0.2926829268292682,0.6412993039443156,0.2759481112120375,0.9671201814058957,0.016774885193131125,0.1261055732691218,0.23076923076923078,0.25,0.24,0.9697933227344993,13,629,12
T21,138,0.3231622988988688,0.13462583115374596,0.10810810810810813,0.12121212121212124,0.9809358752166378,0.9832078749276202,0.11428571428571431,0.5510739982143795,0.09658025009815971,0.9648526077097506,0.01685228213760774,0.13450546029010366,0.08333333333333333,0.1,0.09090909090909091,0.9666110183639399,12,599,10
T21,139,0.5828959955260558,0.2052083193902367,0.27586206896551724,0.1568627450980392,0.9877408056042032,0.97521613832853,0.2,0.5723017753511213,0.19054343410013544,0.963718820861678,0.025485219828565577,0.1716217455745773,0.2222222222222222,0.125,0.16,0.9653465346534653,9,606,16
T21,140,0.3013567686990009,0.08343488560102734,0.10810810810810811,0.052631578947368425,0.9804502369668248,0.95830920671685,0.07079646017699115,0.5165409079570966,0.04687435740950867,0.9404761904761906,0.041235689040797864,0.31827829813889175,0.08333333333333333,0.041666666666666664,0.05555555555555555,0.943986820428336,12,607,24
T21,141,0.3101839995753048,0.1191167315036014,0.09302325581395346,0.10256410256410253,0.9773913043478261,0.979662986635677,0.09756097560975607,0.5399777034559643,0.07623423175948785,0.9580498866213151,0.02064840307228092,0.1654830990493044,0.07142857142857142,0.09090909090909091,0.08,0.961082910321489,14,591,11
T21,142,0.4138275043967861,0.10361083738779252,0.0625,0.08571428571428572,0.9739733950260265,0.9813519813519813,0.07228915662650603,0.5298438403701561,0.0511607570581922,0.9563492063492064,0.01865456105458518,0.13958259918891797,0.0625,0.09090909090909091,0.07407407407407407,0.9584026622296173,16,601,11
T21,143,0.5145347557926334,0.23792848268709113,0.19230769230769226,0.19999999999999996,0.9754959159859977,0.9766355140186915,0.196078431372549,0.5877479579929988,0.17218839317404527,0.953514739229025,0.02324650832258464,0.17080637600162368,0.17647058823529413,0.1875,0.18181818181818182,0.957345971563981,17,633,16
T21,144,0.5767501443418006,0.38824219234026386,0.3333333333333333,0.375,0.9861431870669746,0.9884259259259259,0.3529411764705882,0.6805715935334873,0.3408829188404666,0.9750566893424035,0.012033307332402885,0.09249540537753434,0.2727272727272727,0.3333333333333333,0.3,0.9755671902268761,11,573,9
T21,145,0.5867934827203609,0.1959517794915234,0.10810810810810809,0.17391304347826084,0.9810453762205628,0.9889982628836131,0.1333333333333333,0.5774792098494118,0.1226680471498805,0.9705215419501135,0.011297056699447834,0.07798885564756489,0.08333333333333333,0.14285714285714285,0.10526315789473684,0.9725806451612903,12,620,7
T21,146,0.4031836547167001,0.11528002258809525,0.12903225806451613,0.0930232558139535,0.9843114468332366,0.9774956722446625,0.10810810810810811,0.538667351323595,0.09076511341965099,0.9625850340136056,0.022841966670999823,0.17212733804521596,0.1,0.07692307692307693,0.08695652173913043,0.9641025641025641,10,585,13
T21,147,0.30015780191218683,0.09655440792454457,0.1818181818181818,0.0740740740740741,0.9894736842105264,0.9712973593570609,0.10526315789473685,0.5317738791423002,0.09864151965688815,0.9614512471655331,0.029715510500733015,0.23500793942380896,0.14285714285714285,0.058823529411764705,0.08333333333333333,0.9638157894736842,7,608,17
T21,148,0.3555515616651303,0.01655260115926363,0.0,0.0,0.977456647398844,0.9802898550724638,0.0,0.488728323699422,-0.02107920176195557,0.9586167800453514,0.01963588464625607,0.14830477159467867,0.0,0.0,0.0,0.9599332220367279,13,599,11
T21,149,0.370952656366191,0.13595559671581298,0.10810810810810813,0.1142857142857143,0.9809138230190861,0.9820497973364215,0.11111111111111112,0.5475997686524002,0.0926444325509609,0.963718820861678,0.01834385150454811,0.14159895210825593,0.08333333333333333,0.09090909090909091,0.08695652173913043,0.9649415692821369,12,599,11
T21,150,0.3925225374702733,0.1654222434639113,0.10526315789473684,0.14285714285714293,0.9703832752613241,0.9789103690685412,0.12121212121212123,0.5566202090592335,0.09763117016520763,0.9506802721088435,0.022127352293332285,0.1655504659541052,0.10526315789473684,0.14285714285714285,0.12121212121212122,0.9519071310116086,19,603,14
T21,151,0.42960332931093237,0.1086011071865003,0.09302325581395346,0.07407407407407407,0.9771929824561403,0.9709471237652527,0.0824742268041237,0.5256335282651072,0.05726755683759209,0.949546485260771,0.029411288314959913,0.2141242623919163,0.07142857142857142,0.058823529411764705,0.06451612903225806,0.9531502423263328,14,619,17
T21,152,0.5487994533930932,0.25363817667127575,0.22580645161290328,0.2121212121212122,0.9717314487632509,0.9694477085781434,0.21875000000000008,0.5919263304422315,0.18946766716219407,0.9433106575963718,0.030601162519508878,0.2146615512396225,0.2,0.2,0.2,0.9448275862068966,20,580,20
T21,153,0.4146942983038723,0.1489190899642576,0.17500000000000002,0.1206896551724138,0.9806565064478312,0.9704176334106728,0.14285714285714288,0.5506730808101225,0.12139818358637185,0.9523809523809523,0.029799964930043,0.2229979894454167,0.15384615384615385,0.10526315789473684,0.125,0.9552,13,625,19
T21,154,0.4031569346462422,0.26931108165978435,0.19512195121951223,0.25806451612903225,0.9809578765147143,0.9866511897852583,0.22222222222222224,0.6195111963218733,0.20844148119155215,0.9682539682539684,0.013665674688341576,0.11275481997380804,0.15384615384615385,0.2222222222222222,0.18181818181818182,0.969439728353141,13,589,9
T21,155,0.3370428118393253,0.0217317707010476,0.0,0.0,0.9755813953488374,0.9744483159117306,0.0,0.4877906976744187,-0.024978720382016303,0.9512471655328797,0.025886593725230986,0.192385562490003,0.0,0.0,0.0,0.9530988274706867,14,597,14
T21,156,0.36581429103371776,0.18531104355106415,0.15,0.1636363636363636,0.9701579871269749,0.9730046948356806,0.15652173913043477,0.5668971753816693,0.12828613832516272,0.9450113378684806,0.026968823222467016,0.2123950567117498,0.15,0.17647058823529413,0.16216216216216217,0.9493464052287581,20,612,17
T21,157,0.7675653460463581,0.3161444336131779,0.17499999999999996,0.2692307692307692,0.981012658227848,0.9889791183294663,0.21212121212121207,0.6251217137293086,0.20257022634732863,0.9705215419501134,0.01161650697138628,0.07140221984956613,0.15384615384615385,0.25,0.19047619047619047,0.9729299363057324,13,628,8
T21,158,0.5118930248155595,0.20474386949645162,0.1818181818181817,0.16666666666666657,0.9735915492957745,0.9707431246342889,0.17391304347826078,0.5701291079812205,0.14628047261313973,0.9461451247165531,0.029242131416197904,0.2047614681711503,0.16666666666666666,0.15789473684210525,0.16216216216216217,0.9486754966887417,18,604,19
T21,159,0.48709395264666044,0.17284074435026345,0.06250000000000001,0.15789473684210525,0.9742120343839542,0.9906759906759907,0.08955223880597016,0.5660533856130298,0.08381472683814643,0.9654195011337868,0.009975271154474264,0.07237408448373528,0.0625,0.16666666666666666,0.09090909090909091,0.9666110183639399,16,599,6
T21,160,0.2862236368312756,0.015956745048340486,0.0,0.0,0.9774305555555555,0.9791304347826085,0.0,0.48871527777777773,-0.02170286830706265,0.9574829931972791,0.02102662741837211,0.16370294095977586,0.0,0.0,0.0,0.9617834394904459,13,628,11
T21,161,0.4400998897814197,0.23501789041829071,0.15094339622641506,0.21621621621621614,0.9739432541980313,0.9830508474576272,0.17777777777777773,0.5950797352071238,0.1596254190832876,0.9580498866213152,0.018282693865661913,0.1357861915030715,0.11764705882352941,0.18181818181818182,0.14285714285714285,0.9603305785123967,17,605,11
T21,162,0.2492311939268472,0.01645429086245529,0.0,0.0,0.9756521739130436,0.9773519163763066,0.0,0.4878260869565218,-0.02348258080519622,0.9540816326530613,0.022698073044178087,0.17922118296421757,0.0,0.0,0.0,0.955810147299509,14,611,13
T21,163,0.5924541945826346,0.2860182799701971,0.1724137931034482,0.26315789473684204,0.9721900347624567,0.9835873388042203,0.20833333333333323,0.6176739647496494,0.19161039479635966,0.9569160997732425,0.017237675309471838,0.11742752976469284,0.15789473684210525,0.25,0.1935483870967742,0.957983193277311,19,595,12
T21,164,0.4193396681498054,0.16636592187862534,0.15217391304347827,0.13725490196078433,0.9772329246935202,0.9743888242142025,0.1443298969072165,0.5572439133271523,0.1203739702928017,0.9529478458049888,0.02562981218743175,0.1962676610712657,0.13333333333333333,0.13333333333333333,0.13333333333333333,0.9562289562289562,15,594,15
T21,165,0.4781968843221758,0.1708019801155451,0.11111111111111115,0.15000000000000002,0.9721577726218097,0.9801169590643275,0.12765957446808515,0.5610788863109049,0.10556617760067556,0.9535147392290249,0.020189078557053815,0.14577076553803206,0.1111111111111111,0.15384615384615385,0.12903225806451613,0.9549248747913188,18,599,13
T21,166,0.26966537222176307,0.016052045678468137,0.0,0.0,0.9895893580104105,0.9799541809851087,0.0,0.49479467900520524,-0.014446101382450997,0.9699546485260772,0.0206813658426871,0.16264773016539077,0.0,0.0,0.0,0.9725806451612903,6,620,11
T21,167,0.3886249574553684,0.2068906123083761,0.15625,0.1851851851851852,0.968421052631579,0.9741176470588235,0.1694915254237288,0.5768031189083821,0.1415107197272662,0.9444444444444443,0.026307469206835334,0.2082333136613747,0.14285714285714285,0.17647058823529413,0.15789473684210525,0.9463986599664992,21,597,17
T21,168,0.4087586346266897,0.18488812966183266,0.125,0.16666666666666666,0.9756944444444442,0.9825174825174823,0.14285714285714285,0.5711805555555555,0.12371866583122554,0.9591836734693877,0.017567270243381127,0.13842914414559632,0.125,0.18181818181818182,0.14814814814814814,0.9620462046204621,16,606,11
T21,169,0.5665500112076011,0.24893935682772947,0.24999999999999997,0.21739130434782605,0.9825378346915018,0.9791183294663574,0.2325581395348837,0.5999645695196639,0.2140267047551272,0.9625850340136054,0.021320735624062278,0.15170686951243983,0.23076923076923078,0.21428571428571427,0.2222222222222222,0.9639175257731959,13,582,14
T21,170,0.4510528465245443,0.21075614651169766,0.08333333333333336,0.2,0.9811320754716981,0.9930555555555556,0.11764705882352945,0.590566037735849,0.11762855940384052,0.9744897959183674,0.007699753277329641,0.05792729998666677,0.08333333333333333,0.2,0.11764705882352941,0.9751243781094527,12,603,5
T21,171,0.42133311514754923,0.17874520891340548,0.05882352941176471,0.16666666666666669,0.9725085910652921,0.9912434325744308,0.08695652173913045,0.5695876288659794,0.08347504021133903,0.9642857142857144,0.009409809540080699,0.07143830204347393,0.058823529411764705,0.16666666666666666,0.08695652173913043,0.966183574879227,17,621,6
T21,172,0.4548298794826595,0.18621404726016313,0.13333333333333328,0.16666666666666663,0.9774305555555556,0.9825479930191973,0.14814814814814808,0.5720486111111112,0.12922142715055102,0.9608843537414964,0.01803870219848579,0.13150106400421188,0.13333333333333333,0.16666666666666666,0.14814814814814814,0.9613445378151261,15,595,12
T21,173,0.29392321932894594,0.018755452313091666,0.0,0.0,0.9843114468332363,0.97524467472654,0.0,0.4921557234166182,-0.019707238180759118,0.9603174603174603,0.025293499081134624,0.19632434178686067,0.0,0.0,0.0,0.9630818619582665,9,623,14
T21,174,0.31086731877185403,0.18990473189265292,0.15217391304347824,0.17073170731707316,0.9773650609402206,0.980209545983702,0.16091954022988503,0.5740483841286469,0.14001986449303294,0.9586167800453512,0.020051633412654812,0.16832885418233426,0.13333333333333333,0.15384615384615385,0.14285714285714285,0.9597989949748744,15,597,13
T21,175,0.35018313202677276,0.16899508500253832,0.17500000000000004,0.148936170212766,0.9807804309842748,0.976798143851508,0.1609195402298851,0.5648583005985204,0.14032369467925615,0.9586167800453516,0.023345876141018615,0.18650486514883888,0.15384615384615385,0.13333333333333333,0.14285714285714285,0.9605263157894737,13,608,15
T21,176,0.546960093896713,0.2681443576029989,0.25000000000000006,0.23333333333333334,0.9753521126760561,0.9730679156908665,0.24137931034482762,0.6043427230046947,0.21575687121464548,0.9501133786848074,0.026991796979387632,0.19018765060203538,0.2222222222222222,0.21052631578947367,0.21621621621621623,0.9533762057877814,18,622,19
T21,177,0.40570673150694636,0.10438631087262448,0.07692307692307693,0.0857142857142857,0.9791787160208212,0.9814492753623189,0.08108108108108107,0.5324465008675534,0.06154638216937022,0.961451247165533,0.01929771105591287,0.14374040405308497,0.07692307692307693,0.09090909090909091,0.08333333333333333,0.9650238473767886,13,629,11
T21,178,0.4846594850162092,0.23866001737412107,0.14285714285714282,0.21951219512195125,0.9686593151479979,0.9811875367430923,0.17307692307692304,0.5940857551349745,0.15277982426135026,0.95124716553288,0.019058073089772105,0.1404836120698764,0.14285714285714285,0.23076923076923078,0.17647058823529413,0.9527824620573356,21,593,13
T21,179,0.5863098877491998,0.4744432884790714,0.2758620689655171,0.45714285714285713,0.9757085020242914,0.9888628370457209,0.34408602150537626,0.7164256795835743,0.3385063298852152,0.9654195011337869,0.012614243602328873,0.09508332708921922,0.2222222222222222,0.4,0.2857142857142857,0.9683544303797469,18,632,10
T21,180,0.3725777710661432,0.17716110983418903,0.2258064516129032,0.1590909090909091,0.9860465116279069,0.9786497403346798,0.18666666666666665,0.572568710359408,0.1722621384671145,0.9654195011337867,0.02171293871230562,0.1735713416759648,0.2,0.15384615384615385,0.17391304347826086,0.9676320272572402,10,587,13
T21,181,0.6282418224299064,0.3986747991946716,0.29687499999999994,0.36538461538461536,0.973714953271028,0.9805882352941176,0.3275862068965517,0.6695497843278216,0.30673712427098454,0.9557823129251702,0.0202359197803881,0.14569791577573662,0.25,0.3333333333333333,0.2857142857142857,0.9567474048442907,20,578,15
T21,182,0.39689413512211025,0.16286415334880477,0.14285714285714293,0.14285714285714293,0.9790940766550523,0.9790940766550523,0.14285714285714293,0.5609756097560976,0.1219512195121938,0.9591836734693878,0.02127039798106678,0.16554514854507543,0.14285714285714285,0.15384615384615385,0.14814814814814814,0.9609507640067911,14,589,13
T21,183,0.4206254066126679,0.20523805748602758,0.15217391304347824,0.18918918918918917,0.9774174869716272,0.9825378346915017,0.1686746987951807,0.5833033380804082,0.1498128049598548,0.9608843537414967,0.018531279511954917,0.14268577991482764,0.13333333333333333,0.18181818181818182,0.15384615384615385,0.9625212947189097,15,587,11
T21,184,0.4826082107584973,0.23691916060834595,0.1724137931034482,0.2127659574468084,0.9720442632498543,0.9783118405627198,0.1904761904761904,0.5924051103483313,0.1669000827515929,0.9518140589569162,0.022124536250266606,0.16571875196128524,0.15789473684210525,0.2,0.17647058823529413,0.9536423841059603,19,604,15
T21,185,0.35520281797974473,0.13622172153162312,0.14285714285714285,0.11320754716981132,0.9789596727060198,0.9727061556329849,0.12631578947368421,0.5460836099379156,0.10320439884770286,0.9529478458049886,0.027525240523123693,0.21456194593279654,0.14285714285714285,0.11764705882352941,0.12903225806451613,0.9570747217806042,14,629,17
T21,186,0.32826794880824817,0.04646853485971944,0.0,0.0,0.9892984542211654,0.9530355097365405,0.0,0.4946492271105827,-0.022418578066729852,0.9433106575963719,0.04694856521173394,0.3604060883251536,0.0,0.0,0.0,0.9450915141430949,6,601,27
T21,187,0.5224624574943051,0.029276850019076137,0.0,0.0,0.9808917197452229,0.9786250722125939,0.0,0.49044585987261147,-0.020209851820025153,0.9603174603174605,0.02165120587970056,0.1438038310754412,0.0,0.0,0.0,0.9632,11,625,12
T21,188,0.225597667638485,0.007047011196858237,0.0,0.0,0.9811428571428572,0.9919121894858463,0.0,0.4905714285714286,-0.012349615308457082,0.973356009070295,0.008781942549899854,0.07066437356473759,0.0,0.0,0.0,0.9752883031301482,11,607,4
T21,189,0.3498544119172167,0.015013265777016737,0.0,0.0,0.9826889786497403,0.9821222606689735,0.0,0.4913444893248701,-0.01759209843235779,0.9654195011337867,0.01872030396587498,0.13943178811232212,0.0,0.0,0.0,0.9686028257456829,10,637,10
T21,190,0.5133505856153083,0.12066448153125786,0.0714285714285714,0.09374999999999999,0.9774826789838336,0.9831591173054587,0.08108108108108106,0.5356163394919168,0.06235725545644569,0.9614512471655328,0.017542454904308454,0.12062341040833238,0.07142857142857142,0.1,0.08333333333333333,0.9635761589403974,14,604,10
T21,191,0.4075061544679597,0.20919986461390042,0.17499999999999993,0.1944444444444444,0.9809027777777778,0.9831786542923433,0.1842105263157894,0.587673611111111,0.16654184953041434,0.9648526077097503,0.017966845682775116,0.13765123054253905,0.15384615384615385,0.18181818181818182,0.16666666666666666,0.9664429530201343,13,596,11
T21,192,0.5758193037143279,0.22968430545984247,0.3142857142857143,0.18644067796610167,0.9859237536656892,0.9722382880277615,0.23404255319148934,0.5861822158158955,0.22223084126112347,0.9591836734693875,0.027836708609791833,0.1939272995388164,0.2727272727272727,0.16666666666666666,0.20689655172413793,0.9615384615384616,11,598,18
T21,193,0.43785932870258,0.10693496195311847,0.07692307692307694,0.08823529411764708,0.9791907514450868,0.9820289855072465,0.08219178082191783,0.5337130227813669,0.06304684327898172,0.9620181405895691,0.01794755712249486,0.1326154144081959,0.07692307692307693,0.09090909090909091,0.08333333333333333,0.964573268921095,13,621,11
T21,194,0.6100409596255122,0.20077759262628486,0.15094339622641512,0.14545454545454548,0.9736688121708601,0.9725306838106371,0.14814814814814817,0.5595616788127028,0.12127921088843284,0.947845804988662,0.02774500098285023,0.18073076640356675,0.11764705882352941,0.11764705882352941,0.11764705882352941,0.9482758620689655,17,580,17
T21,195,0.35465351263962425,0.20828004116624052,0.25000000000000006,0.19444444444444453,0.9878472222222222,0.9832949308755761,0.21875000000000008,0.5911458333333334,0.2062225054987792,0.9716553287981857,0.016841462993643908,0.13965859483278883,0.2222222222222222,0.18181818181818182,0.2,0.9724137931034482,9,580,11
T21,196,0.5480377981622389,0.28485641148755575,0.23404255319148937,0.2619047619047619,0.9790940766550523,0.9819452533488644,0.24719101123595505,0.6204994192799071,0.22815085035849933,0.962018140589569,0.01843575809934253,0.13232969838828323,0.2,0.23076923076923078,0.21428571428571427,0.9629005059021922,15,593,13
T21,197,0.384287371561155,0.19092684411297434,0.1627906976744186,0.17499999999999993,0.9791183294663572,0.9808251016850669,0.16867469879518068,0.5770591647331786,0.14877441675993625,0.9608843537414967,0.019684468157879206,0.15168976292035596,0.14285714285714285,0.15384615384615385,0.14814814814814814,0.9619834710743802,14,605,13
T21,198,0.46525182622068434,0.24642142286380342,0.17499999999999993,0.2333333333333333,0.9809688581314877,0.986658932714617,0.19999999999999993,0.6071510957324106,0.1861286209872257,0.9682539682539684,0.014668745675795295,0.10948965140630591,0.15384615384615385,0.2222222222222222,0.18181818181818182,0.9701986754966887,13,604,9
T21,199,0.4765089376025282,0.09136653372326385,0.08333333333333334,0.06122448979591837,0.9807580174927113,0.9733796296296295,0.07058823529411765,0.5209912536443149,0.048795003647423285,0.9552154195011339,0.02701377234473892,0.18757260822868524,0.08333333333333333,0.0625,0.07142857142857142,0.9577922077922078,12,616,16
T21,200,0.3283527474538034,0.018501197289884315,0.0,0.0,0.973928157589803,0.9778941244909831,0.0,0.4869640787949015,-0.024007101087190424,0.9529478458049886,0.021896698516288234,0.16624464224400376,0.0,0.0,0.0,0.9542372881355933,15,590,12
T21,201,0.4738532359155347,0.2158119272766721,0.12068965517241378,0.20000000000000004,0.9705031810294967,0.9835873388042203,0.15053763440860216,0.5852515905147484,0.13334001342886648,0.955215419501134,0.01732798847093914,0.12440978033494042,0.10526315789473684,0.18181818181818182,0.13333333333333333,0.9568106312292359,19,602,11
T21,202,0.3476241310680468,0.08955052496956338,0.05882352941176469,0.0697674418604651,0.9721092388146426,0.9766491535318156,0.06382978723404253,0.5209383403375538,0.0385419020848462,0.9501133786848072,0.02380495329656309,0.18031178305732798,0.058823529411764705,0.07692307692307693,0.06666666666666667,0.9537190082644628,17,605,13
T21,203,0.40044241797397484,0.19151011004386317,0.2040816326530612,0.16129032258064516,0.9770857814336074,0.9696793002915449,0.18018018018018017,0.5691880520071263,0.1550624420378979,0.9484126984126985,0.030188413389547534,0.2403075477861119,0.1875,0.16666666666666666,0.17647058823529413,0.9537953795379538,16,606,18
T21,204,0.49267465357967855,0.14389895418090026,0.08695652173913043,0.125,0.9757505773672057,0.9837019790454017,0.10256410256410255,0.5503752886836029,0.08437348368974522,0.9603174603174602,0.016746883364842084,0.11925344803684472,0.06666666666666667,0.1,0.08,0.9614740368509213,15,597,10
T21,205,0.344478451484823,0.0968266045236025,0.10000000000000002,0.08108108108108109,0.9843659525188188,0.9803921568627452,0.08955223880597016,0.5327235167999499,0.07253570287358259,0.9654195011337868,0.019627533549067985,0.15554552187824136,0.1,0.08333333333333333,0.09090909090909091,0.9671592775041051,10,609,12
T21,206,0.426707635214581,0.10163898366173227,0.08333333333333336,0.08333333333333333,0.9809027777777778,0.9809027777777778,0.08333333333333334,0.5321180555555556,0.06423611111111668,0.9625850340136054,0.01926524381358164,0.14189414585110813,0.08333333333333333,0.09090909090909091,0.08695652173913043,0.9655172413793104,12,609,11
T21,207,0.5889781418443838,0.24150113861903388,0.21052631578947364,0.21621621621621617,0.9826288361320209,0.9831981460023175,0.2133333333333333,0.5994225261741185,0.1962680583949501,0.9665532879818594,0.017623157001405185,0.11898793053591832,0.16666666666666666,0.18181818181818182,0.17391304347826086,0.9683860232945092,12,601,11
T21,208,0.348629209425502,0.14700710999942956,0.1428571428571428,0.12765957446808507,0.9790331974373907,0.976190476190476,0.13483146067415727,0.5533463859527379,0.11270102246624675,0.9563492063492065,0.024019170325654222,0.18866441279236693,0.14285714285714285,0.13333333333333333,0.13793103448275862,0.9586092715231788,14,604,15
T21,209,0.2894608359459248,0.08378382772815479,0.0526315789473684,0.06382978723404253,0.9685497961560862,0.974223784417106,0.057692307692307675,0.5161897916950644,0.029488395641882895,0.9444444444444443,0.02593778090741882,0.20775745782359964,0.05263157894736842,0.06666666666666667,0.058823529411764705,0.946218487394958,19,595,15
T21,210,0.4355831608005537,0.13074042502779673,0.06896551724137928,0.10256410256410255,0.9686956521739132,0.9794841735052755,0.08247422680412368,0.5356298773690078,0.058758089483405135,0.9495464852607711,0.020669214800798412,0.14954905932661666,0.05263157894736842,0.08333333333333333,0.06451612903225806,0.9512605042016806,19,595,12
T21,211,0.38993635044590524,0.10282750233755625,0.06250000000000001,0.08108108108108109,0.9739432541980313,0.9801864801864802,0.07058823529411766,0.5275121676395562,0.048464370393789466,0.9552154195011339,0.020094826419135275,0.15050002881564478,0.0625,0.08333333333333333,0.07142857142857142,0.9565943238731218,16,599,12
T21,212,0.5558093053735258,0.40745112619786245,0.2285714285714286,0.39999999999999997,0.9845183486238532,0.9930595720069404,0.29090909090909095,0.6922591743119266,0.29192667974380576,0.9778911564625851,0.007802975771901544,0.059662003486806746,0.18181818181818182,0.3333333333333333,0.23529411764705882,0.9779661016949153,11,590,6
T21,213,0.5967811514849847,0.38602054939668357,0.2500000000000001,0.3571428571428572,0.9738675958188153,0.9841549295774648,0.2941176470588236,0.6655052264808362,0.27840210003275007,0.9591836734693878,0.016337352094926927,0.11716800386438128,0.21052631578947367,0.3076923076923077,0.25,0.9593220338983051,19,590,13
T21,214,0.6204543838441311,0.18216778981516457,0.10526315789473685,0.14285714285714288,0.9703832752613241,0.9789103690685413,0.12121212121212122,0.5566202090592335,0.09763117016520584,0.9506802721088434,0.0211807249345499,0.13886811845272448,0.10526315789473684,0.16666666666666666,0.12903225806451613,0.9555189456342669,19,607,12
T21,215,0.4740513418903161,0.2826756914308591,0.1710526315789473,0.25999999999999995,0.9632438739789964,0.9780805687203791,0.20634920634920625,0.6116219369894982,0.1824638960827762,0.9433106575963718,0.022574435530559763,0.17139177017943164,0.16,0.25,0.1951219512195122,0.9454545454545454,25,605,16
T21,216,0.6307213587595542,0.3423622335469864,0.23404255319148923,0.3055555555555555,0.9791666666666667,0.9854397204426326,0.26506024096385533,0.6423611111111112,0.24998296079432128,0.9654195011337868,0.015267132448255602,0.10522976396061665,0.2,0.2727272727272727,0.23076923076923078,0.9663865546218487,15,595,11
T21,217,0.5514367863304039,0.18382448136468432,0.11764705882352938,0.15999999999999998,0.9827487061529614,0.9878612716763004,0.13559322033898302,0.5713743530764807,0.1227239897787323,0.9710884353741497,0.012463513265130061,0.08773294351133507,0.09090909090909091,0.125,0.10526315789473684,0.9721311475409836,11,610,8
T21,218,0.48866331044570455,0.283324025680998,0.3846153846153846,0.25423728813559315,0.9859237536656891,0.9744927536231882,0.3061224489795918,0.6200805209006411,0.29367292111921617,0.9614512471655328,0.026272617622662146,0.19867807377004723,0.3333333333333333,0.2222222222222222,0.26666666666666666,0.9641693811074918,12,614,18
T21,219,0.45730273676290867,0.02234061506993749,0.0,0.0,0.9879032258064516,0.9839357429718876,0.0,0.4939516129032258,-0.013940074958774558,0.9722222222222223,0.01641614161170371,0.11752698329930274,0.0,0.0,0.0,0.9753694581280788,7,609,8
T21,220,0.5676853669586223,0.2782954834793658,0.18644067796610167,0.2500000000000001,0.9720930232558138,0.9806451612903225,0.21359223300970875,0.6110465116279069,0.1926359239178777,0.9540816326530611,0.01993432473771232,0.13889379810738137,0.15789473684210525,0.23076923076923078,0.1875,0.9581993569131833,19,622,13
T21,221,0.49729540380087256,0.2715884820457445,0.18918918918918923,0.2592592592592593,0.9827288428324698,0.9884192240880139,0.21875000000000003,0.6209940510458645,0.20731406812966938,0.971655328798186,0.012549836289943135,0.0926901105521545,0.16666666666666666,0.25,0.2,0.974025974025974,12,616,8
T21,222,0.36745919964229695,0.14487408295634413,0.17500000000000004,0.11666666666666667,0.9806338028169014,0.9692575406032483,0.14,0.548650234741784,0.11847500338569612,0.9512471655328798,0.030942050314785793,0.24079355343953976,0.15384615384615385,0.10526315789473684,0.125,0.9518072289156626,13,581,19
T21,223,0.5889933419457425,0.1606816453270505,0.14285714285714288,0.13793103448275865,0.9861671469740635,0.9855990783410138,0.14035087719298248,0.562049090728411,0.12625839951269383,0.9722222222222224,0.014826954823636017,0.09928334135232114,0.1111111111111111,0.1111111111111111,0.1111111111111111,0.9734660033167496,9,603,9
T21,224,0.4548353792941224,0.12694784825929023,0.14285714285714282,0.10526315789473682,0.9860950173812283,0.9804147465437788,0.12121212121212117,0.5456790876379826,0.10612207535894469,0.9671201814058958,0.01991751718867722,0.14746350400805697,0.1111111111111111,0.09090909090909091,0.1,0.9709208400646203,9,619,11
T21,225,0.6388659246231762,0.229152464178347,0.15217391304347822,0.19999999999999993,0.9774436090225563,0.9837019790454016,0.17283950617283944,0.5887218045112782,0.15527494540784778,0.9620181405895691,0.017097596367266297,0.11150605219799986,0.13333333333333333,0.2,0.16,0.9647058823529412,15,595,10
T21,226,0.4034682674417991,0.15022999582207466,0.1666666666666666,0.12765957446808507,0.9825276645311589,0.9762731481481481,0.14457831325301201,0.555093619499622,0.1254995758459278,0.9597505668934241,0.023747230826307,0.18149965686600167,0.16666666666666666,0.13333333333333333,0.14814814814814814,0.9622950819672131,12,610,15
T21,227,0.35943531884298474,0.2062057643578328,0.17021276595744678,0.19047619047619047,0.9773519163763065,0.9801980198019802,0.1797752808988764,0.5839140534262485,0.15888095362314636,0.9586167800453514,0.021239769812387673,0.16659992997456,0.13333333333333333,0.15384615384615385,0.14285714285714285,0.96,15,600,13
T21,228,0.4468247126436762,0.13990929484666711,0.0909090909090909,0.12499999999999999,0.9827586206896551,0.9878682842287696,0.10526315789473682,0.5538793103448275,0.09213545075814127,0.9710884353741497,0.012816722771981613,0.09252731533897789,0.09090909090909091,0.125,0.10526315789473684,0.9708404802744426,11,583,8
T21,229,0.40369422244422165,0.09105377989490303,0.05882352941176469,0.062499999999999986,0.972027972027972,0.9737302977232924,0.06060606060606059,0.5172639860139859,0.03352637219746429,0.9472789115646258,0.025827431279961597,0.19445762486814064,0.058823529411764705,0.06666666666666667,0.0625,0.9511400651465798,17,614,15
T21,230,0.31663054968287574,0.10973812357952395,0.12903225806451615,0.09090909090909093,0.9843023255813954,0.9769186381996537,0.10666666666666667,0.5376057082452431,0.0892676704438128,0.9620181405895691,0.02336213089402627,0.18486797157550225,0.1,0.07142857142857142,0.08333333333333333,0.9639934533551555,10,611,14
T21,231,0.4081165300508998,0.2692574178424505,0.10447761194029845,0.25925925925925924,0.9654576856649398,0.9882144961697112,0.1489361702127659,0.6123584724620995,0.14432424381601347,0.9546485260770974,0.012263575014635337,0.10004007565837691,0.09090909090909091,0.25,0.13333333333333333,0.953405017921147,22,558,8
T21,232,0.35732480965876423,0.24512370654983356,0.22222222222222213,0.22641509433962262,0.9754529514903564,0.9760233918128653,0.2242990654205607,0.6009340229149895,0.20004863083667246,0.9529478458049887,0.024259026102726476,0.20341961219297763,0.17647058823529413,0.1875,0.18181818181818182,0.9564516129032258,17,620,16
T21,233,0.48666832217788325,0.1482797484693839,0.12499999999999997,0.10344827586206895,0.9753810082063306,0.9696969696969696,0.1132075471698113,0.5394146420341998,0.08639961993353264,0.9467120181405896,0.03001957451069356,0.21610344647156218,0.125,0.1111111111111111,0.11764705882352941,0.9508196721311475,16,610,18
T21,234,0.6425641166960604,0.3286261154651227,0.22,0.30555555555555547,0.9774305555555554,0.9854142357059509,0.25581395348837205,0.6414930555555555,0.24110034369384242,0.963718820861678,0.015236766848547393,0.10168605334889452,0.1875,0.2727272727272727,0.2222222222222222,0.9653465346534653,16,606,11
T21,235,0.5085095784988386,0.22062994042676384,0.14285714285714288,0.20000000000000004,0.9757085020242916,0.9836734693877551,0.16666666666666669,0.5878542510121458,0.1491056817756063,0.9603174603174602,0.01673863140652355,0.1224349370603327,0.125,0.18181818181818182,0.14814814814814814,0.9616026711185309,16,599,11
T21,236,0.39238647168017465,0.14993081940526148,0.1346153846153846,0.10769230769230771,0.9735138316656857,0.9661214953271028,0.11965811965811966,0.5406030696789967,0.09044585734625543,0.9416099773242632,0.0339918803141455,0.26048221400834265,0.11764705882352941,0.1,0.10810810810810811,0.9466882067851373,17,619,20
T21,237,0.3933817661791785,0.1629459571735993,0.09090909090909095,0.14285714285714285,0.9651567944250871,0.978798586572438,0.11111111111111115,0.554006968641115,0.08677211939084631,0.9455782312925171,0.02169732469492132,0.16571946217397607,0.09090909090909091,0.15384615384615385,0.11428571428571428,0.9484193011647255,22,601,13
T21,238,0.247407505285412,0.08490318222590976,0.07142857142857141,0.06818181818181818,0.9773255813953488,0.9761904761904759,0.0697674418604651,0.5227536997885834,0.04655125162102747,0.9546485260770975,0.023572959029173852,0.1913073978506643,0.07142857142857142,0.07142857142857142,0.07142857142857142,0.9576547231270358,14,614,14
T21,239,0.45670756335225193,0.1446696083373814,0.12499999999999997,0.11764705882352938,0.9754816112084063,0.9737762237762237,0.12121212121212117,0.5465643350159678,0.09591088755223054,0.9506802721088434,0.026178663968280978,0.19010688432484507,0.125,0.125,0.125,0.9543973941368078,16,614,16
T21,240,0.5174661266176781,0.22343908453057007,0.16393442622950816,0.1818181818181818,0.9701579871269748,0.9735760422783324,0.17241379310344823,0.5759880844725783,0.1445624923473381,0.945578231292517,0.02655099387363615,0.1929282512021698,0.15,0.17647058823529413,0.16216216216216217,0.9487603305785124,20,605,17
T21,241,0.42756992832138835,0.16944312231571748,0.13461538461538455,0.13999999999999996,0.9737456242707118,0.9748831775700934,0.13725490196078427,0.5568728121353559,0.11160189206519809,0.9501133786848072,0.025286003828773412,0.18897666532308774,0.11764705882352941,0.13333333333333333,0.125,0.9529411764705882,17,595,15
T21,242,0.445585317460317,0.31853815879949277,0.1774193548387097,0.3055555555555556,0.9704861111111109,0.9853113983548765,0.22448979591836735,0.6380208333333333,0.21194449351063296,0.9569160997732425,0.015928303252855994,0.12283427495169313,0.15,0.2727272727272727,0.1935483870967742,0.9598070739549839,20,622,11
T21,243,0.48722085496288375,0.19971202026116502,0.2058823529411765,0.17073170731707318,0.9843296575739989,0.9803468208092486,0.18666666666666668,0.5775306824455361,0.169932191959839,0.9654195011337869,0.01972878246986218,0.14666210085093773,0.18181818181818182,0.15384615384615385,0.16666666666666666,0.9670510708401977,11,607,13
T21,244,0.5759884398345932,0.22963174025734462,0.23636363636363636,0.17567567567567566,0.9751479289940826,0.9643066120538324,0.20155038759689922,0.5754118023348791,0.17397071654821167,0.941609977324263,0.03539443974444201,0.2493432894889963,0.2222222222222222,0.18181818181818182,0.2,0.9471947194719472,18,606,22
T21,245,0.3973721340388027,0.15530310234824446,0.13461538461538458,0.1296296296296296,0.9736842105263158,0.9725467289719626,0.13207547169811318,0.5516569200779727,0.10522038525844962,0.9478458049886623,0.027409984934703403,0.20714243151252723,0.11764705882352941,0.11764705882352941,0.11764705882352941,0.9504132231404959,17,605,17
T21,246,0.4936637298488622,0.28772131351394953,0.3265306122448979,0.25806451612903225,0.9806110458284372,0.9731778425655976,0.2882882882882883,0.6193377809787347,0.2674566953271141,0.9552154195011338,0.02733050158403363,0.20792834604718613,0.26666666666666666,0.21052631578947367,0.23529411764705882,0.95578231292517,15,588,19
T21,247,0.5244380730121689,0.22854755775594665,0.27027027027027023,0.19999999999999996,0.984247374562427,0.9768384481760276,0.22988505747126434,0.5921236872812135,0.2133755670296334,0.962018140589569,0.0233637323109075,0.170700392223772,0.25,0.1875,0.21428571428571427,0.9639344262295082,12,610,16
T21,248,0.39819156983909887,0.16442886573647905,0.16279069767441856,0.14285714285714285,0.979008746355685,0.9755955839628122,0.15217391304347822,0.560932944606414,0.12986364874967052,0.9557823129251701,0.024495497151952608,0.18926827003128266,0.14285714285714285,0.13333333333333333,0.13793103448275862,0.9584026622296173,14,601,15
T21,249,0.4382300298309579,0.16997928804579504,0.1176470588235294,0.14999999999999997,0.9738979118329465,0.9801517805020431,0.13186813186813184,0.5619489559164732,0.11007757252103445,0.955215419501134,0.02015736638078902,0.14944295290830997,0.11764705882352941,0.15384615384615385,0.13333333333333333,0.9566666666666667,17,600,13
T21,250,0.3547340554719005,0.10382150739625032,0.05263157894736841,0.08823529411764708,0.96878612716763,0.9818394844756884,0.06593406593406594,0.5285107106426385,0.04433496396297202,0.9518140589569162,0.018592449880063342,0.14250180773608676,0.05263157894736842,0.09090909090909091,0.06666666666666667,0.9527824620573356,19,593,11
T21,251,0.3178349979459785,0.0257136668570375,0.0,0.0,0.9912383177570093,0.970268724985706,0.0,0.49561915887850466,-0.01613988799075556,0.9620181405895689,0.029853730664427123,0.23318036796956618,0.0,0.0,0.0,0.9632107023411371,5,598,17
T21,252,0.44362336906839633,0.12076865715282216,0.09302325581395346,0.08888888888888886,0.9773123909249564,0.9761766414875073,0.09090909090909088,0.5331006399069226,0.06768398454836265,0.9546485260770974,0.02401084201058619,0.17640982533054772,0.07142857142857142,0.07142857142857142,0.07142857142857142,0.9560067681895094,14,591,14
T21,253,0.2042752155365886,0.01001660059923989,0.0,0.0,0.981067125645439,0.9878682842287695,0.0,0.4905335628227195,-0.015155469323047545,0.9693877551020409,0.012725236471057179,0.10347133805880636,0.0,0.0,0.0,0.9706362153344209,11,613,7
T21,254,0.4194395316216397,0.12684496728285594,0.09999999999999998,0.10526315789473682,0.9791425260718425,0.9802784222737819,0.10256410256410255,0.5422028419832896,0.08231619002223557,0.9603174603174603,0.020208719737003642,0.15142928835285366,0.07692307692307693,0.09090909090909091,0.08333333333333333,0.9630252100840336,13,595,11
T21,255,0.4324492761234547,0.10792967964658857,0.09090909090909091,0.09090909090909091,0.9826689774696707,0.9826689774696707,0.09090909090909091,0.5367890341893808,0.07357806837876397,0.965986394557823,0.01781088261560522,0.13191413837468657,0.09090909090909091,0.1,0.09523809523809523,0.9686985172981878,11,607,10
T21,256,0.34094202802205126,0.14447340434572775,0.1081081081081081,0.12903225806451613,0.9809578765147143,0.9843659525188188,0.11764705882352941,0.5549950672896152,0.10085253776402248,0.9659863945578232,0.015994151990392124,0.12630446247843832,0.08333333333333333,0.1,0.09090909090909091,0.968,12,625,10
T21,257,0.4849522654495065,0.2137015730472779,0.24999999999999992,0.17857142857142855,0.9824355971896955,0.9733178654292344,0.20833333333333326,0.580503512880562,0.18962000240503013,0.9569160997732427,0.026890089514436527,0.19856021140639074,0.23076923076923078,0.16666666666666666,0.1935483870967742,0.9596122778675282,13,619,18
T21,258,0.4004372453542674,0.11905020986041105,0.08333333333333331,0.10344827586206898,0.9809798270893371,0.9849537037037036,0.0923076923076923,0.542214051475703,0.07592986891342142,0.9665532879818595,0.01589595712897447,0.11776485259327675,0.08333333333333333,0.1111111111111111,0.09523809523809523,0.9690553745928339,12,614,9
T21,259,0.4166158092318446,0.2131943276179606,0.1923076923076923,0.18867924528301885,0.9754529514903565,0.9748831775700934,0.19047619047619047,0.5820660983866877,0.1656544739917774,0.9518140589569162,0.02510032780976805,0.19696677630378404,0.17647058823529413,0.17647058823529413,0.17647058823529413,0.9543973941368078,17,614,17
T21,260,0.41122465858304047,0.17735453149260688,0.1509433962264151,0.1509433962264151,0.973699590882525,0.973699590882525,0.1509433962264151,0.56232149355447,0.12464298710894427,0.9489795918367346,0.02622424649591595,0.20312839973223915,0.11764705882352941,0.125,0.12121212121212122,0.9522240527182867,17,607,16
T21,261,0.44366328606611316,0.1827745805348079,0.14285714285714288,0.15151515151515155,0.9646643109540635,0.9669421487603305,0.14705882352941177,0.5580897312346075,0.11294433442904002,0.9342403628117913,0.032295472033128,0.24325878347656021,0.13043478260869565,0.15,0.13953488372093023,0.9383333333333334,23,600,20
T21,262,0.4365000833472254,0.2977120968391912,0.23728813559322043,0.2800000000000001,0.973745624270712,0.9788856304985337,0.2568807339449542,0.6268728121353561,0.23420748755730045,0.9540816326530612,0.02171612501590917,0.1730982617593049,0.21052631578947367,0.25,0.22857142857142856,0.9569377990430622,19,627,16
T21,263,0.4473343605546998,0.09955688400613867,0.12903225806451613,0.06779661016949153,0.9841642228739004,0.968263127524524,0.08888888888888888,0.5259804165216959,0.07110238594087283,0.9535147392290251,0.031675805962150166,0.2313361398476025,0.1,0.05555555555555555,0.07142857142857142,0.9539823008849557,10,565,18
T21,264,0.48957873345416575,0.2479330720479465,0.16279069767441864,0.23333333333333334,0.9792387543252595,0.9866356769320163,0.19178082191780826,0.6062860438292964,0.17822423067962603,0.9665532879818594,0.014444818325775472,0.10512453087101106,0.14285714285714285,0.2222222222222222,0.17391304347826086,0.9694533762057878,14,622,9
T21,265,0.2310317175111037,0.01814212666355271,0.0,0.0,0.9755387303436224,0.9727061556329848,0.0,0.4877693651718112,-0.02583877100445617,0.949546485260771,0.027395587912112135,0.21929439083724578,0.0,0.0,0.0,0.9521452145214522,14,606,15
T21,266,0.3649665353590357,0.21711353429270042,0.18181818181818182,0.196078431372549,0.9737302977232923,0.9760093622001169,0.18867924528301888,0.5849043645479207,0.1637085662574379,0.9512471655328799,0.02421743733513169,0.19682358881852866,0.16666666666666666,0.1875,0.17647058823529413,0.9534883720930233,18,602,16
T21,267,0.6505578073273444,0.36222939910909346,0.25000000000000006,0.3333333333333333,0.9756097560975608,0.9836065573770492,0.28571428571428575,0.6544715447154471,0.2686468528521844,0.9603174603174602,0.01678309069340171,0.11596505076210166,0.2222222222222222,0.3333333333333333,0.26666666666666666,0.9634551495016611,18,602,12
T21,268,0.3861074892264293,0.08845445066561797,0.07142857142857145,0.06122448979591839,0.9772594752186589,0.9732868757259002,0.06593406593406595,0.5192419825072886,0.04148286036309192,0.9518140589569163,0.02666898060248765,0.19684680428364493,0.07142857142857142,0.0625,0.06666666666666667,0.9546191247974068,14,617,16
T21,269,0.5307214587737845,0.1007329678855003,0.07142857142857144,0.06818181818181819,0.9773255813953489,0.9761904761904763,0.06976744186046512,0.5227536997885835,0.04655125162102576,0.9546485260770975,0.02373328686847986,0.16610983773595095,0.07142857142857142,0.07692307692307693,0.07407407407407407,0.9571917808219178,14,584,13
T21,270,0.7086951623775358,0.3460458392295105,0.22580645161290316,0.31111111111111106,0.9720767888307155,0.9817861339600469,0.2616822429906542,0.6415939499709133,0.24246176678374903,0.9552154195011339,0.018981372354762435,0.11953115630596052,0.2,0.3076923076923077,0.24242424242424243,0.9571917808219178,20,584,13
T21,271,0.25363817707534103,0.014912641252138533,0.0,0.0,0.9861191440138807,0.9798850574712641,0.0,0.49305957200694034,-0.01670965650186432,0.9665532879818594,0.021095532187670633,0.16491926468022142,0.0,0.0,0.0,0.969551282051282,8,624,11
T21,272,0.4448144728399505,0.10151452112464708,0.06250000000000001,0.0810810810810811,0.9739432541980313,0.9801864801864801,0.07058823529411766,0.5275121676395562,0.04846437039378745,0.9552154195011338,0.020239539318962812,0.144925127368692,0.0625,0.08333333333333333,0.07142857142857142,0.9562289562289562,16,594,12
T21,273,0.3640187718283958,0.03011078588988402,0.0,0.0,0.9719462302746931,0.969114219114219,0.0,0.48597311513734653,-0.029435736524774332,0.9427437641723357,0.030647834381481703,0.23035956443125172,0.0,0.0,0.0,0.9487603305785124,16,605,15
T21,274,0.4342818216841893,0.0850293471678614,0.09090909090909093,0.04761904761904764,0.9823633156966489,0.9653379549393413,0.06250000000000003,0.5149911816578483,0.041066036624709576,0.9489795918367347,0.03500323336025985,0.24797983611586102,0.09090909090909091,0.05,0.06451612903225806,0.9530744336569579,11,618,20
T21,275,0.45521736439865224,0.3382432621126314,0.2615384615384615,0.3148148148148148,0.9719298245614036,0.9782224838140083,0.28571428571428575,0.6433723196881092,0.2622025282326531,0.9518140589569161,0.022752630482056804,0.1797602040333846,0.23809523809523808,0.29411764705882354,0.2631578947368421,0.9544715447154472,21,615,17
T21,276,0.3769101289418467,0.20532543010820078,0.0952380952380952,0.1935483870967742,0.9671090594345064,0.9853027630805409,0.12765957446808507,0.5803287232656403,0.1137518731226444,0.9535147392290247,0.015512809530991547,0.12075857231840319,0.09523809523809523,0.2,0.12903225806451613,0.9560260586319218,21,614,10
T21,277,0.43316434832554906,0.1885183585989439,0.1,0.17391304347826086,0.9793222286042503,0.9889791183294664,0.12698412698412698,0.5766176360412556,0.1167678868819568,0.9688208616780046,0.011822205908461891,0.08918962875781684,0.07692307692307693,0.14285714285714285,0.1,0.9707792207792207,13,616,7
T21,278,0.5121251412139269,0.31385320674574246,0.25,0.2884615384615385,0.973714953271028,0.9782863849765259,0.26785714285714285,0.6310882458662832,0.24464530145387253,0.953514739229025,0.022817140777658316,0.16882262306906093,0.21052631578947367,0.25,0.22857142857142856,0.9559543230016313,19,613,16
T21,279,0.32997712644289623,0.18448121224799768,0.15,0.16363636363636366,0.9701579871269749,0.9730046948356808,0.1565217391304348,0.5668971753816693,0.12828613832516186,0.9450113378684809,0.026870831598873053,0.22329026502846414,0.15,0.17647058823529413,0.16216216216216217,0.9478114478114478,20,594,17
T21,280,0.2964540177711747,0.014867478378934035,0.0,0.0,0.9774696707105719,0.9808695652173913,0.0,0.48873483535528595,-0.020760900633209144,0.9591836734693877,0.018827403109558646,0.14715150563470247,0.0,0.0,0.0,0.9606837606837607,13,585,10
T21,281,0.41234601374950597,0.1841393688395608,0.08695652173913045,0.17391304347826086,0.9758759333716256,0.9889406286379511,0.11594202898550725,0.5748944884249432,0.10662343316928752,0.9654195011337868,0.012130847949516878,0.09139003843225388,0.06666666666666667,0.14285714285714285,0.09090909090909091,0.967266775777414,15,611,7
T21,282,0.1756424466338279,0.01045079123519324,0.0,0.0,0.9793103448275862,0.9861111111111112,0.0,0.4896551724137931,-0.01695158759051853,0.9659863945578232,0.014039313639414613,0.11687003322152847,0.0,0.0,0.0,0.968595041322314,12,605,7
T21,283,0.352006131919125,0.11667256411005641,0.18181818181818182,0.09999999999999999,0.9895591647331787,0.9793340987370837,0.12903225806451613,0.5447795823665894,0.12013602141480072,0.9693877551020408,0.021210935712413878,0.16625098261249763,0.14285714285714285,0.08333333333333333,0.10526315789473684,0.9717607973421927,7,602,12
T21,284,0.3289707519825923,0.24128303196377482,0.2894736842105262,0.22448979591836732,0.9842565597667636,0.977983777520278,0.2528735632183908,0.6043731778425655,0.2362853580675279,0.9631519274376418,0.022654389084162896,0.19227554922767717,0.25,0.2,0.2222222222222222,0.9652317880794702,12,604,15
T21,285,0.26957702435812875,0.012288875108680864,0.0,0.0,0.9844470046082948,0.983880253310305,0.0,0.4922235023041474,-0.015833835479135593,0.9688208616780046,0.016143999271524115,0.12946402683693456,0.0,0.0,0.0,0.970873786407767,9,618,9
T21,286,0.4306278425729744,0.1523881362005027,0.11764705882352941,0.13043478260869565,0.9738067520372526,0.9766491535318156,0.12371134020618557,0.5521207673229741,0.09914424787763139,0.951814058956916,0.023237528186227794,0.1709991571190967,0.11764705882352941,0.13333333333333333,0.125,0.9516407599309153,17,579,15
T21,287,0.5703421572101022,0.35813034777093944,0.2000000000000001,0.3260869565217392,0.9650756693830035,0.9816459443457668,0.24793388429752075,0.6455813129523713,0.22997502068846506,0.9484126984126986,0.019579739731161467,0.14085847390778375,0.16666666666666666,0.2857142857142857,0.21052631578947367,0.9506578947368421,24,608,14
T21,288,0.4185834285998309,0.08442790675454831,0.07692307692307693,0.05084745762711865,0.9788856304985336,0.9675362318840579,0.06122448979591838,0.5148665440628262,0.03635811528074724,0.9478458049886623,0.03247329334874202,0.2369983547037987,0.07692307692307693,0.05263157894736842,0.0625,0.9501661129568106,13,602,19
T21,289,0.6494852369852369,0.4961747743512804,0.3538461538461537,0.47916666666666663,0.9755244755244755,0.985285462036492,0.407079646017699,0.7273455710955711,0.3926832588471378,0.9620181405895692,0.01555769245116148,0.11456125184599318,0.3,0.42857142857142855,0.35294117647058826,0.9623287671232876,20,584,14
T21,290,0.2816192343322519,0.009883719226095284,0.0,0.0,0.9793696275071634,0.9890046296296297,0.0,0.4896848137535817,-0.01506116152351434,0.9688208616780044,0.011136943424039307,0.08683499797531569,0.0,0.0,0.0,0.9709208400646203,12,619,6
T21,291,0.30529940371210207,0.031405748396930444,0.0,0.0,0.9753086419753086,0.9634146341463413,0.0,0.4876543209876543,-0.03005565448891654,0.9404761904761905,0.03653813517006709,0.28210713302241897,0.0,0.0,0.0,0.9446308724832215,14,596,19
T21,292,0.45377968891012527,0.1988413231022629,0.22580645161290328,0.17948717948717952,0.9860869565217392,0.981534910559723,0.20000000000000004,0.5827870680044593,0.18528455656272147,0.9682539682539681,0.018977243672115944,0.14416621261944937,0.2,0.16666666666666666,0.18181818181818182,0.9710144927536232,10,621,12
T21,293,0.24731654616471463,0.01884525791888291,0.0,0.0,0.980802792321117,0.9740034662045061,0.0,0.4904013961605585,-0.02233967005582809,0.9557823129251701,0.0263121143880576,0.20774822253997113,0.0,0.0,0.0,0.9592169657422512,11,613,14
T21,294,0.41632486704110727,0.10025021085487967,0.16,0.06779661016949154,0.987683284457478,0.9683726279470961,0.09523809523809526,0.5277399473134847,0.08439253445354358,0.9569160997732423,0.03178999555915632,0.23327906980714014,0.125,0.05263157894736842,0.07407407407407407,0.9589490968801314,8,609,19
T21,295,0.5764773258707395,0.029896884962470987,0.0,0.0,0.9826689774696707,0.9809688581314879,0.0,0.4913344887348354,-0.01816119898302888,0.9642857142857144,0.019093646829091936,0.1258052441554294,0.0,0.0,0.0,0.9664429530201343,10,596,10
T21,296,0.4702178822348621,0.29041827563723066,0.2777777777777777,0.26785714285714285,0.9771662763466041,0.9760233918128655,0.27272727272727265,0.6225117096018735,0.24937367617896408,0.9546485260770974,0.024495656114423274,0.18836190379122683,0.23529411764705882,0.23529411764705882,0.23529411764705882,0.9560067681895094,17,591,17
T21,297,0.5864891056731336,0.30077742549111874,0.18181818181818188,0.2777777777777778,0.9739583333333334,0.9847864248098304,0.21978021978021983,0.6258680555555556,0.20479354424818294,0.9597505668934242,0.01613967232047382,0.11112682493518536,0.16666666666666666,0.2727272727272727,0.20689655172413793,0.9623567921440261,18,611,11
T21,298,0.6055597764728438,0.27432085157444,0.21538461538461534,0.23728813559322037,0.9700879765395894,0.9735138316656857,0.2258064516129032,0.6036880560664049,0.19792176620376326,0.945578231292517,0.026961314938976626,0.18180238537554289,0.19047619047619047,0.2222222222222222,0.20512820512820512,0.9493464052287581,21,612,18
T21,299,0.5388889290595028,0.1847124734787673,0.17500000000000002,0.15217391304347827,0.9807916181606519,0.9773781902552204,0.16279069767441862,0.566482765602065,0.14234130465612949,0.9591836734693879,0.02248290468886325,0.15278423039023623,0.15384615384615385,0.14285714285714285,0.14814814814814814,0.9629629629629629,13,621,14
T21,300,0.4630131430452371,0.12318213073464658,0.06666666666666667,0.10714285714285715,0.9758064516129034,0.985456660849331,0.0821917808219178,0.5414746543778802,0.0657540416058414,0.9620181405895691,0.015078051573241673,0.10741485155882255,0.06666666666666667,0.1111111111111111,0.08333333333333333,0.9639934533551555,15,611,9
T21,301,0.3688858950135552,0.01353894029545321,0.0,0.0,0.9844738355376654,0.9856073690270581,0.0,0.4922369177688327,-0.014948657315341455,0.9705215419501134,0.014878025914098633,0.1097295978839045,0.0,0.0,0.0,0.972176759410802,9,611,8
T21,302,0.45123499211707085,0.1345677759712068,0.11111111111111108,0.10344827586206895,0.9718640093786635,0.9695906432748537,0.10714285714285712,0.5376561426203662,0.07796046142592673,0.943310657596372,0.02994699093435918,0.21925874341144794,0.1111111111111111,0.1111111111111111,0.1111111111111111,0.9463087248322147,18,596,18
T21,303,0.48724293845417266,0.1773615371554139,0.16,0.1454545454545455,0.9754242246928029,0.9725787631271879,0.15238095238095242,0.5604393850736742,0.12659367217389492,0.9495464852607711,0.027109676164949234,0.20170117938163026,0.125,0.125,0.125,0.951304347826087,16,575,16
T21,304,0.44941218665055893,0.25445178908031524,0.16393442622950818,0.2272727272727273,0.9703488372093023,0.9800352319436287,0.19047619047619047,0.5988107822410148,0.16867575132815965,0.9518140589569161,0.020229491922575275,0.15920834340227277,0.15,0.21428571428571427,0.17647058823529413,0.954248366013072,20,612,14
T21,305,0.4320190036799046,0.1492195517904457,0.0816326530612245,0.13333333333333333,0.9740484429065744,0.9848396501457727,0.10126582278481014,0.5536908881199539,0.08448617631970662,0.9597505668934242,0.015199198853467343,0.1143653329610752,0.0625,0.1111111111111111,0.08,0.9623567921440261,16,611,9
T21,306,0.49976175005414814,0.3034534119798061,0.27777777777777773,0.2777777777777777,0.9771929824561403,0.9771929824561403,0.27777777777777773,0.627485380116959,0.2549707602339192,0.9557823129251701,0.023753325809937963,0.17810778668702873,0.23529411764705882,0.25,0.24242424242424243,0.9576988155668359,17,591,16
T21,307,0.26122200984330146,0.019158485130926637,0.0,0.0,0.9825479930191972,0.9740484429065744,0.0,0.4912739965095986,-0.02128160603801231,0.957482993197279,0.026457957646908493,0.20709535935873166,0.0,0.0,0.0,0.9595959595959596,10,594,14
T21,308,0.46090439029569397,0.19851888998876102,0.16279069767441862,0.17948717948717946,0.9791304347826087,0.9814061592097617,0.17073170731707316,0.5793088071348941,0.15123545028918237,0.9614512471655331,0.01914726251128437,0.1426080784372443,0.14285714285714285,0.16666666666666666,0.15384615384615385,0.9632107023411371,14,598,12
T21,309,0.5600453790791113,0.27298951311498926,0.1923076923076923,0.24390243902439027,0.9756239117817758,0.9818925233644858,0.21505376344086022,0.609763175403083,0.19555443655452892,0.9586167800453514,0.01867657611359562,0.132323633438015,0.17647058823529413,0.23076923076923078,0.2,0.9615384615384616,17,624,13
T21,310,0.4554229756418695,0.15956745860752003,0.1290322580645161,0.14285714285714285,0.9844470046082948,0.9861511829197922,0.13559322033898302,0.5636520737327189,0.12109223656635452,0.9710884353741496,0.014208756840340581,0.10615115461188211,0.1,0.125,0.1111111111111111,0.9737704918032787,10,610,8
T21,311,0.38556098773616154,0.1950781512766299,0.28,0.17500000000000004,0.9895591647331786,0.9810235767682575,0.21538461538461545,0.5822795823665893,0.20725303802031775,0.9710884353741496,0.019320228372243065,0.15421873549158005,0.25,0.15384615384615385,0.19047619047619047,0.973015873015873,8,630,13
T21,312,0.41334478332733154,0.11080771459940462,0.12903225806451613,0.0888888888888889,0.9842931937172775,0.9763416041546452,0.10526315789473685,0.5365910413030832,0.08781502541964971,0.9614512471655328,0.0240073451887176,0.17734499896067896,0.1,0.07142857142857142,0.08333333333333333,0.9627118644067797,10,590,14
T21,313,0.182389006342496,0.016259547020577175,0.0,0.0,0.9773255813953489,0.9744927536231884,0.0,0.48866279069767443,-0.024049157611022397,0.9529478458049887,0.025717781883415256,0.2112565301518282,0.0,0.0,0.0,0.9552238805970149,13,603,14
T21,314,0.5606182943856549,0.2509270169437672,0.21052631578947367,0.2222222222222222,0.9826388888888887,0.9837775202780996,0.2162162162162162,0.6024305555555555,0.1995126556135012,0.9671201814058956,0.016474435705627632,0.11759665038773182,0.16666666666666666,0.18181818181818182,0.17391304347826086,0.9686468646864687,12,606,11
T21,315,0.7587346681096678,0.5022394043722427,0.31428571428571417,0.4583333333333333,0.9720279720279719,0.9846517119244391,0.3728813559322033,0.7151806526806526,0.3586796634396057,0.9580498866213154,0.016484524184191354,0.10476875617653704,0.2727272727272727,0.42857142857142855,0.3333333333333333,0.9612903225806452,22,620,14
T21,316,0.5599136866313648,0.35754909583833727,0.24999999999999994,0.3448275862068966,0.9827089337175792,0.9889791183294664,0.28985507246376807,0.6637682599622379,0.2797756042836018,0.9722222222222221,0.011617708619521796,0.08798083059814968,0.23076923076923078,0.3333333333333333,0.2727272727272727,0.9739413680781759,13,614,9
T21,317,0.4535609598078494,0.02841401583826872,0.0,0.0,0.986062717770035,0.9758620689655173,0.0,0.4930313588850175,-0.018341678147731445,0.9625850340136053,0.02396209317212878,0.17205866786845558,0.0,0.0,0.0,0.9651741293532339,8,603,13
T21,318,0.593901880903615,0.12251456935147102,0.0769230769230769,0.0909090909090909,0.9792027729636049,0.9826086956521739,0.08333333333333331,0.5350559319363479,0.06460559987258449,0.9625850340136057,0.018054771264436296,0.11756039853747807,0.07692307692307693,0.1,0.08695652173913043,0.9660743134087237,13,619,10
T21,319,0.3433981230181584,0.16227485144904535,0.14285714285714282,0.1481481481481481,0.9861830742659758,0.9867511520737328,0.14545454545454542,0.567165611207062,0.13194862899278792,0.9733560090702947,0.013634478286984187,0.11071288361025791,0.1111111111111111,0.125,0.11764705882352941,0.9750415973377704,9,601,8
T21,320,0.493559854497356,0.34647128722231557,0.1999999999999999,0.33333333333333326,0.9722222222222222,0.9859154929577466,0.2499999999999999,0.6527777777777777,0.23834326450959267,0.9591836734693878,0.01484308462488776,0.11558523058344863,0.15789473684210525,0.2727272727272727,0.2,0.9603305785123967,19,605,11
T21,321,0.3782333185307707,0.026242110245986813,0.0,0.0,0.9809578765147144,0.9820912767186597,0.0,0.4904789382573572,-0.018466730089190683,0.9637188208616779,0.018532526952498442,0.13573272986700724,0.0,0.0,0.0,0.965,11,600,10
T21,322,0.6291701412720518,0.32284211741503555,0.22,0.29729729729729726,0.9774174869716271,0.984830805134189,0.2528735632183908,0.6373573921344622,0.2372130907940535,0.9631519274376419,0.015735237475762828,0.10891648398432957,0.1875,0.2727272727272727,0.2222222222222222,0.9648829431438127,16,598,11
T21,323,0.3799599747786268,0.013868801067492269,0.0,0.0,0.9775474956822108,0.9843478260869566,0.0,0.4887737478411054,-0.01874647973261339,0.9625850340136054,0.01591017990715911,0.11937121043847626,0.0,0.0,0.0,0.9648829431438127,13,598,8
T21,324,0.3202941955627997,0.0912361143192433,0.06250000000000001,0.07317073170731708,0.9738827626233314,0.9778554778554779,0.06741573033707866,0.5235267471653242,0.04357598247295353,0.9529478458049885,0.022453163974964215,0.17539583398278977,0.0625,0.07692307692307693,0.06896551724137931,0.9537671232876712,16,584,13
T21,325,0.6600681056736407,0.2569046178928875,0.12068965517241384,0.2333333333333334,0.9705882352941176,0.9865181711606096,0.15909090909090914,0.6019607843137255,0.14785799983419998,0.9580498866213152,0.014646996451689487,0.0934924354695101,0.10526315789473684,0.2222222222222222,0.14285714285714285,0.9605263157894737,19,608,9
T21,326,0.253269366631069,0.0106918702920607,0.0,0.0,0.9844738355376652,0.9856073690270581,0.0,0.4922369177688326,-0.014948657315339935,0.9705215419501134,0.014915538391565024,0.1176728616893362,0.0,0.0,0.0,0.9721311475409836,9,610,8
T21,327,0.30407439782439644,0.10421519222209841,0.08163265306122452,0.08333333333333334,0.9737762237762237,0.9743440233236151,0.08247422680412374,0.5285547785547785,0.05654027941922037,0.949546485260771,0.025993683052315367,0.20608654552619557,0.0625,0.06666666666666667,0.06451612903225806,0.9500860585197934,16,581,15
T21,328,0.4664653607262286,0.17318650185885087,0.10000000000000005,0.15384615384615388,0.9686956521739128,0.9806338028169013,0.12121212121212126,0.5612709030100334,0.09940327873591048,0.9506802721088435,0.01978648628776052,0.14443100124617025,0.1,0.16666666666666666,0.125,0.9546925566343042,20,618,12
T21,329,0.47464945114064305,0.277451636120355,0.19402985074626863,0.25490196078431376,0.968476357267951,0.9776075427224512,0.22033898305084745,0.6116891590261324,0.19580621100444792,0.9478458049886623,0.023491709875051375,0.17572753456206247,0.18181818181818182,0.25,0.21052631578947367,0.9494949494949495,22,594,16
T21,330,0.4092450213109942,0.12929712515408712,0.0930232558139535,0.11111111111111113,0.9774305555555555,0.9814061592097616,0.10126582278481015,0.5442708333333333,0.08117945833291498,0.9597505668934241,0.018571202113564424,0.14291284561046275,0.07142857142857142,0.09090909090909091,0.08,0.9629629629629629,14,621,11
T21,331,0.5069232681471666,0.1960056086784988,0.1521739130434783,0.17500000000000004,0.9773781902552205,0.980791618160652,0.16279069767441864,0.5761890951276103,0.14234130465613168,0.9591836734693878,0.02013933168618659,0.14381913511448546,0.13333333333333333,0.16666666666666666,0.14814814814814814,0.9633173843700159,15,627,12
T21,332,0.5907594479760472,0.2666434941516438,0.13698630136986295,0.23255813953488372,0.9633933759442185,0.9804849201655825,0.1724137931034482,0.5979757577395511,0.15171902940980161,0.945578231292517,0.019759442451573492,0.13541176027492755,0.125,0.23076923076923078,0.16216216216216217,0.9462738301559792,24,577,13
T21,333,0.5720708791563929,0.1925624483027309,0.15217391304347827,0.15555555555555556,0.9773123909249564,0.9778812572759022,0.15384615384615385,0.5664339732402559,0.13145403534889752,0.9563492063492062,0.02221373139883285,0.15163624224561492,0.13333333333333333,0.14285714285714285,0.13793103448275862,0.9568221070811744,15,579,14
T21,334,0.31899036072741793,0.15090716244018176,0.18181818181818185,0.13793103448275862,0.9896253602305476,0.9856486796785304,0.1568627450980392,0.5637781973566531,0.14615563309867854,0.97562358276644,0.014784948030152647,0.12334193186965817,0.14285714285714285,0.125,0.13333333333333333,0.9780033840947546,7,591,8
T21,335,0.3434492729811873,0.17014913350983812,0.12903225806451613,0.16,0.9844738355376652,0.9878822850548181,0.14285714285714285,0.5722369177688326,0.12996573577133538,0.9727891156462584,0.0126837883675,0.10170786553495763,0.1,0.125,0.1111111111111111,0.9739413680781759,10,614,8
T21,336,0.5487166088147847,0.2680494385149879,0.2500000000000001,0.22580645161290333,0.9753231492361927,0.9718969555035128,0.23728813559322043,0.600564800424548,0.21125824502265578,0.9489795918367347,0.028152471626023464,0.20130734971459535,0.2222222222222222,0.21052631578947367,0.21621621621621623,0.9523026315789473,18,608,19
T21,337,0.39822384457295684,0.03125767709265934,0.0,0.0,0.9789227166276346,0.9675925925925924,0.0,0.4894613583138173,-0.026135418674468922,0.947845804988662,0.032938047595935854,0.23630411773128052,0.0,0.0,0.0,0.9514563106796117,12,618,18
T21,338,0.4822995413376323,0.18278060950865072,0.1818181818181818,0.14492753623188404,0.9734513274336283,0.9654768870684609,0.16129032258064513,0.5591894318327562,0.13204780527647755,0.9410430839002268,0.03459740209478003,0.24797693603860585,0.16666666666666666,0.13636363636363635,0.15,0.9446254071661238,18,614,22
T21,339,0.34754889696684244,0.1573616373936659,0.16279069767441853,0.1372549019607843,0.9789842381786338,0.9744334689134223,0.14893617021276592,0.558119570069709,0.12629655233029524,0.9546485260770975,0.025502091246172007,0.20690863726628292,0.14285714285714285,0.125,0.13333333333333333,0.956953642384106,14,604,16
T21,340,0.5429296285110237,0.23625674509293695,0.18749999999999994,0.2045454545454545,0.9773255813953489,0.9796037296037297,0.19565217391304343,0.5909355179704017,0.17433108848567908,0.9580498866213153,0.020631494764667524,0.14863396438211593,0.1875,0.21428571428571427,0.2,0.9584055459272097,16,577,14
T21,341,0.5209167195924489,0.2578074395532055,0.18181818181818177,0.23255813953488363,0.9738524113887275,0.9806904622586308,0.20408163265306117,0.6032052754618056,0.18314884316791077,0.95578231292517,0.019867302981465645,0.14623517632240715,0.16666666666666666,0.23076923076923078,0.1935483870967742,0.9571917808219178,18,584,13
T21,342,0.4751504894695997,0.20902079750447022,0.4,0.16901408450704225,0.9893679858239811,0.9659746251441752,0.2376237623762376,0.5791910351655116,0.24075676276888772,0.9563492063492063,0.03439278382195671,0.2576511827363079,0.3333333333333333,0.13636363636363635,0.1935483870967742,0.9579124579124579,9,594,22
T21,343,0.5112996766376314,0.19933262646090202,0.1428571428571428,0.18181818181818182,0.9792027729636047,0.984320557491289,0.15999999999999998,0.5805104773908932,0.14310232261237615,0.9642857142857143,0.01636557749406398,0.11549707569652365,0.14285714285714285,0.2,0.16666666666666666,0.9668874172185431,14,604,10
T21,344,0.5467214649599146,0.2597947264569025,0.2040816326530612,0.23255813953488372,0.977338756536897,0.9807580174927112,0.21739130434782608,0.6049484480358903,0.19697022322318225,0.9591836734693876,0.019908675943502336,0.14207878713671349,0.1875,0.23076923076923078,0.20689655172413793,0.9617940199335548,16,602,13
T21,345,0.50900716786131,0.2468077409547142,0.2499999999999999,0.21999999999999992,0.9807467911318553,0.9773255813953488,0.23404255319148926,0.6003733955659276,0.2136232220693658,0.9591836734693877,0.023081988391961874,0.16958045547206596,0.21428571428571427,0.2,0.20689655172413793,0.9607508532423208,14,586,15
T21,346,0.42322089692616616,0.13451292606138548,0.12727272727272732,0.10144927536231886,0.9716814159292035,0.9637214745465184,0.11290322580645164,0.5365653456457612,0.08157492802670281,0.937641723356009,0.036851123862486214,0.2628449807847151,0.1111111111111111,0.09523809523809523,0.10256410256410256,0.9440894568690096,18,626,21
T21,347,0.5123896082435297,0.3283244164664461,0.18644067796610167,0.31428571428571433,0.9722382880277616,0.9859237536656891,0.23404255319148937,0.6432620011567379,0.22223084126112413,0.9591836734693877,0.015204609377700773,0.11275754097764441,0.15789473684210525,0.2727272727272727,0.2,0.961352657004831,19,621,11
T21,348,0.4137580037281412,0.23521581625318216,0.23255813953488372,0.21276595744680848,0.9807804309842749,0.9785008715862871,0.2222222222222222,0.5967731942155416,0.20211311028317536,0.9603174603174603,0.021696715344166048,0.17132261855495765,0.21428571428571427,0.2,0.20689655172413793,0.9614740368509213,14,597,15
T21,349,0.48743249056062754,0.17621765195063693,0.2758620689655172,0.14285714285714282,0.9877049180327868,0.9723342939481268,0.18823529411764703,0.5652810304449648,0.18001396792301966,0.9608843537414967,0.028047634352216785,0.20662042835123282,0.2222222222222222,0.11764705882352941,0.15384615384615385,0.9639344262295082,9,610,17
T21,350,0.436140733288621,0.17021743221982333,0.22857142857142848,0.13333333333333328,0.9841549295774646,0.969924812030075,0.1684210526315789,0.5587441314553989,0.1527120771340425,0.9552154195011338,0.03036921070864195,0.23245014314201531,0.18181818181818182,0.1111111111111111,0.13793103448275862,0.9586092715231788,11,604,18
T21,351,0.4887997348043742,0.19494141942358087,0.21052631578947367,0.16326530612244897,0.9825072886297376,0.9762456546929317,0.1839080459770115,0.5728862973760933,0.16500374166726892,0.9597505668934241,0.0239146235132987,0.17325385083186284,0.16666666666666666,0.13333333333333333,0.14814814814814814,0.9604130808950087,12,581,15
T21,352,0.37328486682972234,0.11499565253879261,0.09999999999999996,0.09302325581395346,0.979081929110982,0.9773781902552204,0.09638554216867468,0.5360525924624677,0.07469517198259847,0.957482993197279,0.02273740764491537,0.17687949150137047,0.07692307692307693,0.07692307692307693,0.07692307692307693,0.959731543624161,13,596,13
T21,353,0.545731676509929,0.30858479195406247,0.14285714285714282,0.2903225806451612,0.9688401615695326,0.987066431510876,0.19148936170212763,0.6295813711073469,0.1834975471540465,0.9569160997732427,0.01387271759745985,0.10001840468966366,0.14285714285714285,0.3,0.1935483870967742,0.9586776859504132,21,605,10
T21,354,0.4630235232322069,0.1578781186852355,0.07692307692307694,0.13793103448275862,0.9723342939481268,0.9853971962616822,0.09876543209876544,0.5551326642154427,0.0828961120356073,0.9586167800453516,0.01524622364241184,0.10973712031595352,0.058823529411764705,0.1111111111111111,0.07692307692307693,0.9616613418530351,17,626,9
T21,355,0.5011473727421999,0.14074665681388127,0.06249999999999998,0.125,0.9741379310344828,0.9877622377622378,0.08333333333333331,0.5495689655172413,0.07058961864828901,0.9625850340136053,0.012388104203572453,0.08811962858736826,0.0625,0.125,0.08333333333333333,0.9618717504332756,16,577,8
T21,356,0.47743778727117236,0.16467811368258378,0.11764705882352942,0.13953488372093026,0.9738524113887275,0.9784004670169293,0.12765957446808512,0.5566936475548289,0.10435788976893012,0.953514739229025,0.02219633722602141,0.16123667207281744,0.11764705882352941,0.14285714285714285,0.12903225806451613,0.9538461538461539,17,585,14
T21,357,0.293509433526413,0.07732266482134831,0.06666666666666668,0.051724137931034475,0.9753810082063307,0.9680046538685282,0.05825242718446603,0.5135525730686825,0.030655688051030156,0.9450113378684807,0.03182954838321971,0.25385753074111833,0.06666666666666667,0.05555555555555555,0.06060606060606061,0.9494290375203915,15,613,18
T21,358,0.423744332961725,0.19995984775656417,0.18918918918918923,0.17948717948717954,0.9826086956521739,0.9814707585408223,0.18421052631578952,0.5810479375696768,0.16632279933470165,0.9648526077097506,0.019644636337899108,0.1484300465019212,0.16666666666666666,0.16666666666666666,0.16666666666666666,0.967266775777414,12,611,12
T21,359,0.38533998538119263,0.22300628847832893,0.21739130434782608,0.196078431372549,0.9789842381786339,0.9761350407450522,0.20618556701030924,0.5875313347755915,0.1840631375382985,0.9563492063492064,0.02428492614738071,0.19559543247370537,0.2,0.1875,0.1935483870967742,0.9596774193548387,15,620,16
T21,360,0.40729126929244086,0.17082358886619764,0.1951219512195122,0.14545454545454545,0.9806904622586309,0.9727219965177017,0.16666666666666666,0.5630725038565881,0.14550833681243822,0.9546485260770974,0.027422380007612667,0.21151079184641428,0.15384615384615385,0.125,0.13793103448275862,0.9588138385502472,13,607,16
T21,361,0.586020695722189,0.15338574114459638,0.0625,0.13636363636363635,0.9741676234213548,0.988927738927739,0.08571428571428572,0.5552656298924956,0.07539477947164093,0.9637188208616779,0.011169856713629703,0.07577786633880415,0.0625,0.14285714285714285,0.08695652173913043,0.9650582362728786,16,601,7
T21,362,0.4137123711446158,0.1996223568195286,0.17241379310344826,0.17543859649122806,0.9718804920913884,0.9724501758499414,0.17391304347826086,0.5736595442913082,0.14608637128313606,0.9461451247165532,0.02767551130548981,0.21110486558832267,0.15789473684210525,0.16666666666666666,0.16216216216216217,0.9472789115646258,19,588,18
T21,363,0.333721645520954,0.015160224779056278,0.0,0.0,0.9844290657439446,0.9827288428324699,0.0,0.4922145328719723,-0.016399025970517976,0.9676870748299318,0.017307173560463594,0.13371552443106094,0.0,0.0,0.0,0.9699499165275459,9,599,9
T21,364,0.41885924247106865,0.2002098412091902,0.15789473684210528,0.17647058823529413,0.9719789842381784,0.9753954305799648,0.16666666666666669,0.5742247862367362,0.1406658038356275,0.9489795918367346,0.02486785203364565,0.19020306512440668,0.15789473684210525,0.1875,0.17142857142857143,0.9515050167224081,19,598,16
T21,365,0.4862198190273524,0.1603226133688405,0.1428571428571428,0.12307692307692303,0.9717480871100648,0.9666276346604213,0.13223140495867763,0.5474125050934939,0.10189158524344985,0.9404761904761905,0.03350761837594053,0.2362285123703089,0.1111111111111111,0.1,0.10526315789473684,0.9429530201342282,18,596,20
T21,366,0.6529312901631232,0.2604491086026479,0.1206896551724138,0.23333333333333334,0.9705882352941174,0.9865181711606095,0.1590909090909091,0.6019607843137254,0.1478579998341958,0.9580498866213153,0.013460814757314527,0.08742158018297128,0.10526315789473684,0.2222222222222222,0.14285714285714285,0.9603960396039604,19,606,9
T21,367,0.42679012345679035,0.08723335970766069,0.06666666666666668,0.055555555555555546,0.9754385964912281,0.9703315881326353,0.0606060606060606,0.5154970760233918,0.033863395203599635,0.9472789115646257,0.029456794394618332,0.21409364555637497,0.06666666666666667,0.0625,0.06451612903225806,0.9503424657534246,15,584,16
T21,368,0.5585905791899317,0.27487605216140315,0.15625000000000003,0.2439024390243903,0.9686593151479979,0.981764705882353,0.1904761904761905,0.606280877086194,0.17127944413717455,0.951814058956916,0.01885189079459793,0.1324045970346576,0.14285714285714285,0.23076923076923078,0.17647058823529413,0.9538714991762768,21,607,13
T21,369,0.5231966272556495,0.251755083560201,0.21739130434782614,0.20408163265306128,0.979008746355685,0.9772991850989522,0.2105263157894737,0.5915451895043732,0.18880136520218804,0.9574829931972788,0.023274443003121023,0.16805029753285228,0.2,0.1875,0.1935483870967742,0.959546925566343,15,618,16
T21,370,0.444666428264237,0.21535552662493374,0.21739130434782616,0.1886792452830189,0.9789596727060199,0.9749708963911524,0.20202020202020207,0.5838194589945194,0.17957558629689388,0.9552154195011339,0.02516936770494818,0.19038448100108227,0.2,0.17647058823529413,0.1875,0.9565943238731218,15,599,17
T21,371,0.40157851890756296,0.19835603918530506,0.2682926829268293,0.17187499999999994,0.9823529411764705,0.9692396982008123,0.2095238095238095,0.5771139705882353,0.1914004443674583,0.9529478458049886,0.030632961830116958,0.2430441668606739,0.23076923076923078,0.15,0.18181818181818182,0.9558823529411765,13,612,20
T21,372,0.42932345432345265,0.10830781619468202,0.10000000000000003,0.08333333333333334,0.979020979020979,0.974477958236659,0.09090909090909093,0.5311771561771561,0.06814706062186353,0.9546485260770976,0.025420423211545515,0.19060957286434013,0.07692307692307693,0.06666666666666667,0.07142857142857142,0.955249569707401,13,581,15
T21,373,0.4294148730357653,0.08675804510936348,0.07692307692307693,0.051724137931034475,0.9788980070339978,0.9681159420289854,0.06185567010309278,0.5153110724825161,0.03713746581867148,0.9484126984126984,0.031784004948668634,0.23147913060691105,0.07692307692307693,0.05555555555555555,0.06451612903225806,0.9510961214165261,13,593,18
T21,374,0.3539196262674516,0.1712317515290748,0.08333333333333333,0.15384615384615385,0.9617391304347824,0.980496453900709,0.10810810810810811,0.5577926421404682,0.08589402833165145,0.9438775510204082,0.019752241250961155,0.1541376387281218,0.08333333333333333,0.15384615384615385,0.10810810810810811,0.9479495268138801,24,634,13
T21,375,0.4507827788649706,0.007402784005497304,0.0,0.0,0.9811643835616438,0.9930675909878683,0.0,0.4905821917808219,-0.011426994230605446,0.9744897959183673,0.007597896855563513,0.053824135581483,0.0,0.0,0.0,0.975,11,600,4
T21,376,0.12803344910903,0.015825147845907005,0.0,0.0,0.9686046511627906,0.9742690058479531,0.0,0.4843023255813953,-0.028422412588161833,0.9444444444444445,0.02592621655789001,0.21833364337488906,0.0,0.0,0.0,0.948051948051948,18,616,14
T21,377,0.3897094029249343,0.11499698985178142,0.16,0.09523809523809522,0.9878048780487804,0.9781483611270846,0.11940298507462685,0.5415214866434378,0.10710859285184428,0.9665532879818595,0.022597625318222535,0.16996023399764532,0.125,0.07692307692307693,0.09523809523809523,0.9678510998307953,8,591,13
T21,378,0.43151001522644966,0.18981251115980116,0.11764705882352942,0.17142857142857146,0.9739733950260265,0.9830706363105662,0.13953488372093026,0.572700983227299,0.12101467237187223,0.9580498866213153,0.01762372591868147,0.13408773657115514,0.11764705882352941,0.18181818181818182,0.14285714285714285,0.9608482871125612,17,613,11
T21,379,0.448627276105538,0.17279382389495643,0.12500000000000003,0.15384615384615385,0.9756521739130436,0.9807692307692308,0.13793103448275865,0.5647491638795987,0.11703392035214447,0.9574829931972788,0.019460041156852025,0.1468242436285002,0.125,0.16666666666666666,0.14285714285714285,0.9599332220367279,16,599,12
T21,380,0.4680294736713857,0.1281483138382367,0.0666666666666667,0.11111111111111113,0.9758203799654577,0.9860383944153578,0.08333333333333336,0.5434657455382844,0.06768847425627428,0.9625850340136055,0.014105968022602465,0.10377653380292384,0.06666666666666667,0.125,0.08695652173913043,0.9637931034482758,15,580,8
T21,381,0.3527506396144473,0.1881127901148698,0.16,0.16326530612244894,0.9755102040816326,0.9760793465577597,0.16161616161616157,0.5693877551020408,0.13742081627901154,0.9529478458049888,0.023766012229210768,0.1936325730206005,0.125,0.13333333333333333,0.12903225806451613,0.9550748752079867,16,601,15
T21,382,0.449495369216138,0.18176863408632882,0.13461538461538464,0.15555555555555559,0.9738219895287957,0.977803738317757,0.14432989690721654,0.5646887725421756,0.12060062249269632,0.9529478458049888,0.02257293548952959,0.16639261988901488,0.11764705882352941,0.14285714285714285,0.12903225806451613,0.955810147299509,17,611,14
T21,383,0.28880237519957036,0.07345672689332272,0.06666666666666667,0.049180327868852465,0.9753376394597768,0.966259453170448,0.05660377358490567,0.5122589836643147,0.028412700160752376,0.9433106575963719,0.033913518093810206,0.2684140148974184,0.06666666666666667,0.05263157894736842,0.058823529411764705,0.9451114922813036,15,583,19
T21,384,0.5478997955681331,0.23307498038003843,0.19999999999999993,0.20930232558139533,0.9790819291109818,0.9802210587550901,0.2045454545454545,0.5941921273461885,0.18425745529950177,0.9603174603174603,0.01970699009380357,0.1418335365653397,0.2,0.21428571428571427,0.20689655172413793,0.9619205298013245,15,604,14
T21,385,0.5152959888662472,0.21989306876453518,0.16176470588235295,0.1864406779661017,0.9665689149560117,0.9716981132075473,0.17322834645669294,0.5765047964610567,0.14290238493175414,0.9404761904761904,0.02834825502266228,0.19873110147935943,0.13636363636363635,0.16666666666666666,0.15,0.9422750424448217,22,589,18
T21,386,0.20103980532305113,0.1529599082387371,0.08163265306122452,0.14285714285714288,0.9740783410138251,0.98600583090379,0.10389610389610392,0.558467741935484,0.08893446379636938,0.9608843537414968,0.014766291877057549,0.128146935560615,0.0625,0.125,0.08333333333333333,0.9618055555555556,16,576,8
T21,387,0.25723564916979036,0.024433954763380145,0.0,0.0,0.9806678383128294,0.9670710571923743,0.0,0.4903339191564147,-0.025230688586414692,0.9489795918367346,0.03293939170351582,0.26606969932895574,0.0,0.0,0.0,0.9503311258278145,11,604,19
T21,388,0.467701863354037,0.3209759862238991,0.25,0.3043478260869566,0.9755529685681024,0.9812646370023419,0.27450980392156865,0.6399503973275295,0.25442318226248484,0.9580498866213153,0.019257494410196606,0.15207618493051814,0.2222222222222222,0.2857142857142857,0.25,0.9601990049751243,18,603,14
T21,389,0.5508789318479674,0.21202969318813963,0.11764705882352941,0.2,0.9827981651376145,0.9907514450867052,0.14814814814814817,0.5913990825688072,0.14076593202352866,0.973922902494331,0.009692561784889888,0.0703441073801479,0.09090909090909091,0.16666666666666666,0.11764705882352941,0.975328947368421,11,608,6
T21,390,0.45820474531276134,0.1184369189469942,0.12903225806451613,0.09523809523809525,0.9843205574912893,0.9780727062896712,0.10958904109589042,0.5397793263646923,0.09230994889310462,0.9631519274376418,0.022168936699055897,0.1605136130587933,0.1,0.07692307692307693,0.08695652173913043,0.9654036243822076,10,607,13
T21,391,0.6108055303530198,0.32861874701316884,0.18181818181818177,0.3124999999999999,0.9740184757505774,0.9871269748390873,0.22988505747126428,0.6432592378752887,0.22001342861490222,0.9620181405895692,0.013707620336102741,0.09437000084643221,0.16666666666666666,0.3,0.21428571428571427,0.9644588045234249,18,619,10
T21,392,0.7202543333607156,0.38039599050926853,0.15789473684210525,0.35999999999999993,0.9723979298447382,0.9906268306971294,0.21951219512195116,0.6661989649223691,0.22218969730241026,0.9637188208616783,0.009809535729857287,0.06476774604675345,0.15789473684210525,0.375,0.2222222222222222,0.9663461538461539,19,624,8
T21,393,0.4222965085596465,0.2837748875873468,0.21538461538461548,0.26415094339622647,0.9701928696668615,0.9770453207769276,0.23728813559322043,0.617171906531544,0.2123552801029045,0.9489795918367345,0.02405153854077772,0.1877349764823283,0.19047619047619047,0.25,0.21621621621621623,0.9523809523809523,21,609,16
T21,394,0.4730647944308919,0.1716495557727215,0.11475409836065571,0.14285714285714288,0.9685131195335277,0.9753376394597769,0.12727272727272726,0.5556851311953352,0.10016756201632315,0.9455782312925171,0.0254370188911852,0.17964951740175805,0.1,0.13333333333333333,0.11428571428571428,0.9478114478114478,20,594,15
T21,395,0.5432807758671973,0.19690570119583,0.18181818181818188,0.16326530612244902,0.979008746355685,0.9761627906976744,0.1720430107526882,0.571137026239067,0.14992195694516325,0.9563492063492064,0.02437631361194529,0.16929298419578678,0.14285714285714285,0.13333333333333333,0.13793103448275862,0.9588815789473685,14,608,15
T21,396,0.49913877495384196,0.31810029892111136,0.22580645161290325,0.2978723404255319,0.9720442632498543,0.9806110458284371,0.25688073394495414,0.6349583018376931,0.23604133080572776,0.9540816326530613,0.020299697685525475,0.15535264513534397,0.2,0.2857142857142857,0.23529411764705882,0.956738768718802,20,601,14
T21,397,0.3079031322505812,0.18976077615769119,0.1428571428571429,0.17500000000000004,0.9756380510440835,0.9807580174927114,0.15730337078651688,0.5753190255220417,0.13645932300361077,0.9574829931972789,0.019420562044832085,0.16408065816332895,0.125,0.16666666666666666,0.14285714285714285,0.9593220338983051,16,590,12
T21,398,0.46119285655268527,0.2463180561264646,0.18181818181818188,0.22857142857142862,0.9791787160208213,0.9843023255813954,0.2025316455696203,0.6038750722961249,0.18577287054895988,0.9642857142857144,0.016835874009458515,0.12635724331521275,0.14285714285714285,0.18181818181818182,0.16,0.966183574879227,14,621,11
T21,399,0.28540747268115346,0.010653700485796686,0.0,0.0,0.9775990809879379,0.9866666666666666,0.0,0.48879954049396895,-0.017282329708718923,0.9648526077097507,0.014032586555769784,0.10820728342539492,0.0,0.0,0.0,0.967741935483871,13,620,7
T21,400,0.4921049537423817,0.23260864072524567,0.2894736842105264,0.20370370370370372,0.9842105263157894,0.9750869061413673,0.23913043478260873,0.5939571150097466,0.22296793408353036,0.9603174603174605,0.025718675710114453,0.1900973610638915,0.25,0.1875,0.21428571428571427,0.9632721202003339,12,599,16
T21,401,0.3666477647641054,0.01865565677628072,0.0,0.0,0.9792147806004619,0.9814814814814814,0.0,0.4896073903002309,-0.019619160796577263,0.961451247165533,0.018570386583598754,0.13985084213596463,0.0,0.0,0.0,0.9652892561983472,12,605,9
T21,402,0.48862156115346544,0.13331824134223552,0.12903225806451613,0.1,0.984338747099768,0.9792267743796884,0.11267605633802817,0.542169373549884,0.09555328962718765,0.9642857142857141,0.021202432302566892,0.14901987155413182,0.1,0.07692307692307693,0.08695652173913043,0.9654036243822076,10,607,13
T21,403,0.46530102253312877,0.16802922624910904,0.17500000000000004,0.1428571428571429,0.9807580174927114,0.9756380510440835,0.15730337078651688,0.5618075801749272,0.13645932300361127,0.9574829931972789,0.02462262806448854,0.18009145055581535,0.15384615384615385,0.13333333333333333,0.14285714285714285,0.9593220338983051,13,590,15
T21,404,0.5630889683062164,0.40332931368849223,0.12790697674418602,0.3928571428571429,0.9567972350230414,0.9898688915375448,0.19298245614035084,0.6748271889400921,0.20293064813710718,0.9478458049886619,0.01122784783958924,0.08168283566251038,0.10714285714285714,0.375,0.16666666666666666,0.9494949494949495,28,594,8
T21,405,0.6189922802357427,0.1993559003581262,0.1346153846153846,0.1627906976744186,0.9738524113887272,0.9789719626168222,0.1473684210526316,0.568321554531573,0.12458301760691387,0.9540816326530611,0.021850859953438082,0.14095985457851254,0.11764705882352941,0.15384615384615385,0.13333333333333333,0.9570957095709571,17,606,13
T21,406,0.5003242535466843,0.2419423852787051,0.12068965517241374,0.21874999999999992,0.9705542725173211,0.9853458382180539,0.1555555555555555,0.5946521362586605,0.14167911609443076,0.9569160997732428,0.01489334349922514,0.11041773407139047,0.10526315789473684,0.2,0.13793103448275862,0.9573378839590444,19,586,10
T21,407,0.5926037620379273,0.34093379117981953,0.4166666666666667,0.30612244897959184,0.9877551020408163,0.9803240740740742,0.3529411764705882,0.6469387755102041,0.3415650255319918,0.9688208616780044,0.020474954480080482,0.14724938785904262,0.36363636363636365,0.26666666666666666,0.3076923076923077,0.9703459637561779,11,607,15
T21,408,0.3329137336093859,0.094289003581206,0.07142857142857145,0.07692307692307694,0.9773913043478261,0.9790940766550523,0.0740740740740741,0.5271571906354515,0.05238421871928227,0.9574829931972791,0.021092981809628156,0.1663741240527261,0.07142857142857142,0.08333333333333333,0.07692307692307693,0.9595959595959596,14,594,12
T21,409,0.23513930836605457,0.08529247399472129,0.11111111111111112,0.06818181818181819,0.9860465116279069,0.9763960852043754,0.08450704225352114,0.5271141649048625,0.06888663950666206,0.9631519274376416,0.023619173576353673,0.1970318004511611,0.1111111111111111,0.07142857142857142,0.08695652173913043,0.9654036243822076,9,607,14
T21,410,0.5360516564349319,0.267593608124227,0.1639344262295082,0.2380952380952381,0.9703832752613241,0.9812096300645919,0.1941747572815534,0.604239256678281,0.17395234140055418,0.9529478458049887,0.019481141212444708,0.13957079979596299,0.15,0.23076923076923078,0.18181818181818182,0.9568,20,625,13
T21,411,0.34545822842157475,0.018803538041322898,0.0,0.0,0.9947856315179606,0.9783475783475781,0.0,0.4973928157589803,-0.01062561551272185,0.9733560090702945,0.02176156037449313,0.16617959396266407,0.0,0.0,0.0,0.9756493506493507,3,616,12
T21,412,0.35902313720380535,0.236961467042012,0.12068965517241377,0.2258064516129032,0.9705712637045586,0.9859320046893318,0.15730337078651682,0.5981888576587309,0.14470009663785524,0.9574829931972789,0.014455372733139737,0.1179229269622157,0.10526315789473684,0.2,0.13793103448275862,0.9578414839797639,19,593,10
T21,413,0.4958449506970435,0.3077282298072297,0.17241379310344832,0.2941176470588236,0.9722543352601155,0.9859320046893317,0.21739130434782614,0.6331859911594695,0.20537498399254078,0.9591836734693878,0.014414147393500693,0.10790172812400624,0.15789473684210525,0.2727272727272727,0.2,0.9611021069692058,19,617,11
T21,414,0.29116928446771473,0.08535275621050617,0.062499999999999986,0.06666666666666665,0.9738219895287957,0.9755244755244754,0.06451612903225805,0.5202443280977311,0.03923722615735062,0.9506802721088435,0.02461192647757863,0.19430214014388686,0.0625,0.07142857142857142,0.06666666666666667,0.9533333333333334,16,600,14
T21,415,0.5645031591039626,0.1961323150070122,0.09999999999999996,0.17391304347826084,0.9793222286042504,0.9889791183294664,0.12698412698412695,0.5766176360412556,0.11676788688196445,0.9688208616780044,0.01228422100622961,0.08269489982841662,0.07692307692307693,0.14285714285714285,0.1,0.969335604770017,13,587,7
T21,416,0.4884364895649603,0.18688111350557232,0.1111111111111111,0.16666666666666666,0.9722222222222221,0.9824561403508771,0.13333333333333333,0.5694444444444444,0.11399759467612795,0.9557823129251701,0.01763778015429656,0.1297400730709855,0.1111111111111111,0.18181818181818182,0.13793103448275862,0.9571183533447685,18,583,11
T21,417,0.26995649651972353,0.016496429815617865,0.0,0.0,0.9825986078886312,0.9769319492502884,0.0,0.4912993039443156,-0.020035373626183368,0.9603174603174605,0.023927638856261736,0.18325112789468673,0.0,0.0,0.0,0.961730449251248,10,601,13
T21,418,0.579082116996978,0.3370744105280993,0.1818181818181818,0.32258064516129026,0.9740334679746105,0.9877121123464014,0.2325581395348837,0.6483070565679504,0.22424334517058878,0.9625850340136053,0.012854674696642076,0.09640124016448663,0.16666666666666666,0.3,0.21428571428571427,0.9636363636363636,18,605,10
T21,419,0.39755980326402957,0.2141463471368671,0.1774193548387096,0.18333333333333324,0.9700704225352111,0.9712103407755581,0.18032786885245894,0.5767018779342722,0.15099785939153768,0.9433106575963722,0.03007037609890803,0.22888076185306488,0.15,0.16666666666666666,0.15789473684210525,0.947107438016529,20,605,18
T21,420,0.26326604256021247,0.1078423493310135,0.049999999999999996,0.09375,0.9670900692840646,0.9829812206572769,0.06521739130434784,0.5304200346420322,0.04479486298518905,0.9512471655328798,0.016680571547762067,0.1399051662523414,0.05,0.1,0.06666666666666667,0.9544715447154472,20,615,10
T21,421,0.5404191590265763,0.244184777562719,0.19230769230769237,0.21276595744680854,0.9755387303436226,0.9783878504672896,0.20202020202020207,0.5941523438952155,0.1792840508507692,0.9552154195011339,0.021889701145577724,0.15713265951125074,0.17647058823529413,0.21428571428571427,0.1935483870967742,0.959546925566343,17,618,14
T21,422,0.5702776233063069,0.311973038471546,0.31250000000000006,0.2830188679245283,0.9807130333138515,0.9778554778554778,0.297029702970297,0.6318659506191899,0.27672369289564785,0.9597505668934242,0.023094313966244708,0.1624630378371656,0.26666666666666666,0.25,0.25806451612903225,0.9614740368509213,15,597,16
T21,423,0.6193562498644245,0.42570352457823446,0.3529411764705883,0.391304347826087,0.9807916181606519,0.9836544074722708,0.3711340206185567,0.6860479829933694,0.3539009168596303,0.9654195011337868,0.01763667933330383,0.12557032411531224,0.3125,0.35714285714285715,0.3333333333333333,0.9661016949152542,16,590,14
T21,424,0.5031476876643315,0.029182780484830268,0.0,0.0,0.9810453762205629,0.9867128827267475,0.0,0.49052268811028144,-0.015869855356236043,0.9682539682539683,0.013714270230244116,0.09512624230626965,0.0,0.0,0.0,0.9707792207792207,11,616,7
T21,425,0.327389903329754,0.09988241358099995,0.08333333333333333,0.08571428571428572,0.9809138230190861,0.9814814814814815,0.08450704225352113,0.5333140543666859,0.0657152077453566,0.9631519274376416,0.01859844426697457,0.14689102113016828,0.08333333333333333,0.09090909090909091,0.08695652173913043,0.9650582362728786,12,601,11
T21,426,0.6130701027510785,0.42205030456042014,0.3076923076923077,0.39999999999999997,0.9791183294663574,0.9859813084112149,0.3478260869565218,0.6895591647331787,0.33367207067045923,0.9659863945578229,0.015112363710744054,0.10860326613157445,0.25,0.3333333333333333,0.2857142857142857,0.967479674796748,16,615,12
T21,427,0.6384220981189943,0.39022456706830616,0.25000000000000006,0.36842105263157887,0.9756662804171495,0.9859484777517564,0.2978723404255319,0.6720436665243643,0.2849331192517119,0.9625850340136055,0.014279887535540655,0.10252878821145071,0.2222222222222222,0.36363636363636365,0.27586206896551724,0.964527027027027,18,592,11
T21,428,0.18224033158874653,0.008819513871069176,0.0,0.0,0.9879518072289156,0.9879518072289156,0.0,0.4939759036144578,-0.012048192771080705,0.9761904761904763,0.012291899306817122,0.10499097287352151,0.0,0.0,0.0,0.978369384359401,7,601,6
T21,429,0.27263130183667156,0.10866700288215864,0.05882352941176471,0.09677419354838708,0.9723023658395844,0.9836544074722708,0.07317073170731708,0.5345382796939857,0.05416853080755128,0.9569160997732425,0.016606496900740182,0.13546076893356487,0.058823529411764705,0.1,0.07407407407407407,0.9584026622296173,17,601,10
T21,430,0.3278103786975336,0.026049484098898693,0.0,0.0,0.9877264757451784,0.9695926563396442,0.0,0.4938632378725892,-0.019318521422199263,0.9580498866213152,0.030596808715940515,0.23818634721915585,0.0,0.0,0.0,0.9605488850771869,7,583,16
T21,431,0.21711204758108202,0.08621591325704243,0.09090909090909091,0.06976744186046512,0.9825682742591517,0.9768919699595608,0.07894736842105264,0.5261678580598084,0.05956859133998626,0.9603174603174602,0.022913095883927922,0.19551469461597526,0.09090909090909091,0.07142857142857142,0.08,0.9608843537414966,11,588,14
T21,432,0.4081973581973589,0.10899229974941771,0.08695652173913046,0.08333333333333333,0.9755244755244754,0.9743888242142026,0.0851063829787234,0.5294289044289043,0.06008870647998085,0.9512471655328799,0.02554463082651463,0.18997678489703795,0.06666666666666667,0.07142857142857142,0.06896551724137931,0.9552238805970149,15,603,14
T21,433,0.40762172306748073,0.18741285754480155,0.1333333333333333,0.17142857142857143,0.9774436090225562,0.9831297265852238,0.14999999999999997,0.5744360902255639,0.1316742559199985,0.9614512471655329,0.017046365511641164,0.13207728265123617,0.13333333333333333,0.18181818181818182,0.15384615384615385,0.9633333333333334,15,600,11
T21,434,0.5206181585072623,0.20654402875404015,0.1272727272727272,0.17073170731707313,0.9721416134648868,0.9801053247513165,0.1458333333333333,0.57143666039098,0.12386064294913841,0.9535147392290251,0.020650296014505423,0.14459870571560865,0.1111111111111111,0.15384615384615385,0.12903225806451613,0.9546979865771812,18,596,13
T21,435,0.49126843407083853,0.2562042972011046,0.31428571428571433,0.22448979591836737,0.98600583090379,0.978021978021978,0.261904761904762,0.6052478134110787,0.24805138765434379,0.9648526077097507,0.022536140189176046,0.1688246546173033,0.2727272727272727,0.2,0.23076923076923078,0.9675850891410048,11,617,15
T21,436,0.6078106911235961,0.3393548148322171,0.3333333333333333,0.30612244897959173,0.9825072886297375,0.9802210587550901,0.3191489361702127,0.6443148688046646,0.30083404380942813,0.9637188208616779,0.020433059059280594,0.13811423650864896,0.2857142857142857,0.26666666666666666,0.27586206896551724,0.9652317880794702,14,604,15
T21,437,0.3749894359131743,0.12950335867946858,0.09999999999999998,0.11428571428571427,0.9791787160208212,0.9820185614849188,0.10666666666666665,0.5467322151532678,0.08755465792149116,0.9620181405895694,0.018067492750668192,0.13916802053682567,0.07692307692307693,0.09090909090909091,0.08333333333333333,0.9639344262295082,13,610,11
T21,438,0.44944748055381734,0.13425471855976326,0.14285714285714282,0.11428571428571427,0.9861191440138808,0.982142857142857,0.12698412698412695,0.5502024291497976,0.11202949293578583,0.9688208616780046,0.01836025532400398,0.13386917912048293,0.1111111111111111,0.09090909090909091,0.1,0.9709677419354839,9,620,11
T21,439,0.5230660440715206,0.29215179011806097,0.2075471698113208,0.261904761904762,0.9756097560975611,0.9818819403857394,0.2315789473684211,0.6187572590011615,0.21211356346085938,0.9586167800453513,0.018669937982277153,0.13771536698341805,0.17647058823529413,0.23076923076923078,0.2,0.9611021069692058,17,617,13
T21,440,0.4820144602343549,0.18395794080417885,0.15217391304347824,0.15555555555555556,0.9773123909249561,0.977881257275902,0.15384615384615383,0.5664339732402559,0.13145403534889838,0.9563492063492062,0.022794573295712828,0.16460604934682066,0.13333333333333333,0.14285714285714285,0.13793103448275862,0.9587458745874587,15,606,14
T21,441,0.3900241003905933,0.24221696469529758,0.1492537313432835,0.22222222222222215,0.9668411867364746,0.9793753682969946,0.1785714285714285,0.5945317044793483,0.1559456830735595,0.9478458049886623,0.021355034364542076,0.16944548867517772,0.13636363636363635,0.21428571428571427,0.16666666666666666,0.9504132231404959,22,605,14
T21,442,0.45964764838659244,0.12194877199696047,0.0625,0.10344827586206898,0.9740634005763689,0.984848484848485,0.07792207792207793,0.5387558382192189,0.060581023740328234,0.9597505668934241,0.015551905821534099,0.11398269136936875,0.0625,0.1111111111111111,0.08,0.9608843537414966,16,588,9
T21,443,0.5277259586537941,0.17737431399047635,0.04545454545454545,0.16666666666666669,0.9639175257731958,0.9911660777385158,0.07142857142857142,0.5652920962199313,0.06915254519040105,0.9557823129251701,0.008842776508035239,0.06400941293372162,0.045454545454545456,0.16666666666666666,0.07142857142857142,0.956882255389718,22,603,6
T21,444,0.3873748982149352,0.16358428984290208,0.15094339622641506,0.13793103448275856,0.973622508792497,0.9707773232028053,0.1441441441441441,0.5557767716376278,0.11652629549737843,0.9461451247165532,0.02978925255286547,0.22610250846053231,0.11764705882352941,0.1111111111111111,0.11428571428571428,0.9485049833887044,17,602,18
T21,445,0.591095351435371,0.3111203430495505,0.217391304347826,0.29411764705882343,0.9791907514450867,0.9860302677532014,0.2499999999999999,0.6366541992519551,0.23578978793001673,0.9659863945578232,0.014190733825712253,0.10145636032821774,0.2,0.2727272727272727,0.23076923076923078,0.9664429530201343,15,596,11
T21,446,0.4069723972538323,0.01855367829901632,0.0,0.0,0.9809907834101381,0.9838243789716926,0.0,0.49049539170506906,-0.01753527540709167,0.9654195011337868,0.016342384476387514,0.11644975616085178,0.0,0.0,0.0,0.9668874172185431,11,604,9
T21,447,0.3605580670671966,0.1310710833080833,0.18181818181818177,0.11428571428571424,0.9895893580104106,0.9822043628013777,0.1403508771929824,0.5519375361480624,0.1305291296245838,0.9722222222222224,0.01837388197013451,0.14449433931810965,0.14285714285714285,0.09090909090909091,0.1111111111111111,0.9731543624161074,7,596,11
T21,448,0.36482488949336944,0.017129924322245346,0.0,0.0,0.9809248554913294,0.9803581744656268,0.0,0.4904624277456647,-0.01935641135340737,0.9620181405895691,0.019437686646508474,0.14616162092102886,0.0,0.0,0.0,0.9635761589403974,11,604,11
T21,449,0.6066755610290082,0.3060638828975787,0.11475409836065578,0.29166666666666663,0.9689655172413791,0.9900176159718144,0.1647058823529412,0.6303160919540229,0.1652479371074322,0.9597505668934242,0.010879534983498048,0.07354913691742684,0.1,0.2857142857142857,0.14814814814814814,0.9627831715210357,20,618,7
T21,450,0.4224516144793182,0.2856819622686034,0.3529411764705883,0.26086956521739135,0.9805309734513274,0.9702276707530648,0.30000000000000004,0.6207002693343594,0.2793083131608119,0.9523809523809524,0.030934330629150034,0.24543856683006277,0.3125,0.23809523809523808,0.2702702702702703,0.9543918918918919,16,592,21
T21,451,0.5795848115494048,0.2064339278255396,0.09302325581395345,0.19047619047619047,0.9776247848537004,0.9901220220801858,0.12499999999999996,0.5840504876649455,0.11822352688056384,0.9682539682539684,0.011234422561994565,0.07532362029267638,0.07142857142857142,0.16666666666666666,0.1,0.9701986754966887,14,604,6
T21,452,0.48714085864760587,0.16045322322862787,0.11764705882352941,0.14285714285714285,0.9827188940092164,0.9861271676300578,0.12903225806451613,0.5627880184331796,0.114155841229927,0.9693877551020407,0.01428910553389246,0.1038814165765591,0.09090909090909091,0.1111111111111111,0.1,0.9702970297029703,11,606,9
T21,453,0.5052572095349224,0.1770805135665004,0.17500000000000002,0.13999999999999999,0.9807467911318551,0.9750580046403712,0.15555555555555556,0.5603733955659276,0.13460691863337892,0.9569160997732427,0.02509848509048755,0.17777277335721584,0.15384615384615385,0.13333333333333333,0.14285714285714285,0.9601328903654485,13,602,15
T21,454,0.5222432400325319,0.1655254118587433,0.10810810810810811,0.14814814814814814,0.9810017271157165,0.9866821077012159,0.125,0.5645749376319323,0.1106442251001326,0.9682539682539683,0.01407924675112518,0.09811403073357564,0.08333333333333333,0.125,0.1,0.9700996677740864,12,602,8
T21,455,0.5405023606240468,0.19669262721170055,0.16279069767441864,0.14893617021276598,0.9790331974373907,0.9767576990122021,0.15555555555555559,0.5639846838250784,0.1336335290283866,0.9569160997732427,0.02308163767499248,0.16407554667704208,0.14285714285714285,0.13333333333333333,0.13793103448275862,0.9594155844155844,14,616,15
T21,456,0.4946530159057189,0.2415835003738009,0.20754716981132076,0.2156862745098039,0.9754816112084063,0.9766218585622441,0.21153846153846154,0.5955839428591051,0.18763582751956814,0.953514739229025,0.023874484044510792,0.1740613346174357,0.17647058823529413,0.1875,0.18181818181818182,0.9561688311688312,17,616,16
T21,457,0.31503808969777736,0.10686737041288762,0.14285714285714285,0.08888888888888885,0.9860383944153579,0.9763824884792626,0.10958904109589039,0.5374636416521233,0.09452143480839692,0.9631519274376418,0.024038568163889495,0.1904190360900221,0.1111111111111111,0.07142857142857142,0.08695652173913043,0.9652892561983472,9,605,14
T21,458,0.20364072873671518,0.01697392036166543,0.0,0.0,0.9755671902268762,0.9738675958188153,0.0,0.4877835951134381,-0.025268321279285435,0.9506802721088435,0.0261703792399626,0.21239321459106864,0.0,0.0,0.0,0.9541734860883797,14,611,14
T21,459,0.4852560137307339,0.13086871272721656,0.08695652173913045,0.10526315789473685,0.9756662804171495,0.9802095459837019,0.09523809523809525,0.5404647191559432,0.07372728215814948,0.9569160997732425,0.0201735359742603,0.14406961028528384,0.06666666666666667,0.09090909090909091,0.07692307692307693,0.959866220735786,15,598,11
T21,460,0.5037739623270538,0.26263718568764743,0.19047619047619052,0.24000000000000002,0.9702450408401398,0.977660199882422,0.2123893805309735,0.60512252042007,0.18801553727726988,0.9495464852607709,0.02304078373082618,0.168695329482178,0.15,0.2,0.17142857142857143,0.9515050167224081,20,598,15
T21,461,0.41679797930733137,0.13631773852496354,0.15999999999999998,0.1176470588235294,0.9878612716763007,0.9827487061529615,0.13559322033898305,0.552754165249915,0.12272398977872845,0.9710884353741497,0.0174064487031832,0.13231784535570582,0.125,0.09090909090909091,0.10526315789473684,0.9723577235772358,8,615,11
T21,462,0.5095591647331787,0.25209147452227815,0.11999999999999997,0.22500000000000003,0.9617169373549882,0.9816459443457666,0.15652173913043477,0.5933584686774941,0.1377643619474827,0.9450113378684806,0.0184453859068013,0.13767342149997233,0.12,0.23076923076923078,0.15789473684210525,0.9485530546623794,25,622,13
T21,463,0.3134549778463548,0.018068003574148887,0.0,0.0,0.9825885084155543,0.9763552479815455,0.0,0.49129425420777717,-0.020290155267659208,0.959750566893424,0.023615325433172244,0.1823792609186282,0.0,0.0,0.0,0.9611486486486487,10,592,13
T21,464,0.5288561180338068,0.26500094340829483,0.25,0.22807017543859653,0.9771528998242531,0.9742990654205607,0.2385321100917431,0.6026115376314248,0.2145491644919418,0.9529478458049888,0.025838852759095324,0.18482704465837932,0.23529411764705882,0.2222222222222222,0.22857142857142856,0.9561688311688312,17,616,18
T21,465,0.4387521283023032,0.018265850028047228,0.0,0.0,0.9844290657439446,0.9827288428324699,0.0,0.4922145328719723,-0.016399025970516207,0.967687074829932,0.017418159485645478,0.12435438231273599,0.0,0.0,0.0,0.9698492462311558,9,597,9
T21,466,0.4436990867706403,0.09231944026111584,0.05882352941176471,0.06666666666666667,0.9720767888307157,0.9754816112084064,0.06250000000000001,0.5193717277486912,0.036456819512259396,0.9489795918367346,0.02431035836734339,0.17640222678042408,0.058823529411764705,0.07142857142857142,0.06451612903225806,0.9526916802610114,17,613,14
T21,467,0.37569215974085013,0.1515073266445699,0.0869565217391304,0.13043478260869562,0.9633294528521535,0.9764011799410028,0.1043478260869565,0.5468821177304246,0.07707584873742504,0.941609977324263,0.02416374214146387,0.18625487543864697,0.08695652173913043,0.13333333333333333,0.10526315789473684,0.9462025316455697,23,632,15
T21,468,0.3799533255542603,0.16184813310070528,0.16279069767441862,0.13999999999999999,0.9789964994165694,0.9750145264381174,0.15053763440860216,0.5594982497082848,0.1280560005259686,0.9552154195011339,0.02548520734070364,0.19667295516584787,0.14285714285714285,0.13333333333333333,0.13793103448275862,0.96,14,625,15
T21,469,0.5230375671636663,0.2658413083033312,0.18181818181818182,0.24390243902439018,0.9738827626233313,0.9818607372732593,0.20833333333333334,0.6088926008238608,0.18880372453903255,0.9569160997732428,0.018875548727334965,0.13703095195919443,0.16666666666666666,0.23076923076923078,0.1935483870967742,0.9590163934426229,18,610,13
T21,470,0.6208548041858255,0.4049254450257751,0.3199999999999998,0.35294117647058815,0.9699292452830188,0.9739490822972172,0.3356643356643355,0.6614352108768036,0.3080705506460942,0.9461451247165533,0.026778441992104298,0.18888121754237885,0.2916666666666667,0.3333333333333333,0.3111111111111111,0.9477234401349073,24,593,21
T21,471,0.536534175498723,0.19764517915253077,0.1702127659574468,0.1702127659574468,0.9772859638905066,0.9772859638905066,0.1702127659574468,0.5737493649239767,0.1474987298479506,0.9557823129251699,0.02264220659983905,0.15955074729351326,0.13333333333333333,0.14285714285714285,0.13793103448275862,0.9584717607973422,15,602,14
T21,472,0.4268991585831865,0.18508049310392669,0.12500000000000003,0.16666666666666669,0.9756944444444444,0.9825174825174825,0.14285714285714288,0.5711805555555556,0.12371866583122294,0.9591836734693877,0.018008106099161057,0.13744394502998933,0.125,0.18181818181818182,0.14814814814814814,0.9624183006535948,16,612,11
T21,473,0.5359059584070263,0.28528621732982545,0.16393442622950818,0.2631578947368421,0.97045191193511,0.9835584263065179,0.202020202020202,0.616804903335976,0.18562267309365965,0.9552154195011338,0.0175424053006736,0.12435127645120982,0.15,0.25,0.1875,0.9573770491803278,20,610,12
T21,474,0.41645134306162424,0.287676135117285,0.24999999999999986,0.26415094339622625,0.9754529514903566,0.9771662763466042,0.25688073394495403,0.6198019474432914,0.23330221730520853,0.954081632653061,0.02293057949314258,0.1874114055626449,0.2222222222222222,0.23529411764705882,0.22857142857142856,0.9546218487394958,18,595,17
T21,475,0.4912742123687277,0.22633468995994457,0.18181818181818177,0.19999999999999996,0.9737456242707118,0.9765944997074312,0.19047619047619044,0.5868728121353559,0.16590211042680056,0.9518140589569162,0.024436444027429293,0.1745658671663255,0.16666666666666666,0.2,0.18181818181818182,0.9546979865771812,18,596,15
T21,476,0.36413866326909744,0.12175087175483873,0.09999999999999996,0.10256410256410253,0.9791304347826086,0.9796983758700695,0.10126582278481008,0.5408472686733556,0.08069028407429417,0.9597505668934239,0.021498070683100372,0.16178702395791117,0.07692307692307693,0.08333333333333333,0.08,0.9614093959731543,13,596,12
T21,477,0.44526063095177953,0.11213658960911357,0.10810810810810807,0.08695652173913042,0.9807916181606519,0.975680370584829,0.09638554216867468,0.5338740699498912,0.07534264115678256,0.9574829931972789,0.024741698137326455,0.178499836956591,0.08333333333333333,0.07142857142857142,0.07692307692307693,0.9603305785123967,12,605,14
T21,478,0.6400129814687354,0.3669340725097267,0.19402985074626858,0.34210526315789463,0.9687137891077635,0.985268120212139,0.24761904761904754,0.6554095261328291,0.23607038231520916,0.9552154195011339,0.015897954561646537,0.1068368130143833,0.18181818181818182,0.3333333333333333,0.23529411764705882,0.9582664526484751,22,623,12
T21,479,0.5145563731709389,0.2749658326135269,0.33333333333333337,0.24,0.9786856127886324,0.9666666666666668,0.27906976744186046,0.6093428063943163,0.2561360650837579,0.9472789115646261,0.03325857457275435,0.24828027610889464,0.29411764705882354,0.21739130434782608,0.25,0.9513776337115073,17,617,23
T21,480,0.37949971589783016,0.16361215501495122,0.27586206896551724,0.14035087719298248,0.9876977152899824,0.9717579250720461,0.18604651162790697,0.5640242962414824,0.17806569491945665,0.9603174603174601,0.028829425344330122,0.2255409725781447,0.2222222222222222,0.11764705882352941,0.15384615384615385,0.9627118644067797,9,590,17
T21,481,0.3711995077567908,0.1596725957993647,0.07692307692307694,0.14814814814814817,0.9723661485319516,0.9865654205607477,0.10126582278481015,0.5602571483400498,0.08747154749711165,0.959750566893424,0.014181995454426824,0.10967545216125986,0.058823529411764705,0.125,0.08,0.9624796084828712,17,613,8
T21,482,0.4484951088631013,0.21781825480398664,0.20408163265306123,0.19230769230769232,0.9772196261682244,0.9755102040816327,0.19801980198019803,0.5847636592379584,0.17448702674353342,0.9540816326530612,0.024378186673087034,0.18711948540924064,0.1875,0.1875,0.1875,0.957166392092257,16,607,16
T21,483,0.6660730214870346,0.47479531471266406,0.2615384615384616,0.45945945945945943,0.9722061378112333,0.9882283696291937,0.33333333333333337,0.7158327986353463,0.3283530848863673,0.9614512471655328,0.01256967693601703,0.09078066053248163,0.23809523809523808,0.45454545454545453,0.3125,0.9628378378378378,21,592,11
T21,484,0.3556408747226892,0.13819879497531212,0.14285714285714282,0.10769230769230767,0.9752795762213066,0.9661807580174927,0.12280701754385963,0.5414859419568071,0.09511613981629964,0.9433106575963718,0.03371126698735631,0.2612635133607846,0.125,0.1,0.1111111111111111,0.947107438016529,16,605,20
T21,485,0.4190266815204592,0.162809970287143,0.11764705882352938,0.14285714285714282,0.9738675958188154,0.9789842381786341,0.1290322580645161,0.5583623693379791,0.10620387417837704,0.9540816326530611,0.020866035368651822,0.16021618318478437,0.11764705882352941,0.15384615384615385,0.13333333333333333,0.9582664526484751,17,623,13
T21,486,0.5773094140971127,0.28271197226195766,0.1549295774647888,0.2558139534883721,0.9651365485183034,0.9810986414648554,0.19298245614035095,0.6104752510033378,0.17336523082665295,0.947845804988662,0.019441079997757134,0.13531385610031116,0.13043478260869565,0.23076923076923078,0.16666666666666666,0.9507389162561576,23,609,13
T21,487,0.5181722210572738,0.20597541326158594,0.1818181818181818,0.17391304347826084,0.979045401629802,0.9779069767441858,0.17777777777777776,0.5764792225540314,0.15630518832828158,0.9580498866213151,0.02223244399699692,0.16063225637151488,0.14285714285714285,0.14285714285714285,0.14285714285714285,0.9615384615384616,14,624,14
T21,488,0.4364496118627986,0.12818228937397164,0.1081081081081081,0.10526315789473684,0.9808806488991888,0.9803126809496235,0.10666666666666666,0.5430719033969629,0.08727487249578054,0.9620181405895692,0.01975031276195841,0.14592031334918568,0.08333333333333333,0.08333333333333333,0.08333333333333333,0.9642276422764228,12,615,12
T21,489,0.6097306923612082,0.38679081233953483,0.2741935483870967,0.3617021276595745,0.9737914967967385,0.9823736780258518,0.3119266055045871,0.6677468122281565,0.29338825591012374,0.9574829931972789,0.018247942704804555,0.1264602439222634,0.25,0.3333333333333333,0.2857142857142857,0.9591503267973857,20,612,15
T21,490,0.39060249057940416,0.2844972911243777,0.2727272727272728,0.2608695652173914,0.9716814159292034,0.969964664310954,0.2666666666666668,0.6162754905732974,0.23756735481670432,0.9438775510204082,0.030149739067710832,0.24693930818710513,0.23809523809523808,0.23809523809523808,0.23809523809523808,0.9473684210526315,21,608,21
T21,491,0.3882943172300226,0.016252799767370252,0.0,0.0,0.9827089337175792,0.9832756632064591,0.0,0.4913544668587896,-0.01700534080889042,0.9665532879818594,0.017027130510672225,0.12315661430841647,0.0,0.0,0.0,0.9689542483660131,10,612,9
T21,492,0.44870679704885597,0.17941916761797003,0.1627906976744186,0.15555555555555556,0.9790575916230364,0.9779198140615919,0.1590909090909091,0.5673065735892959,0.13762806699905056,0.9580498866213154,0.022571843211911306,0.17008238650101576,0.14285714285714285,0.15384615384615385,0.14814814814814814,0.9620462046204621,14,606,13
T21,493,0.4719258403926364,0.1915025132164264,0.1521739130434783,0.1707317073170732,0.9773650609402205,0.980209545983702,0.1609195402298851,0.5740483841286468,0.14001986449303208,0.9586167800453514,0.02028793985922143,0.14801925104536912,0.13333333333333333,0.16666666666666666,0.14814814814814814,0.9638364779874213,15,636,12
T21,494,0.7089604065813953,0.5022291865095911,0.2258064516129033,0.48275862068965514,0.9723342939481268,0.9911868390129259,0.30769230769230776,0.727546457318891,0.3142484830317428,0.9642857142857142,0.009631635719473055,0.06690313740074333,0.2,0.4444444444444444,0.27586206896551724,0.9650582362728786,20,601,9
T21,495,0.39094749124854145,0.08447064265136789,0.07142857142857144,0.06,0.9772462077012835,0.9727061556329849,0.06521739130434782,0.5186231038506417,0.04054443501855664,0.9512471655328799,0.027621683887895654,0.20691642159356477,0.07142857142857142,0.0625,0.06666666666666667,0.9534883720930233,14,602,16
T21,496,0.7082957938958347,0.5250229293583113,0.46,0.5,0.9842840512223515,0.9865810968494748,0.4791666666666667,0.7421420256111757,0.46505064539422586,0.971655328798186,0.014931593480758596,0.10404039945592249,0.4,0.46153846153846156,0.42857142857142855,0.9742351046698873,15,621,13
T21,497,0.44258215832386844,0.20155383855908246,0.3076923076923077,0.1777777777777778,0.9895287958115182,0.978711162255466,0.22535211267605637,0.583653286794648,0.218899938832895,0.9688208616780044,0.02161919244825721,0.16641309702047968,0.25,0.14285714285714285,0.18181818181818182,0.9686956521739131,8,575,14
T21,498,0.6474336315872088,0.2113532637162763,0.18918918918918923,0.15555555555555559,0.9825479930191972,0.9779965257672263,0.1707317073170732,0.5690517742873764,0.1519504541174159,0.9614512471655328,0.021877753611342445,0.14408984742970193,0.16666666666666666,0.14285714285714285,0.15384615384615385,0.9642857142857143,12,616,14
T21,499,0.5252038673112186,0.23781211889946674,0.2325581395348837,0.19999999999999996,0.9807467911318553,0.9767576990122021,0.21505376344086016,0.5903733955659276,0.1945074963862842,0.9586167800453516,0.02324876453956977,0.16837853540759676,0.21428571428571427,0.1875,0.2,0.9606557377049181,14,610,16
