target,candidate_id,outer_seed,outer_fold,best_objective,threshold,inner_precision,inner_recall,inner_f1,best_params,all_trials
ANY,record|engineered|elastic,20260824,0,0.43448172217856884,0.8331380036567883,0.643652561247216,0.3676844783715014,0.46801619433198394,"{""C"": 0.3141496575837767, ""l1_ratio"": 0.31971691575490324}","[{""trial"":0,""objective"":0.3979829848,""pr_auc_w"":0.3471785256,""inner_precision"":0.4279237023,""inner_recall"":0.4974554707,""inner_f1"":0.4600773239,""params"":""{\""C\"": 0.02444104034799468, \""l1_ratio\"": 0.15165910187752096}""},{""trial"":1,""objective"":0.3800740303,""pr_auc_w"":0.3413801375,""inner_precision"":0.3268823416,""inner_recall"":0.6170483461,""inner_f1"":0.427366566,""params"":""{\""C\"": 0.5348997046470697, \""l1_ratio\"": 0.2707025916816034}""},{""trial"":2,""objective"":0.3578043847,""pr_auc_w"":0.3355247297,""inner_precision"":0.4969818913,""inner_recall"":0.3142493639,""inner_f1"":0.385035074,""params"":""{\""C\"": 0.17848493336529223, \""l1_ratio\"": 0.5100702209730764}""},{""trial"":3,""objective"":0.3929607088,""pr_auc_w"":0.34128151,""inner_precision"":0.3951011715,""inner_recall"":0.5394402036,""inner_f1"":0.456124174,""params"":""{\""C\"": 0.48835721228318324, \""l1_ratio\"": 0.9954935884259661}""},{""trial"":4,""objective"":0.2934498242,""pr_auc_w"":0.2546489842,""inner_precision"":0.2823389021,""inner_recall"":0.4300254453,""inner_f1"":0.340873073,""params"":""{\""C\"": 0.31197585840155273, \""l1_ratio\"": 0.10128100493224867}""},{""trial"":5,""objective"":0.3276191819,""pr_auc_w"":0.2849827404,""inner_precision"":0.3432178509,""inner_recall"":0.4249363868,""inner_f1"":0.3797303882,""params"":""{\""C\"": 0.8218843076906371, \""l1_ratio\"": 0.07535616598283923}""},{""trial"":6,""objective"":0.4344817222,""pr_auc_w"":0.3852689161,""inner_precision"":0.450500224,""inner_recall"":0.548346056,""inner_f1"":0.4946307074,""params"":""{\""C\"": 0.3141496575837767, \""l1_ratio\"": 0.31971691575490324}""},{""trial"":7,""objective"":0.3395638335,""pr_auc_w"":0.3043169224,""inner_precision"":0.4240548309,""inner_recall"":0.3486005089,""inner_f1"":0.3826433915,""params"":""{\""C\"": 0.05476300257791744, \""l1_ratio\"": 0.017876512156972724}""},{""trial"":8,""objective"":0.3839989419,""pr_auc_w"":0.3439762596,""inner_precision"":0.4978733459,""inner_recall"":0.3829516539,""inner_f1"":0.4329155537,""params"":""{\""C\"": 0.2669075563653157, \""l1_ratio\"": 0.38906136821405723}""},{""trial"":9,""objective"":0.2919417559,""pr_auc_w"":0.2652221799,""inner_precision"":0.2289939503,""inner_recall"":0.5572519084,""inner_f1"":0.3245990154,""params"":""{\""C\"": 0.32959257431750577, \""l1_ratio\"": 0.35284773292719984}""}]"
ANY,record|engineered|elastic,20260824,1,0.41887714594287345,0.8883900059770106,0.5849514563106796,0.33379501385041527,0.4250440917107582,"{""C"": 1.1238114738035287, ""l1_ratio"": 0.46829051869641547}","[{""trial"":0,""objective"":0.40678906,""pr_auc_w"":0.3866752963,""inner_precision"":0.4735099338,""inner_recall"":0.3961218837,""inner_f1"":0.431372549,""params"":""{\""C\"": 0.011373791076793578, \""l1_ratio\"": 0.5027241610775213}""},{""trial"":1,""objective"":0.3522169851,""pr_auc_w"":0.315148818,""inner_precision"":0.334914611,""inner_recall"":0.4889196676,""inner_f1"":0.3975225225,""params"":""{\""C\"": 0.1998707720415515, \""l1_ratio\"": 0.9316638900143265}""},{""trial"":2,""objective"":0.4188771459,""pr_auc_w"":0.382806932,""inner_precision"":0.5226480836,""inner_recall"":0.4155124654,""inner_f1"":0.462962963,""params"":""{\""C\"": 1.1238114738035287, \""l1_ratio\"": 0.46829051869641547}""},{""trial"":3,""objective"":0.3568028985,""pr_auc_w"":0.2975797684,""inner_precision"":0.3743922204,""inner_recall"":0.5027700831,""inner_f1"":0.4291867241,""params"":""{\""C\"": 0.0621585385533397, \""l1_ratio\"": 0.5603458685244602}""},{""trial"":4,""objective"":0.3288801017,""pr_auc_w"":0.2470805213,""inner_precision"":0.3827870126,""inner_recall"":0.487534626,""inner_f1"":0.4288573666,""params"":""{\""C\"": 0.008044183598885316, \""l1_ratio\"": 0.48931021865898616}""},{""trial"":5,""objective"":0.4047037363,""pr_auc_w"":0.3698110853,""inner_precision"":0.4445964432,""inner_recall"":0.4501385042,""inner_f1"":0.4473503097,""params"":""{\""C\"": 0.2944120351959974, \""l1_ratio\"": 0.6156973772684065}""},{""trial"":6,""objective"":0.3597124231,""pr_auc_w"":0.3246247126,""inner_precision"":0.3789731051,""inner_recall"":0.4293628809,""inner_f1"":0.4025974026,""params"":""{\""C\"": 0.02827962799665994, \""l1_ratio\"": 0.6950144587032979}""},{""trial"":7,""objective"":0.3696571337,""pr_auc_w"":0.3479679515,""inner_precision"":0.3677342823,""inner_recall"":0.4293628809,""inner_f1"":0.3961661342,""params"":""{\""C\"": 0.015755721629500872, \""l1_ratio\"": 0.20107635588917672}""},{""trial"":8,""objective"":0.4175169467,""pr_auc_w"":0.400414588,""inner_precision"":0.4973637961,""inner_recall"":0.391966759,""inner_f1"":0.4384198296,""params"":""{\""C\"": 0.021051218938884432, \""l1_ratio\"": 0.4582962486161455}""},{""trial"":9,""objective"":0.3090216379,""pr_auc_w"":0.2636007286,""inner_precision"":0.2595419847,""inner_recall"":0.6121883657,""inner_f1"":0.3645360825,""params"":""{\""C\"": 1.4086472893766178, \""l1_ratio\"": 0.47737043681192226}""}]"
ANY,record|engineered|elastic,20260824,2,0.4226947694354808,0.7807073174978093,0.6204013377926422,0.3446033810143042,0.44309088737608976,"{""C"": 0.2414615144478529, ""l1_ratio"": 0.21260875336215357}","[{""trial"":0,""objective"":0.2578671378,""pr_auc_w"":0.22410114,""inner_precision"":0.2441000352,""inner_recall"":0.3862158648,""inner_f1"":0.2991366906,""params"":""{\""C\"": 5.670241845727474, \""l1_ratio\"": 0.6406383163249926}""},{""trial"":1,""objective"":0.3845710782,""pr_auc_w"":0.34429723,""inner_precision"":0.4884856943,""inner_recall"":0.3901170351,""inner_f1"":0.4337946705,""params"":""{\""C\"": 1.6469102076399165, \""l1_ratio\"": 0.9712629491841673}""},{""trial"":2,""objective"":0.2825993682,""pr_auc_w"":0.2503850335,""inner_precision"":0.3639344262,""inner_recall"":0.288686606,""inner_f1"":0.3219724438,""params"":""{\""C\"": 2.0312018741937217, \""l1_ratio\"": 0.37882609610984486}""},{""trial"":3,""objective"":0.3767097725,""pr_auc_w"":0.3480092218,""inner_precision"":0.2972950684,""inner_recall"":0.6697009103,""inner_f1"":0.4117882232,""params"":""{\""C\"": 0.16717358734398843, \""l1_ratio\"": 0.47488421757218735}""},{""trial"":4,""objective"":0.4226947694,""pr_auc_w"":0.4211675234,""inner_precision"":0.6522911051,""inner_recall"":0.3146944083,""inner_f1"":0.4245614035,""params"":""{\""C\"": 0.2414615144478529, \""l1_ratio\"": 0.21260875336215357}""},{""trial"":5,""objective"":0.383325248,""pr_auc_w"":0.3734548653,""inner_precision"":0.4093892978,""inner_recall"":0.3823146944,""inner_f1"":0.395389049,""params"":""{\""C\"": 19.993982978418373, \""l1_ratio\"": 0.4140215396757223}""},{""trial"":6,""objective"":0.3110076242,""pr_auc_w"":0.3014672244,""inner_precision"":0.3142052456,""inner_recall"":0.3315994798,""inner_f1"":0.3226681128,""params"":""{\""C\"": 3.9302104560607622, \""l1_ratio\"": 0.7233121677477207}""},{""trial"":7,""objective"":0.3225607319,""pr_auc_w"":0.2879359972,""inner_precision"":0.3630678683,""inner_recall"":0.366710013,""inner_f1"":0.3648798521,""params"":""{\""C\"": 2.0955121190724952, \""l1_ratio\"": 0.01793474887121349}""},{""trial"":8,""objective"":0.3696200059,""pr_auc_w"":0.3730183711,""inner_precision"":0.3266052362,""inner_recall"":0.4148244473,""inner_f1"":0.3654664484,""params"":""{\""C\"": 5.966853428130973, \""l1_ratio\"": 0.1358068044601053}""},{""trial"":9,""objective"":0.3949231737,""pr_auc_w"":0.3505936688,""inner_precision"":0.5153994225,""inner_recall"":0.3979193758,""inner_f1"":0.4491036796,""params"":""{\""C\"": 2.803582975575952, \""l1_ratio\"": 0.5822788652371963}""}]"
ANY,record|engineered|elastic,20260824,3,0.5087891649011497,0.6143022979294034,0.4684982441644288,0.42687747035573115,0.44672050423478427,"{""C"": 0.06051695767735713, ""l1_ratio"": 0.47375871040108275}","[{""trial"":0,""objective"":0.3859102354,""pr_auc_w"":0.3590916995,""inner_precision"":0.4014972646,""inner_recall"":0.4374176548,""inner_f1"":0.4186884458,""params"":""{\""C\"": 4.060190051975926, \""l1_ratio\"": 0.28420017314563795}""},{""trial"":1,""objective"":0.4553964408,""pr_auc_w"":0.4352071904,""inner_precision"":0.3997495304,""inner_recall"":0.6007905138,""inner_f1"":0.4800721913,""params"":""{\""C\"": 0.024553615244017106, \""l1_ratio\"": 0.6467060115661291}""},{""trial"":2,""objective"":0.3645270621,""pr_auc_w"":0.3211165757,""inner_precision"":0.3871382637,""inner_recall"":0.4532279315,""inner_f1"":0.4175843232,""params"":""{\""C\"": 3.6868925475522283, \""l1_ratio\"": 0.8095886009152312}""},{""trial"":3,""objective"":0.1555798907,""pr_auc_w"":0.1127122326,""inner_precision"":0.1160550459,""inner_recall"":1.0,""inner_f1"":0.207973695,""params"":""{\""C\"": 0.008213778262749735, \""l1_ratio\"": 0.8923957348592076}""},{""trial"":4,""objective"":0.3982842508,""pr_auc_w"":0.3664416484,""inner_precision"":0.5480851064,""inner_recall"":0.3636363636,""inner_f1"":0.4372029871,""params"":""{\""C\"": 0.7134055431204438, \""l1_ratio\"": 0.8858694320249312}""},{""trial"":5,""objective"":0.3881314217,""pr_auc_w"":0.3602162664,""inner_precision"":0.3460428193,""inner_recall"":0.5415019763,""inner_f1"":0.422249945,""params"":""{\""C\"": 0.010503633424552255, \""l1_ratio\"": 0.6742566502698211}""},{""trial"":6,""objective"":0.5087891649,""pr_auc_w"":0.4743109982,""inner_precision"":0.5835789474,""inner_recall"":0.5217391304,""inner_f1"":0.5509291464,""params"":""{\""C\"": 0.06051695767735713, \""l1_ratio\"": 0.47375871040108275}""},{""trial"":7,""objective"":0.4244745608,""pr_auc_w"":0.3984437644,""inner_precision"":0.4953703704,""inner_recall"":0.4229249012,""inner_f1"":0.4562899787,""params"":""{\""C\"": 0.13101420531685887, \""l1_ratio\"": 0.6191735212009151}""},{""trial"":8,""objective"":0.4025042107,""pr_auc_w"":0.3673307786,""inner_precision"":0.3784032619,""inner_recall"":0.5415019763,""inner_f1"":0.445493961,""params"":""{\""C\"": 0.667924131860421, \""l1_ratio\"": 0.6213617674173304}""},{""trial"":9,""objective"":0.4766727982,""pr_auc_w"":0.464559784,""inner_precision"":0.6139311901,""inner_recall"":0.4097496706,""inner_f1"":0.4914775934,""params"":""{\""C\"": 4.147640435820257, \""l1_ratio\"": 0.6407910280893419}""}]"
ANY,record|engineered|elastic,20360827,0,0.46702812500831237,0.5577280029407284,0.449299382251017,0.5532467532467534,0.4958842604140684,"{""C"": 0.02689969459576022, ""l1_ratio"": 0.7566658751047167}","[{""trial"":0,""objective"":0.4143010829,""pr_auc_w"":0.3716895943,""inner_precision"":0.4400197466,""inner_recall"":0.4961038961,""inner_f1"":0.4663817912,""params"":""{\""C\"": 2.6022919834884117, \""l1_ratio\"": 0.7792761023333981}""},{""trial"":1,""objective"":0.303648614,""pr_auc_w"":0.2778087923,""inner_precision"":0.3558333333,""inner_recall"":0.3168831169,""inner_f1"":0.3352306183,""params"":""{\""C\"": 7.699846716788782, \""l1_ratio\"": 0.5359562778042691}""},{""trial"":2,""objective"":0.3860390512,""pr_auc_w"":0.3712375347,""inner_precision"":0.4675767918,""inner_recall"":0.3558441558,""inner_f1"":0.4041297935,""params"":""{\""C\"": 0.18364604611744567, \""l1_ratio\"": 0.9342006691457124}""},{""trial"":3,""objective"":0.467028125,""pr_auc_w"":0.4640597064,""inner_precision"":0.623698714,""inner_recall"":0.3779220779,""inner_f1"":0.4706561922,""params"":""{\""C\"": 0.02689969459576022, \""l1_ratio\"": 0.7566658751047167}""},{""trial"":4,""objective"":0.4011990815,""pr_auc_w"":0.3654964095,""inner_precision"":0.4057815846,""inner_recall"":0.4922077922,""inner_f1"":0.4448356808,""params"":""{\""C\"": 0.15853109463108378, \""l1_ratio\"": 0.4659989450038099}""},{""trial"":5,""objective"":0.3412639753,""pr_auc_w"":0.3053889634,""inner_precision"":0.3770666667,""inner_recall"":0.3935064935,""inner_f1"":0.385111212,""params"":""{\""C\"": 0.011921238065415417, \""l1_ratio\"": 0.04218146236302345}""},{""trial"":6,""objective"":0.4006313063,""pr_auc_w"":0.3956833033,""inner_precision"":0.3451980326,""inner_recall"":0.4948051948,""inner_f1"":0.4066788655,""params"":""{\""C\"": 0.2899202245232211, \""l1_ratio\"": 0.17220275708035593}""},{""trial"":7,""objective"":0.322956827,""pr_auc_w"":0.258580222,""inner_precision"":0.3542670825,""inner_recall"":0.4636363636,""inner_f1"":0.4016393443,""params"":""{\""C\"": 1.0745352191464854, \""l1_ratio\"": 0.7769602192167767}""},{""trial"":8,""objective"":0.4481967416,""pr_auc_w"":0.442372454,""inner_precision"":0.4425569177,""inner_recall"":0.4688311688,""inner_f1"":0.4553153153,""params"":""{\""C\"": 0.08915804314793191, \""l1_ratio\"": 0.6382522777825405}""},{""trial"":9,""objective"":0.3994337054,""pr_auc_w"":0.3447667435,""inner_precision"":0.4505190311,""inner_recall"":0.4831168831,""inner_f1"":0.4662488809,""params"":""{\""C\"": 0.6020932962455094, \""l1_ratio\"": 0.13448721620028015}""}]"
ANY,record|engineered|elastic,20360827,1,0.41381288574944,0.8540314187255725,0.3884892086330935,0.2765685019206145,0.3231114435302916,"{""C"": 2.694033243747149, ""l1_ratio"": 0.8842889676147043}","[{""trial"":0,""objective"":0.3297814907,""pr_auc_w"":0.2793774124,""inner_precision"":0.4046084749,""inner_recall"":0.3790012804,""inner_f1"":0.3913864753,""params"":""{\""C\"": 0.3438032990966923, \""l1_ratio\"": 0.8204170569978234}""},{""trial"":1,""objective"":0.3218344585,""pr_auc_w"":0.2756915943,""inner_precision"":0.4034833091,""inner_recall"":0.3559539052,""inner_f1"":0.3782312925,""params"":""{\""C\"": 1.943220941710908, \""l1_ratio\"": 0.7697117388911381}""},{""trial"":2,""objective"":0.2551720327,""pr_auc_w"":0.2044789953,""inner_precision"":0.2835110983,""inner_recall"":0.3597951344,""inner_f1"":0.3171301894,""params"":""{\""C\"": 0.30282051534884663, \""l1_ratio\"": 0.3403785042038868}""},{""trial"":3,""objective"":0.411555966,""pr_auc_w"":0.388327741,""inner_precision"":0.4650499287,""inner_recall"":0.4174135723,""inner_f1"":0.4399460189,""params"":""{\""C\"": 1.5033773885806858, \""l1_ratio\"": 0.9835246161720496}""},{""trial"":4,""objective"":0.2582389745,""pr_auc_w"":0.2274527601,""inner_precision"":0.3411371237,""inner_recall"":0.2612035851,""inner_f1"":0.29586657,""params"":""{\""C\"": 0.3312252263409439, \""l1_ratio\"": 0.16986896362022352}""},{""trial"":5,""objective"":0.3996788488,""pr_auc_w"":0.4034081742,""inner_precision"":0.2935062628,""inner_recall"":0.6043533931,""inner_f1"":0.3951207845,""params"":""{\""C\"": 0.026999787566685404, \""l1_ratio\"": 0.7925488445240613}""},{""trial"":6,""objective"":0.3219378102,""pr_auc_w"":0.3000201066,""inner_precision"":0.4610526316,""inner_recall"":0.2804097311,""inner_f1"":0.3487261146,""params"":""{\""C\"": 0.014073806294694303, \""l1_ratio\"": 0.6211174146709971}""},{""trial"":7,""objective"":0.4138128857,""pr_auc_w"":0.3868164654,""inner_precision"":0.5007949126,""inner_recall"":0.4033290653,""inner_f1"":0.4468085106,""params"":""{\""C\"": 2.694033243747149, \""l1_ratio\"": 0.8842889676147043}""},{""trial"":8,""objective"":0.2736442115,""pr_auc_w"":0.2517757244,""inner_precision"":0.2218826406,""inner_recall"":0.4647887324,""inner_f1"":0.3003723624,""params"":""{\""C\"": 5.788734016969861, \""l1_ratio\"": 0.910723338388621}""},{""trial"":9,""objective"":0.3300532389,""pr_auc_w"":0.2712284833,""inner_precision"":0.3483568075,""inner_recall"":0.4750320102,""inner_f1"":0.4019501625,""params"":""{\""C\"": 0.061040651161671074, \""l1_ratio\"": 0.39123296274215813}""}]"
ANY,record|engineered|elastic,20360827,2,0.5197968476209983,0.5310871548013427,0.5733655274888558,0.5719844357976652,0.572674148965773,"{""C"": 0.01598524569666394, ""l1_ratio"": 0.8567489441797702}","[{""trial"":0,""objective"":0.4348631251,""pr_auc_w"":0.3863051142,""inner_precision"":0.4022333372,""inner_recall"":0.6407263294,""inner_f1"":0.4942118051,""params"":""{\""C\"": 0.09707820093228779, \""l1_ratio\"": 0.09438080719125919}""},{""trial"":1,""objective"":0.3737876467,""pr_auc_w"":0.3634624603,""inner_precision"":0.3302233903,""inner_recall"":0.4656290532,""inner_f1"":0.3864073191,""params"":""{\""C\"": 0.9406978078630067, \""l1_ratio\"": 0.04281113515073054}""},{""trial"":2,""objective"":0.5058122406,""pr_auc_w"":0.5087120401,""inner_precision"":0.4525862069,""inner_recall"":0.5642023346,""inner_f1"":0.5022680412,""params"":""{\""C\"": 0.012029245108983852, \""l1_ratio\"": 0.6786869456374142}""},{""trial"":3,""objective"":0.5113958203,""pr_auc_w"":0.4760864053,""inner_precision"":0.521995094,""inner_recall"":0.5914396887,""inner_f1"":0.5545517721,""params"":""{\""C\"": 0.12653053381660267, \""l1_ratio\"": 0.845438483026685}""},{""trial"":4,""objective"":0.344348848,""pr_auc_w"":0.3044666423,""inner_precision"":0.3269151987,""inner_recall"":0.4928664073,""inner_f1"":0.3930937662,""params"":""{\""C\"": 16.095894536341923, \""l1_ratio\"": 0.6277112638528527}""},{""trial"":5,""objective"":0.3444041452,""pr_auc_w"":0.3344919961,""inner_precision"":0.4125669752,""inner_recall"":0.3138780804,""inner_f1"":0.356518994,""params"":""{\""C\"": 12.181442461916372, \""l1_ratio\"": 0.17665093283838829}""},{""trial"":6,""objective"":0.5197968476,""pr_auc_w"":0.5203745978,""inner_precision"":0.6417462483,""inner_recall"":0.4357976654,""inner_f1"":0.5190907085,""params"":""{\""C\"": 0.01598524569666394, \""l1_ratio\"": 0.8567489441797702}""},{""trial"":7,""objective"":0.4546810739,""pr_auc_w"":0.4174733751,""inner_precision"":0.5754580521,""inner_recall"":0.4422827497,""inner_f1"":0.5001571503,""params"":""{\""C\"": 1.2387167746660632, \""l1_ratio\"": 0.8642355301857578}""},{""trial"":8,""objective"":0.3802736323,""pr_auc_w"":0.3651741589,""inner_precision"":0.6353322528,""inner_recall"":0.2905317769,""inner_f1"":0.3987285442,""params"":""{\""C\"": 1.852878347131478, \""l1_ratio\"": 0.8912329996174857}""},{""trial"":9,""objective"":0.4821372066,""pr_auc_w"":0.4762403081,""inner_precision"":0.433557431,""inner_recall"":0.5616083009,""inner_f1"":0.489344527,""params"":""{\""C\"": 0.007821666541244662, \""l1_ratio\"": 0.40731026982804686}""}]"
ANY,record|engineered|elastic,20360827,3,0.4893460230683261,0.545208783979481,0.33786430134777073,0.5868347338935569,0.4288325169968562,"{""C"": 0.03392266344324995, ""l1_ratio"": 0.14840189748511634}","[{""trial"":0,""objective"":0.4393454519,""pr_auc_w"":0.4314447589,""inner_precision"":0.4936435596,""inner_recall"":0.4117647059,""inner_f1"":0.4490018545,""params"":""{\""C\"": 0.016978167500476045, \""l1_ratio\"": 0.49729588928739643}""},{""trial"":1,""objective"":0.41749208,""pr_auc_w"":0.4156009213,""inner_precision"":0.5794293765,""inner_recall"":0.3291316527,""inner_f1"":0.4198034962,""params"":""{\""C\"": 15.273754624172529, \""l1_ratio\"": 0.9984377692080616}""},{""trial"":2,""objective"":0.4893460231,""pr_auc_w"":0.4763318701,""inner_precision"":0.5260991986,""inner_recall"":0.4859943978,""inner_f1"":0.5052522101,""params"":""{\""C\"": 0.03392266344324995, \""l1_ratio\"": 0.14840189748511634}""},{""trial"":3,""objective"":0.3864553329,""pr_auc_w"":0.3449756804,""inner_precision"":0.3909133933,""inner_recall"":0.4957983193,""inner_f1"":0.4371526859,""params"":""{\""C\"": 5.572567911472359, \""l1_ratio\"": 0.05551188346992342}""},{""trial"":4,""objective"":0.3710420839,""pr_auc_w"":0.3406586857,""inner_precision"":0.3587566338,""inner_recall"":0.4733893557,""inner_f1"":0.4081773484,""params"":""{\""C\"": 0.012120759459844577, \""l1_ratio\"": 0.3471018388265885}""},{""trial"":5,""objective"":0.3650404166,""pr_auc_w"":0.3561594037,""inner_precision"":0.3736654804,""inner_recall"":0.3781512605,""inner_f1"":0.3758949881,""params"":""{\""C\"": 4.300121885787124, \""l1_ratio\"": 0.223446695856366}""},{""trial"":6,""objective"":0.4084652818,""pr_auc_w"":0.3772056988,""inner_precision"":0.4568081991,""inner_recall"":0.4369747899,""inner_f1"":0.4466714388,""params"":""{\""C\"": 0.10343462168233435, \""l1_ratio\"": 0.709048804823521}""},{""trial"":7,""objective"":0.4194627906,""pr_auc_w"":0.3920423159,""inner_precision"":0.4913430042,""inner_recall"":0.4201680672,""inner_f1"":0.4529767041,""params"":""{\""C\"": 0.23003122758735942, \""l1_ratio\"": 0.9045738783206694}""},{""trial"":8,""objective"":0.3368498773,""pr_auc_w"":0.306661768,""inner_precision"":0.2855934891,""inner_recall"":0.5406162465,""inner_f1"":0.3737464555,""params"":""{\""C\"": 0.7514265364272877, \""l1_ratio\"": 0.4244913407777805}""},{""trial"":9,""objective"":0.4664943327,""pr_auc_w"":0.454503301,""inner_precision"":0.4589538685,""inner_recall"":0.5056022409,""inner_f1"":0.4811500381,""params"":""{\""C\"": 0.01763284735729232, \""l1_ratio\"": 0.40466400788394796}""}]"
ANY,record|engineered|elastic,20460830,0,0.47894248829577435,0.5178186308014776,0.35975353591933906,0.5055096418732781,0.4203550683138345,"{""C"": 0.012942771962753835, ""l1_ratio"": 0.7415947316406017}","[{""trial"":0,""objective"":0.4484583497,""pr_auc_w"":0.4127425085,""inner_precision"":0.499594485,""inner_recall"":0.4848484848,""inner_f1"":0.4921110445,""params"":""{\""C\"": 0.026034090471810895, \""l1_ratio\"": 0.5872328852557418}""},{""trial"":1,""objective"":0.3646553444,""pr_auc_w"":0.3058921658,""inner_precision"":0.3897911833,""inner_recall"":0.4958677686,""inner_f1"":0.436477007,""params"":""{\""C\"": 0.24309757255885947, \""l1_ratio\"": 0.4149894533655556}""},{""trial"":2,""objective"":0.4678498314,""pr_auc_w"":0.4171143072,""inner_precision"":0.7054973822,""inner_recall"":0.4242424242,""inner_f1"":0.5298599164,""params"":""{\""C\"": 0.47868156840116177, \""l1_ratio\"": 0.3448680135955151}""},{""trial"":3,""objective"":0.2216220611,""pr_auc_w"":0.1879665307,""inner_precision"":0.1964337913,""inner_recall"":0.3966942149,""inner_f1"":0.2627565982,""params"":""{\""C\"": 4.8728429273962, \""l1_ratio\"": 0.551559215949898}""},{""trial"":4,""objective"":0.3290441628,""pr_auc_w"":0.287855086,""inner_precision"":0.355789111,""inner_recall"":0.4063360882,""inner_f1"":0.3793863678,""params"":""{\""C\"": 0.5800739992722238, \""l1_ratio\"": 0.19876977370591942}""},{""trial"":5,""objective"":0.3162462071,""pr_auc_w"":0.2733881036,""inner_precision"":0.4304862024,""inner_recall"":0.3223140496,""inner_f1"":0.3686283335,""params"":""{\""C\"": 0.8584502327188087, \""l1_ratio\"": 0.4166535997563674}""},{""trial"":6,""objective"":0.4789424883,""pr_auc_w"":0.4772466911,""inner_precision"":0.4772419136,""inner_recall"":0.4848484848,""inner_f1"":0.4810151293,""params"":""{\""C\"": 0.012942771962753835, \""l1_ratio\"": 0.7415947316406017}""},{""trial"":7,""objective"":0.3383512723,""pr_auc_w"":0.2815906862,""inner_precision"":0.4241071429,""inner_recall"":0.3925619835,""inner_f1"":0.4077253219,""params"":""{\""C\"": 2.3140059208795445, \""l1_ratio\"": 0.7870317106966648}""},{""trial"":8,""objective"":0.3786583402,""pr_auc_w"":0.3224955318,""inner_precision"":0.4429012346,""inner_recall"":0.4517906336,""inner_f1"":0.4473017728,""params"":""{\""C\"": 0.6857208437869221, \""l1_ratio\"": 0.8384343755570638}""},{""trial"":9,""objective"":0.3160975005,""pr_auc_w"":0.2695358904,""inner_precision"":0.3362831858,""inner_recall"":0.4187327824,""inner_f1"":0.373006135,""params"":""{\""C\"": 0.32439804230415903, \""l1_ratio\"": 0.7494998506461631}""}]"
ANY,record|engineered|elastic,20460830,1,0.5490522165093858,0.7389192563134936,0.4675862068965518,0.44025974025974046,0.4535117056856188,"{""C"": 0.21016216618398326, ""l1_ratio"": 0.8307536075200264}","[{""trial"":0,""objective"":0.4259723484,""pr_auc_w"":0.4066596651,""inner_precision"":0.4459656809,""inner_recall"":0.4532467532,""inner_f1"":0.4495767391,""params"":""{\""C\"": 0.01523607514570802, \""l1_ratio\"": 0.999285735248399}""},{""trial"":1,""objective"":0.4929251289,""pr_auc_w"":0.5099214082,""inner_precision"":0.4604938272,""inner_recall"":0.4844155844,""inner_f1"":0.4721518987,""params"":""{\""C\"": 0.032862434338509494, \""l1_ratio\"": 0.8112618102577643}""},{""trial"":2,""objective"":0.4303851249,""pr_auc_w"":0.4027239152,""inner_precision"":0.6915167095,""inner_recall"":0.3493506494,""inner_f1"":0.4641932701,""params"":""{\""C\"": 6.827156998008812, \""l1_ratio\"": 0.9478807941358663}""},{""trial"":3,""objective"":0.5490522165,""pr_auc_w"":0.5206285204,""inner_precision"":0.7405189621,""inner_recall"":0.4818181818,""inner_f1"":0.5837922895,""params"":""{\""C\"": 0.21016216618398326, \""l1_ratio\"": 0.8307536075200264}""},{""trial"":4,""objective"":0.4887129492,""pr_auc_w"":0.459260662,""inner_precision"":0.4948216341,""inner_recall"":0.5584415584,""inner_f1"":0.5247101891,""params"":""{\""C\"": 0.01328062375678657, \""l1_ratio\"": 0.25591831945056254}""},{""trial"":5,""objective"":0.5080699482,""pr_auc_w"":0.4819807029,""inner_precision"":0.4621072089,""inner_recall"":0.6493506494,""inner_f1"":0.5399568035,""params"":""{\""C\"": 0.06967717520447377, \""l1_ratio\"": 0.40674959718207304}""},{""trial"":6,""objective"":0.1559637052,""pr_auc_w"":0.1139876006,""inner_precision"":0.1156156156,""inner_recall"":1.0,""inner_f1"":0.2072678331,""params"":""{\""C\"": 0.005277688112174579, \""l1_ratio\"": 0.6911171916133964}""},{""trial"":7,""objective"":0.5015108636,""pr_auc_w"":0.4778552499,""inner_precision"":0.5404312668,""inner_recall"":0.5207792208,""inner_f1"":0.5304232804,""params"":""{\""C\"": 0.10204214245188539, \""l1_ratio\"": 0.5458357390274002}""},{""trial"":8,""objective"":0.4193265858,""pr_auc_w"":0.4109648629,""inner_precision"":0.3273063089,""inner_recall"":0.6246753247,""inner_f1"":0.4295464694,""params"":""{\""C\"": 0.012318470326128326, \""l1_ratio\"": 0.5040156304750765}""},{""trial"":9,""objective"":0.5151853706,""pr_auc_w"":0.4699526567,""inner_precision"":0.5009823183,""inner_recall"":0.6623376623,""inner_f1"":0.5704697987,""params"":""{\""C\"": 0.061915048935352955, \""l1_ratio\"": 0.53313305061659}""}]"
ANY,record|engineered|elastic,20460830,2,0.421809768759238,0.5997231966159483,0.3668232743043007,0.3746770025839791,0.37070854638422196,"{""C"": 0.024519753480372258, ""l1_ratio"": 0.34860843327716395}","[{""trial"":0,""objective"":0.2748895884,""pr_auc_w"":0.2261083634,""inner_precision"":0.2198676266,""inner_recall"":0.6989664083,""inner_f1"":0.3345110856,""params"":""{\""C\"": 5.401846106162567, \""l1_ratio\"": 0.6670344950558792}""},{""trial"":1,""objective"":0.1840506638,""pr_auc_w"":0.1501487696,""inner_precision"":0.1357440506,""inner_recall"":0.665374677,""inner_f1"":0.2254863124,""params"":""{\""C\"": 3.2617668072015538, \""l1_ratio\"": 0.031249402701154283}""},{""trial"":2,""objective"":0.3120835946,""pr_auc_w"":0.285924834,""inner_precision"":0.3540324155,""inner_recall"":0.334625323,""inner_f1"":0.3440554132,""params"":""{\""C\"": 8.759605908375143, \""l1_ratio\"": 0.2676094135082888}""},{""trial"":3,""objective"":0.3779891839,""pr_auc_w"":0.3457416579,""inner_precision"":0.3471711976,""inner_recall"":0.523255814,""inner_f1"":0.4174028269,""params"":""{\""C\"": 0.07075148508506889, \""l1_ratio\"": 0.07900398899896899}""},{""trial"":4,""objective"":0.353289251,""pr_auc_w"":0.3267302126,""inner_precision"":0.2826541424,""inner_recall"":0.6072351421,""inner_f1"":0.385750298,""params"":""{\""C\"": 0.012009664576064583, \""l1_ratio\"": 0.27886866549034095}""},{""trial"":5,""objective"":0.257367185,""pr_auc_w"":0.2324611809,""inner_precision"":0.3207803993,""inner_recall"":0.2609819121,""inner_f1"":0.2878078567,""params"":""{\""C\"": 3.3815852813243588, \""l1_ratio\"": 0.29013892535530317}""},{""trial"":6,""objective"":0.2526951593,""pr_auc_w"":0.2245827792,""inner_precision"":0.2711753119,""inner_recall"":0.3049095607,""inner_f1"":0.287054735,""params"":""{\""C\"": 0.012056752835733554, \""l1_ratio\"": 0.8439640351908937}""},{""trial"":7,""objective"":0.4218097688,""pr_auc_w"":0.4117374872,""inner_precision"":0.5287569573,""inner_recall"":0.3682170543,""inner_f1"":0.4341203351,""params"":""{\""C\"": 0.024519753480372258, \""l1_ratio\"": 0.34860843327716395}""},{""trial"":8,""objective"":0.2495569845,""pr_auc_w"":0.205402943,""inner_precision"":0.2473268247,""inner_recall"":0.3927648579,""inner_f1"":0.3035230352,""params"":""{\""C\"": 3.411919541963179, \""l1_ratio\"": 0.7958735891429097}""},{""trial"":9,""objective"":0.2266019585,""pr_auc_w"":0.1928383465,""inner_precision"":0.1885250013,""inner_recall"":0.4625322997,""inner_f1"":0.2678685955,""params"":""{\""C\"": 0.017681020951422533, \""l1_ratio\"": 0.887376530890445}""}]"
ANY,record|engineered|elastic,20460830,3,0.44606752280822914,0.6047612921546218,0.6109965635738832,0.4973890339425586,0.5483705150611698,"{""C"": 0.03553325185226864, ""l1_ratio"": 0.3808653771713998}","[{""trial"":0,""objective"":0.3824157918,""pr_auc_w"":0.3450000496,""inner_precision"":0.4146426699,""inner_recall"":0.4425587467,""inner_f1"":0.4281461434,""params"":""{\""C\"": 0.15346187346619608, \""l1_ratio\"": 0.141939773307184}""},{""trial"":1,""objective"":0.3844734074,""pr_auc_w"":0.3830962102,""inner_precision"":0.6385542169,""inner_recall"":0.2767624021,""inner_f1"":0.3861566485,""params"":""{\""C\"": 0.3573429389366088, \""l1_ratio\"": 0.050566036187994934}""},{""trial"":2,""objective"":0.4444575021,""pr_auc_w"":0.4461251865,""inner_precision"":0.6054421769,""inner_recall"":0.3485639687,""inner_f1"":0.4424192212,""params"":""{\""C\"": 0.038465939493747985, \""l1_ratio\"": 0.8967706674371783}""},{""trial"":3,""objective"":0.4460675228,""pr_auc_w"":0.418744909,""inner_precision"":0.5286581254,""inner_recall"":0.4386422977,""inner_f1"":0.4794618286,""params"":""{\""C\"": 0.03553325185226864, \""l1_ratio\"": 0.3808653771713998}""},{""trial"":4,""objective"":0.3915223522,""pr_auc_w"":0.3832346101,""inner_precision"":0.48125,""inner_recall"":0.3446475196,""inner_f1"":0.4016518148,""params"":""{\""C\"": 2.237157772398547, \""l1_ratio\"": 0.1644573623837644}""},{""trial"":5,""objective"":0.3546235528,""pr_auc_w"":0.2934156132,""inner_precision"":0.3944123615,""inner_recall"":0.4712793734,""inner_f1"":0.4294332569,""params"":""{\""C\"": 0.5391342791405216, \""l1_ratio\"": 0.9076653134835949}""},{""trial"":6,""objective"":0.3748276921,""pr_auc_w"":0.3646770418,""inner_precision"":0.5287282117,""inner_recall"":0.3054830287,""inner_f1"":0.3872340426,""params"":""{\""C\"": 9.650583801144878, \""l1_ratio\"": 0.5980950284751697}""},{""trial"":7,""objective"":0.4434693642,""pr_auc_w"":0.428563468,""inner_precision"":0.5468470768,""inner_recall"":0.3994778068,""inner_f1"":0.4616876819,""params"":""{\""C\"": 4.271321501760668, \""l1_ratio\"": 0.7067869893715768}""},{""trial"":8,""objective"":0.3696473868,""pr_auc_w"":0.3453402042,""inner_precision"":0.3836110634,""inner_recall"":0.4164490862,""inner_f1"":0.3993561656,""params"":""{\""C\"": 0.29709912767287816, \""l1_ratio\"": 0.08059108373371437}""},{""trial"":9,""objective"":0.3762247016,""pr_auc_w"":0.3320896047,""inner_precision"":0.3491860465,""inner_recall"":0.5600522193,""inner_f1"":0.4301675978,""params"":""{\""C\"": 6.553444938068888, \""l1_ratio\"": 0.16891528204449302}""}]"
ANY,record|engineered|lightgbm,20260824,0,0.44938081957801584,0.37094169929648413,0.35255700686296226,0.578880407124682,0.4382223445239407,"{""colsample_bytree"": 0.7452517309694235, ""learning_rate"": 0.07994313548888048, ""max_depth"": 5, ""min_child_samples"": 7, ""min_split_gain"": 0.19008587403300348, ""n_estimators"": 250, ""num_leaves"": 11, ""reg_alpha"": 0.21285745674763298, ""reg_lambda"": 17.50122249292032, ""subsample"": 0.8288683417731105}","[{""trial"":0,""objective"":0.3990059381,""pr_auc_w"":0.3748079142,""inner_precision"":0.34574646,""inner_recall"":0.5636132316,""inner_f1"":0.4285813005,""params"":""{\""colsample_bytree\"": 0.7305386215351921, \""learning_rate\"": 0.01608681340672835, \""max_depth\"": 5, \""min_child_samples\"": 18, \""min_split_gain\"": 0.49836787514243597, \""n_estimators\"": 250, \""num_leaves\"": 7, \""reg_alpha\"": 0.237616517201951, \""reg_lambda\"": 28.63818588482803, \""subsample\"": 0.7439679523328617}""},{""trial"":1,""objective"":0.3703263539,""pr_auc_w"":0.3351869606,""inner_precision"":0.3140050996,""inner_recall"":0.6043256997,""inner_f1"":0.4132745013,""params"":""{\""colsample_bytree\"": 0.6087243098444274, \""learning_rate\"": 0.012861764729608307, \""max_depth\"": 2, \""min_child_samples\"": 30, \""min_split_gain\"": 0.38906136821405723, \""n_estimators\"": 250, \""num_leaves\"": 20, \""reg_alpha\"": 0.0011936786192464463, \""reg_lambda\"": 0.14029173306063256, \""subsample\"": 0.6938726120897065}""},{""trial"":2,""objective"":0.3435600521,""pr_auc_w"":0.3277072365,""inner_precision"":0.3502366464,""inner_recall"":0.3765903308,""inner_f1"":0.3629357155,""params"":""{\""colsample_bytree\"": 0.5120717824737895, \""learning_rate\"": 0.03507330387236174, \""max_depth\"": 2, \""min_child_samples\"": 40, \""min_split_gain\"": 0.5096335794545153, \""n_estimators\"": 250, \""num_leaves\"": 13, \""reg_alpha\"": 0.0034581152014730417, \""reg_lambda\"": 2.7157003237954664, \""subsample\"": 0.8548293441950083}""},{""trial"":3,""objective"":0.3606759804,""pr_auc_w"":0.2954217836,""inner_precision"":0.367436209,""inner_recall"":0.5496183206,""inner_f1"":0.4404311098,""params"":""{\""colsample_bytree\"": 0.744694422571067, \""learning_rate\"": 0.10000800105696216, \""max_depth\"": 4, \""min_child_samples\"": 53, \""min_split_gain\"": 0.7600372291235047, \""n_estimators\"": 250, \""num_leaves\"": 27, \""reg_alpha\"": 1.6692429700440226, \""reg_lambda\"": 0.17323600072361492, \""subsample\"": 0.9743270511885467}""},{""trial"":4,""objective"":0.3477377686,""pr_auc_w"":0.3033279272,""inner_precision"":0.309764972,""inner_recall"":0.572519084,""inner_f1"":0.4020164635,""params"":""{\""colsample_bytree\"": 0.6666808225746963, \""learning_rate\"": 0.021010818585621288, \""max_depth\"": 6, \""min_child_samples\"": 29, \""min_split_gain\"": 0.7287906043930459, \""n_estimators\"": 250, \""num_leaves\"": 21, \""reg_alpha\"": 0.00294051375760723, \""reg_lambda\"": 2.711385286043484, \""subsample\"": 0.979798534052932}""},{""trial"":5,""objective"":0.4493808196,""pr_auc_w"":0.4367884594,""inner_precision"":0.3601038857,""inner_recall"":0.655216285,""inner_f1"":0.464771482,""params"":""{\""colsample_bytree\"": 0.7452517309694235, \""learning_rate\"": 0.07994313548888048, \""max_depth\"": 5, \""min_child_samples\"": 7, \""min_split_gain\"": 0.19008587403300348, \""n_estimators\"": 250, \""num_leaves\"": 11, \""reg_alpha\"": 0.21285745674763298, \""reg_lambda\"": 17.50122249292032, \""subsample\"": 0.8288683417731105}""},{""trial"":6,""objective"":0.3645634532,""pr_auc_w"":0.3329191668,""inner_precision"":0.2609509547,""inner_recall"":0.8867684478,""inner_f1"":0.4032398033,""params"":""{\""colsample_bytree\"": 0.5837797130861184, \""learning_rate\"": 0.1074953806465142, \""max_depth\"": 4, \""min_child_samples\"": 46, \""min_split_gain\"": 0.5208303631424884, \""n_estimators\"": 250, \""num_leaves\"": 11, \""reg_alpha\"": 2.076231937799805, \""reg_lambda\"": 0.01572630919410877, \""subsample\"": 0.6875619957252178}""},{""trial"":7,""objective"":0.3117553457,""pr_auc_w"":0.275661664,""inner_precision"":0.2413949569,""inner_recall"":0.6768447837,""inner_f1"":0.3558698457,""params"":""{\""colsample_bytree\"": 0.8548713561364975, \""learning_rate\"": 0.015435036235818577, \""max_depth\"": 6, \""min_child_samples\"": 35, \""min_split_gain\"": 0.4174807886256914, \""n_estimators\"": 250, \""num_leaves\"": 22, \""reg_alpha\"": 0.01470098026757213, \""reg_lambda\"": 0.00611926779530175, \""subsample\"": 0.5852523316020629}""},{""trial"":8,""objective"":0.3453597373,""pr_auc_w"":0.2924080763,""inner_precision"":0.3317237507,""inner_recall"":0.5368956743,""inner_f1"":0.4100784341,""params"":""{\""colsample_bytree\"": 0.7425912945919437, \""learning_rate\"": 0.07576588826095128, \""max_depth\"": 2, \""min_child_samples\"": 18, \""min_split_gain\"": 0.52474012137094, \""n_estimators\"": 250, \""num_leaves\"": 15, \""reg_alpha\"": 2.8940975134125506, \""reg_lambda\"": 0.22623872637268116, \""subsample\"": 0.9986752399591401}""},{""trial"":9,""objective"":0.3601735237,""pr_auc_w"":0.3388588651,""inner_precision"":0.3935849057,""inner_recall"":0.3791348601,""inner_f1"":0.3862247732,""params"":""{\""colsample_bytree\"": 0.5430122720035866, \""learning_rate\"": 0.11574094334243515, \""max_depth\"": 5, \""min_child_samples\"": 5, \""min_split_gain\"": 0.5821763859553024, \""n_estimators\"": 250, \""num_leaves\"": 23, \""reg_alpha\"": 0.030839760924334055, \""reg_lambda\"": 1.976463154848544, \""subsample\"": 0.8196466190567209}""}]"
ANY,record|engineered|lightgbm,20260824,1,0.3805667228596472,0.4973505155137655,0.30669144981412627,0.45706371191135714,0.3670745272525026,"{""colsample_bytree"": 0.6114525789806212, ""learning_rate"": 0.05419665899363098, ""max_depth"": 4, ""min_child_samples"": 16, ""min_split_gain"": 0.6682528795702719, ""n_estimators"": 250, ""num_leaves"": 16, ""reg_alpha"": 1.5031814270777566, ""reg_lambda"": 29.177380370091832, ""subsample"": 0.9530932569900632}","[{""trial"":0,""objective"":0.3093413006,""pr_auc_w"":0.2599505188,""inner_precision"":0.3246073298,""inner_recall"":0.4293628809,""inner_f1"":0.3697078116,""params"":""{\""colsample_bytree\"": 0.7075597852830285, \""learning_rate\"": 0.012791992677081398, \""max_depth\"": 4, \""min_child_samples\"": 52, \""min_split_gain\"": 0.057331629804044826, \""n_estimators\"": 250, \""num_leaves\"": 17, \""reg_alpha\"": 0.020273163916615787, \""reg_lambda\"": 0.3226535129756743, \""subsample\"": 0.8437973155389142}""},{""trial"":1,""objective"":0.2764634792,""pr_auc_w"":0.2208329723,""inner_precision"":0.2441793183,""inner_recall"":0.5844875346,""inner_f1"":0.3444563211,""params"":""{\""colsample_bytree\"": 0.5261113259631527, \""learning_rate\"": 0.033732956903943304, \""max_depth\"": 5, \""min_child_samples\"": 15, \""min_split_gain\"": 0.4582962486161455, \""n_estimators\"": 250, \""num_leaves\"": 17, \""reg_alpha\"": 0.007325469054945129, \""reg_lambda\"": 0.005969973812452314, \""subsample\"": 0.8627565064164842}""},{""trial"":2,""objective"":0.3805667229,""pr_auc_w"":0.3631674828,""inner_precision"":0.3808933002,""inner_recall"":0.4252077562,""inner_f1"":0.4018324607,""params"":""{\""colsample_bytree\"": 0.6114525789806212, \""learning_rate\"": 0.05419665899363098, \""max_depth\"": 4, \""min_child_samples\"": 16, \""min_split_gain\"": 0.6682528795702719, \""n_estimators\"": 250, \""num_leaves\"": 16, \""reg_alpha\"": 1.5031814270777566, \""reg_lambda\"": 29.177380370091832, \""subsample\"": 0.9530932569900632}""},{""trial"":3,""objective"":0.2958509104,""pr_auc_w"":0.2612873696,""inner_precision"":0.3959107807,""inner_recall"":0.2950138504,""inner_f1"":0.3380952381,""params"":""{\""colsample_bytree\"": 0.7407393832339318, \""learning_rate\"": 0.03473320773827692, \""max_depth\"": 7, \""min_child_samples\"": 36, \""min_split_gain\"": 0.7035861395125855, \""n_estimators\"": 250, \""num_leaves\"": 21, \""reg_alpha\"": 0.0015671728731191518, \""reg_lambda\"": 0.6611811967586873, \""subsample\"": 0.9435509569101044}""},{""trial"":4,""objective"":0.317376929,""pr_auc_w"":0.2746121086,""inner_precision"":0.3311403509,""inner_recall"":0.4182825485,""inner_f1"":0.3696450428,""params"":""{\""colsample_bytree\"": 0.9315169384492132, \""learning_rate\"": 0.017316585153483378, \""max_depth\"": 4, \""min_child_samples\"": 44, \""min_split_gain\"": 0.2742561503425648, \""n_estimators\"": 250, \""num_leaves\"": 17, \""reg_alpha\"": 0.02469213804114552, \""reg_lambda\"": 0.003304530187572768, \""subsample\"": 0.9588308680126181}""},{""trial"":5,""objective"":0.3715886704,""pr_auc_w"":0.3528320817,""inner_precision"":0.3733003708,""inner_recall"":0.4182825485,""inner_f1"":0.3945133899,""params"":""{\""colsample_bytree\"": 0.6237815270220644, \""learning_rate\"": 0.017862013319690645, \""max_depth\"": 6, \""min_child_samples\"": 48, \""min_split_gain\"": 0.055342529652596006, \""n_estimators\"": 250, \""num_leaves\"": 8, \""reg_alpha\"": 0.055008770356162015, \""reg_lambda\"": 2.897441394466083, \""subsample\"": 0.8556003360145927}""},{""trial"":6,""objective"":0.2934792337,""pr_auc_w"":0.2778884267,""inner_precision"":0.2405549626,""inner_recall"":0.4459833795,""inner_f1"":0.3125346644,""params"":""{\""colsample_bytree\"": 0.5745050304051208, \""learning_rate\"": 0.04837556471265129, \""max_depth\"": 2, \""min_child_samples\"": 13, \""min_split_gain\"": 0.14738607687843674, \""n_estimators\"": 250, \""num_leaves\"": 29, \""reg_alpha\"": 0.013070843635047123, \""reg_lambda\"": 1.3014550585708609, \""subsample\"": 0.8779020182572989}""},{""trial"":7,""objective"":0.2938284411,""pr_auc_w"":0.2637722909,""inner_precision"":0.2251110156,""inner_recall"":0.6218836565,""inner_f1"":0.3305637358,""params"":""{\""colsample_bytree\"": 0.811151396977996, \""learning_rate\"": 0.021501255395161564, \""max_depth\"": 3, \""min_child_samples\"": 7, \""min_split_gain\"": 0.8405273147957789, \""n_estimators\"": 250, \""num_leaves\"": 21, \""reg_alpha\"": 14.629390058073254, \""reg_lambda\"": 0.002201554113253125, \""subsample\"": 0.9375056328457569}""},{""trial"":8,""objective"":0.3770544203,""pr_auc_w"":0.328676168,""inner_precision"":0.3946188341,""inner_recall"":0.487534626,""inner_f1"":0.4361833953,""params"":""{\""colsample_bytree\"": 0.9209123993329347, \""learning_rate\"": 0.028146803162140063, \""max_depth\"": 4, \""min_child_samples\"": 26, \""min_split_gain\"": 0.20728679536134975, \""n_estimators\"": 250, \""num_leaves\"": 26, \""reg_alpha\"": 0.014677096069328356, \""reg_lambda\"": 23.33510429988793, \""subsample\"": 0.9057420706012644}""},{""trial"":9,""objective"":0.3575857736,""pr_auc_w"":0.355791124,""inner_precision"":0.3188627331,""inner_recall"":0.4127423823,""inner_f1"":0.3597792342,""params"":""{\""colsample_bytree\"": 0.5663503690039903, \""learning_rate\"": 0.013757970285065283, \""max_depth\"": 4, \""min_child_samples\"": 31, \""min_split_gain\"": 0.06642387452522058, \""n_estimators\"": 250, \""num_leaves\"": 9, \""reg_alpha\"": 1.7977034561285405, \""reg_lambda\"": 9.261073641950032, \""subsample\"": 0.6463903724072079}""}]"
ANY,record|engineered|lightgbm,20260824,2,0.4495811532527355,0.23286497871938447,0.3153345535895871,0.576072821846554,0.40757048038378124,"{""colsample_bytree"": 0.8824077359853101, ""learning_rate"": 0.06754021603210715, ""max_depth"": 6, ""min_child_samples"": 11, ""min_split_gain"": 0.4893781707090604, ""n_estimators"": 250, ""num_leaves"": 4, ""reg_alpha"": 0.16882108982660476, ""reg_lambda"": 0.008256342728286363, ""subsample"": 0.9620782586340216}","[{""trial"":0,""objective"":0.375870696,""pr_auc_w"":0.3308735628,""inner_precision"":0.3639390447,""inner_recall"":0.5279583875,""inner_f1"":0.4308671922,""params"":""{\""colsample_bytree\"": 0.6583543528604147, \""learning_rate\"": 0.08225666064554088, \""max_depth\"": 6, \""min_child_samples\"": 54, \""min_split_gain\"": 0.4674763662792867, \""n_estimators\"": 250, \""num_leaves\"": 21, \""reg_alpha\"": 0.06606388247893748, \""reg_lambda\"": 0.13369471014794904, \""subsample\"": 0.8759113925755497}""},{""trial"":1,""objective"":0.3846976234,""pr_auc_w"":0.3265223931,""inner_precision"":0.3871889201,""inner_recall"":0.5539661899,""inner_f1"":0.4558006827,""params"":""{\""colsample_bytree\"": 0.850403129974628, \""learning_rate\"": 0.01696068464938394, \""max_depth\"": 4, \""min_child_samples\"": 45, \""min_split_gain\"": 0.1358068044601053, \""n_estimators\"": 250, \""num_leaves\"": 31, \""reg_alpha\"": 0.0011943672678700293, \""reg_lambda\"": 6.6715595024086705, \""subsample\"": 0.8754904754864743}""},{""trial"":2,""objective"":0.3761043492,""pr_auc_w"":0.3440688439,""inner_precision"":0.3574108818,""inner_recall"":0.4954486346,""inner_f1"":0.4152588556,""params"":""{\""colsample_bytree\"": 0.691135726832915, \""learning_rate\"": 0.066608036790067, \""max_depth\"": 7, \""min_child_samples\"": 21, \""min_split_gain\"": 0.03555588961331679, \""n_estimators\"": 250, \""num_leaves\"": 19, \""reg_alpha\"": 2.6301906452989106, \""reg_lambda\"": 0.006739432155078041, \""subsample\"": 0.9920564072895339}""},{""trial"":3,""objective"":0.2854169296,""pr_auc_w"":0.2377923454,""inner_precision"":0.221174545,""inner_recall"":0.7698309493,""inner_f1"":0.3436247547,""params"":""{\""colsample_bytree\"": 0.6580173101358296, \""learning_rate\"": 0.013423297250714934, \""max_depth\"": 3, \""min_child_samples\"": 51, \""min_split_gain\"": 0.6911401720336402, \""n_estimators\"": 250, \""num_leaves\"": 28, \""reg_alpha\"": 17.361427729844856, \""reg_lambda\"": 10.160671140216952, \""subsample\"": 0.9410840235169615}""},{""trial"":4,""objective"":0.3446335888,""pr_auc_w"":0.2844592411,""inner_precision"":0.448870899,""inner_recall"":0.3914174252,""inner_f1"":0.4181800139,""params"":""{\""colsample_bytree\"": 0.9672922489941762, \""learning_rate\"": 0.01948282158212441, \""max_depth\"": 7, \""min_child_samples\"": 50, \""min_split_gain\"": 0.4553709452049719, \""n_estimators\"": 250, \""num_leaves\"": 12, \""reg_alpha\"": 0.06621416157075682, \""reg_lambda\"": 0.12296567578942133, \""subsample\"": 0.7047638534309698}""},{""trial"":5,""objective"":0.3846534787,""pr_auc_w"":0.3560893288,""inner_precision"":0.360410831,""inner_recall"":0.5019505852,""inner_f1"":0.4195652174,""params"":""{\""colsample_bytree\"": 0.7764283308505175, \""learning_rate\"": 0.09717158526818379, \""max_depth\"": 7, \""min_child_samples\"": 15, \""min_split_gain\"": 0.6231328832628859, \""n_estimators\"": 250, \""num_leaves\"": 28, \""reg_alpha\"": 0.0015191645706012001, \""reg_lambda\"": 0.0038406145511336288, \""subsample\"": 0.803964427934099}""},{""trial"":6,""objective"":0.4495811533,""pr_auc_w"":0.4194936979,""inner_precision"":0.3826726343,""inner_recall"":0.66710013,""inner_f1"":0.4863547098,""params"":""{\""colsample_bytree\"": 0.8824077359853101, \""learning_rate\"": 0.06754021603210715, \""max_depth\"": 6, \""min_child_samples\"": 11, \""min_split_gain\"": 0.4893781707090604, \""n_estimators\"": 250, \""num_leaves\"": 4, \""reg_alpha\"": 0.16882108982660476, \""reg_lambda\"": 0.008256342728286363, \""subsample\"": 0.9620782586340216}""},{""trial"":7,""objective"":0.3585995862,""pr_auc_w"":0.3223296881,""inner_precision"":0.3079642541,""inner_recall"":0.5825747724,""inner_f1"":0.4029294616,""params"":""{\""colsample_bytree\"": 0.919272243024627, \""learning_rate\"": 0.01824972875390831, \""max_depth\"": 5, \""min_child_samples\"": 44, \""min_split_gain\"": 0.07911298522511656, \""n_estimators\"": 250, \""num_leaves\"": 18, \""reg_alpha\"": 0.8217434223669113, \""reg_lambda\"": 0.10021502159042857, \""subsample\"": 0.8030515795293647}""},{""trial"":8,""objective"":0.3720542821,""pr_auc_w"":0.3338622271,""inner_precision"":0.3130866924,""inner_recall"":0.6319895969,""inner_f1"":0.4187334605,""params"":""{\""colsample_bytree\"": 0.5510399169133219, \""learning_rate\"": 0.04141841696476174, \""max_depth\"": 4, \""min_child_samples\"": 15, \""min_split_gain\"": 0.3822475634182152, \""n_estimators\"": 250, \""num_leaves\"": 12, \""reg_alpha\"": 1.9988722556679601, \""reg_lambda\"": 0.0016814335039065662, \""subsample\"": 0.9819177663930548}""},{""trial"":9,""objective"":0.3594918704,""pr_auc_w"":0.3156281757,""inner_precision"":0.3144159876,""inner_recall"":0.6020806242,""inner_f1"":0.4131030527,""params"":""{\""colsample_bytree\"": 0.6453529167050305, \""learning_rate\"": 0.023273722030191044, \""max_depth\"": 7, \""min_child_samples\"": 19, \""min_split_gain\"": 0.5197846163549067, \""n_estimators\"": 250, \""num_leaves\"": 27, \""reg_alpha\"": 0.23432795005263166, \""reg_lambda\"": 0.001704478077177204, \""subsample\"": 0.6933898431191523}""}]"
ANY,record|engineered|lightgbm,20260824,3,0.4669989868355897,0.41915791485156206,0.2760976498451448,0.5704874835309617,0.37210729850837876,"{""colsample_bytree"": 0.4986562965460997, ""learning_rate"": 0.024845093710314608, ""max_depth"": 6, ""min_child_samples"": 46, ""min_split_gain"": 0.7960783872754041, ""n_estimators"": 250, ""num_leaves"": 4, ""reg_alpha"": 0.0018337332644720165, ""reg_lambda"": 21.691486121380038, ""subsample"": 0.7467034364134051}","[{""trial"":0,""objective"":0.3477756901,""pr_auc_w"":0.2876515852,""inner_precision"":0.3447160316,""inner_recall"":0.5415019763,""inner_f1"":0.4212607072,""params"":""{\""colsample_bytree\"": 0.8952737305033772, \""learning_rate\"": 0.07442389010832971, \""max_depth\"": 3, \""min_child_samples\"": 37, \""min_split_gain\"": 0.5980928913759078, \""n_estimators\"": 250, \""num_leaves\"": 11, \""reg_alpha\"": 0.0018088573644285443, \""reg_lambda\"": 9.89381788713968, \""subsample\"": 0.9082563081649246}""},{""trial"":1,""objective"":0.3816828757,""pr_auc_w"":0.3540013177,""inner_precision"":0.3094017619,""inner_recall"":0.6324110672,""inner_f1"":0.415515891,""params"":""{\""colsample_bytree\"": 0.6665681893977276, \""learning_rate\"": 0.0903677933327767, \""max_depth\"": 6, \""min_child_samples\"": 20, \""min_split_gain\"": 0.6213617674173304, \""n_estimators\"": 250, \""num_leaves\"": 5, \""reg_alpha\"": 0.4603454841448792, \""reg_lambda\"": 0.4387073206067949, \""subsample\"": 0.7631914196804872}""},{""trial"":2,""objective"":0.3643905778,""pr_auc_w"":0.3235987248,""inner_precision"":0.4083760059,""inner_recall"":0.4202898551,""inner_f1"":0.4142472869,""params"":""{\""colsample_bytree\"": 0.6889013641651205, \""learning_rate\"": 0.07490056545219238, \""max_depth\"": 2, \""min_child_samples\"": 18, \""min_split_gain\"": 0.6979076850604502, \""n_estimators\"": 250, \""num_leaves\"": 21, \""reg_alpha\"": 0.9293501433231293, \""reg_lambda\"": 0.012774139528221177, \""subsample\"": 0.953141743929466}""},{""trial"":3,""objective"":0.445306791,""pr_auc_w"":0.395214089,""inner_precision"":0.563812601,""inner_recall"":0.4598155468,""inner_f1"":0.5065312046,""params"":""{\""colsample_bytree\"": 0.8475799135772553, \""learning_rate\"": 0.09051602284970309, \""max_depth\"": 5, \""min_child_samples\"": 27, \""min_split_gain\"": 0.657944221830181, \""n_estimators\"": 250, \""num_leaves\"": 5, \""reg_alpha\"": 0.010486427038772218, \""reg_lambda\"": 1.0345009566197816, \""subsample\"": 0.6443272321601745}""},{""trial"":4,""objective"":0.4167866298,""pr_auc_w"":0.3886728256,""inner_precision"":0.4979545455,""inner_recall"":0.4123847167,""inner_f1"":0.4511479461,""params"":""{\""colsample_bytree\"": 0.4924953407395835, \""learning_rate\"": 0.09086430581453717, \""max_depth\"": 6, \""min_child_samples\"": 34, \""min_split_gain\"": 0.8308188080717166, \""n_estimators\"": 250, \""num_leaves\"": 17, \""reg_alpha\"": 0.004762286283007867, \""reg_lambda\"": 2.6128436741056245, \""subsample\"": 0.5936610134176785}""},{""trial"":5,""objective"":0.3628116016,""pr_auc_w"":0.3516189243,""inner_precision"":0.3572756464,""inner_recall"":0.3978919631,""inner_f1"":0.3764915405,""params"":""{\""colsample_bytree\"": 0.679568252590349, \""learning_rate\"": 0.07151009668923153, \""max_depth\"": 6, \""min_child_samples\"": 37, \""min_split_gain\"": 0.13451130419917867, \""n_estimators\"": 250, \""num_leaves\"": 26, \""reg_alpha\"": 1.5136410688922515, \""reg_lambda\"": 3.0379961427688102, \""subsample\"": 0.8344476302980856}""},{""trial"":6,""objective"":0.3944366805,""pr_auc_w"":0.3830766703,""inner_precision"":0.4592052669,""inner_recall"":0.3675889328,""inner_f1"":0.4083211374,""params"":""{\""colsample_bytree\"": 0.9295508611526349, \""learning_rate\"": 0.01948045905065111, \""max_depth\"": 7, \""min_child_samples\"": 21, \""min_split_gain\"": 0.9001773806284973, \""n_estimators\"": 250, \""num_leaves\"": 22, \""reg_alpha\"": 0.05335200776294493, \""reg_lambda\"": 0.004488474437154648, \""subsample\"": 0.8291997685613345}""},{""trial"":7,""objective"":0.4020850257,""pr_auc_w"":0.3569872028,""inner_precision"":0.4093140902,""inner_recall"":0.5177865613,""inner_f1"":0.457204587,""params"":""{\""colsample_bytree\"": 0.6337161337833159, \""learning_rate\"": 0.01805785125418143, \""max_depth\"": 4, \""min_child_samples\"": 28, \""min_split_gain\"": 0.9519192908666331, \""n_estimators\"": 250, \""num_leaves\"": 25, \""reg_alpha\"": 4.258492534231066, \""reg_lambda\"": 2.1393649420733984, \""subsample\"": 0.9095377720653725}""},{""trial"":8,""objective"":0.3881502287,""pr_auc_w"":0.3654936651,""inner_precision"":0.3751703255,""inner_recall"":0.4664031621,""inner_f1"":0.4158415842,""params"":""{\""colsample_bytree\"": 0.8464903488362079, \""learning_rate\"": 0.10352965372754998, \""max_depth\"": 5, \""min_child_samples\"": 51, \""min_split_gain\"": 0.14684481761684576, \""n_estimators\"": 250, \""num_leaves\"": 19, \""reg_alpha\"": 0.3283803511444792, \""reg_lambda\"": 0.02228408404560063, \""subsample\"": 0.9909133591286057}""},{""trial"":9,""objective"":0.4669989868,""pr_auc_w"":0.4281233411,""inner_precision"":0.4685422786,""inner_recall"":0.5704874835,""inner_f1"":0.5145136649,""params"":""{\""colsample_bytree\"": 0.4986562965460997, \""learning_rate\"": 0.024845093710314608, \""max_depth\"": 6, \""min_child_samples\"": 46, \""min_split_gain\"": 0.7960783872754041, \""n_estimators\"": 250, \""num_leaves\"": 4, \""reg_alpha\"": 0.0018337332644720165, \""reg_lambda\"": 21.691486121380038, \""subsample\"": 0.7467034364134051}""}]"
ANY,record|engineered|lightgbm,20360827,0,0.4225940908011406,0.506164655485751,0.36620021528525293,0.31558441558441575,0.3390134529147983,"{""colsample_bytree"": 0.9941497680350406, ""learning_rate"": 0.058632912201326784, ""max_depth"": 2, ""min_child_samples"": 9, ""min_split_gain"": 0.004765085252846246, ""n_estimators"": 250, ""num_leaves"": 7, ""reg_alpha"": 0.3580563189548845, ""reg_lambda"": 0.0016187295022387714, ""subsample"": 0.7114760686660653}","[{""trial"":0,""objective"":0.2911133833,""pr_auc_w"":0.2891243221,""inner_precision"":0.1917263325,""inner_recall"":0.625974026,""inner_f1"":0.293544458,""params"":""{\""colsample_bytree\"": 0.963810368030142, \""learning_rate\"": 0.06513768546192708, \""max_depth\"": 7, \""min_child_samples\"": 32, \""min_split_gain\"": 0.41674610018822633, \""n_estimators\"": 250, \""num_leaves\"": 25, \""reg_alpha\"": 0.007457318864799556, \""reg_lambda\"": 2.4416582213526845, \""subsample\"": 0.7455145699549692}""},{""trial"":1,""objective"":0.3337606388,""pr_auc_w"":0.3192811098,""inner_precision"":0.4468937876,""inner_recall"":0.2896103896,""inner_f1"":0.3514578408,""params"":""{\""colsample_bytree\"": 0.8061122970513064, \""learning_rate\"": 0.03183444788271744, \""max_depth\"": 2, \""min_child_samples\"": 29, \""min_split_gain\"": 0.6382522777825405, \""n_estimators\"": 250, \""num_leaves\"": 6, \""reg_alpha\"": 2.196489888244989, \""reg_lambda\"": 0.035904319011218086, \""subsample\"": 0.6274912406861602}""},{""trial"":2,""objective"":0.3056605149,""pr_auc_w"":0.2857099573,""inner_precision"":0.3117268679,""inner_recall"":0.3506493506,""inner_f1"":0.3300445298,""params"":""{\""colsample_bytree\"": 0.666384637043635, \""learning_rate\"": 0.04201246960117597, \""max_depth\"": 3, \""min_child_samples\"": 30, \""min_split_gain\"": 0.9625752183690038, \""n_estimators\"": 250, \""num_leaves\"": 6, \""reg_alpha\"": 2.0832580584568037, \""reg_lambda\"": 9.001383205126338, \""subsample\"": 0.5536144412637178}""},{""trial"":3,""objective"":0.3077573892,""pr_auc_w"":0.2810862101,""inner_precision"":0.2279541446,""inner_recall"":0.6714285714,""inner_f1"":0.340355497,""params"":""{\""colsample_bytree\"": 0.5294820735762259, \""learning_rate\"": 0.0748505787740601, \""max_depth\"": 3, \""min_child_samples\"": 44, \""min_split_gain\"": 0.5489566603361301, \""n_estimators\"": 250, \""num_leaves\"": 10, \""reg_alpha\"": 0.2481084037736297, \""reg_lambda\"": 6.519900911992399, \""subsample\"": 0.5997816249472611}""},{""trial"":4,""objective"":0.3604015097,""pr_auc_w"":0.3446330945,""inner_precision"":0.7252747253,""inner_recall"":0.2571428571,""inner_f1"":0.3796740173,""params"":""{\""colsample_bytree\"": 0.6258134908805025, \""learning_rate\"": 0.05417713840500379, \""max_depth\"": 5, \""min_child_samples\"": 26, \""min_split_gain\"": 0.658815610944972, \""n_estimators\"": 250, \""num_leaves\"": 22, \""reg_alpha\"": 0.08917244594825653, \""reg_lambda\"": 0.004621184420485149, \""subsample\"": 0.6257938980756498}""},{""trial"":5,""objective"":0.3369427122,""pr_auc_w"":0.3309937632,""inner_precision"":0.2779552716,""inner_recall"":0.4519480519,""inner_f1"":0.3442136499,""params"":""{\""colsample_bytree\"": 0.8748796599867124, \""learning_rate\"": 0.0584743612121591, \""max_depth\"": 6, \""min_child_samples\"": 39, \""min_split_gain\"": 0.5864318398109479, \""n_estimators\"": 250, \""num_leaves\"": 7, \""reg_alpha\"": 0.00882401427286805, \""reg_lambda\"": 0.013295390971930736, \""subsample\"": 0.820131983557995}""},{""trial"":6,""objective"":0.3775425033,""pr_auc_w"":0.3469402863,""inner_precision"":0.4021587744,""inner_recall"":0.4285714286,""inner_f1"":0.4149452129,""params"":""{\""colsample_bytree\"": 0.4520807498021344, \""learning_rate\"": 0.03353153023083934, \""max_depth\"": 6, \""min_child_samples\"": 53, \""min_split_gain\"": 0.1481588465731365, \""n_estimators\"": 250, \""num_leaves\"": 3, \""reg_alpha\"": 0.07020928085982898, \""reg_lambda\"": 0.005340117659868636, \""subsample\"": 0.8119034229207127}""},{""trial"":7,""objective"":0.2766437824,""pr_auc_w"":0.2389257787,""inner_precision"":0.2876851583,""inner_recall"":0.3675324675,""inner_f1"":0.3227435647,""params"":""{\""colsample_bytree\"": 0.9893599701771876, \""learning_rate\"": 0.03149232153508803, \""max_depth\"": 5, \""min_child_samples\"": 49, \""min_split_gain\"": 0.29631401257088585, \""n_estimators\"": 250, \""num_leaves\"": 7, \""reg_alpha\"": 0.17248408000807286, \""reg_lambda\"": 0.16108238442651207, \""subsample\"": 0.6236853868130536}""},{""trial"":8,""objective"":0.4225940908,""pr_auc_w"":0.4061926763,""inner_precision"":0.343545082,""inner_recall"":0.6220779221,""inner_f1"":0.442640264,""params"":""{\""colsample_bytree\"": 0.9941497680350406, \""learning_rate\"": 0.058632912201326784, \""max_depth\"": 2, \""min_child_samples\"": 9, \""min_split_gain\"": 0.004765085252846246, \""n_estimators\"": 250, \""num_leaves\"": 7, \""reg_alpha\"": 0.3580563189548845, \""reg_lambda\"": 0.0016187295022387714, \""subsample\"": 0.7114760686660653}""},{""trial"":9,""objective"":0.3664284836,""pr_auc_w"":0.332389989,""inner_precision"":0.4069767442,""inner_recall"":0.4090909091,""inner_f1"":0.4080310881,""params"":""{\""colsample_bytree\"": 0.9137750320954919, \""learning_rate\"": 0.08001833646974298, \""max_depth\"": 7, \""min_child_samples\"": 41, \""min_split_gain\"": 0.20951732898057762, \""n_estimators\"": 250, \""num_leaves\"": 18, \""reg_alpha\"": 0.0010774992500756874, \""reg_lambda\"": 0.02237209335192285, \""subsample\"": 0.7719142538376308}""}]"
ANY,record|engineered|lightgbm,20360827,1,0.3162873915917336,0.08331826018066155,0.17485284661423564,0.6466069142125479,0.27526864974303084,"{""colsample_bytree"": 0.5722524725744129, ""learning_rate"": 0.102843455643464, ""max_depth"": 4, ""min_child_samples"": 47, ""min_split_gain"": 0.37711985482374766, ""n_estimators"": 250, ""num_leaves"": 17, ""reg_alpha"": 0.013411922200014283, ""reg_lambda"": 0.021780938937147783, ""subsample"": 0.7259157959248375}","[{""trial"":0,""objective"":0.2833904008,""pr_auc_w"":0.2287961514,""inner_precision"":0.2514568532,""inner_recall"":0.576184379,""inner_f1"":0.3501167056,""params"":""{\""colsample_bytree\"": 0.6372081773121377, \""learning_rate\"": 0.035519688790375106, \""max_depth\"": 6, \""min_child_samples\"": 44, \""min_split_gain\"": 0.5055866380868752, \""n_estimators\"": 250, \""num_leaves\"": 26, \""reg_alpha\"": 0.9098425214608276, \""reg_lambda\"": 25.313894373596604, \""subsample\"": 0.7726495067754271}""},{""trial"":1,""objective"":0.2836587314,""pr_auc_w"":0.219825115,""inner_precision"":0.2566803897,""inner_recall"":0.6120358515,""inner_f1"":0.361677596,""params"":""{\""colsample_bytree\"": 0.8670636036086026, \""learning_rate\"": 0.015251740234589792, \""max_depth\"": 6, \""min_child_samples\"": 11, \""min_split_gain\"": 0.910723338388621, \""n_estimators\"": 250, \""num_leaves\"": 8, \""reg_alpha\"": 6.3584809509572935, \""reg_lambda\"": 6.424926325513007, \""subsample\"": 0.8295028366019488}""},{""trial"":2,""objective"":0.280080853,""pr_auc_w"":0.2111078004,""inner_precision"":0.2716737041,""inner_recall"":0.5531370038,""inner_f1"":0.3643812508,""params"":""{\""colsample_bytree\"": 0.7523208995515492, \""learning_rate\"": 0.02116222438869305, \""max_depth\"": 5, \""min_child_samples\"": 18, \""min_split_gain\"": 0.8159834715636191, \""n_estimators\"": 250, \""num_leaves\"": 14, \""reg_alpha\"": 3.866826662217136, \""reg_lambda\"": 0.34087328375701337, \""subsample\"": 0.9101769335439784}""},{""trial"":3,""objective"":0.2451490479,""pr_auc_w"":0.197376212,""inner_precision"":0.2197901295,""inner_recall"":0.490396927,""inner_f1"":0.3035380696,""params"":""{\""colsample_bytree\"": 0.46409533865444985, \""learning_rate\"": 0.010221393244404181, \""max_depth\"": 7, \""min_child_samples\"": 15, \""min_split_gain\"": 0.8177130295313646, \""n_estimators\"": 250, \""num_leaves\"": 4, \""reg_alpha\"": 0.02869137085685457, \""reg_lambda\"": 0.0034657868129883626, \""subsample\"": 0.8678004368524412}""},{""trial"":4,""objective"":0.2785718038,""pr_auc_w"":0.2375015458,""inner_precision"":0.2459894667,""inner_recall"":0.4955185659,""inner_f1"":0.3287687858,""params"":""{\""colsample_bytree\"": 0.9279794128646905, \""learning_rate\"": 0.08870176082781689, \""max_depth\"": 2, \""min_child_samples\"": 47, \""min_split_gain\"": 0.044985326383434776, \""n_estimators\"": 250, \""num_leaves\"": 25, \""reg_alpha\"": 0.035813622421561955, \""reg_lambda\"": 0.3333147109016963, \""subsample\"": 0.8073497858813502}""},{""trial"":5,""objective"":0.2900855914,""pr_auc_w"":0.2573199466,""inner_precision"":0.2472012378,""inner_recall"":0.4967989757,""inner_f1"":0.3301324906,""params"":""{\""colsample_bytree\"": 0.5017647542185116, \""learning_rate\"": 0.05665366666417004, \""max_depth\"": 2, \""min_child_samples\"": 54, \""min_split_gain\"": 0.004938826861586754, \""n_estimators\"": 250, \""num_leaves\"": 27, \""reg_alpha\"": 2.079772837863796, \""reg_lambda\"": 0.8419942185875587, \""subsample\"": 0.9196823733815931}""},{""trial"":6,""objective"":0.2950421661,""pr_auc_w"":0.2476702485,""inner_precision"":0.3952380952,""inner_recall"":0.318822023,""inner_f1"":0.3529411765,""params"":""{\""colsample_bytree\"": 0.6783126025945825, \""learning_rate\"": 0.03226078245091732, \""max_depth\"": 2, \""min_child_samples\"": 25, \""min_split_gain\"": 0.40827149074706803, \""n_estimators\"": 250, \""num_leaves\"": 31, \""reg_alpha\"": 0.05000010847894323, \""reg_lambda\"": 0.013228520547963368, \""subsample\"": 0.839630453302648}""},{""trial"":7,""objective"":0.3162873916,""pr_auc_w"":0.2502375912,""inner_precision"":0.3479278535,""inner_recall"":0.4622279129,""inner_f1"":0.3970149254,""params"":""{\""colsample_bytree\"": 0.5722524725744129, \""learning_rate\"": 0.102843455643464, \""max_depth\"": 4, \""min_child_samples\"": 47, \""min_split_gain\"": 0.37711985482374766, \""n_estimators\"": 250, \""num_leaves\"": 17, \""reg_alpha\"": 0.013411922200014283, \""reg_lambda\"": 0.021780938937147783, \""subsample\"": 0.7259157959248375}""},{""trial"":8,""objective"":0.304839416,""pr_auc_w"":0.2480333879,""inner_precision"":0.3799472296,""inner_recall"":0.3687580026,""inner_f1"":0.3742690058,""params"":""{\""colsample_bytree\"": 0.7754124887751135, \""learning_rate\"": 0.015103094438078142, \""max_depth\"": 6, \""min_child_samples\"": 19, \""min_split_gain\"": 0.31914893120918464, \""n_estimators\"": 250, \""num_leaves\"": 19, \""reg_alpha\"": 0.052539427569606646, \""reg_lambda\"": 0.00146542392321715, \""subsample\"": 0.6768262026519565}""},{""trial"":9,""objective"":0.2565069642,""pr_auc_w"":0.1999663353,""inner_precision"":0.3369863014,""inner_recall"":0.3149807939,""inner_f1"":0.3256121774,""params"":""{\""colsample_bytree\"": 0.47921298902949633, \""learning_rate\"": 0.010580083995916915, \""max_depth\"": 7, \""min_child_samples\"": 20, \""min_split_gain\"": 0.7187241712052016, \""n_estimators\"": 250, \""num_leaves\"": 4, \""reg_alpha\"": 0.001073195427084625, \""reg_lambda\"": 0.004948906055472338, \""subsample\"": 0.755874567482135}""}]"
ANY,record|engineered|lightgbm,20360827,2,0.4482573140806848,0.34406137138427334,0.31219431318909063,0.6977950713359273,0.4313860252004582,"{""colsample_bytree"": 0.8232778201005778, ""learning_rate"": 0.024318215921870914, ""max_depth"": 5, ""min_child_samples"": 7, ""min_split_gain"": 0.9738164055862714, ""n_estimators"": 250, ""num_leaves"": 5, ""reg_alpha"": 0.0473715308157976, ""reg_lambda"": 6.09720225975281, ""subsample"": 0.5976312906645675}","[{""trial"":0,""objective"":0.4482573141,""pr_auc_w"":0.4427565067,""inner_precision"":0.5696767001,""inner_recall"":0.3787289235,""inner_f1"":0.4549805231,""params"":""{\""colsample_bytree\"": 0.8232778201005778, \""learning_rate\"": 0.024318215921870914, \""max_depth\"": 5, \""min_child_samples\"": 7, \""min_split_gain\"": 0.9738164055862714, \""n_estimators\"": 250, \""num_leaves\"": 5, \""reg_alpha\"": 0.0473715308157976, \""reg_lambda\"": 6.09720225975281, \""subsample\"": 0.5976312906645675}""},{""trial"":1,""objective"":0.4060385186,""pr_auc_w"":0.3378773818,""inner_precision"":0.3892010215,""inner_recall"":0.6588845655,""inner_f1"":0.4893465746,""params"":""{\""colsample_bytree\"": 0.8155411378893387, \""learning_rate\"": 0.047578881017869244, \""max_depth\"": 3, \""min_child_samples\"": 12, \""min_split_gain\"": 0.8912329996174857, \""n_estimators\"": 250, \""num_leaves\"": 30, \""reg_alpha\"": 5.213182619207393, \""reg_lambda\"": 1.5593489684416648, \""subsample\"": 0.9355370248808966}""},{""trial"":2,""objective"":0.4074473849,""pr_auc_w"":0.3935611799,""inner_precision"":0.3396772398,""inner_recall"":0.5654993515,""inner_f1"":0.4244194132,""params"":""{\""colsample_bytree\"": 0.8150380424743993, \""learning_rate\"": 0.011434607868288026, \""max_depth\"": 7, \""min_child_samples\"": 24, \""min_split_gain\"": 0.5029248532538048, \""n_estimators\"": 250, \""num_leaves\"": 14, \""reg_alpha\"": 0.17737871920044304, \""reg_lambda\"": 1.3749503545966133, \""subsample\"": 0.6273348684246544}""},{""trial"":3,""objective"":0.3542662047,""pr_auc_w"":0.3267416747,""inner_precision"":0.280930619,""inner_recall"":0.626459144,""inner_f1"":0.3879072969,""params"":""{\""colsample_bytree\"": 0.550084306681178, \""learning_rate\"": 0.1096682538444551, \""max_depth\"": 2, \""min_child_samples\"": 12, \""min_split_gain\"": 0.2050401390601747, \""n_estimators\"": 250, \""num_leaves\"": 11, \""reg_alpha\"": 0.17791821164507102, \""reg_lambda\"": 0.15449072899563468, \""subsample\"": 0.8140742429546375}""},{""trial"":4,""objective"":0.4056833057,""pr_auc_w"":0.3844626818,""inner_precision"":0.394805594,""inner_recall"":0.4760051881,""inner_f1"":0.4316196237,""params"":""{\""colsample_bytree\"": 0.9618694296508672, \""learning_rate\"": 0.03551861879081782, \""max_depth\"": 6, \""min_child_samples\"": 31, \""min_split_gain\"": 0.05214727478007308, \""n_estimators\"": 250, \""num_leaves\"": 31, \""reg_alpha\"": 1.2352912661622415, \""reg_lambda\"": 0.005585609000715693, \""subsample\"": 0.5587938739522842}""},{""trial"":5,""objective"":0.387433215,""pr_auc_w"":0.3629252893,""inner_precision"":0.353371869,""inner_recall"":0.5097276265,""inner_f1"":0.4173873464,""params"":""{\""colsample_bytree\"": 0.8762166566273453, \""learning_rate\"": 0.062352889025607885, \""max_depth\"": 3, \""min_child_samples\"": 50, \""min_split_gain\"": 0.7359907431486181, \""n_estimators\"": 250, \""num_leaves\"": 20, \""reg_alpha\"": 0.35515901258101984, \""reg_lambda\"": 0.3153890135192042, \""subsample\"": 0.7667758257746037}""},{""trial"":6,""objective"":0.4206157119,""pr_auc_w"":0.3917287424,""inner_precision"":0.3636664461,""inner_recall"":0.6108949416,""inner_f1"":0.4559220079,""params"":""{\""colsample_bytree\"": 0.7908455702096098, \""learning_rate\"": 0.09612017268572533, \""max_depth\"": 3, \""min_child_samples\"": 50, \""min_split_gain\"": 0.017915073207925403, \""n_estimators\"": 250, \""num_leaves\"": 11, \""reg_alpha\"": 0.7414491652909011, \""reg_lambda\"": 0.001934229093104595, \""subsample\"": 0.8059585787290542}""},{""trial"":7,""objective"":0.379803681,""pr_auc_w"":0.3119156239,""inner_precision"":0.3897932434,""inner_recall"":0.5693904021,""inner_f1"":0.462777973,""params"":""{\""colsample_bytree\"": 0.7221162538164403, \""learning_rate\"": 0.10582006086429774, \""max_depth\"": 4, \""min_child_samples\"": 19, \""min_split_gain\"": 0.32301479184579596, \""n_estimators\"": 250, \""num_leaves\"": 13, \""reg_alpha\"": 14.217964787305766, \""reg_lambda\"": 3.670577580733662, \""subsample\"": 0.6044093933720485}""},{""trial"":8,""objective"":0.4304778591,""pr_auc_w"":0.3794523652,""inner_precision"":0.4793345009,""inner_recall"":0.5071335927,""inner_f1"":0.4928423517,""params"":""{\""colsample_bytree\"": 0.9751838353831637, \""learning_rate\"": 0.05984870195761262, \""max_depth\"": 5, \""min_child_samples\"": 16, \""min_split_gain\"": 0.8824793451672504, \""n_estimators\"": 250, \""num_leaves\"": 28, \""reg_alpha\"": 12.904737600487415, \""reg_lambda\"": 0.3568475249335363, \""subsample\"": 0.7387141353737842}""},{""trial"":9,""objective"":0.4229412014,""pr_auc_w"":0.3652311717,""inner_precision"":0.4546448087,""inner_recall"":0.5395590143,""inner_f1"":0.4934756821,""params"":""{\""colsample_bytree\"": 0.8414637007949592, \""learning_rate\"": 0.0367259432446121, \""max_depth\"": 3, \""min_child_samples\"": 8, \""min_split_gain\"": 0.167039531303113, \""n_estimators\"": 250, \""num_leaves\"": 22, \""reg_alpha\"": 2.082688082848221, \""reg_lambda\"": 0.4306441935522287, \""subsample\"": 0.8897105364730405}""}]"
ANY,record|engineered|lightgbm,20360827,3,0.4237723146054174,0.6433880287724666,0.44629629629629636,0.337535014005602,0.38437001594896314,"{""colsample_bytree"": 0.46076573586739145, ""learning_rate"": 0.03563449997251942, ""max_depth"": 5, ""min_child_samples"": 55, ""min_split_gain"": 0.0009586525409120972, ""n_estimators"": 250, ""num_leaves"": 30, ""reg_alpha"": 0.09616992087115074, ""reg_lambda"": 0.21006705339722906, ""subsample"": 0.6413528931210197}","[{""trial"":0,""objective"":0.3735786002,""pr_auc_w"":0.3441755039,""inner_precision"":0.5205183585,""inner_recall"":0.337535014,""inner_f1"":0.4095157179,""params"":""{\""colsample_bytree\"": 0.5316210436168141, \""learning_rate\"": 0.014423294620587368, \""max_depth\"": 7, \""min_child_samples\"": 55, \""min_split_gain\"": 0.10676108371306547, \""n_estimators\"": 250, \""num_leaves\"": 17, \""reg_alpha\"": 4.348746015800393, \""reg_lambda\"": 0.0017722844759884007, \""subsample\"": 0.6538805499019822}""},{""trial"":1,""objective"":0.3516858065,""pr_auc_w"":0.3213757082,""inner_precision"":0.3264445955,""inner_recall"":0.4803921569,""inner_f1"":0.3887314822,""params"":""{\""colsample_bytree\"": 0.7038961700305923, \""learning_rate\"": 0.02369113104154553, \""max_depth\"": 3, \""min_child_samples\"": 23, \""min_split_gain\"": 0.4244913407777805, \""n_estimators\"": 250, \""num_leaves\"": 26, \""reg_alpha\"": 7.773191801668816, \""reg_lambda\"": 0.507881751234038, \""subsample\"": 0.8690719621705845}""},{""trial"":2,""objective"":0.3890466805,""pr_auc_w"":0.3673739541,""inner_precision"":0.3513550885,""inner_recall"":0.5084033613,""inner_f1"":0.4155355683,""params"":""{\""colsample_bytree\"": 0.9309964284745426, \""learning_rate\"": 0.014587719737845475, \""max_depth\"": 7, \""min_child_samples\"": 35, \""min_split_gain\"": 0.6245760474896761, \""n_estimators\"": 250, \""num_leaves\"": 14, \""reg_alpha\"": 0.0017498688841047962, \""reg_lambda\"": 0.1095702755847425, \""subsample\"": 0.7427765144335262}""},{""trial"":3,""objective"":0.4214628533,""pr_auc_w"":0.3913551389,""inner_precision"":0.4039694656,""inner_recall"":0.5294117647,""inner_f1"":0.4582611708,""params"":""{\""colsample_bytree\"": 0.6959105297084018, \""learning_rate\"": 0.07257805639075361, \""max_depth\"": 3, \""min_child_samples\"": 46, \""min_split_gain\"": 0.8534460102800718, \""n_estimators\"": 250, \""num_leaves\"": 15, \""reg_alpha\"": 0.13570087977492343, \""reg_lambda\"": 7.609592624146568, \""subsample\"": 0.9067240792867097}""},{""trial"":4,""objective"":0.3014824223,""pr_auc_w"":0.2631651805,""inner_precision"":0.251875,""inner_recall"":0.5644257703,""inner_f1"":0.3483146067,""params"":""{\""colsample_bytree\"": 0.9387292305603252, \""learning_rate\"": 0.013982226712432372, \""max_depth\"": 5, \""min_child_samples\"": 52, \""min_split_gain\"": 0.07685060166066782, \""n_estimators\"": 250, \""num_leaves\"": 30, \""reg_alpha\"": 0.9524495716032512, \""reg_lambda\"": 0.4328027859030675, \""subsample\"": 0.8758140434038841}""},{""trial"":5,""objective"":0.341283748,""pr_auc_w"":0.3222956539,""inner_precision"":0.2863127428,""inner_recall"":0.5014005602,""inner_f1"":0.3644914186,""params"":""{\""colsample_bytree\"": 0.8617088234975133, \""learning_rate\"": 0.045068602932639715, \""max_depth\"": 4, \""min_child_samples\"": 31, \""min_split_gain\"": 0.7448299210264672, \""n_estimators\"": 250, \""num_leaves\"": 30, \""reg_alpha\"": 5.657682570791216, \""reg_lambda\"": 0.12126592655359708, \""subsample\"": 0.87608586351332}""},{""trial"":6,""objective"":0.315110831,""pr_auc_w"":0.3154285792,""inner_precision"":0.2660677263,""inner_recall"":0.3851540616,""inner_f1"":0.314722472,""params"":""{\""colsample_bytree\"": 0.5886650395572929, \""learning_rate\"": 0.02458345212586476, \""max_depth\"": 5, \""min_child_samples\"": 14, \""min_split_gain\"": 0.2799011273649463, \""n_estimators\"": 250, \""num_leaves\"": 20, \""reg_alpha\"": 0.001583187208011603, \""reg_lambda\"": 0.07176956311925216, \""subsample\"": 0.7099284019203648}""},{""trial"":7,""objective"":0.4237723146,""pr_auc_w"":0.3948885177,""inner_precision"":0.6292682927,""inner_recall"":0.3613445378,""inner_f1"":0.4590747331,""params"":""{\""colsample_bytree\"": 0.46076573586739145, \""learning_rate\"": 0.03563449997251942, \""max_depth\"": 5, \""min_child_samples\"": 55, \""min_split_gain\"": 0.0009586525409120972, \""n_estimators\"": 250, \""num_leaves\"": 30, \""reg_alpha\"": 0.09616992087115074, \""reg_lambda\"": 0.21006705339722906, \""subsample\"": 0.6413528931210197}""},{""trial"":8,""objective"":0.3299493842,""pr_auc_w"":0.2900906178,""inner_precision"":0.3601733165,""inner_recall"":0.3991596639,""inner_f1"":0.3786656544,""params"":""{\""colsample_bytree\"": 0.5657849739387955, \""learning_rate\"": 0.022880872705207396, \""max_depth\"": 7, \""min_child_samples\"": 16, \""min_split_gain\"": 0.9995180592241927, \""n_estimators\"": 250, \""num_leaves\"": 13, \""reg_alpha\"": 0.8430606076266919, \""reg_lambda\"": 0.005978747001591962, \""subsample\"": 0.8231053164584069}""},{""trial"":9,""objective"":0.3210462684,""pr_auc_w"":0.2775574661,""inner_precision"":0.2960503321,""inner_recall"":0.5084033613,""inner_f1"":0.374199249,""params"":""{\""colsample_bytree\"": 0.5602236408390099, \""learning_rate\"": 0.04031484754704276, \""max_depth\"": 7, \""min_child_samples\"": 52, \""min_split_gain\"": 0.6721479524295932, \""n_estimators\"": 250, \""num_leaves\"": 14, \""reg_alpha\"": 0.010597585787101132, \""reg_lambda\"": 1.4856145679680497, \""subsample\"": 0.5788305932448786}""}]"
ANY,record|engineered|lightgbm,20460830,0,0.4194602643703472,0.7419974462359397,0.6120689655172414,0.2933884297520659,0.3966480446927373,"{""colsample_bytree"": 0.9725466189899792, ""learning_rate"": 0.015599587486009717, ""max_depth"": 3, ""min_child_samples"": 34, ""min_split_gain"": 0.6832693478613765, ""n_estimators"": 250, ""num_leaves"": 28, ""reg_alpha"": 0.003054436496548802, ""reg_lambda"": 0.06705706351080468, ""subsample"": 0.5750836492506971}","[{""trial"":0,""objective"":0.3746399545,""pr_auc_w"":0.351221762,""inner_precision"":0.3606455618,""inner_recall"":0.4573002755,""inner_f1"":0.4032621898,""params"":""{\""colsample_bytree\"": 0.6396774074775333, \""learning_rate\"": 0.01639403669535118, \""max_depth\"": 4, \""min_child_samples\"": 26, \""min_split_gain\"": 0.5731479764644536, \""n_estimators\"": 250, \""num_leaves\"": 20, \""reg_alpha\"": 3.7049587465552656, \""reg_lambda\"": 0.2947117755707991, \""subsample\"": 0.7974929672443043}""},{""trial"":1,""objective"":0.3788076573,""pr_auc_w"":0.3277448776,""inner_precision"":0.3798835062,""inner_recall"":0.5261707989,""inner_f1"":0.4412177213,""params"":""{\""colsample_bytree\"": 0.8569801606201577, \""learning_rate\"": 0.016387345570875043, \""max_depth\"": 4, \""min_child_samples\"": 10, \""min_split_gain\"": 0.8384343755570638, \""n_estimators\"": 250, \""num_leaves\"": 20, \""reg_alpha\"": 2.4268726941050933, \""reg_lambda\"": 0.45328302081627353, \""subsample\"": 0.8837176292382708}""},{""trial"":2,""objective"":0.3861384173,""pr_auc_w"":0.3435255933,""inner_precision"":0.3768773024,""inner_recall"":0.523415978,""inner_f1"":0.4382207578,""params"":""{\""colsample_bytree\"": 0.6071278339659033, \""learning_rate\"": 0.034906770578689815, \""max_depth\"": 2, \""min_child_samples\"": 38, \""min_split_gain\"": 0.6787874422140396, \""n_estimators\"": 250, \""num_leaves\"": 24, \""reg_alpha\"": 0.3369001192698798, \""reg_lambda\"": 0.008995780058050823, \""subsample\"": 0.8288824665981529}""},{""trial"":3,""objective"":0.3381094866,""pr_auc_w"":0.2973983919,""inner_precision"":0.3405743193,""inner_recall"":0.4504132231,""inner_f1"":0.3878674913,""params"":""{\""colsample_bytree\"": 0.8037125704542438, \""learning_rate\"": 0.07061333432693345, \""max_depth\"": 7, \""min_child_samples\"": 7, \""min_split_gain\"": 0.42223740352776695, \""n_estimators\"": 250, \""num_leaves\"": 6, \""reg_alpha\"": 0.005062437137422545, \""reg_lambda\"": 21.309501359266463, \""subsample\"": 0.7558963741983745}""},{""trial"":4,""objective"":0.3892993124,""pr_auc_w"":0.348669714,""inner_precision"":0.387890684,""inner_recall"":0.5055096419,""inner_f1"":0.4389577104,""params"":""{\""colsample_bytree\"": 0.7931992151145322, \""learning_rate\"": 0.04646938540472183, \""max_depth\"": 6, \""min_child_samples\"": 38, \""min_split_gain\"": 0.02948184026195333, \""n_estimators\"": 250, \""num_leaves\"": 11, \""reg_alpha\"": 2.938165965768561, \""reg_lambda\"": 0.4719295080313219, \""subsample\"": 0.5540598541741378}""},{""trial"":5,""objective"":0.3876733474,""pr_auc_w"":0.3623358579,""inner_precision"":0.4907407407,""inner_recall"":0.3650137741,""inner_f1"":0.4186413902,""params"":""{\""colsample_bytree\"": 0.730826672218652, \""learning_rate\"": 0.020337799060592243, \""max_depth\"": 5, \""min_child_samples\"": 45, \""min_split_gain\"": 0.09349385211854211, \""n_estimators\"": 250, \""num_leaves\"": 20, \""reg_alpha\"": 1.2649979778482159, \""reg_lambda\"": 0.425661758140649, \""subsample\"": 0.5553282414057774}""},{""trial"":6,""objective"":0.416438313,""pr_auc_w"":0.4074677791,""inner_precision"":0.4011738305,""inner_recall"":0.4573002755,""inner_f1"":0.4274022989,""params"":""{\""colsample_bytree\"": 0.9707374512439029, \""learning_rate\"": 0.10179784456083395, \""max_depth\"": 3, \""min_child_samples\"": 45, \""min_split_gain\"": 0.775551883964139, \""n_estimators\"": 250, \""num_leaves\"": 12, \""reg_alpha\"": 0.019961428457036183, \""reg_lambda\"": 0.0903045048853281, \""subsample\"": 0.6009154887339264}""},{""trial"":7,""objective"":0.3937473061,""pr_auc_w"":0.3758827936,""inner_precision"":0.4414693516,""inner_recall"":0.3925619835,""inner_f1"":0.4155817102,""params"":""{\""colsample_bytree\"": 0.8831335334556341, \""learning_rate\"": 0.07218070470523216, \""max_depth\"": 6, \""min_child_samples\"": 17, \""min_split_gain\"": 0.46311658031170144, \""n_estimators\"": 250, \""num_leaves\"": 23, \""reg_alpha\"": 0.0017855424150759291, \""reg_lambda\"": 0.00993366558119188, \""subsample\"": 0.7927983606824709}""},{""trial"":8,""objective"":0.4194602644,""pr_auc_w"":0.3660576604,""inner_precision"":0.4416046587,""inner_recall"":0.5371900826,""inner_f1"":0.4847301136,""params"":""{\""colsample_bytree\"": 0.9725466189899792, \""learning_rate\"": 0.015599587486009717, \""max_depth\"": 3, \""min_child_samples\"": 34, \""min_split_gain\"": 0.6832693478613765, \""n_estimators\"": 250, \""num_leaves\"": 28, \""reg_alpha\"": 0.003054436496548802, \""reg_lambda\"": 0.06705706351080468, \""subsample\"": 0.5750836492506971}""},{""trial"":9,""objective"":0.3010467317,""pr_auc_w"":0.2448821961,""inner_precision"":0.287860511,""inner_recall"":0.5165289256,""inner_f1"":0.3696922752,""params"":""{\""colsample_bytree\"": 0.8287364930233728, \""learning_rate\"": 0.030942152677449812, \""max_depth\"": 3, \""min_child_samples\"": 11, \""min_split_gain\"": 0.10520032807772606, \""n_estimators\"": 250, \""num_leaves\"": 17, \""reg_alpha\"": 0.0014138583385590402, \""reg_lambda\"": 0.7695127704178084, \""subsample\"": 0.8094296463487701}""}]"
ANY,record|engineered|lightgbm,20460830,1,0.48038549102846945,0.1857741508145739,0.2654989311081994,0.7142857142857145,0.3871097481272937,"{""colsample_bytree"": 0.931726838984458, ""learning_rate"": 0.03325223804536665, ""max_depth"": 4, ""min_child_samples"": 6, ""min_split_gain"": 0.17081033635095622, ""n_estimators"": 250, ""num_leaves"": 6, ""reg_alpha"": 0.024641567881491033, ""reg_lambda"": 3.55274492533328, ""subsample"": 0.699093460607847}","[{""trial"":0,""objective"":0.3602925071,""pr_auc_w"":0.3275317175,""inner_precision"":0.3635124905,""inner_recall"":0.4454545455,""inner_f1"":0.4003334723,""params"":""{\""colsample_bytree\"": 0.9713344367747265, \""learning_rate\"": 0.01396297358324402, \""max_depth\"": 3, \""min_child_samples\"": 46, \""min_split_gain\"": 0.11777940120173602, \""n_estimators\"": 250, \""num_leaves\"": 31, \""reg_alpha\"": 0.08682338652868761, \""reg_lambda\"": 5.240643696339562, \""subsample\"": 0.9416846060217783}""},{""trial"":1,""objective"":0.3953931115,""pr_auc_w"":0.3980961287,""inner_precision"":0.5801526718,""inner_recall"":0.2961038961,""inner_f1"":0.3920894239,""params"":""{\""colsample_bytree\"": 0.6499953532021713, \""learning_rate\"": 0.018887838074174317, \""max_depth\"": 4, \""min_child_samples\"": 5, \""min_split_gain\"": 0.5040156304750765, \""n_estimators\"": 250, \""num_leaves\"": 12, \""reg_alpha\"": 0.2226670145432312, \""reg_lambda\"": 0.003067018163030553, \""subsample\"": 0.8610027362260284}""},{""trial"":2,""objective"":0.4251368497,""pr_auc_w"":0.4189617728,""inner_precision"":0.3491232066,""inner_recall"":0.5688311688,""inner_f1"":0.432684166,""params"":""{\""colsample_bytree\"": 0.5585395765464082, \""learning_rate\"": 0.021252595185667925, \""max_depth\"": 5, \""min_child_samples\"": 17, \""min_split_gain\"": 0.809414565479657, \""n_estimators\"": 250, \""num_leaves\"": 18, \""reg_alpha\"": 7.69720465586135, \""reg_lambda\"": 1.8913965396947543, \""subsample\"": 0.8419128939774932}""},{""trial"":3,""objective"":0.4100950971,""pr_auc_w"":0.4033543768,""inner_precision"":0.3175091293,""inner_recall"":0.612987013,""inner_f1"":0.4183337554,""params"":""{\""colsample_bytree\"": 0.8491198648798778, \""learning_rate\"": 0.015319375962537712, \""max_depth\"": 4, \""min_child_samples\"": 8, \""min_split_gain\"": 0.014998322573476996, \""n_estimators\"": 250, \""num_leaves\"": 20, \""reg_alpha\"": 0.02470270665098744, \""reg_lambda\"": 0.0011080057185957708, \""subsample\"": 0.6933262252730462}""},{""trial"":4,""objective"":0.4406175947,""pr_auc_w"":0.4119027056,""inner_precision"":0.3871230644,""inner_recall"":0.6168831169,""inner_f1"":0.4757135704,""params"":""{\""colsample_bytree\"": 0.4959461536090184, \""learning_rate\"": 0.05027729641048691, \""max_depth\"": 6, \""min_child_samples\"": 49, \""min_split_gain\"": 0.9207012439573442, \""n_estimators\"": 250, \""num_leaves\"": 3, \""reg_alpha\"": 0.0010924671195160843, \""reg_lambda\"": 4.897779979043797, \""subsample\"": 0.5912112904817631}""},{""trial"":5,""objective"":0.4171901219,""pr_auc_w"":0.4042632019,""inner_precision"":0.4598540146,""inner_recall"":0.4090909091,""inner_f1"":0.4329896907,""params"":""{\""colsample_bytree\"": 0.6094161278431239, \""learning_rate\"": 0.052233431386688546, \""max_depth\"": 3, \""min_child_samples\"": 36, \""min_split_gain\"": 0.8049417572146186, \""n_estimators\"": 250, \""num_leaves\"": 13, \""reg_alpha\"": 0.250264496286509, \""reg_lambda\"": 0.005118717705152058, \""subsample\"": 0.7150807133580943}""},{""trial"":6,""objective"":0.480385491,""pr_auc_w"":0.4725372969,""inner_precision"":0.5719237435,""inner_recall"":0.4285714286,""inner_f1"":0.4899777283,""params"":""{\""colsample_bytree\"": 0.931726838984458, \""learning_rate\"": 0.03325223804536665, \""max_depth\"": 4, \""min_child_samples\"": 6, \""min_split_gain\"": 0.17081033635095622, \""n_estimators\"": 250, \""num_leaves\"": 6, \""reg_alpha\"": 0.024641567881491033, \""reg_lambda\"": 3.55274492533328, \""subsample\"": 0.699093460607847}""},{""trial"":7,""objective"":0.4214898484,""pr_auc_w"":0.3773533821,""inner_precision"":0.4531696654,""inner_recall"":0.5,""inner_f1"":0.4754344183,""params"":""{\""colsample_bytree\"": 0.7842357433083476, \""learning_rate\"": 0.018965807047170814, \""max_depth\"": 2, \""min_child_samples\"": 53, \""min_split_gain\"": 0.6444706126795541, \""n_estimators\"": 250, \""num_leaves\"": 14, \""reg_alpha\"": 0.847008840932293, \""reg_lambda\"": 0.031088016595518946, \""subsample\"": 0.9944535625606734}""},{""trial"":8,""objective"":0.3278819146,""pr_auc_w"":0.2707951848,""inner_precision"":0.3372513562,""inner_recall"":0.4844155844,""inner_f1"":0.3976545842,""params"":""{\""colsample_bytree\"": 0.8464541093983111, \""learning_rate\"": 0.010840134001803153, \""max_depth\"": 3, \""min_child_samples\"": 18, \""min_split_gain\"": 0.9567668025981787, \""n_estimators\"": 250, \""num_leaves\"": 21, \""reg_alpha\"": 5.68308021406953, \""reg_lambda\"": 25.379310012244623, \""subsample\"": 0.5820304997965524}""},{""trial"":9,""objective"":0.4132538685,""pr_auc_w"":0.3983935741,""inner_precision"":0.3160939389,""inner_recall"":0.6792207792,""inner_f1"":0.4314164506,""params"":""{\""colsample_bytree\"": 0.9084957840685044, \""learning_rate\"": 0.02386052931116702, \""max_depth\"": 5, \""min_child_samples\"": 27, \""min_split_gain\"": 0.5987649860805243, \""n_estimators\"": 250, \""num_leaves\"": 15, \""reg_alpha\"": 0.06043122018956326, \""reg_lambda\"": 15.64848257285423, \""subsample\"": 0.9600937904677499}""}]"
ANY,record|engineered|lightgbm,20460830,2,0.38233535055196377,0.28991555035373234,0.21771913289349704,0.767441860465116,0.33920704845815014,"{""colsample_bytree"": 0.9754022594213465, ""learning_rate"": 0.016231260236796892, ""max_depth"": 4, ""min_child_samples"": 26, ""min_split_gain"": 0.3932003117029014, ""n_estimators"": 250, ""num_leaves"": 10, ""reg_alpha"": 0.033186052395644955, ""reg_lambda"": 4.623469491322162, ""subsample"": 0.8463813397524174}","[{""trial"":0,""objective"":0.268809214,""pr_auc_w"":0.2344728657,""inner_precision"":0.2544107269,""inner_recall"":0.3992248062,""inner_f1"":0.3107758621,""params"":""{\""colsample_bytree\"": 0.5971851774295589, \""learning_rate\"": 0.08107027793384002, \""max_depth\"": 6, \""min_child_samples\"": 6, \""min_split_gain\"": 0.10565089824279306, \""n_estimators\"": 250, \""num_leaves\"": 22, \""reg_alpha\"": 0.023662929034282604, \""reg_lambda\"": 0.002257929815371873, \""subsample\"": 0.9552074527062798}""},{""trial"":1,""objective"":0.2456416038,""pr_auc_w"":0.2061515456,""inner_precision"":0.2153846154,""inner_recall"":0.4625322997,""inner_f1"":0.2939072304,""params"":""{\""colsample_bytree\"": 0.5554397631516904, \""learning_rate\"": 0.01999630875536426, \""max_depth\"": 3, \""min_child_samples\"": 10, \""min_split_gain\"": 0.7958735891429097, \""n_estimators\"": 250, \""num_leaves\"": 25, \""reg_alpha\"": 0.03157732436654463, \""reg_lambda\"": 3.330500336911797, \""subsample\"": 0.9297838158359022}""},{""trial"":2,""objective"":0.323539032,""pr_auc_w"":0.2795234219,""inner_precision"":0.2793048413,""inner_recall"":0.5813953488,""inner_f1"":0.3773358888,""params"":""{\""colsample_bytree\"": 0.548154762747554, \""learning_rate\"": 0.014599648692552352, \""max_depth\"": 5, \""min_child_samples\"": 44, \""min_split_gain\"": 0.6781078640106769, \""n_estimators\"": 250, \""num_leaves\"": 28, \""reg_alpha\"": 0.9849563738060493, \""reg_lambda\"": 5.4278102084133435, \""subsample\"": 0.6726926721862037}""},{""trial"":3,""objective"":0.2910515682,""pr_auc_w"":0.2526790593,""inner_precision"":0.2361050007,""inner_recall"":0.5943152455,""inner_f1"":0.3379513014,""params"":""{\""colsample_bytree\"": 0.8230409838010602, \""learning_rate\"": 0.0300103653612466, \""max_depth\"": 2, \""min_child_samples\"": 13, \""min_split_gain\"": 0.2581642845673835, \""n_estimators\"": 250, \""num_leaves\"": 7, \""reg_alpha\"": 0.39427249369018047, \""reg_lambda\"": 0.010835945570298012, \""subsample\"": 0.602654124182906}""},{""trial"":4,""objective"":0.2712034001,""pr_auc_w"":0.228128343,""inner_precision"":0.2369028288,""inner_recall"":0.511627907,""inner_f1"":0.3238506922,""params"":""{\""colsample_bytree\"": 0.5770223016460612, \""learning_rate\"": 0.01763437685705488, \""max_depth\"": 4, \""min_child_samples\"": 31, \""min_split_gain\"": 0.1261836806951765, \""n_estimators\"": 250, \""num_leaves\"": 25, \""reg_alpha\"": 0.047619949542828145, \""reg_lambda\"": 2.0267733476594865, \""subsample\"": 0.631332680697631}""},{""trial"":5,""objective"":0.3192016672,""pr_auc_w"":0.2894129213,""inner_precision"":0.2736224388,""inner_recall"":0.507751938,""inner_f1"":0.3556101344,""params"":""{\""colsample_bytree\"": 0.643768358473302, \""learning_rate\"": 0.07759689013949965, \""max_depth\"": 7, \""min_child_samples\"": 35, \""min_split_gain\"": 0.40858523805281877, \""n_estimators\"": 250, \""num_leaves\"": 14, \""reg_alpha\"": 0.08815548195832777, \""reg_lambda\"": 22.05867868590825, \""subsample\"": 0.6679220240819339}""},{""trial"":6,""objective"":0.362530132,""pr_auc_w"":0.3137825151,""inner_precision"":0.4256756757,""inner_recall"":0.4186046512,""inner_f1"":0.4221105528,""params"":""{\""colsample_bytree\"": 0.8714617138624434, \""learning_rate\"": 0.0783517050566427, \""max_depth\"": 7, \""min_child_samples\"": 17, \""min_split_gain\"": 0.7558482256104233, \""n_estimators\"": 250, \""num_leaves\"": 28, \""reg_alpha\"": 2.0954948992863645, \""reg_lambda\"": 0.1742827928657705, \""subsample\"": 0.5591000780626958}""},{""trial"":7,""objective"":0.2859222471,""pr_auc_w"":0.2336888767,""inner_precision"":0.2761976048,""inner_recall"":0.476744186,""inner_f1"":0.3497630332,""params"":""{\""colsample_bytree\"": 0.7270791479874728, \""learning_rate\"": 0.025785377963116602, \""max_depth\"": 7, \""min_child_samples\"": 45, \""min_split_gain\"": 0.004832119970443971, \""n_estimators\"": 250, \""num_leaves\"": 22, \""reg_alpha\"": 0.6403594308681264, \""reg_lambda\"": 0.18063635266540998, \""subsample\"": 0.9118532447473067}""},{""trial"":8,""objective"":0.3055911211,""pr_auc_w"":0.2490708555,""inner_precision"":0.3295502312,""inner_recall"":0.4341085271,""inner_f1"":0.3746714456,""params"":""{\""colsample_bytree\"": 0.5765468396023139, \""learning_rate\"": 0.011671927705848665, \""max_depth\"": 5, \""min_child_samples\"": 29, \""min_split_gain\"": 0.2540978586813908, \""n_estimators\"": 250, \""num_leaves\"": 31, \""reg_alpha\"": 0.008710977344567128, \""reg_lambda\"": 0.004922201148548945, \""subsample\"": 0.8247576877786906}""},{""trial"":9,""objective"":0.3823353506,""pr_auc_w"":0.3677916474,""inner_precision"":0.4010011123,""inner_recall"":0.3992248062,""inner_f1"":0.4001109878,""params"":""{\""colsample_bytree\"": 0.9754022594213465, \""learning_rate\"": 0.016231260236796892, \""max_depth\"": 4, \""min_child_samples\"": 26, \""min_split_gain\"": 0.3932003117029014, \""n_estimators\"": 250, \""num_leaves\"": 10, \""reg_alpha\"": 0.033186052395644955, \""reg_lambda\"": 4.623469491322162, \""subsample\"": 0.8463813397524174}""}]"
ANY,record|engineered|lightgbm,20460830,3,0.4132120448546195,0.6220471570303396,0.4479281261459479,0.4556135770234986,0.4517381656804733,"{""colsample_bytree"": 0.7617814407036836, ""learning_rate"": 0.024560350516463374, ""max_depth"": 2, ""min_child_samples"": 50, ""min_split_gain"": 0.7887615715720937, ""n_estimators"": 250, ""num_leaves"": 11, ""reg_alpha"": 0.03550435671027744, ""reg_lambda"": 0.03195113972030807, ""subsample"": 0.9085748498504321}","[{""trial"":0,""objective"":0.2972309218,""pr_auc_w"":0.2375502759,""inner_precision"":0.3181391607,""inner_recall"":0.4425587467,""inner_f1"":0.3701739334,""params"":""{\""colsample_bytree\"": 0.943223867090448, \""learning_rate\"": 0.02789433527183297, \""max_depth\"": 5, \""min_child_samples\"": 7, \""min_split_gain\"": 0.7358918550020058, \""n_estimators\"": 250, \""num_leaves\"": 7, \""reg_alpha\"": 0.010397483289740675, \""reg_lambda\"": 0.05072014370058554, \""subsample\"": 0.6606999477708326}""},{""trial"":1,""objective"":0.3062468255,""pr_auc_w"":0.2762874509,""inner_precision"":0.2499572869,""inner_recall"":0.545691906,""inner_f1"":0.3428638388,""params"":""{\""colsample_bytree\"": 0.8976260099955342, \""learning_rate\"": 0.015048017973181345, \""max_depth\"": 7, \""min_child_samples\"": 51, \""min_split_gain\"": 0.08059108373371437, \""n_estimators\"": 250, \""num_leaves\"": 19, \""reg_alpha\"": 1.0962561476222543, \""reg_lambda\"": 0.16027981737633698, \""subsample\"": 0.8191427628138264}""},{""trial"":2,""objective"":0.3440729083,""pr_auc_w"":0.2949191271,""inner_precision"":0.3385390428,""inner_recall"":0.501305483,""inner_f1"":0.4041497519,""params"":""{\""colsample_bytree\"": 0.49593209653634135, \""learning_rate\"": 0.08590262201947484, \""max_depth\"": 7, \""min_child_samples\"": 11, \""min_split_gain\"": 0.7972688720725497, \""n_estimators\"": 250, \""num_leaves\"": 7, \""reg_alpha\"": 0.02364260265941439, \""reg_lambda\"": 8.38962946982196, \""subsample\"": 0.9483841487181737}""},{""trial"":3,""objective"":0.3492079586,""pr_auc_w"":0.3449224538,""inner_precision"":0.3321917808,""inner_recall"":0.3798955614,""inner_f1"":0.3544457978,""params"":""{\""colsample_bytree\"": 0.6355906063429526, \""learning_rate\"": 0.06751951169241585, \""max_depth\"": 2, \""min_child_samples\"": 9, \""min_split_gain\"": 0.9138402992255085, \""n_estimators\"": 250, \""num_leaves\"": 28, \""reg_alpha\"": 0.07438305592458706, \""reg_lambda\"": 2.9824684922586524, \""subsample\"": 0.7115022673533232}""},{""trial"":4,""objective"":0.3895275681,""pr_auc_w"":0.340502992,""inner_precision"":0.4446878423,""inner_recall"":0.454308094,""inner_f1"":0.4494464945,""params"":""{\""colsample_bytree\"": 0.6041281167706765, \""learning_rate\"": 0.01844341673293773, \""max_depth\"": 4, \""min_child_samples\"": 16, \""min_split_gain\"": 0.1993948625989821, \""n_estimators\"": 250, \""num_leaves\"": 25, \""reg_alpha\"": 0.10084481135092371, \""reg_lambda\"": 1.4718524127268435, \""subsample\"": 0.6196622619870509}""},{""trial"":5,""objective"":0.328690791,""pr_auc_w"":0.3032006391,""inner_precision"":0.3472679965,""inner_recall"":0.3733681462,""inner_f1"":0.359845421,""params"":""{\""colsample_bytree\"": 0.8581664084953031, \""learning_rate\"": 0.09612676899979819, \""max_depth\"": 2, \""min_child_samples\"": 35, \""min_split_gain\"": 0.5556242394891842, \""n_estimators\"": 250, \""num_leaves\"": 17, \""reg_alpha\"": 0.0011711676806260107, \""reg_lambda\"": 0.01356765376408053, \""subsample\"": 0.9917106515379142}""},{""trial"":6,""objective"":0.3113050548,""pr_auc_w"":0.245831855,""inner_precision"":0.2755443886,""inner_recall"":0.6749347258,""inner_f1"":0.3913278547,""params"":""{\""colsample_bytree\"": 0.7955417135773984, \""learning_rate\"": 0.07580575548291014, \""max_depth\"": 2, \""min_child_samples\"": 7, \""min_split_gain\"": 0.8408123680376566, \""n_estimators\"": 250, \""num_leaves\"": 24, \""reg_alpha\"": 7.727937560877028, \""reg_lambda\"": 0.0021210154533177093, \""subsample\"": 0.7312766480907318}""},{""trial"":7,""objective"":0.3443552817,""pr_auc_w"":0.2879436697,""inner_precision"":0.3052687789,""inner_recall"":0.6396866841,""inner_f1"":0.4133028076,""params"":""{\""colsample_bytree\"": 0.600650715939737, \""learning_rate\"": 0.015056314134884848, \""max_depth\"": 5, \""min_child_samples\"": 39, \""min_split_gain\"": 0.3887964775102746, \""n_estimators\"": 250, \""num_leaves\"": 7, \""reg_alpha\"": 0.30009641377846735, \""reg_lambda\"": 2.176960046022595, \""subsample\"": 0.5692990388609368}""},{""trial"":8,""objective"":0.2998310602,""pr_auc_w"":0.2503588987,""inner_precision"":0.2588158645,""inner_recall"":0.592689295,""inner_f1"":0.3602970353,""params"":""{\""colsample_bytree\"": 0.6095904769436197, \""learning_rate\"": 0.08826347392728134, \""max_depth\"": 6, \""min_child_samples\"": 11, \""min_split_gain\"": 0.8740427106086283, \""n_estimators\"": 250, \""num_leaves\"": 20, \""reg_alpha\"": 0.023694706386057772, \""reg_lambda\"": 17.923733923380162, \""subsample\"": 0.9920335927557994}""},{""trial"":9,""objective"":0.4132120449,""pr_auc_w"":0.3941876456,""inner_precision"":0.4633431085,""inner_recall"":0.4125326371,""inner_f1"":0.4364640884,""params"":""{\""colsample_bytree\"": 0.7617814407036836, \""learning_rate\"": 0.024560350516463374, \""max_depth\"": 2, \""min_child_samples\"": 50, \""min_split_gain\"": 0.7887615715720937, \""n_estimators\"": 250, \""num_leaves\"": 11, \""reg_alpha\"": 0.03550435671027744, \""reg_lambda\"": 0.03195113972030807, \""subsample\"": 0.9085748498504321}""}]"
ANY,record|engineered|lda,20260824,0,0.4504775276465286,0.20207224037617946,0.45927601809954743,0.40585241730279903,0.4309147047472018,"{""shrinkage"": 0.5523971300912661}","[{""trial"":0,""objective"":0.4165656641,""pr_auc_w"":0.3564707275,""inner_precision"":0.5986358867,""inner_recall"":0.4147582697,""inner_f1"":0.4900150311,""params"":""{\""shrinkage\"": 0.19132099001689007}""},{""trial"":1,""objective"":0.3643414477,""pr_auc_w"":0.3313339725,""inner_precision"":0.3682563338,""inner_recall"":0.4491094148,""inner_f1"":0.4046839175,""params"":""{\""shrinkage\"": 0.15165910187752096}""},{""trial"":2,""objective"":0.3495861564,""pr_auc_w"":0.2820193308,""inner_precision"":0.4798136646,""inner_recall"":0.393129771,""inner_f1"":0.4321678322,""params"":""{\""shrinkage\"": 0.5633727252301218}""},{""trial"":3,""objective"":0.3885451421,""pr_auc_w"":0.3485108602,""inner_precision"":0.3136883629,""inner_recall"":0.7226463104,""inner_f1"":0.4374759311,""params"":""{\""shrinkage\"": 0.2707025916816034}""},{""trial"":4,""objective"":0.3510659733,""pr_auc_w"":0.3098898683,""inner_precision"":0.4046168052,""inner_recall"":0.3982188295,""inner_f1"":0.4013923239,""params"":""{\""shrinkage\"": 0.4310398940730261}""},{""trial"":5,""objective"":0.3772032658,""pr_auc_w"":0.3409346205,""inner_precision"":0.4510047649,""inner_recall"":0.3956743003,""inner_f1"":0.42153161,""params"":""{\""shrinkage\"": 0.5100702209730764}""},{""trial"":6,""objective"":0.4504775276,""pr_auc_w"":0.397013611,""inner_precision"":0.4361809045,""inner_recall"":0.631043257,""inner_f1"":0.5158223147,""params"":""{\""shrinkage\"": 0.5523971300912661}""},{""trial"":7,""objective"":0.1912081757,""pr_auc_w"":0.1437766295,""inner_precision"":0.1597435897,""inner_recall"":0.5661577608,""inner_f1"":0.2491800656,""params"":""{\""shrinkage\"": 0.9954935884259661}""},{""trial"":8,""objective"":0.3722420726,""pr_auc_w"":0.3454566094,""inner_precision"":0.4079675397,""inner_recall"":0.4020356234,""inner_f1"":0.4049798609,""params"":""{\""shrinkage\"": 0.49836787514243597}""},{""trial"":9,""objective"":0.4098417176,""pr_auc_w"":0.3688660666,""inner_precision"":0.5372844304,""inner_recall"":0.4020356234,""inner_f1"":0.4599230689,""params"":""{\""shrinkage\"": 0.10128100493224867}""}]"
ANY,record|engineered|lda,20260824,1,0.4118623805050795,0.366507164961179,0.6152173913043479,0.3919667590027699,0.4788494077834178,"{""shrinkage"": 0.057331629804044826}","[{""trial"":0,""objective"":0.3491022737,""pr_auc_w"":0.3096181036,""inner_precision"":0.4221183801,""inner_recall"":0.3753462604,""inner_f1"":0.3973607038,""params"":""{\""shrinkage\"": 0.09909197598937836}""},{""trial"":1,""objective"":0.3108418638,""pr_auc_w"":0.256964339,""inner_precision"":0.3275332651,""inner_recall"":0.4432132964,""inner_f1"":0.3766921719,""params"":""{\""shrinkage\"": 0.5027241610775213}""},{""trial"":2,""objective"":0.3963067545,""pr_auc_w"":0.3445852115,""inner_precision"":0.5182608696,""inner_recall"":0.4127423823,""inner_f1"":0.4595219738,""params"":""{\""shrinkage\"": 0.4446842333388836}""},{""trial"":3,""objective"":0.2404531656,""pr_auc_w"":0.1858591235,""inner_precision"":0.2180775941,""inner_recall"":0.5193905817,""inner_f1"":0.3071792171,""params"":""{\""shrinkage\"": 0.9316638900143265}""},{""trial"":4,""objective"":0.3613447946,""pr_auc_w"":0.3213950401,""inner_precision"":0.5030181087,""inner_recall"":0.3462603878,""inner_f1"":0.4101722724,""params"":""{\""shrinkage\"": 0.6528829234198094}""},{""trial"":5,""objective"":0.3796688556,""pr_auc_w"":0.3513837975,""inner_precision"":0.3888213852,""inner_recall"":0.4432132964,""inner_f1"":0.4142394822,""params"":""{\""shrinkage\"": 0.46829051869641547}""},{""trial"":6,""objective"":0.3670876003,""pr_auc_w"":0.3232047992,""inner_precision"":0.4855072464,""inner_recall"":0.3711911357,""inner_f1"":0.420722135,""params"":""{\""shrinkage\"": 0.3038624546104406}""},{""trial"":7,""objective"":0.3556283144,""pr_auc_w"":0.3178354769,""inner_precision"":0.4438860972,""inner_recall"":0.3670360111,""inner_f1"":0.4018195603,""params"":""{\""shrinkage\"": 0.5603458685244602}""},{""trial"":8,""objective"":0.4118623805,""pr_auc_w"":0.3853460415,""inner_precision"":0.5080213904,""inner_recall"":0.3947368421,""inner_f1"":0.4442712393,""params"":""{\""shrinkage\"": 0.057331629804044826}""},{""trial"":9,""objective"":0.3522426472,""pr_auc_w"":0.3099140283,""inner_precision"":0.3664036077,""inner_recall"":0.4501385042,""inner_f1"":0.4039776259,""params"":""{\""shrinkage\"": 0.48931021865898616}""}]"
ANY,record|engineered|lda,20260824,2,0.4612916991979132,0.16206402023483932,0.5065008479366874,0.4993498049414824,0.5028999064546305,"{""shrinkage"": 0.37882609610984486}","[{""trial"":0,""objective"":0.2556115467,""pr_auc_w"":0.2229372496,""inner_precision"":0.1942437638,""inner_recall"":0.6176853056,""inner_f1"":0.2955467986,""params"":""{\""shrinkage\"": 0.8480235159117029}""},{""trial"":1,""objective"":0.4024888994,""pr_auc_w"":0.3781366975,""inner_precision"":0.599078341,""inner_recall"":0.3381014304,""inner_f1"":0.4322527016,""params"":""{\""shrinkage\"": 0.6406383163249926}""},{""trial"":2,""objective"":0.3135090485,""pr_auc_w"":0.2661252313,""inner_precision"":0.2970594787,""inner_recall"":0.4954486346,""inner_f1"":0.3714226029,""params"":""{\""shrinkage\"": 0.6989611286494395}""},{""trial"":3,""objective"":0.2606042223,""pr_auc_w"":0.2062784865,""inner_precision"":0.2894134478,""inner_recall"":0.3758127438,""inner_f1"":0.3270023438,""params"":""{\""shrinkage\"": 0.9712629491841673}""},{""trial"":4,""objective"":0.3585789149,""pr_auc_w"":0.3359742027,""inner_precision"":0.4252847889,""inner_recall"":0.3537061118,""inner_f1"":0.3862068966,""params"":""{\""shrinkage\"": 0.7242475390567771}""},{""trial"":5,""objective"":0.4612916992,""pr_auc_w"":0.4465437081,""inner_precision"":0.455427329,""inner_recall"":0.5058517555,""inner_f1"":0.4793170217,""params"":""{\""shrinkage\"": 0.37882609610984486}""},{""trial"":6,""objective"":0.4168771719,""pr_auc_w"":0.3992031558,""inner_precision"":0.4400374181,""inner_recall"":0.4369310793,""inner_f1"":0.4384787472,""params"":""{\""shrinkage\"": 0.4231461056536423}""},{""trial"":7,""objective"":0.3487587193,""pr_auc_w"":0.3266794211,""inner_precision"":0.3061272217,""inner_recall"":0.4863459038,""inner_f1"":0.3757445282,""params"":""{\""shrinkage\"": 0.47488421757218735}""},{""trial"":8,""objective"":0.4319982903,""pr_auc_w"":0.4347351939,""inner_precision"":0.4405018624,""inner_recall"":0.4174252276,""inner_f1"":0.4286531858,""params"":""{\""shrinkage\"": 0.4674763662792867}""},{""trial"":9,""objective"":0.3539146507,""pr_auc_w"":0.3228704961,""inner_precision"":0.3162578437,""inner_recall"":0.5149544863,""inner_f1"":0.3918575064,""params"":""{\""shrinkage\"": 0.21260875336215357}""}]"
ANY,record|engineered|lda,20260824,3,0.43764629635070235,0.16550225946532873,0.49907949790794975,0.5612648221343872,0.5283486888731395,"{""shrinkage"": 0.05984713490222093}","[{""trial"":0,""objective"":0.2092612091,""pr_auc_w"":0.162867512,""inner_precision"":0.1713246866,""inner_recall"":0.5942028986,""inner_f1"":0.2659646167,""params"":""{\""shrinkage\"": 0.8077534426011924}""},{""trial"":1,""objective"":0.3999821374,""pr_auc_w"":0.3582200723,""inner_precision"":0.4186683863,""inner_recall"":0.488801054,""inner_f1"":0.4510246613,""params"":""{\""shrinkage\"": 0.28420017314563795}""},{""trial"":2,""objective"":0.3592313749,""pr_auc_w"":0.3234307884,""inner_precision"":0.2900264638,""inner_recall"":0.6600790514,""inner_f1"":0.4029876472,""params"":""{\""shrinkage\"": 0.19187505024311124}""},{""trial"":3,""objective"":0.3617289777,""pr_auc_w"":0.3186885904,""inner_precision"":0.3752863907,""inner_recall"":0.4624505929,""inner_f1"":0.4143338954,""params"":""{\""shrinkage\"": 0.6467060115661291}""},{""trial"":4,""objective"":0.3361557803,""pr_auc_w"":0.2932815333,""inner_precision"":0.3119088319,""inner_recall"":0.5151515152,""inner_f1"":0.3885576377,""params"":""{\""shrinkage\"": 0.7961251292553883}""},{""trial"":5,""objective"":0.30505712,""pr_auc_w"":0.260602746,""inner_precision"":0.2658068008,""inner_recall"":0.5546772069,""inner_f1"":0.3593902439,""params"":""{\""shrinkage\"": 0.8095886009152312}""},{""trial"":6,""objective"":0.4376462964,""pr_auc_w"":0.4167289306,""inner_precision"":0.3868769716,""inner_recall"":0.5770750988,""inner_f1"":0.4632119656,""params"":""{\""shrinkage\"": 0.05984713490222093}""},{""trial"":7,""objective"":0.2256533526,""pr_auc_w"":0.1724141209,""inner_precision"":0.2433495454,""inner_recall"":0.3610013175,""inner_f1"":0.2907235247,""params"":""{\""shrinkage\"": 0.8923957348592076}""},{""trial"":8,""objective"":0.3602906721,""pr_auc_w"":0.3356074132,""inner_precision"":0.3239052227,""inner_recall"":0.4914361001,""inner_f1"":0.3904590997,""params"":""{\""shrinkage\"": 0.5980928913759078}""},{""trial"":9,""objective"":0.3506876198,""pr_auc_w"":0.3169351691,""inner_precision"":0.4488705368,""inner_recall"":0.347826087,""inner_f1"":0.3919406151,""params"":""{\""shrinkage\"": 0.8858694320249312}""}]"
ANY,record|engineered|lda,20360827,0,0.433392290786788,0.3183830985024098,0.5645728643216081,0.416883116883117,0.47961579509071517,"{""shrinkage"": 0.41674610018822633}","[{""trial"":0,""objective"":0.3675996503,""pr_auc_w"":0.3331445527,""inner_precision"":0.366213649,""inner_recall"":0.4649350649,""inner_f1"":0.4097114363,""params"":""{\""shrinkage\"": 0.7541201495977812}""},{""trial"":1,""objective"":0.3596771226,""pr_auc_w"":0.3237617639,""inner_precision"":0.3234866286,""inner_recall"":0.5363636364,""inner_f1"":0.4035736721,""params"":""{\""shrinkage\"": 0.7792761023333981}""},{""trial"":2,""objective"":0.3791469145,""pr_auc_w"":0.3478854494,""inner_precision"":0.4442815249,""inner_recall"":0.3935064935,""inner_f1"":0.4173553719,""params"":""{\""shrinkage\"": 0.8849136557866919}""},{""trial"":3,""objective"":0.4021930511,""pr_auc_w"":0.3759997291,""inner_precision"":0.3338654959,""inner_recall"":0.6207792208,""inner_f1"":0.4342071113,""params"":""{\""shrinkage\"": 0.5359562778042691}""},{""trial"":4,""objective"":0.3800120475,""pr_auc_w"":0.3486865352,""inner_precision"":0.3402325581,""inner_recall"":0.5428571429,""inner_f1"":0.4182987848,""params"":""{\""shrinkage\"": 0.43447682212215377}""},{""trial"":5,""objective"":0.2889476773,""pr_auc_w"":0.2256794322,""inner_precision"":0.3445625511,""inner_recall"":0.3909090909,""inner_f1"":0.3662755324,""params"":""{\""shrinkage\"": 0.9342006691457124}""},{""trial"":6,""objective"":0.4256993403,""pr_auc_w"":0.4388113761,""inner_precision"":0.3622238061,""inner_recall"":0.4714285714,""inner_f1"":0.4096735187,""params"":""{\""shrinkage\"": 0.20287761634027068}""},{""trial"":7,""objective"":0.3309424132,""pr_auc_w"":0.3008084138,""inner_precision"":0.2732353737,""inner_recall"":0.5623376623,""inner_f1"":0.3677728569,""params"":""{\""shrinkage\"": 0.7566658751047167}""},{""trial"":8,""objective"":0.4333922908,""pr_auc_w"":0.4281783784,""inner_precision"":0.4171799567,""inner_recall"":0.4649350649,""inner_f1"":0.4397648504,""params"":""{\""shrinkage\"": 0.41674610018822633}""},{""trial"":9,""objective"":0.4103763541,""pr_auc_w"":0.3876804946,""inner_precision"":0.3955748243,""inner_recall"":0.4909090909,""inner_f1"":0.4381157381,""params"":""{\""shrinkage\"": 0.4659989450038099}""}]"
ANY,record|engineered|lda,20360827,1,0.3533861283280767,0.28995814846051143,0.42228739002932547,0.3687580025608193,0.39371155160628835,"{""shrinkage"": 0.3403785042038868}","[{""trial"":0,""objective"":0.2288337341,""pr_auc_w"":0.1897179938,""inner_precision"":0.1723610173,""inner_recall"":0.7003841229,""inner_f1"":0.2766418611,""params"":""{\""shrinkage\"": 0.5100803539913443}""},{""trial"":1,""objective"":0.2728729211,""pr_auc_w"":0.2214683549,""inner_precision"":0.2726753484,""inner_recall"":0.4366197183,""inner_f1"":0.3357007243,""params"":""{\""shrinkage\"": 0.8204170569978234}""},{""trial"":2,""objective"":0.2081762257,""pr_auc_w"":0.165500753,""inner_precision"":0.1826086957,""inner_recall"":0.4532650448,""inner_f1"":0.2603351368,""params"":""{\""shrinkage\"": 0.7189086755987181}""},{""trial"":3,""objective"":0.2495966668,""pr_auc_w"":0.2152906526,""inner_precision"":0.1867194326,""inner_recall"":0.6645326504,""inner_f1"":0.2915262398,""params"":""{\""shrinkage\"": 0.7697117388911381}""},{""trial"":4,""objective"":0.318094884,""pr_auc_w"":0.2492273708,""inner_precision"":0.4500792393,""inner_recall"":0.3636363636,""inner_f1"":0.402266289,""params"":""{\""shrinkage\"": 0.49477668172317113}""},{""trial"":5,""objective"":0.3533861283,""pr_auc_w"":0.312820267,""inner_precision"":0.3894862605,""inner_recall"":0.4174135723,""inner_f1"":0.4029666255,""params"":""{\""shrinkage\"": 0.3403785042038868}""},{""trial"":6,""objective"":0.2377475289,""pr_auc_w"":0.194374361,""inner_precision"":0.2529435648,""inner_recall"":0.3418693982,""inner_f1"":0.2907591786,""params"":""{\""shrinkage\"": 0.6879668899519056}""},{""trial"":7,""objective"":0.227917041,""pr_auc_w"":0.1848983668,""inner_precision"":0.1960142556,""inner_recall"":0.4929577465,""inner_f1"":0.2804954205,""params"":""{\""shrinkage\"": 0.9835246161720496}""},{""trial"":8,""objective"":0.275143073,""pr_auc_w"":0.2359702273,""inner_precision"":0.2717174239,""inner_recall"":0.3982074264,""inner_f1"":0.3230209956,""params"":""{\""shrinkage\"": 0.5055866380868752}""},{""trial"":9,""objective"":0.3218761896,""pr_auc_w"":0.262915386,""inner_precision"":0.3125469572,""inner_recall"":0.5326504481,""inner_f1"":0.3939393939,""params"":""{\""shrinkage\"": 0.16986896362022352}""}]"
ANY,record|engineered|lda,20360827,2,0.47348628707098095,0.35813475318719085,0.6293103448275862,0.28404669260700377,0.39142091152815,"{""shrinkage"": 0.04281113515073054}","[{""trial"":0,""objective"":0.4529078862,""pr_auc_w"":0.3958694866,""inner_precision"":0.5251637044,""inner_recall"":0.5201037613,""inner_f1"":0.5226214858,""params"":""{\""shrinkage\"": 0.3576152862777229}""},{""trial"":1,""objective"":0.4219473049,""pr_auc_w"":0.3962622641,""inner_precision"":0.7266040049,""inner_recall"":0.3294422827,""inner_f1"":0.4533401326,""params"":""{\""shrinkage\"": 0.09438080719125919}""},{""trial"":2,""objective"":0.2824086766,""pr_auc_w"":0.2506218477,""inner_precision"":0.3289959215,""inner_recall"":0.3138780804,""inner_f1"":0.3212592452,""params"":""{\""shrinkage\"": 0.6314387137127604}""},{""trial"":3,""objective"":0.4734862871,""pr_auc_w"":0.4437877546,""inner_precision"":0.4597855228,""inner_recall"":0.5719844358,""inner_f1"":0.5097844934,""params"":""{\""shrinkage\"": 0.04281113515073054}""},{""trial"":4,""objective"":0.4517974671,""pr_auc_w"":0.3956738253,""inner_precision"":0.5206826192,""inner_recall"":0.5201037613,""inner_f1"":0.5203930293,""params"":""{\""shrinkage\"": 0.10584731258792779}""},{""trial"":5,""objective"":0.3370734991,""pr_auc_w"":0.3192678172,""inner_precision"":0.373820518,""inner_recall"":0.3450064851,""inner_f1"":0.3588359992,""params"":""{\""shrinkage\"": 0.6786869456374142}""},{""trial"":6,""objective"":0.4199831567,""pr_auc_w"":0.3935002224,""inner_precision"":0.4702119152,""inner_recall"":0.4357976654,""inner_f1"":0.4523511876,""params"":""{\""shrinkage\"": 0.3895619005014769}""},{""trial"":7,""objective"":0.4001629371,""pr_auc_w"":0.3699788233,""inner_precision"":0.5609756098,""inner_recall"":0.3579766537,""inner_f1"":0.4370546318,""params"":""{\""shrinkage\"": 0.845438483026685}""},{""trial"":8,""objective"":0.2649922148,""pr_auc_w"":0.216939417,""inner_precision"":0.2697628458,""inner_recall"":0.4046692607,""inner_f1"":0.3237234121,""params"":""{\""shrinkage\"": 0.9738164055862714}""},{""trial"":9,""objective"":0.3995437048,""pr_auc_w"":0.375345921,""inner_precision"":0.4863849765,""inner_recall"":0.3839169909,""inner_f1"":0.4291187739,""params"":""{\""shrinkage\"": 0.6277112638528527}""}]"
ANY,record|engineered|lda,20360827,3,0.47943637272512146,0.1330354152439929,0.3710108252495429,0.5280112044817923,0.435802163322599,"{""shrinkage"": 0.49729588928739643}","[{""trial"":0,""objective"":0.462119706,""pr_auc_w"":0.4697782718,""inner_precision"":0.4270260685,""inner_recall"":0.4817927171,""inner_f1"":0.4527592366,""params"":""{\""shrinkage\"": 0.1473936610722496}""},{""trial"":1,""objective"":0.4794363727,""pr_auc_w"":0.5013939054,""inner_precision"":0.8314606742,""inner_recall"":0.3109243697,""inner_f1"":0.4525993884,""params"":""{\""shrinkage\"": 0.49729588928739643}""},{""trial"":2,""objective"":0.3328890277,""pr_auc_w"":0.3059104081,""inner_precision"":0.2672445592,""inner_recall"":0.5798319328,""inner_f1"":0.3658628961,""params"":""{\""shrinkage\"": 0.9674952147803642}""},{""trial"":3,""objective"":0.2330925326,""pr_auc_w"":0.1965580158,""inner_precision"":0.2665562914,""inner_recall"":0.2899159664,""inner_f1"":0.2777458309,""params"":""{\""shrinkage\"": 0.9984377692080616}""},{""trial"":4,""objective"":0.4151884341,""pr_auc_w"":0.3590230574,""inner_precision"":0.4902444034,""inner_recall"":0.4775910364,""inner_f1"":0.4838350056,""params"":""{\""shrinkage\"": 0.2308456664488493}""},{""trial"":5,""objective"":0.4749853449,""pr_auc_w"":0.4740588791,""inner_precision"":0.6550998948,""inner_recall"":0.3739495798,""inner_f1"":0.476117692,""params"":""{\""shrinkage\"": 0.14840189748511634}""},{""trial"":6,""objective"":0.2575277285,""pr_auc_w"":0.2084472582,""inner_precision"":0.2536474528,""inner_recall"":0.4243697479,""inner_f1"":0.3175149701,""params"":""{\""shrinkage\"": 0.845928544449892}""},{""trial"":7,""objective"":0.4361644034,""pr_auc_w"":0.4211704952,""inner_precision"":0.4595092025,""inner_recall"":0.4495798319,""inner_f1"":0.4544902913,""params"":""{\""shrinkage\"": 0.05551188346992342}""},{""trial"":8,""objective"":0.4138568112,""pr_auc_w"":0.3920130361,""inner_precision"":0.4220267546,""inner_recall"":0.4607843137,""inner_f1"":0.4405547585,""params"":""{\""shrinkage\"": 0.10676108371306547}""},{""trial"":9,""objective"":0.3861457113,""pr_auc_w"":0.3471610231,""inner_precision"":0.5164410058,""inner_recall"":0.3739495798,""inner_f1"":0.4337936637,""params"":""{\""shrinkage\"": 0.3471018388265885}""}]"
ANY,record|engineered|lda,20460830,0,0.44485547075103415,0.3220950559419909,0.5730337078651686,0.3512396694214874,0.43552519214346697,"{""shrinkage"": 0.4682905398465679}","[{""trial"":0,""objective"":0.387431193,""pr_auc_w"":0.3497689314,""inner_precision"":0.5659480025,""inner_recall"":0.3512396694,""inner_f1"":0.433462846,""params"":""{\""shrinkage\"": 0.19893405638267347}""},{""trial"":1,""objective"":0.3489498026,""pr_auc_w"":0.3064438699,""inner_precision"":0.3022790884,""inner_recall"":0.5950413223,""inner_f1"":0.4009014981,""params"":""{\""shrinkage\"": 0.5872328852557418}""},{""trial"":2,""objective"":0.4448554708,""pr_auc_w"":0.4130334471,""inner_precision"":0.5360134003,""inner_recall"":0.4407713499,""inner_f1"":0.4837490552,""params"":""{\""shrinkage\"": 0.4682905398465679}""},{""trial"":3,""objective"":0.3536789758,""pr_auc_w"":0.3237300195,""inner_precision"":0.3584129075,""inner_recall"":0.4283746556,""inner_f1"":0.3902832556,""params"":""{\""shrinkage\"": 0.4149894533655556}""},{""trial"":4,""objective"":0.3780764209,""pr_auc_w"":0.349160273,""inner_precision"":0.3446238677,""inner_recall"":0.5165289256,""inner_f1"":0.4134183794,""params"":""{\""shrinkage\"": 0.5499843716540096}""},{""trial"":5,""objective"":0.3461084694,""pr_auc_w"":0.309139062,""inner_precision"":0.3434944238,""inner_recall"":0.4545454545,""inner_f1"":0.3912933006,""params"":""{\""shrinkage\"": 0.3448680135955151}""},{""trial"":6,""objective"":0.357337894,""pr_auc_w"":0.3158734915,""inner_precision"":0.3433216877,""inner_recall"":0.5027548209,""inner_f1"":0.4080166081,""params"":""{\""shrinkage\"": 0.8297508690290475}""},{""trial"":7,""objective"":0.3367161387,""pr_auc_w"":0.2809351928,""inner_precision"":0.3907393851,""inner_recall"":0.4201101928,""inner_f1"":0.4048928504,""params"":""{\""shrinkage\"": 0.551559215949898}""},{""trial"":8,""objective"":0.3859184189,""pr_auc_w"":0.3330178149,""inner_precision"":0.4229242189,""inner_recall"":0.4820936639,""inner_f1"":0.4505747126,""params"":""{\""shrinkage\"": 0.5731479764644536}""},{""trial"":9,""objective"":0.3311630476,""pr_auc_w"":0.2937669478,""inner_precision"":0.4311787072,""inner_recall"":0.3347107438,""inner_f1"":0.3768693918,""params"":""{\""shrinkage\"": 0.19876977370591942}""}]"
ANY,record|engineered|lda,20460830,1,0.5203724992290925,0.29393495659166485,0.45136186770428016,0.4519480519480522,0.4516547696301105,"{""shrinkage"": 0.13434065584777988}","[{""trial"":0,""objective"":0.5203724992,""pr_auc_w"":0.4463976328,""inner_precision"":0.611183355,""inner_recall"":0.6103896104,""inner_f1"":0.6107862248,""params"":""{\""shrinkage\"": 0.13434065584777988}""},{""trial"":1,""objective"":0.2512233714,""pr_auc_w"":0.1997737639,""inner_precision"":0.201317716,""inner_recall"":0.7142857143,""inner_f1"":0.314106225,""params"":""{\""shrinkage\"": 0.999285735248399}""},{""trial"":2,""objective"":0.4120231379,""pr_auc_w"":0.3575482115,""inner_precision"":0.4224652087,""inner_recall"":0.5519480519,""inner_f1"":0.4786036036,""params"":""{\""shrinkage\"": 0.22701724263243295}""},{""trial"":3,""objective"":0.3831054701,""pr_auc_w"":0.3440169483,""inner_precision"":0.311743241,""inner_recall"":0.6974025974,""inner_f1"":0.4308803301,""params"":""{\""shrinkage\"": 0.8112618102577643}""},{""trial"":4,""objective"":0.4138362458,""pr_auc_w"":0.3702847365,""inner_precision"":0.4333333333,""inner_recall"":0.5064935065,""inner_f1"":0.4670658683,""params"":""{\""shrinkage\"": 0.8704102356039516}""},{""trial"":5,""objective"":0.3605672687,""pr_auc_w"":0.305552545,""inner_precision"":0.4407713499,""inner_recall"":0.4155844156,""inner_f1"":0.4278074866,""params"":""{\""shrinkage\"": 0.9478807941358663}""},{""trial"":6,""objective"":0.4545093043,""pr_auc_w"":0.4260637119,""inner_precision"":0.5055401662,""inner_recall"":0.474025974,""inner_f1"":0.4892761394,""params"":""{\""shrinkage\"": 0.45073778219546723}""},{""trial"":7,""objective"":0.3853793393,""pr_auc_w"":0.3369426144,""inner_precision"":0.4185779817,""inner_recall"":0.474025974,""inner_f1"":0.4445797808,""params"":""{\""shrinkage\"": 0.8307536075200264}""},{""trial"":8,""objective"":0.489424006,""pr_auc_w"":0.4628263438,""inner_precision"":0.4558680892,""inner_recall"":0.6103896104,""inner_f1"":0.5219322599,""params"":""{\""shrinkage\"": 0.11777940120173602}""},{""trial"":9,""objective"":0.4486861431,""pr_auc_w"":0.4131084237,""inner_precision"":0.4322200393,""inner_recall"":0.5714285714,""inner_f1"":0.4921700224,""params"":""{\""shrinkage\"": 0.25591831945056254}""}]"
ANY,record|engineered|lda,20460830,2,0.422420681653774,0.08223122186431808,0.24557872034507564,0.6304909560723511,0.35347682119205304,"{""shrinkage"": 0.27886866549034095}","[{""trial"":0,""objective"":0.3123490176,""pr_auc_w"":0.2634601031,""inner_precision"":0.2879231935,""inner_recall"":0.5258397933,""inner_f1"":0.3721021354,""params"":""{\""shrinkage\"": 0.8421770348988623}""},{""trial"":1,""objective"":0.2644688903,""pr_auc_w"":0.2206905533,""inner_precision"":0.2495880517,""inner_recall"":0.4379844961,""inner_f1"":0.3179757465,""params"":""{\""shrinkage\"": 0.6670344950558792}""},{""trial"":2,""objective"":0.2723130391,""pr_auc_w"":0.2478806335,""inner_precision"":0.215089914,""inner_recall"":0.507751938,""inner_f1"":0.3021748682,""params"":""{\""shrinkage\"": 0.7813537007521427}""},{""trial"":3,""objective"":0.3857525149,""pr_auc_w"":0.3644437355,""inner_precision"":0.3546193841,""inner_recall"":0.4909560724,""inner_f1"":0.4117965787,""params"":""{\""shrinkage\"": 0.031249402701154283}""},{""trial"":4,""objective"":0.2628831906,""pr_auc_w"":0.2053345677,""inner_precision"":0.3079211021,""inner_recall"":0.3630490956,""inner_f1"":0.3332203964,""params"":""{\""shrinkage\"": 0.9004610060139552}""},{""trial"":5,""objective"":0.396093624,""pr_auc_w"":0.3823065048,""inner_precision"":0.3799627792,""inner_recall"":0.4521963824,""inner_f1"":0.4129445474,""params"":""{\""shrinkage\"": 0.2676094135082888}""},{""trial"":6,""objective"":0.408532216,""pr_auc_w"":0.3752020428,""inner_precision"":0.4227576103,""inner_recall"":0.4793281654,""inner_f1"":0.4492690944,""params"":""{\""shrinkage\"": 0.31947428933377253}""},{""trial"":7,""objective"":0.3653620953,""pr_auc_w"":0.3300121339,""inner_precision"":0.3955417315,""inner_recall"":0.4224806202,""inner_f1"":0.4085676037,""params"":""{\""shrinkage\"": 0.07900398899896899}""},{""trial"":8,""objective"":0.3156457324,""pr_auc_w"":0.2863908106,""inner_precision"":0.2385785684,""inner_recall"":0.6666666667,""inner_f1"":0.3514017479,""params"":""{\""shrinkage\"": 0.10565089824279306}""},{""trial"":9,""objective"":0.4224206817,""pr_auc_w"":0.4029147597,""inner_precision"":0.4442209217,""inner_recall"":0.4483204134,""inner_f1"":0.446261253,""params"":""{\""shrinkage\"": 0.27886866549034095}""}]"
ANY,record|engineered|lda,20460830,3,0.5049564259346757,0.30093819197461824,0.5942646223736514,0.39033942558746726,0.47118415128320573,"{""shrinkage"": 0.24599988393518368}","[{""trial"":0,""objective"":0.3866597948,""pr_auc_w"":0.3474836485,""inner_precision"":0.3857948792,""inner_recall"":0.4973890339,""inner_f1"":0.4345417515,""params"":""{\""shrinkage\"": 0.41282779715453544}""},{""trial"":1,""objective"":0.4104946041,""pr_auc_w"":0.3946482299,""inner_precision"":0.4782906764,""inner_recall"":0.3903394256,""inner_f1"":0.4298623947,""params"":""{\""shrinkage\"": 0.141939773307184}""},{""trial"":2,""objective"":0.3439473191,""pr_auc_w"":0.3102098728,""inner_precision"":0.3142823474,""inner_recall"":0.4973890339,""inner_f1"":0.3851819757,""params"":""{\""shrinkage\"": 0.5147374571858931}""},{""trial"":3,""objective"":0.4057102284,""pr_auc_w"":0.3841022173,""inner_precision"":0.6342960289,""inner_recall"":0.3276762402,""inner_f1"":0.4321200197,""params"":""{\""shrinkage\"": 0.050566036187994934}""},{""trial"":4,""objective"":0.5049564259,""pr_auc_w"":0.4856144075,""inner_precision"":0.5271749212,""inner_recall"":0.5300261097,""inner_f1"":0.5285966707,""params"":""{\""shrinkage\"": 0.24599988393518368}""},{""trial"":5,""objective"":0.2442462377,""pr_auc_w"":0.1812849602,""inner_precision"":0.2269017555,""inner_recall"":0.5496083551,""inner_f1"":0.3211989101,""params"":""{\""shrinkage\"": 0.8967706674371783}""},{""trial"":6,""objective"":0.4082671933,""pr_auc_w"":0.3770109664,""inner_precision"":0.4545805953,""inner_recall"":0.4386422977,""inner_f1"":0.4464692483,""params"":""{\""shrinkage\"": 0.23643830247375475}""},{""trial"":7,""objective"":0.4194431017,""pr_auc_w"":0.42022881,""inner_precision"":0.5789126853,""inner_recall"":0.3276762402,""inner_f1"":0.4184827915,""params"":""{\""shrinkage\"": 0.3808653771713998}""},{""trial"":8,""objective"":0.42020772,""pr_auc_w"":0.407641745,""inner_precision"":0.4001874414,""inner_recall"":0.4778067885,""inner_f1"":0.435566134,""params"":""{\""shrinkage\"": 0.7358918550020058}""},{""trial"":9,""objective"":0.4089600743,""pr_auc_w"":0.4053069145,""inner_precision"":0.567752443,""inner_recall"":0.3250652742,""inner_f1"":0.4134250474,""params"":""{\""shrinkage\"": 0.1644573623837644}""}]"
T13,record|longitudinal|extra_trees,20260824,0,0.2659593203717046,0.3336990086122256,0.20336086585018512,0.36559139784946226,0.2613469985358711,"{""max_depth"": 5, ""max_features"": 0.9966201913194745, ""min_samples_leaf"": 8, ""min_samples_split"": 14, ""n_estimators"": 250}","[{""trial"":0,""objective"":0.2659593204,""pr_auc_w"":0.2150471322,""inner_precision"":0.3556485356,""inner_recall"":0.3046594982,""inner_f1"":0.3281853282,""params"":""{\""max_depth\"": 5, \""max_features\"": 0.9966201913194745, \""min_samples_leaf\"": 8, \""min_samples_split\"": 14, \""n_estimators\"": 250}""},{""trial"":1,""objective"":0.1931015369,""pr_auc_w"":0.1308563365,""inner_precision"":0.2155172414,""inner_recall"":0.3584229391,""inner_f1"":0.269179004,""params"":""{\""max_depth\"": 5, \""max_features\"": 0.26340738411772957, \""min_samples_leaf\"": 5, \""min_samples_split\"": 8, \""n_estimators\"": 250}""},{""trial"":2,""objective"":0.1345738719,""pr_auc_w"":0.0976209435,""inner_precision"":0.1651651652,""inner_recall"":0.1971326165,""inner_f1"":0.1797385621,""params"":""{\""max_depth\"": 5, \""max_features\"": 0.3346433397369857, \""min_samples_leaf\"": 11, \""min_samples_split\"": 17, \""n_estimators\"": 250}""},{""trial"":3,""objective"":0.1948978929,""pr_auc_w"":0.1292572898,""inner_precision"":0.1852904601,""inner_recall"":0.5340501792,""inner_f1"":0.2751252968,""params"":""{\""max_depth\"": 8, \""max_features\"": 0.9572117519809112, \""min_samples_leaf\"": 7, \""min_samples_split\"": 23, \""n_estimators\"": 250}""},{""trial"":4,""objective"":0.1488302317,""pr_auc_w"":0.0995566503,""inner_precision"":0.1356837607,""inner_recall"":0.4551971326,""inner_f1"":0.2090534979,""params"":""{\""max_depth\"": 8, \""max_features\"": 0.6041052414931091, \""min_samples_leaf\"": 10, \""min_samples_split\"": 19, \""n_estimators\"": 250}""},{""trial"":5,""objective"":0.126893378,""pr_auc_w"":0.0857339105,""inner_precision"":0.1072739046,""inner_recall"":0.5089605735,""inner_f1"":0.1771993939,""params"":""{\""max_depth\"": null, \""max_features\"": 0.6286513741302711, \""min_samples_leaf\"": 13, \""min_samples_split\"": 8, \""n_estimators\"": 250}""},{""trial"":6,""objective"":0.1375780807,""pr_auc_w"":0.096737321,""inner_precision"":0.1129268804,""inner_recall"":0.5519713262,""inner_f1"":0.1874945647,""params"":""{\""max_depth\"": 12, \""max_features\"": 0.47198720530390376, \""min_samples_leaf\"": 3, \""min_samples_split\"": 23, \""n_estimators\"": 250}""},{""trial"":7,""objective"":0.1381101336,""pr_auc_w"":0.088925364,""inner_precision"":0.1687657431,""inner_recall"":0.2401433692,""inner_f1"":0.1982248521,""params"":""{\""max_depth\"": 3, \""max_features\"": 0.38100741006730765, \""min_samples_leaf\"": 5, \""min_samples_split\"": 13, \""n_estimators\"": 250}""},{""trial"":8,""objective"":0.1558371926,""pr_auc_w"":0.1026376174,""inner_precision"":0.1679104478,""inner_recall"":0.3225806452,""inner_f1"":0.2208588957,""params"":""{\""max_depth\"": 12, \""max_features\"": 0.5631105914692686, \""min_samples_leaf\"": 5, \""min_samples_split\"": 6, \""n_estimators\"": 250}""},{""trial"":9,""objective"":0.2245938129,""pr_auc_w"":0.1536654397,""inner_precision"":0.243902439,""inner_recall"":0.4301075269,""inner_f1"":0.3112840467,""params"":""{\""max_depth\"": 12, \""max_features\"": 0.6444331881925156, \""min_samples_leaf\"": 8, \""min_samples_split\"": 20, \""n_estimators\"": 250}""}]"
T13,record|longitudinal|extra_trees,20260824,1,0.3176137329900458,0.11987808298948308,0.10408226221079682,0.8006644518272426,0.18421723146361868,"{""max_depth"": 8, ""max_features"": 0.8378771436907542, ""min_samples_leaf"": 8, ""min_samples_split"": 12, ""n_estimators"": 250}","[{""trial"":0,""objective"":0.1601679462,""pr_auc_w"":0.1040710472,""inner_precision"":0.1971153846,""inner_recall"":0.2724252492,""inner_f1"":0.2287308229,""params"":""{\""max_depth\"": 8, \""max_features\"": 0.6702594013933452, \""min_samples_leaf\"": 8, \""min_samples_split\"": 8, \""n_estimators\"": 250}""},{""trial"":1,""objective"":0.269452079,""pr_auc_w"":0.2289543173,""inner_precision"":0.3663793103,""inner_recall"":0.2823920266,""inner_f1"":0.3189493433,""params"":""{\""max_depth\"": 8, \""max_features\"": 0.4008072669168825, \""min_samples_leaf\"": 11, \""min_samples_split\"": 5, \""n_estimators\"": 250}""},{""trial"":2,""objective"":0.2435166949,""pr_auc_w"":0.2117549719,""inner_precision"":0.1867811685,""inner_recall"":0.5780730897,""inner_f1"":0.2823365786,""params"":""{\""max_depth\"": 5, \""max_features\"": 0.47016260770084706, \""min_samples_leaf\"": 4, \""min_samples_split\"": 22, \""n_estimators\"": 250}""},{""trial"":3,""objective"":0.1402100712,""pr_auc_w"":0.089240877,""inner_precision"":0.1316489362,""inner_recall"":0.438538206,""inner_f1"":0.202505753,""params"":""{\""max_depth\"": 3, \""max_features\"": 0.9059182615168406, \""min_samples_leaf\"": 15, \""min_samples_split\"": 16, \""n_estimators\"": 250}""},{""trial"":4,""objective"":0.317613733,""pr_auc_w"":0.2581148643,""inner_precision"":0.4430379747,""inner_recall"":0.3488372093,""inner_f1"":0.3903345725,""params"":""{\""max_depth\"": 8, \""max_features\"": 0.8378771436907542, \""min_samples_leaf\"": 8, \""min_samples_split\"": 12, \""n_estimators\"": 250}""},{""trial"":5,""objective"":0.2285623776,""pr_auc_w"":0.1625144303,""inner_precision"":0.226303057,""inner_recall"":0.488372093,""inner_f1"":0.3092876465,""params"":""{\""max_depth\"": null, \""max_features\"": 0.7735551975420739, \""min_samples_leaf\"": 4, \""min_samples_split\"": 6, \""n_estimators\"": 250}""},{""trial"":6,""objective"":0.1281249826,""pr_auc_w"":0.0809300676,""inner_precision"":0.1080934275,""inner_recall"":0.6611295681,""inner_f1"":0.1858076564,""params"":""{\""max_depth\"": null, \""max_features\"": 0.9300610041681371, \""min_samples_leaf\"": 1, \""min_samples_split\"": 16, \""n_estimators\"": 250}""},{""trial"":7,""objective"":0.1626378495,""pr_auc_w"":0.1508004097,""inner_precision"":0.1312,""inner_recall"":0.2724252492,""inner_f1"":0.1771058315,""params"":""{\""max_depth\"": 5, \""max_features\"": 0.4810528136860359, \""min_samples_leaf\"": 11, \""min_samples_split\"": 5, \""n_estimators\"": 250}""},{""trial"":8,""objective"":0.1592147222,""pr_auc_w"":0.1122742949,""inner_precision"":0.1477764319,""inner_recall"":0.4053156146,""inner_f1"":0.2165863556,""params"":""{\""max_depth\"": 8, \""max_features\"": 0.8803954860968342, \""min_samples_leaf\"": 15, \""min_samples_split\"": 3, \""n_estimators\"": 250}""},{""trial"":9,""objective"":0.1328474452,""pr_auc_w"":0.0835444278,""inner_precision"":0.1225506901,""inner_recall"":0.4551495017,""inner_f1"":0.1931066886,""params"":""{\""max_depth\"": 3, \""max_features\"": 0.9817218193109786, \""min_samples_leaf\"": 13, \""min_samples_split\"": 8, \""n_estimators\"": 250}""}]"
T13,record|longitudinal|extra_trees,20260824,2,0.42816232143292865,0.4099450812829073,0.3999999999999999,0.44081632653061215,0.41941747572815524,"{""max_depth"": 12, ""max_features"": 0.28780549218889484, ""min_samples_leaf"": 3, ""min_samples_split"": 19, ""n_estimators"": 250}","[{""trial"":0,""objective"":0.3329985791,""pr_auc_w"":0.2811817368,""inner_precision"":0.36,""inner_recall"":0.4408163265,""inner_f1"":0.3963302752,""params"":""{\""max_depth\"": 8, \""max_features\"": 0.6061631631791405, \""min_samples_leaf\"": 6, \""min_samples_split\"": 11, \""n_estimators\"": 250}""},{""trial"":1,""objective"":0.3651426014,""pr_auc_w"":0.3187925874,""inner_precision"":0.3703703704,""inner_recall"":0.4897959184,""inner_f1"":0.4217926186,""params"":""{\""max_depth\"": 5, \""max_features\"": 0.26345106165341015, \""min_samples_leaf\"": 11, \""min_samples_split\"": 18, \""n_estimators\"": 250}""},{""trial"":2,""objective"":0.3190099142,""pr_auc_w"":0.286539765,""inner_precision"":0.5365853659,""inner_recall"":0.2693877551,""inner_f1"":0.3586956522,""params"":""{\""max_depth\"": 12, \""max_features\"": 0.5788214456812477, \""min_samples_leaf\"": 5, \""min_samples_split\"": 24, \""n_estimators\"": 250}""},{""trial"":3,""objective"":0.3825625878,""pr_auc_w"":0.3338721109,""inner_precision"":0.3527980535,""inner_recall"":0.5918367347,""inner_f1"":0.4420731707,""params"":""{\""max_depth\"": 12, \""max_features\"": 0.9018067058616026, \""min_samples_leaf\"": 4, \""min_samples_split\"": 23, \""n_estimators\"": 250}""},{""trial"":4,""objective"":0.3644410144,""pr_auc_w"":0.2982338969,""inner_precision"":0.45,""inner_recall"":0.4408163265,""inner_f1"":0.4453608247,""params"":""{\""max_depth\"": 3, \""max_features\"": 0.912003038047492, \""min_samples_leaf\"": 5, \""min_samples_split\"": 22, \""n_estimators\"": 250}""},{""trial"":5,""objective"":0.3181655393,""pr_auc_w"":0.2781619431,""inner_precision"":0.4333333333,""inner_recall"":0.3183673469,""inner_f1"":0.3670588235,""params"":""{\""max_depth\"": 3, \""max_features\"": 0.9596052748130435, \""min_samples_leaf\"": 14, \""min_samples_split\"": 21, \""n_estimators\"": 250}""},{""trial"":6,""objective"":0.3953099434,""pr_auc_w"":0.3828601842,""inner_precision"":0.5777777778,""inner_recall"":0.3183673469,""inner_f1"":0.4105263158,""params"":""{\""max_depth\"": 5, \""max_features\"": 0.2956243388618921, \""min_samples_leaf\"": 10, \""min_samples_split\"": 19, \""n_estimators\"": 250}""},{""trial"":7,""objective"":0.2383794503,""pr_auc_w"":0.1976988297,""inner_precision"":0.2948717949,""inner_recall"":0.2816326531,""inner_f1"":0.2881002088,""params"":""{\""max_depth\"": 5, \""max_features\"": 0.4315657111834905, \""min_samples_leaf\"": 4, \""min_samples_split\"": 13, \""n_estimators\"": 250}""},{""trial"":8,""objective"":0.4021400869,""pr_auc_w"":0.3323861015,""inner_precision"":0.4142857143,""inner_recall"":0.5918367347,""inner_f1"":0.487394958,""params"":""{\""max_depth\"": 12, \""max_features\"": 0.30933473891883745, \""min_samples_leaf\"": 11, \""min_samples_split\"": 12, \""n_estimators\"": 250}""},{""trial"":9,""objective"":0.4281623214,""pr_auc_w"":0.4169008471,""inner_precision"":0.7222222222,""inner_recall"":0.3183673469,""inner_f1"":0.4419263456,""params"":""{\""max_depth\"": 12, \""max_features\"": 0.28780549218889484, \""min_samples_leaf\"": 3, \""min_samples_split\"": 19, \""n_estimators\"": 250}""}]"
T13,record|longitudinal|extra_trees,20260824,3,0.44310911491986965,0.4924513442619281,0.3986013986013986,0.4000000000000001,0.3992994746059545,"{""max_depth"": 3, ""max_features"": 0.7143801409006862, ""min_samples_leaf"": 8, ""min_samples_split"": 11, ""n_estimators"": 250}","[{""trial"":0,""objective"":0.2275991222,""pr_auc_w"":0.1695705999,""inner_precision"":0.1957914475,""inner_recall"":0.6280701754,""inner_f1"":0.2985228717,""params"":""{\""max_depth\"": null, \""max_features\"": 0.9192968011444057, \""min_samples_leaf\"": 13, \""min_samples_split\"": 3, \""n_estimators\"": 250}""},{""trial"":1,""objective"":0.4431091149,""pr_auc_w"":0.4259930278,""inner_precision"":0.4760147601,""inner_recall"":0.4526315789,""inner_f1"":0.464028777,""params"":""{\""max_depth\"": 3, \""max_features\"": 0.7143801409006862, \""min_samples_leaf\"": 8, \""min_samples_split\"": 11, \""n_estimators\"": 250}""},{""trial"":2,""objective"":0.3394859927,""pr_auc_w"":0.2760409506,""inner_precision"":0.2936361776,""inner_recall"":0.7192982456,""inner_f1"":0.4170299332,""params"":""{\""max_depth\"": 5, \""max_features\"": 0.5757745874978917, \""min_samples_leaf\"": 4, \""min_samples_split\"": 22, \""n_estimators\"": 250}""},{""trial"":3,""objective"":0.4191077945,""pr_auc_w"":0.394614056,""inner_precision"":0.4110787172,""inner_recall"":0.4947368421,""inner_f1"":0.449044586,""params"":""{\""max_depth\"": 8, \""max_features\"": 0.4072120536002908, \""min_samples_leaf\"": 10, \""min_samples_split\"": 11, \""n_estimators\"": 250}""},{""trial"":4,""objective"":0.1989225714,""pr_auc_w"":0.1412151414,""inner_precision"":0.1603869654,""inner_recall"":0.8421052632,""inner_f1"":0.2694538747,""params"":""{\""max_depth\"": 12, \""max_features\"": 0.6811678525338413, \""min_samples_leaf\"": 8, \""min_samples_split\"": 17, \""n_estimators\"": 250}""},{""trial"":5,""objective"":0.2091501527,""pr_auc_w"":0.1381924051,""inner_precision"":0.1862426995,""inner_recall"":0.7192982456,""inner_f1"":0.2958762887,""params"":""{\""max_depth\"": 12, \""max_features\"": 0.7503572522486015, \""min_samples_leaf\"": 12, \""min_samples_split\"": 20, \""n_estimators\"": 250}""},{""trial"":6,""objective"":0.2904603769,""pr_auc_w"":0.2327660955,""inner_precision"":0.3363636364,""inner_recall"":0.3894736842,""inner_f1"":0.3609756098,""params"":""{\""max_depth\"": 12, \""max_features\"": 0.745300188338889, \""min_samples_leaf\"": 3, \""min_samples_split\"": 8, \""n_estimators\"": 250}""},{""trial"":7,""objective"":0.3759197557,""pr_auc_w"":0.3091281366,""inner_precision"":0.387804878,""inner_recall"":0.5578947368,""inner_f1"":0.4575539568,""params"":""{\""max_depth\"": null, \""max_features\"": 0.42837555480996564, \""min_samples_leaf\"": 3, \""min_samples_split\"": 22, \""n_estimators\"": 250}""},{""trial"":8,""objective"":0.2671622396,""pr_auc_w"":0.1962790077,""inner_precision"":0.2403379472,""inner_recall"":0.6701754386,""inner_f1"":0.3537973009,""params"":""{\""max_depth\"": 8, \""max_features\"": 0.9639394681499748, \""min_samples_leaf\"": 13, \""min_samples_split\"": 19, \""n_estimators\"": 250}""},{""trial"":9,""objective"":0.2921988478,""pr_auc_w"":0.2263729776,""inner_precision"":0.2928366762,""inner_recall"":0.5122807018,""inner_f1"":0.3726526892,""params"":""{\""max_depth\"": 12, \""max_features\"": 0.4758138730887727, \""min_samples_leaf\"": 11, \""min_samples_split\"": 15, \""n_estimators\"": 250}""}]"
T13,record|longitudinal|extra_trees,20360827,0,0.3963014798200871,0.43611043050497955,0.3453038674033149,0.44802867383512535,0.3900156006240249,"{""max_depth"": 3, ""max_features"": 0.5450699596049569, ""min_samples_leaf"": 8, ""min_samples_split"": 2, ""n_estimators"": 250}","[{""trial"":0,""objective"":0.2776740366,""pr_auc_w"":0.2259362649,""inner_precision"":0.4658385093,""inner_recall"":0.2688172043,""inner_f1"":0.3409090909,""params"":""{\""max_depth\"": 5, \""max_features\"": 0.8174994063285376, \""min_samples_leaf\"": 15, \""min_samples_split\"": 6, \""n_estimators\"": 250}""},{""trial"":1,""objective"":0.2518326151,""pr_auc_w"":0.1916366957,""inner_precision"":0.2210391041,""inner_recall"":0.6164874552,""inner_f1"":0.3254054054,""params"":""{\""max_depth\"": 12, \""max_features\"": 0.8327201644125826, \""min_samples_leaf\"": 3, \""min_samples_split\"": 16, \""n_estimators\"": 250}""},{""trial"":2,""objective"":0.3963014798,""pr_auc_w"":0.3852277278,""inner_precision"":0.8620689655,""inner_recall"":0.2688172043,""inner_f1"":0.4098360656,""params"":""{\""max_depth\"": 3, \""max_features\"": 0.5450699596049569, \""min_samples_leaf\"": 8, \""min_samples_split\"": 2, \""n_estimators\"": 250}""},{""trial"":3,""objective"":0.3545029622,""pr_auc_w"":0.2775922176,""inner_precision"":0.4179566563,""inner_recall"":0.4838709677,""inner_f1"":0.4485049834,""params"":""{\""max_depth\"": 5, \""max_features\"": 0.33296937491210166, \""min_samples_leaf\"": 4, \""min_samples_split\"": 19, \""n_estimators\"": 250}""},{""trial"":4,""objective"":0.2524409419,""pr_auc_w"":0.1647056016,""inner_precision"":0.2901098901,""inner_recall"":0.4731182796,""inner_f1"":0.3596730245,""params"":""{\""max_depth\"": 5, \""max_features\"": 0.5697896458430646, \""min_samples_leaf\"": 10, \""min_samples_split\"": 16, \""n_estimators\"": 250}""},{""trial"":5,""objective"":0.3285531272,""pr_auc_w"":0.2588453613,""inner_precision"":0.3406156902,""inner_recall"":0.5268817204,""inner_f1"":0.4137515078,""params"":""{\""max_depth\"": 12, \""max_features\"": 0.7816867726161808, \""min_samples_leaf\"": 11, \""min_samples_split\"": 5, \""n_estimators\"": 250}""},{""trial"":6,""objective"":0.2585754353,""pr_auc_w"":0.1827616332,""inner_precision"":0.2681413542,""inner_recall"":0.5089605735,""inner_f1"":0.3512367491,""params"":""{\""max_depth\"": 5, \""max_features\"": 0.25415341413221726, \""min_samples_leaf\"": 9, \""min_samples_split\"": 13, \""n_estimators\"": 250}""},{""trial"":7,""objective"":0.188232938,""pr_auc_w"":0.1592032674,""inner_precision"":0.162601626,""inner_recall"":0.3584229391,""inner_f1"":0.2237136465,""params"":""{\""max_depth\"": 3, \""max_features\"": 0.5962379549841635, \""min_samples_leaf\"": 3, \""min_samples_split\"": 5, \""n_estimators\"": 250}""},{""trial"":8,""objective"":0.2760019868,""pr_auc_w"":0.2196901328,""inner_precision"":0.3971962617,""inner_recall"":0.3046594982,""inner_f1"":0.3448275862,""params"":""{\""max_depth\"": 12, \""max_features\"": 0.4722355094281644, \""min_samples_leaf\"": 8, \""min_samples_split\"": 13, \""n_estimators\"": 250}""},{""trial"":9,""objective"":0.218162215,""pr_auc_w"":0.1527405189,""inner_precision"":0.2216404887,""inner_recall"":0.4551971326,""inner_f1"":0.2981220657,""params"":""{\""max_depth\"": null, \""max_features\"": 0.28504053221002446, \""min_samples_leaf\"": 15, \""min_samples_split\"": 15, \""n_estimators\"": 250}""}]"
T13,record|longitudinal|extra_trees,20360827,1,0.30601125078374125,0.2953843914010943,0.319672131147541,0.40909090909090917,0.35889570552147243,"{""max_depth"": null, ""max_features"": 0.9748841585063363, ""min_samples_leaf"": 1, ""min_samples_split"": 12, ""n_estimators"": 250}","[{""trial"":0,""objective"":0.1048105464,""pr_auc_w"":0.0738799562,""inner_precision"":0.0941704036,""inner_recall"":0.2937062937,""inner_f1"":0.142614601,""params"":""{\""max_depth\"": 3, \""max_features\"": 0.9876434621290372, \""min_samples_leaf\"": 6, \""min_samples_split\"": 17, \""n_estimators\"": 250}""},{""trial"":1,""objective"":0.2194356918,""pr_auc_w"":0.1472257333,""inner_precision"":0.3010033445,""inner_recall"":0.3146853147,""inner_f1"":0.3076923077,""params"":""{\""max_depth\"": 8, \""max_features\"": 0.9132167257110282, \""min_samples_leaf\"": 10, \""min_samples_split\"": 19, \""n_estimators\"": 250}""},{""trial"":2,""objective"":0.2253445686,""pr_auc_w"":0.163092735,""inner_precision"":0.2199036918,""inner_recall"":0.479020979,""inner_f1"":0.301430143,""params"":""{\""max_depth\"": 3, \""max_features\"": 0.6622557721157489, \""min_samples_leaf\"": 5, \""min_samples_split\"": 20, \""n_estimators\"": 250}""},{""trial"":3,""objective"":0.2055133125,""pr_auc_w"":0.1551550382,""inner_precision"":0.2319587629,""inner_recall"":0.3146853147,""inner_f1"":0.2670623145,""params"":""{\""max_depth\"": null, \""max_features\"": 0.7796673947540687, \""min_samples_leaf\"": 15, \""min_samples_split\"": 6, \""n_estimators\"": 250}""},{""trial"":4,""objective"":0.1659165941,""pr_auc_w"":0.1107574438,""inner_precision"":0.1661721068,""inner_recall"":0.3916083916,""inner_f1"":0.2333333333,""params"":""{\""max_depth\"": 12, \""max_features\"": 0.8776514094969343, \""min_samples_leaf\"": 12, \""min_samples_split\"": 4, \""n_estimators\"": 250}""},{""trial"":5,""objective"":0.2588654073,""pr_auc_w"":0.1788652669,""inner_precision"":0.3566433566,""inner_recall"":0.3566433566,""inner_f1"":0.3566433566,""params"":""{\""max_depth\"": 3, \""max_features\"": 0.29419674257360695, \""min_samples_leaf\"": 11, \""min_samples_split\"": 21, \""n_estimators\"": 250}""},{""trial"":6,""objective"":0.3060112508,""pr_auc_w"":0.2416987776,""inner_precision"":0.3245192308,""inner_recall"":0.472027972,""inner_f1"":0.3846153846,""params"":""{\""max_depth\"": null, \""max_features\"": 0.9748841585063363, \""min_samples_leaf\"": 1, \""min_samples_split\"": 12, \""n_estimators\"": 250}""},{""trial"":7,""objective"":0.0980768112,""pr_auc_w"":0.0685685642,""inner_precision"":0.0923889133,""inner_recall"":0.2447552448,""inner_f1"":0.1341424465,""params"":""{\""max_depth\"": 5, \""max_features\"": 0.953433735983193, \""min_samples_leaf\"": 4, \""min_samples_split\"": 11, \""n_estimators\"": 250}""},{""trial"":8,""objective"":0.2069922885,""pr_auc_w"":0.1570209808,""inner_precision"":0.2147368421,""inner_recall"":0.3566433566,""inner_f1"":0.2680683311,""params"":""{\""max_depth\"": 5, \""max_features\"": 0.5328398911178107, \""min_samples_leaf\"": 4, \""min_samples_split\"": 8, \""n_estimators\"": 250}""},{""trial"":9,""objective"":0.2515163876,""pr_auc_w"":0.1857873715,""inner_precision"":0.2879177378,""inner_recall"":0.3916083916,""inner_f1"":0.3318518519,""params"":""{\""max_depth\"": 5, \""max_features\"": 0.277801895636763, \""min_samples_leaf\"": 9, \""min_samples_split\"": 11, \""n_estimators\"": 250}""}]"
T13,record|longitudinal|extra_trees,20360827,2,0.2885684985553647,0.2995095098758565,0.27210884353741494,0.47058823529411764,0.3448275862068965,"{""max_depth"": 12, ""max_features"": 0.7477791488287262, ""min_samples_leaf"": 6, ""min_samples_split"": 5, ""n_estimators"": 250}","[{""trial"":0,""objective"":0.1238344259,""pr_auc_w"":0.0853606021,""inner_precision"":0.127518631,""inner_recall"":0.2588235294,""inner_f1"":0.1708579882,""params"":""{\""max_depth\"": 5, \""max_features\"": 0.8840788622700138, \""min_samples_leaf\"": 11, \""min_samples_split\"": 10, \""n_estimators\"": 250}""},{""trial"":1,""objective"":0.1305608204,""pr_auc_w"":0.0979246923,""inner_precision"":0.1015764959,""inner_recall"":0.5294117647,""inner_f1"":0.1704494213,""params"":""{\""max_depth\"": null, \""max_features\"": 0.8981766476393184, \""min_samples_leaf\"": 13, \""min_samples_split\"": 17, \""n_estimators\"": 250}""},{""trial"":2,""objective"":0.2885684986,""pr_auc_w"":0.2185571447,""inner_precision"":0.3840707965,""inner_recall"":0.3647058824,""inner_f1"":0.374137931,""params"":""{\""max_depth\"": 12, \""max_features\"": 0.7477791488287262, \""min_samples_leaf\"": 6, \""min_samples_split\"": 5, \""n_estimators\"": 250}""},{""trial"":3,""objective"":0.1359637275,""pr_auc_w"":0.0973988388,""inner_precision"":0.2280701754,""inner_recall"":0.1529411765,""inner_f1"":0.1830985915,""params"":""{\""max_depth\"": 8, \""max_features\"": 0.6901237382577292, \""min_samples_leaf\"": 3, \""min_samples_split\"": 5, \""n_estimators\"": 250}""},{""trial"":4,""objective"":0.2132498531,""pr_auc_w"":0.1596093983,""inner_precision"":0.2650176678,""inner_recall"":0.2941176471,""inner_f1"":0.2788104089,""params"":""{\""max_depth\"": 3, \""max_features\"": 0.6401617598806943, \""min_samples_leaf\"": 15, \""min_samples_split\"": 18, \""n_estimators\"": 250}""},{""trial"":5,""objective"":0.2473114582,""pr_auc_w"":0.1912839909,""inner_precision"":0.2784431138,""inner_recall"":0.3647058824,""inner_f1"":0.3157894737,""params"":""{\""max_depth\"": 3, \""max_features\"": 0.40230422860945614, \""min_samples_leaf\"": 12, \""min_samples_split\"": 15, \""n_estimators\"": 250}""},{""trial"":6,""objective"":0.1269190253,""pr_auc_w"":0.0895528194,""inner_precision"":0.1517857143,""inner_recall"":0.2,""inner_f1"":0.1725888325,""params"":""{\""max_depth\"": null, \""max_features\"": 0.4824575887989645, \""min_samples_leaf\"": 12, \""min_samples_split\"": 22, \""n_estimators\"": 250}""},{""trial"":7,""objective"":0.1377337887,""pr_auc_w"":0.0852976087,""inner_precision"":0.1246756674,""inner_recall"":0.5294117647,""inner_f1"":0.2018224532,""params"":""{\""max_depth\"": 3, \""max_features\"": 0.9620453659248832, \""min_samples_leaf\"": 1, \""min_samples_split\"": 2, \""n_estimators\"": 250}""},{""trial"":8,""objective"":0.1465644406,""pr_auc_w"":0.1106130824,""inner_precision"":0.1101109849,""inner_recall"":0.7058823529,""inner_f1"":0.1905049894,""params"":""{\""max_depth\"": 12, \""max_features\"": 0.49226109388434697, \""min_samples_leaf\"": 15, \""min_samples_split\"": 20, \""n_estimators\"": 250}""},{""trial"":9,""objective"":0.1932312652,""pr_auc_w"":0.1678121559,""inner_precision"":0.5454545455,""inner_recall"":0.1411764706,""inner_f1"":0.2242990654,""params"":""{\""max_depth\"": 3, \""max_features\"": 0.6775877082031474, \""min_samples_leaf\"": 15, \""min_samples_split\"": 23, \""n_estimators\"": 250}""}]"
T13,record|longitudinal|extra_trees,20360827,3,0.2911339228793771,0.3143310577651199,0.24734982332155483,0.44827586206896564,0.3187948852688738,"{""max_depth"": 5, ""max_features"": 0.3800964613016488, ""min_samples_leaf"": 4, ""min_samples_split"": 17, ""n_estimators"": 250}","[{""trial"":0,""objective"":0.2666699542,""pr_auc_w"":0.2076738424,""inner_precision"":0.2820176875,""inner_recall"":0.424137931,""inner_f1"":0.3387763132,""params"":""{\""max_depth\"": 8, \""max_features\"": 0.29163391260244254, \""min_samples_leaf\"": 3, \""min_samples_split\"": 21, \""n_estimators\"": 250}""},{""trial"":1,""objective"":0.1933506189,""pr_auc_w"":0.1764433084,""inner_precision"":0.123697083,""inner_recall"":0.7931034483,""inner_f1"":0.2140151096,""params"":""{\""max_depth\"": 5, \""max_features\"": 0.928430408740502, \""min_samples_leaf\"": 11, \""min_samples_split\"": 12, \""n_estimators\"": 250}""},{""trial"":2,""objective"":0.183240246,""pr_auc_w"":0.1320063036,""inner_precision"":0.1731001206,""inner_recall"":0.424137931,""inner_f1"":0.2458595089,""params"":""{\""max_depth\"": 12, \""max_features\"": 0.9059042206471034, \""min_samples_leaf\"": 9, \""min_samples_split\"": 11, \""n_estimators\"": 250}""},{""trial"":3,""objective"":0.2534770856,""pr_auc_w"":0.2374651052,""inner_precision"":0.1692017451,""inner_recall"":0.7068965517,""inner_f1"":0.2730472838,""params"":""{\""max_depth\"": 8, \""max_features\"": 0.8445401321445163, \""min_samples_leaf\"": 4, \""min_samples_split\"": 20, \""n_estimators\"": 250}""},{""trial"":4,""objective"":0.2648041079,""pr_auc_w"":0.2099016677,""inner_precision"":0.2260616153,""inner_recall"":0.624137931,""inner_f1"":0.3319070905,""params"":""{\""max_depth\"": 5, \""max_features\"": 0.9494385552739217, \""min_samples_leaf\"": 15, \""min_samples_split\"": 16, \""n_estimators\"": 250}""},{""trial"":5,""objective"":0.245965782,""pr_auc_w"":0.1910025532,""inner_precision"":0.1913195583,""inner_recall"":0.8620689655,""inner_f1"":0.3131430616,""params"":""{\""max_depth\"": 3, \""max_features\"": 0.5376162680585224, \""min_samples_leaf\"": 10, \""min_samples_split\"": 23, \""n_estimators\"": 250}""},{""trial"":6,""objective"":0.2301929838,""pr_auc_w"":0.1641506784,""inner_precision"":0.2018933634,""inner_recall"":0.675862069,""inner_f1"":0.310911357,""params"":""{\""max_depth\"": 8, \""max_features\"": 0.6999273285319834, \""min_samples_leaf\"": 12, \""min_samples_split\"": 10, \""n_estimators\"": 250}""},{""trial"":7,""objective"":0.261839618,""pr_auc_w"":0.2129507742,""inner_precision"":0.2892561983,""inner_recall"":0.3620689655,""inner_f1"":0.3215926493,""params"":""{\""max_depth\"": null, \""max_features\"": 0.6335342796628092, \""min_samples_leaf\"": 7, \""min_samples_split\"": 8, \""n_estimators\"": 250}""},{""trial"":8,""objective"":0.2527607594,""pr_auc_w"":0.2095306338,""inner_precision"":0.2722371968,""inner_recall"":0.3482758621,""inner_f1"":0.3055975794,""params"":""{\""max_depth\"": 5, \""max_features\"": 0.25071898940568405, \""min_samples_leaf\"": 7, \""min_samples_split\"": 13, \""n_estimators\"": 250}""},{""trial"":9,""objective"":0.2911339229,""pr_auc_w"":0.2213729454,""inner_precision"":0.2640460592,""inner_recall"":0.6551724138,""inner_f1"":0.3763973397,""params"":""{\""max_depth\"": 5, \""max_features\"": 0.3800964613016488, \""min_samples_leaf\"": 4, \""min_samples_split\"": 17, \""n_estimators\"": 250}""}]"
T13,record|longitudinal|extra_trees,20460830,0,0.3080359502865152,0.31943676453686015,0.27732793522267213,0.47902097902097895,0.3512820512820513,"{""max_depth"": null, ""max_features"": 0.49177319978407985, ""min_samples_leaf"": 2, ""min_samples_split"": 23, ""n_estimators"": 250}","[{""trial"":0,""objective"":0.1379972595,""pr_auc_w"":0.096776502,""inner_precision"":0.106935244,""inner_recall"":0.7902097902,""inner_f1"":0.1883781853,""params"":""{\""max_depth\"": 3, \""max_features\"": 0.6636694119624235, \""min_samples_leaf\"": 6, \""min_samples_split\"": 21, \""n_estimators\"": 250}""},{""trial"":1,""objective"":0.2093549163,""pr_auc_w"":0.1553863841,""inner_precision"":0.2514450867,""inner_recall"":0.3041958042,""inner_f1"":0.2753164557,""params"":""{\""max_depth\"": 5, \""max_features\"": 0.8402737830224986, \""min_samples_leaf\"": 12, \""min_samples_split\"": 19, \""n_estimators\"": 250}""},{""trial"":2,""objective"":0.154833726,""pr_auc_w"":0.1061592374,""inner_precision"":0.1270252754,""inner_recall"":0.6853146853,""inner_f1"":0.2143247676,""params"":""{\""max_depth\"": 3, \""max_features\"": 0.4642652281353226, \""min_samples_leaf\"": 10, \""min_samples_split\"": 16, \""n_estimators\"": 250}""},{""trial"":3,""objective"":0.2285145075,""pr_auc_w"":0.1810229024,""inner_precision"":0.1902423052,""inner_recall"":0.5804195804,""inner_f1"":0.2865598027,""params"":""{\""max_depth\"": 8, \""max_features\"": 0.5931606236639575, \""min_samples_leaf\"": 15, \""min_samples_split\"": 3, \""n_estimators\"": 250}""},{""trial"":4,""objective"":0.2568368678,""pr_auc_w"":0.202298652,""inner_precision"":0.2442067736,""inner_recall"":0.479020979,""inner_f1"":0.3234946871,""params"":""{\""max_depth\"": 5, \""max_features\"": 0.7483269866213429, \""min_samples_leaf\"": 5, \""min_samples_split\"": 19, \""n_estimators\"": 250}""},{""trial"":5,""objective"":0.2263745606,""pr_auc_w"":0.1764658232,""inner_precision"":0.1937674095,""inner_recall"":0.5559440559,""inner_f1"":0.2873741286,""params"":""{\""max_depth\"": 5, \""max_features\"": 0.6742009283233326, \""min_samples_leaf\"": 5, \""min_samples_split\"": 15, \""n_estimators\"": 250}""},{""trial"":6,""objective"":0.3080359503,""pr_auc_w"":0.2355627809,""inner_precision"":0.303142329,""inner_recall"":0.5734265734,""inner_f1"":0.3966142684,""params"":""{\""max_depth\"": null, \""max_features\"": 0.49177319978407985, \""min_samples_leaf\"": 2, \""min_samples_split\"": 23, \""n_estimators\"": 250}""},{""trial"":7,""objective"":0.1820542022,""pr_auc_w"":0.1344056987,""inner_precision"":0.1840148699,""inner_recall"":0.3461538462,""inner_f1"":0.2402912621,""params"":""{\""max_depth\"": 8, \""max_features\"": 0.8465780453482006, \""min_samples_leaf\"": 7, \""min_samples_split\"": 19, \""n_estimators\"": 250}""},{""trial"":8,""objective"":0.2652552267,""pr_auc_w"":0.2005334448,""inner_precision"":0.2401419558,""inner_recall"":0.6083916084,""inner_f1"":0.3443596268,""params"":""{\""max_depth\"": 12, \""max_features\"": 0.5973374352337761, \""min_samples_leaf\"": 1, \""min_samples_split\"": 7, \""n_estimators\"": 250}""},{""trial"":9,""objective"":0.2242308653,""pr_auc_w"":0.1607104346,""inner_precision"":0.2048536759,""inner_recall"":0.5734265734,""inner_f1"":0.3018669471,""params"":""{\""max_depth\"": 3, \""max_features\"": 0.5559629883997508, \""min_samples_leaf\"": 15, \""min_samples_split\"": 4, \""n_estimators\"": 250}""}]"
T13,record|longitudinal|extra_trees,20460830,1,0.37264073246756096,0.3662958061822386,0.44247787610619466,0.6666666666666666,0.5319148936170213,"{""max_depth"": null, ""max_features"": 0.9089798641014246, ""min_samples_leaf"": 1, ""min_samples_split"": 18, ""n_estimators"": 250}","[{""trial"":0,""objective"":0.2802634858,""pr_auc_w"":0.2122608005,""inner_precision"":0.2441727169,""inner_recall"":0.71,""inner_f1"":0.3633778789,""params"":""{\""max_depth\"": 3, \""max_features\"": 0.8730652056400198, \""min_samples_leaf\"": 15, \""min_samples_split\"": 12, \""n_estimators\"": 250}""},{""trial"":1,""objective"":0.2882321619,""pr_auc_w"":0.2273695959,""inner_precision"":0.2446873439,""inner_recall"":0.7,""inner_f1"":0.3626197426,""params"":""{\""max_depth\"": 8, \""max_features\"": 0.6593768042705501, \""min_samples_leaf\"": 11, \""min_samples_split\"": 10, \""n_estimators\"": 250}""},{""trial"":2,""objective"":0.3619092861,""pr_auc_w"":0.2966618022,""inner_precision"":0.3541247485,""inner_recall"":0.5866666667,""inner_f1"":0.4416562108,""params"":""{\""max_depth\"": 12, \""max_features\"": 0.39800851347237476, \""min_samples_leaf\"": 4, \""min_samples_split\"": 16, \""n_estimators\"": 250}""},{""trial"":3,""objective"":0.2446002897,""pr_auc_w"":0.1971115247,""inner_precision"":0.2365456821,""inner_recall"":0.42,""inner_f1"":0.3026421137,""params"":""{\""max_depth\"": null, \""max_features\"": 0.48887704212174365, \""min_samples_leaf\"": 7, \""min_samples_split\"": 3, \""n_estimators\"": 250}""},{""trial"":4,""objective"":0.3726407325,""pr_auc_w"":0.3105832327,""inner_precision"":0.3169499311,""inner_recall"":0.7666666667,""inner_f1"":0.4484887878,""params"":""{\""max_depth\"": null, \""max_features\"": 0.9089798641014246, \""min_samples_leaf\"": 1, \""min_samples_split\"": 18, \""n_estimators\"": 250}""},{""trial"":5,""objective"":0.3635738329,""pr_auc_w"":0.3193849908,""inner_precision"":0.6129032258,""inner_recall"":0.3166666667,""inner_f1"":0.4175824176,""params"":""{\""max_depth\"": 12, \""max_features\"": 0.4207206834107209, \""min_samples_leaf\"": 10, \""min_samples_split\"": 10, \""n_estimators\"": 250}""},{""trial"":6,""objective"":0.3101238975,""pr_auc_w"":0.2517229036,""inner_precision"":0.4520547945,""inner_recall"":0.33,""inner_f1"":0.3815028902,""params"":""{\""max_depth\"": null, \""max_features\"": 0.34821449042994346, \""min_samples_leaf\"": 13, \""min_samples_split\"": 13, \""n_estimators\"": 250}""},{""trial"":7,""objective"":0.2589336437,""pr_auc_w"":0.2056792507,""inner_precision"":0.3670886076,""inner_recall"":0.29,""inner_f1"":0.3240223464,""params"":""{\""max_depth\"": 8, \""max_features\"": 0.4431820967558865, \""min_samples_leaf\"": 12, \""min_samples_split\"": 5, \""n_estimators\"": 250}""},{""trial"":8,""objective"":0.2268611181,""pr_auc_w"":0.1634629024,""inner_precision"":0.2692307692,""inner_recall"":0.35,""inner_f1"":0.3043478261,""params"":""{\""max_depth\"": 8, \""max_features\"": 0.7333529595096655, \""min_samples_leaf\"": 11, \""min_samples_split\"": 9, \""n_estimators\"": 250}""},{""trial"":9,""objective"":0.3666953726,""pr_auc_w"":0.2915921272,""inner_precision"":0.3648915187,""inner_recall"":0.6166666667,""inner_f1"":0.458488228,""params"":""{\""max_depth\"": 3, \""max_features\"": 0.9878312246017876, \""min_samples_leaf\"": 11, \""min_samples_split\"": 22, \""n_estimators\"": 250}""}]"
T13,record|longitudinal|extra_trees,20460830,2,0.28047031774411274,0.4811546230190133,0.2266666666666666,0.19999999999999993,0.2124999999999999,"{""max_depth"": 8, ""max_features"": 0.3838474037466646, ""min_samples_leaf"": 12, ""min_samples_split"": 8, ""n_estimators"": 250}","[{""trial"":0,""objective"":0.1520404794,""pr_auc_w"":0.1035819216,""inner_precision"":0.1332422275,""inner_recall"":0.5098039216,""inner_f1"":0.2112676056,""params"":""{\""max_depth\"": 12, \""max_features\"": 0.3092529917492267, \""min_samples_leaf\"": 5, \""min_samples_split\"": 9, \""n_estimators\"": 250}""},{""trial"":1,""objective"":0.2175553406,""pr_auc_w"":0.1632637968,""inner_precision"":0.2374670185,""inner_recall"":0.3529411765,""inner_f1"":0.2839116719,""params"":""{\""max_depth\"": 5, \""max_features\"": 0.511456324957873, \""min_samples_leaf\"": 13, \""min_samples_split\"": 6, \""n_estimators\"": 250}""},{""trial"":2,""objective"":0.2804703177,""pr_auc_w"":0.1934035583,""inner_precision"":0.3323943662,""inner_recall"":0.462745098,""inner_f1"":0.3868852459,""params"":""{\""max_depth\"": 8, \""max_features\"": 0.3838474037466646, \""min_samples_leaf\"": 12, \""min_samples_split\"": 8, \""n_estimators\"": 250}""},{""trial"":3,""objective"":0.1020427831,""pr_auc_w"":0.0779535331,""inner_precision"":0.0743371906,""inner_recall"":0.568627451,""inner_f1"":0.1314851998,""params"":""{\""max_depth\"": 3, \""max_features\"": 0.33775687363817664, \""min_samples_leaf\"": 1, \""min_samples_split\"": 5, \""n_estimators\"": 250}""},{""trial"":4,""objective"":0.2030482471,""pr_auc_w"":0.1400495338,""inner_precision"":0.1993355482,""inner_recall"":0.4705882353,""inner_f1"":0.2800466744,""params"":""{\""max_depth\"": null, \""max_features\"": 0.642921214046529, \""min_samples_leaf\"": 12, \""min_samples_split\"": 9, \""n_estimators\"": 250}""},{""trial"":5,""objective"":0.1176200059,""pr_auc_w"":0.0877902882,""inner_precision"":0.1253071253,""inner_recall"":0.2,""inner_f1"":0.1540785498,""params"":""{\""max_depth\"": 8, \""max_features\"": 0.9592843746917619, \""min_samples_leaf\"": 13, \""min_samples_split\"": 11, \""n_estimators\"": 250}""},{""trial"":6,""objective"":0.227305369,""pr_auc_w"":0.1833177138,""inner_precision"":0.2190237797,""inner_recall"":0.3921568627,""inner_f1"":0.2810680586,""params"":""{\""max_depth\"": 12, \""max_features\"": 0.919007979416966, \""min_samples_leaf\"": 7, \""min_samples_split\"": 21, \""n_estimators\"": 250}""},{""trial"":7,""objective"":0.1075407267,""pr_auc_w"":0.0796864379,""inner_precision"":0.0806267511,""inner_recall"":0.5803921569,""inner_f1"":0.1415848575,""params"":""{\""max_depth\"": null, \""max_features\"": 0.5358927797361223, \""min_samples_leaf\"": 8, \""min_samples_split\"": 19, \""n_estimators\"": 250}""},{""trial"":8,""objective"":0.157235911,""pr_auc_w"":0.11787163,""inner_precision"":0.1252983294,""inner_recall"":0.568627451,""inner_f1"":0.20534781,""params"":""{\""max_depth\"": 3, \""max_features\"": 0.253624089977833, \""min_samples_leaf\"": 10, \""min_samples_split\"": 13, \""n_estimators\"": 250}""},{""trial"":9,""objective"":0.1026378956,""pr_auc_w"":0.0656226201,""inner_precision"":0.1070175439,""inner_recall"":0.2392156863,""inner_f1"":0.1478787879,""params"":""{\""max_depth\"": 3, \""max_features\"": 0.3659493988504449, \""min_samples_leaf\"": 4, \""min_samples_split\"": 7, \""n_estimators\"": 250}""}]"
T13,record|longitudinal|extra_trees,20460830,3,0.1725050870035854,0.1389063653452243,0.10726048976084786,0.39776951672862454,0.16896007218587875,"{""max_depth"": 12, ""max_features"": 0.962527355116764, ""min_samples_leaf"": 5, ""min_samples_split"": 9, ""n_estimators"": 250}","[{""trial"":0,""objective"":0.1450480882,""pr_auc_w"":0.1111649541,""inner_precision"":0.1109540636,""inner_recall"":0.5836431227,""inner_f1"":0.1864608076,""params"":""{\""max_depth\"": 5, \""max_features\"": 0.5356490328785498, \""min_samples_leaf\"": 14, \""min_samples_split\"": 7, \""n_estimators\"": 250}""},{""trial"":1,""objective"":0.1212889283,""pr_auc_w"":0.0835987225,""inner_precision"":0.0946605326,""inner_recall"":0.7211895911,""inner_f1"":0.1673547354,""params"":""{\""max_depth\"": 12, \""max_features\"": 0.7800902420286826, \""min_samples_leaf\"": 9, \""min_samples_split\"": 20, \""n_estimators\"": 250}""},{""trial"":2,""objective"":0.1420694382,""pr_auc_w"":0.0843464318,""inner_precision"":0.1611842105,""inner_recall"":0.312267658,""inner_f1"":0.2126197794,""params"":""{\""max_depth\"": 12, \""max_features\"": 0.3126346770950109, \""min_samples_leaf\"": 2, \""min_samples_split\"": 22, \""n_estimators\"": 250}""},{""trial"":3,""objective"":0.1341044189,""pr_auc_w"":0.081979117,""inner_precision"":0.1141709696,""inner_recall"":0.7397769517,""inner_f1"":0.1978131213,""params"":""{\""max_depth\"": 3, \""max_features\"": 0.519170445588872, \""min_samples_leaf\"": 2, \""min_samples_split\"": 4, \""n_estimators\"": 250}""},{""trial"":4,""objective"":0.1705766077,""pr_auc_w"":0.1153777703,""inner_precision"":0.1444280694,""inner_recall"":0.6765799257,""inner_f1"":0.2380418535,""params"":""{\""max_depth\"": 8, \""max_features\"": 0.41594826511051197, \""min_samples_leaf\"": 12, \""min_samples_split\"": 12, \""n_estimators\"": 250}""},{""trial"":5,""objective"":0.1222226867,""pr_auc_w"":0.0886736892,""inner_precision"":0.1091593476,""inner_recall"":0.3234200743,""inner_f1"":0.1632270169,""params"":""{\""max_depth\"": 8, \""max_features\"": 0.2522542773673291, \""min_samples_leaf\"": 14, \""min_samples_split\"": 13, \""n_estimators\"": 250}""},{""trial"":6,""objective"":0.1511968929,""pr_auc_w"":0.103997185,""inner_precision"":0.1321499014,""inner_recall"":0.4981412639,""inner_f1"":0.2088854248,""params"":""{\""max_depth\"": 3, \""max_features\"": 0.8060098495003972, \""min_samples_leaf\"": 9, \""min_samples_split\"": 20, \""n_estimators\"": 250}""},{""trial"":7,""objective"":0.1592622205,""pr_auc_w"":0.1053077187,""inner_precision"":0.1559370529,""inner_recall"":0.405204461,""inner_f1"":0.2252066116,""params"":""{\""max_depth\"": 12, \""max_features\"": 0.37350937431533154, \""min_samples_leaf\"": 2, \""min_samples_split\"": 21, \""n_estimators\"": 250}""},{""trial"":8,""objective"":0.1237670181,""pr_auc_w"":0.0868097677,""inner_precision"":0.0956742285,""inner_recall"":0.7211895911,""inner_f1"":0.1689369907,""params"":""{\""max_depth\"": 5, \""max_features\"": 0.5415973581327059, \""min_samples_leaf\"": 9, \""min_samples_split\"": 19, \""n_estimators\"": 250}""},{""trial"":9,""objective"":0.172505087,""pr_auc_w"":0.1090405876,""inner_precision"":0.1530054645,""inner_recall"":0.6840148699,""inner_f1"":0.2500728085,""params"":""{\""max_depth\"": 12, \""max_features\"": 0.962527355116764, \""min_samples_leaf\"": 5, \""min_samples_split\"": 9, \""n_estimators\"": 250}""}]"
T13,record|engineered|lightgbm,20260824,0,0.1801272030049757,0.35417736412512957,0.20272277227722765,0.41935483870967727,0.2733188720173535,"{""colsample_bytree"": 0.744694422571067, ""learning_rate"": 0.10000800105696216, ""max_depth"": 4, ""min_child_samples"": 53, ""min_split_gain"": 0.7600372291235047, ""n_estimators"": 250, ""num_leaves"": 27, ""reg_alpha"": 1.6692429700440226, ""reg_lambda"": 0.17323600072361492, ""subsample"": 0.9743270511885467}","[{""trial"":0,""objective"":0.1678764068,""pr_auc_w"":0.1250797055,""inner_precision"":0.2255639098,""inner_recall"":0.2150537634,""inner_f1"":0.2201834862,""params"":""{\""colsample_bytree\"": 0.7305386215351921, \""learning_rate\"": 0.01608681340672835, \""max_depth\"": 5, \""min_child_samples\"": 18, \""min_split_gain\"": 0.49836787514243597, \""n_estimators\"": 250, \""num_leaves\"": 7, \""reg_alpha\"": 0.237616517201951, \""reg_lambda\"": 28.63818588482803, \""subsample\"": 0.7439679523328617}""},{""trial"":1,""objective"":0.1082657641,""pr_auc_w"":0.0775739587,""inner_precision"":0.0815237171,""inner_recall"":0.688172043,""inner_f1"":0.1457779706,""params"":""{\""colsample_bytree\"": 0.6087243098444274, \""learning_rate\"": 0.012861764729608307, \""max_depth\"": 2, \""min_child_samples\"": 30, \""min_split_gain\"": 0.38906136821405723, \""n_estimators\"": 250, \""num_leaves\"": 20, \""reg_alpha\"": 0.0011936786192464463, \""reg_lambda\"": 0.14029173306063256, \""subsample\"": 0.6938726120897065}""},{""trial"":2,""objective"":0.1294956035,""pr_auc_w"":0.0905512041,""inner_precision"":0.1007478482,""inner_recall"":0.7311827957,""inner_f1"":0.1770943139,""params"":""{\""colsample_bytree\"": 0.5120717824737895, \""learning_rate\"": 0.03507330387236174, \""max_depth\"": 2, \""min_child_samples\"": 40, \""min_split_gain\"": 0.5096335794545153, \""n_estimators\"": 250, \""num_leaves\"": 13, \""reg_alpha\"": 0.0034581152014730417, \""reg_lambda\"": 2.7157003237954664, \""subsample\"": 0.8548293441950083}""},{""trial"":3,""objective"":0.180127203,""pr_auc_w"":0.1225518999,""inner_precision"":0.2047448814,""inner_recall"":0.3225806452,""inner_f1"":0.2504970179,""params"":""{\""colsample_bytree\"": 0.744694422571067, \""learning_rate\"": 0.10000800105696216, \""max_depth\"": 4, \""min_child_samples\"": 53, \""min_split_gain\"": 0.7600372291235047, \""n_estimators\"": 250, \""num_leaves\"": 27, \""reg_alpha\"": 1.6692429700440226, \""reg_lambda\"": 0.17323600072361492, \""subsample\"": 0.9743270511885467}""},{""trial"":4,""objective"":0.1768872449,""pr_auc_w"":0.1056736753,""inner_precision"":0.1730738555,""inner_recall"":0.5555555556,""inner_f1"":0.2639260521,""params"":""{\""colsample_bytree\"": 0.6666808225746963, \""learning_rate\"": 0.021010818585621288, \""max_depth\"": 6, \""min_child_samples\"": 29, \""min_split_gain\"": 0.7287906043930459, \""n_estimators\"": 250, \""num_leaves\"": 21, \""reg_alpha\"": 0.00294051375760723, \""reg_lambda\"": 2.711385286043484, \""subsample\"": 0.979798534052932}""},{""trial"":5,""objective"":0.1438002752,""pr_auc_w"":0.083130816,""inner_precision"":0.1294797688,""inner_recall"":0.688172043,""inner_f1"":0.2179518365,""params"":""{\""colsample_bytree\"": 0.7452517309694235, \""learning_rate\"": 0.07994313548888048, \""max_depth\"": 5, \""min_child_samples\"": 7, \""min_split_gain\"": 0.19008587403300348, \""n_estimators\"": 250, \""num_leaves\"": 11, \""reg_alpha\"": 0.21285745674763298, \""reg_lambda\"": 17.50122249292032, \""subsample\"": 0.8288683417731105}""},{""trial"":6,""objective"":0.1052149848,""pr_auc_w"":0.0649494115,""inner_precision"":0.0863309353,""inner_recall"":0.7311827957,""inner_f1"":0.1544284633,""params"":""{\""colsample_bytree\"": 0.5837797130861184, \""learning_rate\"": 0.1074953806465142, \""max_depth\"": 4, \""min_child_samples\"": 46, \""min_split_gain\"": 0.5208303631424884, \""n_estimators\"": 250, \""num_leaves\"": 11, \""reg_alpha\"": 2.076231937799805, \""reg_lambda\"": 0.01572630919410877, \""subsample\"": 0.6875619957252178}""},{""trial"":7,""objective"":0.1103871983,""pr_auc_w"":0.065897993,""inner_precision"":0.1063449508,""inner_recall"":0.3655913978,""inner_f1"":0.1647628937,""params"":""{\""colsample_bytree\"": 0.8548713561364975, \""learning_rate\"": 0.015435036235818577, \""max_depth\"": 6, \""min_child_samples\"": 35, \""min_split_gain\"": 0.4174807886256914, \""n_estimators\"": 250, \""num_leaves\"": 22, \""reg_alpha\"": 0.01470098026757213, \""reg_lambda\"": 0.00611926779530175, \""subsample\"": 0.5852523316020629}""},{""trial"":8,""objective"":0.0978968234,""pr_auc_w"":0.0609303564,""inner_precision"":0.0823529412,""inner_recall"":0.5448028674,""inner_f1"":0.1430780609,""params"":""{\""colsample_bytree\"": 0.7425912945919437, \""learning_rate\"": 0.07576588826095128, \""max_depth\"": 2, \""min_child_samples\"": 18, \""min_split_gain\"": 0.52474012137094, \""n_estimators\"": 250, \""num_leaves\"": 15, \""reg_alpha\"": 2.8940975134125506, \""reg_lambda\"": 0.22623872637268116, \""subsample\"": 0.9986752399591401}""},{""trial"":9,""objective"":0.1695142248,""pr_auc_w"":0.1303420689,""inner_precision"":0.2762430939,""inner_recall"":0.1792114695,""inner_f1"":0.2173913043,""params"":""{\""colsample_bytree\"": 0.5430122720035866, \""learning_rate\"": 0.11574094334243515, \""max_depth\"": 5, \""min_child_samples\"": 5, \""min_split_gain\"": 0.5821763859553024, \""n_estimators\"": 250, \""num_leaves\"": 23, \""reg_alpha\"": 0.030839760924334055, \""reg_lambda\"": 1.976463154848544, \""subsample\"": 0.8196466190567209}""}]"
T13,record|engineered|lightgbm,20260824,1,0.35409244074352014,0.0742664533873628,0.1934438726891557,0.4817275747508306,0.2760402502039706,"{""colsample_bytree"": 0.5261113259631527, ""learning_rate"": 0.033732956903943304, ""max_depth"": 5, ""min_child_samples"": 15, ""min_split_gain"": 0.4582962486161455, ""n_estimators"": 250, ""num_leaves"": 17, ""reg_alpha"": 0.007325469054945129, ""reg_lambda"": 0.005969973812452314, ""subsample"": 0.8627565064164842}","[{""trial"":0,""objective"":0.2346540056,""pr_auc_w"":0.1623079822,""inner_precision"":0.3008595989,""inner_recall"":0.3488372093,""inner_f1"":0.3230769231,""params"":""{\""colsample_bytree\"": 0.7075597852830285, \""learning_rate\"": 0.012791992677081398, \""max_depth\"": 4, \""min_child_samples\"": 52, \""min_split_gain\"": 0.057331629804044826, \""n_estimators\"": 250, \""num_leaves\"": 17, \""reg_alpha\"": 0.020273163916615787, \""reg_lambda\"": 0.3226535129756743, \""subsample\"": 0.8437973155389142}""},{""trial"":1,""objective"":0.3540924407,""pr_auc_w"":0.2669068631,""inner_precision"":0.5454545455,""inner_recall"":0.3986710963,""inner_f1"":0.4606525912,""params"":""{\""colsample_bytree\"": 0.5261113259631527, \""learning_rate\"": 0.033732956903943304, \""max_depth\"": 5, \""min_child_samples\"": 15, \""min_split_gain\"": 0.4582962486161455, \""n_estimators\"": 250, \""num_leaves\"": 17, \""reg_alpha\"": 0.007325469054945129, \""reg_lambda\"": 0.005969973812452314, \""subsample\"": 0.8627565064164842}""},{""trial"":2,""objective"":0.186572982,""pr_auc_w"":0.1324138082,""inner_precision"":0.1749680715,""inner_recall"":0.4551495017,""inner_f1"":0.2527675277,""params"":""{\""colsample_bytree\"": 0.6114525789806212, \""learning_rate\"": 0.05419665899363098, \""max_depth\"": 4, \""min_child_samples\"": 16, \""min_split_gain\"": 0.6682528795702719, \""n_estimators\"": 250, \""num_leaves\"": 16, \""reg_alpha\"": 1.5031814270777566, \""reg_lambda\"": 29.177380370091832, \""subsample\"": 0.9530932569900632}""},{""trial"":3,""objective"":0.2266808178,""pr_auc_w"":0.1632072403,""inner_precision"":0.390625,""inner_recall"":0.2491694352,""inner_f1"":0.3042596349,""params"":""{\""colsample_bytree\"": 0.7407393832339318, \""learning_rate\"": 0.03473320773827692, \""max_depth\"": 7, \""min_child_samples\"": 36, \""min_split_gain\"": 0.7035861395125855, \""n_estimators\"": 250, \""num_leaves\"": 21, \""reg_alpha\"": 0.0015671728731191518, \""reg_lambda\"": 0.6611811967586873, \""subsample\"": 0.9435509569101044}""},{""trial"":4,""objective"":0.2343139076,""pr_auc_w"":0.1733514897,""inner_precision"":0.2770448549,""inner_recall"":0.3488372093,""inner_f1"":0.3088235294,""params"":""{\""colsample_bytree\"": 0.9315169384492132, \""learning_rate\"": 0.017316585153483378, \""max_depth\"": 4, \""min_child_samples\"": 44, \""min_split_gain\"": 0.2742561503425648, \""n_estimators\"": 250, \""num_leaves\"": 17, \""reg_alpha\"": 0.02469213804114552, \""reg_lambda\"": 0.003304530187572768, \""subsample\"": 0.9588308680126181}""},{""trial"":5,""objective"":0.2435486162,""pr_auc_w"":0.1799460054,""inner_precision"":0.4060913706,""inner_recall"":0.2657807309,""inner_f1"":0.3212851406,""params"":""{\""colsample_bytree\"": 0.6237815270220644, \""learning_rate\"": 0.017862013319690645, \""max_depth\"": 6, \""min_child_samples\"": 48, \""min_split_gain\"": 0.055342529652596006, \""n_estimators\"": 250, \""num_leaves\"": 8, \""reg_alpha\"": 0.055008770356162015, \""reg_lambda\"": 2.897441394466083, \""subsample\"": 0.8556003360145927}""},{""trial"":6,""objective"":0.084677322,""pr_auc_w"":0.0556833534,""inner_precision"":0.0662994327,""inner_recall"":0.6378737542,""inner_f1"":0.1201143947,""params"":""{\""colsample_bytree\"": 0.5745050304051208, \""learning_rate\"": 0.04837556471265129, \""max_depth\"": 2, \""min_child_samples\"": 13, \""min_split_gain\"": 0.14738607687843674, \""n_estimators\"": 250, \""num_leaves\"": 29, \""reg_alpha\"": 0.013070843635047123, \""reg_lambda\"": 1.3014550585708609, \""subsample\"": 0.8779020182572989}""},{""trial"":7,""objective"":0.2033770665,""pr_auc_w"":0.134610453,""inner_precision"":0.2247191011,""inner_recall"":0.3986710963,""inner_f1"":0.2874251497,""params"":""{\""colsample_bytree\"": 0.811151396977996, \""learning_rate\"": 0.021501255395161564, \""max_depth\"": 3, \""min_child_samples\"": 7, \""min_split_gain\"": 0.8405273147957789, \""n_estimators\"": 250, \""num_leaves\"": 21, \""reg_alpha\"": 14.629390058073254, \""reg_lambda\"": 0.002201554113253125, \""subsample\"": 0.9375056328457569}""},{""trial"":8,""objective"":0.2963086942,""pr_auc_w"":0.2497941111,""inner_precision"":0.4008438819,""inner_recall"":0.3156146179,""inner_f1"":0.3531598513,""params"":""{\""colsample_bytree\"": 0.9209123993329347, \""learning_rate\"": 0.028146803162140063, \""max_depth\"": 4, \""min_child_samples\"": 26, \""min_split_gain\"": 0.20728679536134975, \""n_estimators\"": 250, \""num_leaves\"": 26, \""reg_alpha\"": 0.014677096069328356, \""reg_lambda\"": 23.33510429988793, \""subsample\"": 0.9057420706012644}""},{""trial"":9,""objective"":0.1917255767,""pr_auc_w"":0.1268990682,""inner_precision"":0.1754492415,""inner_recall"":0.5946843854,""inner_f1"":0.2709579759,""params"":""{\""colsample_bytree\"": 0.5663503690039903, \""learning_rate\"": 0.013757970285065283, \""max_depth\"": 4, \""min_child_samples\"": 31, \""min_split_gain\"": 0.06642387452522058, \""n_estimators\"": 250, \""num_leaves\"": 9, \""reg_alpha\"": 1.7977034561285405, \""reg_lambda\"": 9.261073641950032, \""subsample\"": 0.6463903724072079}""}]"
T13,record|engineered|lightgbm,20260824,2,0.20958715954603013,0.21978377030482263,0.09023066485753062,0.5428571428571427,0.15474112856311822,"{""colsample_bytree"": 0.850403129974628, ""learning_rate"": 0.01696068464938394, ""max_depth"": 4, ""min_child_samples"": 45, ""min_split_gain"": 0.1358068044601053, ""n_estimators"": 250, ""num_leaves"": 31, ""reg_alpha"": 0.0011943672678700293, ""reg_lambda"": 6.6715595024086705, ""subsample"": 0.8754904754864743}","[{""trial"":0,""objective"":0.1419303001,""pr_auc_w"":0.0982917775,""inner_precision"":0.1287386216,""inner_recall"":0.4040816327,""inner_f1"":0.1952662722,""params"":""{\""colsample_bytree\"": 0.6583543528604147, \""learning_rate\"": 0.08225666064554088, \""max_depth\"": 6, \""min_child_samples\"": 54, \""min_split_gain\"": 0.4674763662792867, \""n_estimators\"": 250, \""num_leaves\"": 21, \""reg_alpha\"": 0.06606388247893748, \""reg_lambda\"": 0.13369471014794904, \""subsample\"": 0.8759113925755497}""},{""trial"":1,""objective"":0.2095871595,""pr_auc_w"":0.1542889067,""inner_precision"":0.4146341463,""inner_recall"":0.2081632653,""inner_f1"":0.277173913,""params"":""{\""colsample_bytree\"": 0.850403129974628, \""learning_rate\"": 0.01696068464938394, \""max_depth\"": 4, \""min_child_samples\"": 45, \""min_split_gain\"": 0.1358068044601053, \""n_estimators\"": 250, \""num_leaves\"": 31, \""reg_alpha\"": 0.0011943672678700293, \""reg_lambda\"": 6.6715595024086705, \""subsample\"": 0.8754904754864743}""},{""trial"":2,""objective"":0.1314159304,""pr_auc_w"":0.0907633953,""inner_precision"":0.174904943,""inner_recall"":0.187755102,""inner_f1"":0.1811023622,""params"":""{\""colsample_bytree\"": 0.691135726832915, \""learning_rate\"": 0.066608036790067, \""max_depth\"": 7, \""min_child_samples\"": 21, \""min_split_gain\"": 0.03555588961331679, \""n_estimators\"": 250, \""num_leaves\"": 19, \""reg_alpha\"": 2.6301906452989106, \""reg_lambda\"": 0.006739432155078041, \""subsample\"": 0.9920564072895339}""},{""trial"":3,""objective"":0.1894699664,""pr_auc_w"":0.1252252578,""inner_precision"":0.2292703151,""inner_recall"":0.3224489796,""inner_f1"":0.267991277,""params"":""{\""colsample_bytree\"": 0.6580173101358296, \""learning_rate\"": 0.013423297250714934, \""max_depth\"": 3, \""min_child_samples\"": 51, \""min_split_gain\"": 0.6911401720336402, \""n_estimators\"": 250, \""num_leaves\"": 28, \""reg_alpha\"": 17.361427729844856, \""reg_lambda\"": 10.160671140216952, \""subsample\"": 0.9410840235169615}""},{""trial"":4,""objective"":0.1504266453,""pr_auc_w"":0.1067398183,""inner_precision"":0.137733142,""inner_recall"":0.3918367347,""inner_f1"":0.2038216561,""params"":""{\""colsample_bytree\"": 0.9672922489941762, \""learning_rate\"": 0.01948282158212441, \""max_depth\"": 7, \""min_child_samples\"": 50, \""min_split_gain\"": 0.4553709452049719, \""n_estimators\"": 250, \""num_leaves\"": 12, \""reg_alpha\"": 0.06621416157075682, \""reg_lambda\"": 0.12296567578942133, \""subsample\"": 0.7047638534309698}""},{""trial"":5,""objective"":0.1409691962,""pr_auc_w"":0.089110588,""inner_precision"":0.1330049261,""inner_recall"":0.4408163265,""inner_f1"":0.2043519395,""params"":""{\""colsample_bytree\"": 0.7764283308505175, \""learning_rate\"": 0.09717158526818379, \""max_depth\"": 7, \""min_child_samples\"": 15, \""min_split_gain\"": 0.6231328832628859, \""n_estimators\"": 250, \""num_leaves\"": 28, \""reg_alpha\"": 0.0015191645706012001, \""reg_lambda\"": 0.0038406145511336288, \""subsample\"": 0.803964427934099}""},{""trial"":6,""objective"":0.1693047107,""pr_auc_w"":0.1166725864,""inner_precision"":0.170411985,""inner_recall"":0.3714285714,""inner_f1"":0.2336328626,""params"":""{\""colsample_bytree\"": 0.8824077359853101, \""learning_rate\"": 0.06754021603210715, \""max_depth\"": 6, \""min_child_samples\"": 11, \""min_split_gain\"": 0.4893781707090604, \""n_estimators\"": 250, \""num_leaves\"": 4, \""reg_alpha\"": 0.16882108982660476, \""reg_lambda\"": 0.008256342728286363, \""subsample\"": 0.9620782586340216}""},{""trial"":7,""objective"":0.1601697138,""pr_auc_w"":0.1433534774,""inner_precision"":0.3448275862,""inner_recall"":0.1224489796,""inner_f1"":0.1807228916,""params"":""{\""colsample_bytree\"": 0.919272243024627, \""learning_rate\"": 0.01824972875390831, \""max_depth\"": 5, \""min_child_samples\"": 44, \""min_split_gain\"": 0.07911298522511656, \""n_estimators\"": 250, \""num_leaves\"": 18, \""reg_alpha\"": 0.8217434223669113, \""reg_lambda\"": 0.10021502159042857, \""subsample\"": 0.8030515795293647}""},{""trial"":8,""objective"":0.1241128381,""pr_auc_w"":0.0841766153,""inner_precision"":0.119873817,""inner_recall"":0.3102040816,""inner_f1"":0.172923777,""params"":""{\""colsample_bytree\"": 0.5510399169133219, \""learning_rate\"": 0.04141841696476174, \""max_depth\"": 4, \""min_child_samples\"": 15, \""min_split_gain\"": 0.3822475634182152, \""n_estimators\"": 250, \""num_leaves\"": 12, \""reg_alpha\"": 1.9988722556679601, \""reg_lambda\"": 0.0016814335039065662, \""subsample\"": 0.9819177663930548}""},{""trial"":9,""objective"":0.1337403157,""pr_auc_w"":0.0924465069,""inner_precision"":0.118604261,""inner_recall"":0.412244898,""inner_f1"":0.1842105263,""params"":""{\""colsample_bytree\"": 0.6453529167050305, \""learning_rate\"": 0.023273722030191044, \""max_depth\"": 7, \""min_child_samples\"": 19, \""min_split_gain\"": 0.5197846163549067, \""n_estimators\"": 250, \""num_leaves\"": 27, \""reg_alpha\"": 0.23432795005263166, \""reg_lambda\"": 0.001704478077177204, \""subsample\"": 0.6933898431191523}""}]"
T13,record|engineered|lightgbm,20260824,3,0.46419618057058376,0.2592914549972814,0.31513647642679904,0.44561403508771946,0.36918604651162795,"{""colsample_bytree"": 0.8464903488362079, ""learning_rate"": 0.10352965372754998, ""max_depth"": 5, ""min_child_samples"": 51, ""min_split_gain"": 0.14684481761684576, ""n_estimators"": 250, ""num_leaves"": 19, ""reg_alpha"": 0.3283803511444792, ""reg_lambda"": 0.02228408404560063, ""subsample"": 0.9909133591286057}","[{""trial"":0,""objective"":0.3142746107,""pr_auc_w"":0.2559351733,""inner_precision"":0.3851925963,""inner_recall"":0.3859649123,""inner_f1"":0.3855783676,""params"":""{\""colsample_bytree\"": 0.8952737305033772, \""learning_rate\"": 0.07442389010832971, \""max_depth\"": 3, \""min_child_samples\"": 37, \""min_split_gain\"": 0.5980928913759078, \""n_estimators\"": 250, \""num_leaves\"": 11, \""reg_alpha\"": 0.0018088573644285443, \""reg_lambda\"": 9.89381788713968, \""subsample\"": 0.9082563081649246}""},{""trial"":1,""objective"":0.3430306273,""pr_auc_w"":0.2770048385,""inner_precision"":0.5347593583,""inner_recall"":0.350877193,""inner_f1"":0.4237288136,""params"":""{\""colsample_bytree\"": 0.6665681893977276, \""learning_rate\"": 0.0903677933327767, \""max_depth\"": 6, \""min_child_samples\"": 20, \""min_split_gain\"": 0.6213617674173304, \""n_estimators\"": 250, \""num_leaves\"": 5, \""reg_alpha\"": 0.4603454841448792, \""reg_lambda\"": 0.4387073206067949, \""subsample\"": 0.7631914196804872}""},{""trial"":2,""objective"":0.3822990261,""pr_auc_w"":0.3266441451,""inner_precision"":0.4291553134,""inner_recall"":0.4736842105,""inner_f1"":0.4503216583,""params"":""{\""colsample_bytree\"": 0.6889013641651205, \""learning_rate\"": 0.07490056545219238, \""max_depth\"": 2, \""min_child_samples\"": 18, \""min_split_gain\"": 0.6979076850604502, \""n_estimators\"": 250, \""num_leaves\"": 21, \""reg_alpha\"": 0.9293501433231293, \""reg_lambda\"": 0.012774139528221177, \""subsample\"": 0.953141743929466}""},{""trial"":3,""objective"":0.3189356682,""pr_auc_w"":0.268991246,""inner_precision"":0.2930144061,""inner_recall"":0.5403508772,""inner_f1"":0.3799788509,""params"":""{\""colsample_bytree\"": 0.8475799135772553, \""learning_rate\"": 0.09051602284970309, \""max_depth\"": 5, \""min_child_samples\"": 27, \""min_split_gain\"": 0.657944221830181, \""n_estimators\"": 250, \""num_leaves\"": 5, \""reg_alpha\"": 0.010486427038772218, \""reg_lambda\"": 1.0345009566197816, \""subsample\"": 0.6443272321601745}""},{""trial"":4,""objective"":0.2733079601,""pr_auc_w"":0.2171400218,""inner_precision"":0.2675537939,""inner_recall"":0.4736842105,""inner_f1"":0.3419576624,""params"":""{\""colsample_bytree\"": 0.4924953407395835, \""learning_rate\"": 0.09086430581453717, \""max_depth\"": 6, \""min_child_samples\"": 34, \""min_split_gain\"": 0.8308188080717166, \""n_estimators\"": 250, \""num_leaves\"": 17, \""reg_alpha\"": 0.004762286283007867, \""reg_lambda\"": 2.6128436741056245, \""subsample\"": 0.5936610134176785}""},{""trial"":5,""objective"":0.3414953839,""pr_auc_w"":0.3011012385,""inner_precision"":0.2633381713,""inner_recall"":0.7578947368,""inner_f1"":0.390866006,""params"":""{\""colsample_bytree\"": 0.679568252590349, \""learning_rate\"": 0.07151009668923153, \""max_depth\"": 6, \""min_child_samples\"": 37, \""min_split_gain\"": 0.13451130419917867, \""n_estimators\"": 250, \""num_leaves\"": 26, \""reg_alpha\"": 1.5136410688922515, \""reg_lambda\"": 3.0379961427688102, \""subsample\"": 0.8344476302980856}""},{""trial"":6,""objective"":0.4237877612,""pr_auc_w"":0.3970792188,""inner_precision"":0.5583756345,""inner_recall"":0.3859649123,""inner_f1"":0.4564315353,""params"":""{\""colsample_bytree\"": 0.9295508611526349, \""learning_rate\"": 0.01948045905065111, \""max_depth\"": 7, \""min_child_samples\"": 21, \""min_split_gain\"": 0.9001773806284973, \""n_estimators\"": 250, \""num_leaves\"": 22, \""reg_alpha\"": 0.05335200776294493, \""reg_lambda\"": 0.004488474437154648, \""subsample\"": 0.8291997685613345}""},{""trial"":7,""objective"":0.2561102381,""pr_auc_w"":0.2061362517,""inner_precision"":0.2046049443,""inner_recall"":0.7052631579,""inner_f1"":0.3171895548,""params"":""{\""colsample_bytree\"": 0.6337161337833159, \""learning_rate\"": 0.01805785125418143, \""max_depth\"": 4, \""min_child_samples\"": 28, \""min_split_gain\"": 0.9519192908666331, \""n_estimators\"": 250, \""num_leaves\"": 25, \""reg_alpha\"": 4.258492534231066, \""reg_lambda\"": 2.1393649420733984, \""subsample\"": 0.9095377720653725}""},{""trial"":8,""objective"":0.4641961806,""pr_auc_w"":0.4386658987,""inner_precision"":0.4679144385,""inner_recall"":0.5263157895,""inner_f1"":0.4953998585,""params"":""{\""colsample_bytree\"": 0.8464903488362079, \""learning_rate\"": 0.10352965372754998, \""max_depth\"": 5, \""min_child_samples\"": 51, \""min_split_gain\"": 0.14684481761684576, \""n_estimators\"": 250, \""num_leaves\"": 19, \""reg_alpha\"": 0.3283803511444792, \""reg_lambda\"": 0.02228408404560063, \""subsample\"": 0.9909133591286057}""},{""trial"":9,""objective"":0.3284697958,""pr_auc_w"":0.2632541741,""inner_precision"":0.3162534435,""inner_recall"":0.5754385965,""inner_f1"":0.4081777778,""params"":""{\""colsample_bytree\"": 0.4986562965460997, \""learning_rate\"": 0.024845093710314608, \""max_depth\"": 6, \""min_child_samples\"": 46, \""min_split_gain\"": 0.7960783872754041, \""n_estimators\"": 250, \""num_leaves\"": 4, \""reg_alpha\"": 0.0018337332644720165, \""reg_lambda\"": 21.691486121380038, \""subsample\"": 0.7467034364134051}""}]"
T13,record|engineered|lightgbm,20360827,0,0.34235412947958044,0.4617901315738553,0.23230088495575213,0.4301075268817203,0.30166995869994606,"{""colsample_bytree"": 0.666384637043635, ""learning_rate"": 0.04201246960117597, ""max_depth"": 3, ""min_child_samples"": 30, ""min_split_gain"": 0.9625752183690038, ""n_estimators"": 250, ""num_leaves"": 6, ""reg_alpha"": 2.0832580584568037, ""reg_lambda"": 9.001383205126338, ""subsample"": 0.5536144412637178}","[{""trial"":0,""objective"":0.2308583448,""pr_auc_w"":0.1708822697,""inner_precision"":0.2520188425,""inner_recall"":0.3835125448,""inner_f1"":0.3041624365,""params"":""{\""colsample_bytree\"": 0.963810368030142, \""learning_rate\"": 0.06513768546192708, \""max_depth\"": 7, \""min_child_samples\"": 32, \""min_split_gain\"": 0.41674610018822633, \""n_estimators\"": 250, \""num_leaves\"": 25, \""reg_alpha\"": 0.007457318864799556, \""reg_lambda\"": 2.4416582213526845, \""subsample\"": 0.7455145699549692}""},{""trial"":1,""objective"":0.1749202947,""pr_auc_w"":0.117168062,""inner_precision"":0.1717791411,""inner_recall"":0.4301075269,""inner_f1"":0.2455063569,""params"":""{\""colsample_bytree\"": 0.8061122970513064, \""learning_rate\"": 0.03183444788271744, \""max_depth\"": 2, \""min_child_samples\"": 29, \""min_split_gain\"": 0.6382522777825405, \""n_estimators\"": 250, \""num_leaves\"": 6, \""reg_alpha\"": 2.196489888244989, \""reg_lambda\"": 0.035904319011218086, \""subsample\"": 0.6274912406861602}""},{""trial"":2,""objective"":0.3423541295,""pr_auc_w"":0.2765077964,""inner_precision"":0.5154639175,""inner_recall"":0.3584229391,""inner_f1"":0.422832981,""params"":""{\""colsample_bytree\"": 0.666384637043635, \""learning_rate\"": 0.04201246960117597, \""max_depth\"": 3, \""min_child_samples\"": 30, \""min_split_gain\"": 0.9625752183690038, \""n_estimators\"": 250, \""num_leaves\"": 6, \""reg_alpha\"": 2.0832580584568037, \""reg_lambda\"": 9.001383205126338, \""subsample\"": 0.5536144412637178}""},{""trial"":3,""objective"":0.2352921868,""pr_auc_w"":0.2049528972,""inner_precision"":0.1992882562,""inner_recall"":0.4301075269,""inner_f1"":0.2723735409,""params"":""{\""colsample_bytree\"": 0.5294820735762259, \""learning_rate\"": 0.0748505787740601, \""max_depth\"": 3, \""min_child_samples\"": 44, \""min_split_gain\"": 0.5489566603361301, \""n_estimators\"": 250, \""num_leaves\"": 10, \""reg_alpha\"": 0.2481084037736297, \""reg_lambda\"": 6.519900911992399, \""subsample\"": 0.5997816249472611}""},{""trial"":4,""objective"":0.1824184041,""pr_auc_w"":0.1304775752,""inner_precision"":0.1721664275,""inner_recall"":0.4301075269,""inner_f1"":0.2459016393,""params"":""{\""colsample_bytree\"": 0.6258134908805025, \""learning_rate\"": 0.05417713840500379, \""max_depth\"": 5, \""min_child_samples\"": 26, \""min_split_gain\"": 0.658815610944972, \""n_estimators\"": 250, \""num_leaves\"": 22, \""reg_alpha\"": 0.08917244594825653, \""reg_lambda\"": 0.004621184420485149, \""subsample\"": 0.6257938980756498}""},{""trial"":5,""objective"":0.2793805541,""pr_auc_w"":0.2095396645,""inner_precision"":0.3166226913,""inner_recall"":0.4301075269,""inner_f1"":0.3647416413,""params"":""{\""colsample_bytree\"": 0.8748796599867124, \""learning_rate\"": 0.0584743612121591, \""max_depth\"": 6, \""min_child_samples\"": 39, \""min_split_gain\"": 0.5864318398109479, \""n_estimators\"": 250, \""num_leaves\"": 7, \""reg_alpha\"": 0.00882401427286805, \""reg_lambda\"": 0.013295390971930736, \""subsample\"": 0.820131983557995}""},{""trial"":6,""objective"":0.1065690881,""pr_auc_w"":0.0794907747,""inner_precision"":0.3164556962,""inner_recall"":0.0896057348,""inner_f1"":0.1396648045,""params"":""{\""colsample_bytree\"": 0.4520807498021344, \""learning_rate\"": 0.03353153023083934, \""max_depth\"": 6, \""min_child_samples\"": 53, \""min_split_gain\"": 0.1481588465731365, \""n_estimators\"": 250, \""num_leaves\"": 3, \""reg_alpha\"": 0.07020928085982898, \""reg_lambda\"": 0.005340117659868636, \""subsample\"": 0.8119034229207127}""},{""trial"":7,""objective"":0.1415558988,""pr_auc_w"":0.0893327841,""inner_precision"":0.1457394291,""inner_recall"":0.3476702509,""inner_f1"":0.20538415,""params"":""{\""colsample_bytree\"": 0.9893599701771876, \""learning_rate\"": 0.03149232153508803, \""max_depth\"": 5, \""min_child_samples\"": 49, \""min_split_gain\"": 0.29631401257088585, \""n_estimators\"": 250, \""num_leaves\"": 7, \""reg_alpha\"": 0.17248408000807286, \""reg_lambda\"": 0.16108238442651207, \""subsample\"": 0.6236853868130536}""},{""trial"":8,""objective"":0.193355423,""pr_auc_w"":0.1492576122,""inner_precision"":0.2004454343,""inner_recall"":0.3225806452,""inner_f1"":0.2472527473,""params"":""{\""colsample_bytree\"": 0.9941497680350406, \""learning_rate\"": 0.058632912201326784, \""max_depth\"": 2, \""min_child_samples\"": 9, \""min_split_gain\"": 0.004765085252846246, \""n_estimators\"": 250, \""num_leaves\"": 7, \""reg_alpha\"": 0.3580563189548845, \""reg_lambda\"": 0.0016187295022387714, \""subsample\"": 0.7114760686660653}""},{""trial"":9,""objective"":0.1663436853,""pr_auc_w"":0.1233858551,""inner_precision"":0.1542821159,""inner_recall"":0.376344086,""inner_f1"":0.2188476999,""params"":""{\""colsample_bytree\"": 0.9137750320954919, \""learning_rate\"": 0.08001833646974298, \""max_depth\"": 7, \""min_child_samples\"": 41, \""min_split_gain\"": 0.20951732898057762, \""n_estimators\"": 250, \""num_leaves\"": 18, \""reg_alpha\"": 0.0010774992500756874, \""reg_lambda\"": 0.02237209335192285, \""subsample\"": 0.7719142538376308}""}]"
T13,record|engineered|lightgbm,20360827,1,0.3902086762020254,0.5603554054802059,0.276243093922652,0.34965034965034975,0.30864197530864207,"{""colsample_bytree"": 0.5017647542185116, ""learning_rate"": 0.05665366666417004, ""max_depth"": 2, ""min_child_samples"": 54, ""min_split_gain"": 0.004938826861586754, ""n_estimators"": 250, ""num_leaves"": 27, ""reg_alpha"": 2.079772837863796, ""reg_lambda"": 0.8419942185875587, ""subsample"": 0.9196823733815931}","[{""trial"":0,""objective"":0.1349117608,""pr_auc_w"":0.0883365374,""inner_precision"":0.1124087591,""inner_recall"":0.6538461538,""inner_f1"":0.1918370338,""params"":""{\""colsample_bytree\"": 0.6372081773121377, \""learning_rate\"": 0.035519688790375106, \""max_depth\"": 6, \""min_child_samples\"": 44, \""min_split_gain\"": 0.5055866380868752, \""n_estimators\"": 250, \""num_leaves\"": 26, \""reg_alpha\"": 0.9098425214608276, \""reg_lambda\"": 25.313894373596604, \""subsample\"": 0.7726495067754271}""},{""trial"":1,""objective"":0.266737801,""pr_auc_w"":0.2078159574,""inner_precision"":0.2765486726,""inner_recall"":0.4370629371,""inner_f1"":0.3387533875,""params"":""{\""colsample_bytree\"": 0.8670636036086026, \""learning_rate\"": 0.015251740234589792, \""max_depth\"": 6, \""min_child_samples\"": 11, \""min_split_gain\"": 0.910723338388621, \""n_estimators\"": 250, \""num_leaves\"": 8, \""reg_alpha\"": 6.3584809509572935, \""reg_lambda\"": 6.424926325513007, \""subsample\"": 0.8295028366019488}""},{""trial"":2,""objective"":0.2124082514,""pr_auc_w"":0.1872121759,""inner_precision"":0.1513374863,""inner_recall"":0.6188811189,""inner_f1"":0.2432034547,""params"":""{\""colsample_bytree\"": 0.7523208995515492, \""learning_rate\"": 0.02116222438869305, \""max_depth\"": 5, \""min_child_samples\"": 18, \""min_split_gain\"": 0.8159834715636191, \""n_estimators\"": 250, \""num_leaves\"": 14, \""reg_alpha\"": 3.866826662217136, \""reg_lambda\"": 0.34087328375701337, \""subsample\"": 0.9101769335439784}""},{""trial"":3,""objective"":0.2004925396,""pr_auc_w"":0.1389218221,""inner_precision"":0.2207870231,""inner_recall"":0.3671328671,""inner_f1"":0.2757456387,""params"":""{\""colsample_bytree\"": 0.46409533865444985, \""learning_rate\"": 0.010221393244404181, \""max_depth\"": 7, \""min_child_samples\"": 15, \""min_split_gain\"": 0.8177130295313646, \""n_estimators\"": 250, \""num_leaves\"": 4, \""reg_alpha\"": 0.02869137085685457, \""reg_lambda\"": 0.0034657868129883626, \""subsample\"": 0.8678004368524412}""},{""trial"":4,""objective"":0.1659148135,""pr_auc_w"":0.1397106003,""inner_precision"":0.1150997151,""inner_recall"":0.7062937063,""inner_f1"":0.1979421852,""params"":""{\""colsample_bytree\"": 0.9279794128646905, \""learning_rate\"": 0.08870176082781689, \""max_depth\"": 2, \""min_child_samples\"": 47, \""min_split_gain\"": 0.044985326383434776, \""n_estimators\"": 250, \""num_leaves\"": 25, \""reg_alpha\"": 0.035813622421561955, \""reg_lambda\"": 0.3333147109016963, \""subsample\"": 0.8073497858813502}""},{""trial"":5,""objective"":0.3902086762,""pr_auc_w"":0.369505576,""inner_precision"":1.0,""inner_recall"":0.2622377622,""inner_f1"":0.4155124654,""params"":""{\""colsample_bytree\"": 0.5017647542185116, \""learning_rate\"": 0.05665366666417004, \""max_depth\"": 2, \""min_child_samples\"": 54, \""min_split_gain\"": 0.004938826861586754, \""n_estimators\"": 250, \""num_leaves\"": 27, \""reg_alpha\"": 2.079772837863796, \""reg_lambda\"": 0.8419942185875587, \""subsample\"": 0.9196823733815931}""},{""trial"":6,""objective"":0.2675919171,""pr_auc_w"":0.2272477878,""inner_precision"":0.3191489362,""inner_recall"":0.3146853147,""inner_f1"":0.3169014085,""params"":""{\""colsample_bytree\"": 0.6783126025945825, \""learning_rate\"": 0.03226078245091732, \""max_depth\"": 2, \""min_child_samples\"": 25, \""min_split_gain\"": 0.40827149074706803, \""n_estimators\"": 250, \""num_leaves\"": 31, \""reg_alpha\"": 0.05000010847894323, \""reg_lambda\"": 0.013228520547963368, \""subsample\"": 0.839630453302648}""},{""trial"":7,""objective"":0.1363802869,""pr_auc_w"":0.0939576279,""inner_precision"":0.1155685441,""inner_recall"":0.506993007,""inner_f1"":0.1882302034,""params"":""{\""colsample_bytree\"": 0.5722524725744129, \""learning_rate\"": 0.102843455643464, \""max_depth\"": 4, \""min_child_samples\"": 47, \""min_split_gain\"": 0.37711985482374766, \""n_estimators\"": 250, \""num_leaves\"": 17, \""reg_alpha\"": 0.013411922200014283, \""reg_lambda\"": 0.021780938937147783, \""subsample\"": 0.7259157959248375}""},{""trial"":8,""objective"":0.2803866824,""pr_auc_w"":0.2305510266,""inner_precision"":0.3333333333,""inner_recall"":0.3496503497,""inner_f1"":0.3412969283,""params"":""{\""colsample_bytree\"": 0.7754124887751135, \""learning_rate\"": 0.015103094438078142, \""max_depth\"": 6, \""min_child_samples\"": 19, \""min_split_gain\"": 0.31914893120918464, \""n_estimators\"": 250, \""num_leaves\"": 19, \""reg_alpha\"": 0.052539427569606646, \""reg_lambda\"": 0.00146542392321715, \""subsample\"": 0.6768262026519565}""},{""trial"":9,""objective"":0.2151454569,""pr_auc_w"":0.1351618278,""inner_precision"":0.2904191617,""inner_recall"":0.3391608392,""inner_f1"":0.3129032258,""params"":""{\""colsample_bytree\"": 0.47921298902949633, \""learning_rate\"": 0.010580083995916915, \""max_depth\"": 7, \""min_child_samples\"": 20, \""min_split_gain\"": 0.7187241712052016, \""n_estimators\"": 250, \""num_leaves\"": 4, \""reg_alpha\"": 0.001073195427084625, \""reg_lambda\"": 0.004948906055472338, \""subsample\"": 0.755874567482135}""}]"
T13,record|engineered|lightgbm,20360827,2,0.19797112798062394,0.04801829252481528,0.07864619678995115,0.6313725490196078,0.1398696866273658,"{""colsample_bytree"": 0.8762166566273453, ""learning_rate"": 0.062352889025607885, ""max_depth"": 3, ""min_child_samples"": 50, ""min_split_gain"": 0.7359907431486181, ""n_estimators"": 250, ""num_leaves"": 20, ""reg_alpha"": 0.35515901258101984, ""reg_lambda"": 0.3153890135192042, ""subsample"": 0.7667758257746037}","[{""trial"":0,""objective"":0.1223953993,""pr_auc_w"":0.0768512969,""inner_precision"":0.1082256311,""inner_recall"":0.5019607843,""inner_f1"":0.1780604134,""params"":""{\""colsample_bytree\"": 0.8232778201005778, \""learning_rate\"": 0.024318215921870914, \""max_depth\"": 5, \""min_child_samples\"": 7, \""min_split_gain\"": 0.9738164055862714, \""n_estimators\"": 250, \""num_leaves\"": 5, \""reg_alpha\"": 0.0473715308157976, \""reg_lambda\"": 6.09720225975281, \""subsample\"": 0.5976312906645675}""},{""trial"":1,""objective"":0.1349979639,""pr_auc_w"":0.0861782627,""inner_precision"":0.1186780785,""inner_recall"":0.5411764706,""inner_f1"":0.1946664875,""params"":""{\""colsample_bytree\"": 0.8155411378893387, \""learning_rate\"": 0.047578881017869244, \""max_depth\"": 3, \""min_child_samples\"": 12, \""min_split_gain\"": 0.8912329996174857, \""n_estimators\"": 250, \""num_leaves\"": 30, \""reg_alpha\"": 5.213182619207393, \""reg_lambda\"": 1.5593489684416648, \""subsample\"": 0.9355370248808966}""},{""trial"":2,""objective"":0.1790465242,""pr_auc_w"":0.1186529561,""inner_precision"":0.1677029993,""inner_recall"":0.5137254902,""inner_f1"":0.2528608852,""params"":""{\""colsample_bytree\"": 0.8150380424743993, \""learning_rate\"": 0.011434607868288026, \""max_depth\"": 7, \""min_child_samples\"": 24, \""min_split_gain\"": 0.5029248532538048, \""n_estimators\"": 250, \""num_leaves\"": 14, \""reg_alpha\"": 0.17737871920044304, \""reg_lambda\"": 1.3749503545966133, \""subsample\"": 0.6273348684246544}""},{""trial"":3,""objective"":0.1075865442,""pr_auc_w"":0.0639977318,""inner_precision"":0.102283105,""inner_recall"":0.3764705882,""inner_f1"":0.1608617594,""params"":""{\""colsample_bytree\"": 0.550084306681178, \""learning_rate\"": 0.1096682538444551, \""max_depth\"": 2, \""min_child_samples\"": 12, \""min_split_gain\"": 0.2050401390601747, \""n_estimators\"": 250, \""num_leaves\"": 11, \""reg_alpha\"": 0.17791821164507102, \""reg_lambda\"": 0.15449072899563468, \""subsample\"": 0.8140742429546375}""},{""trial"":4,""objective"":0.1506225207,""pr_auc_w"":0.0993438931,""inner_precision"":0.164882227,""inner_recall"":0.3019607843,""inner_f1"":0.2132963989,""params"":""{\""colsample_bytree\"": 0.9618694296508672, \""learning_rate\"": 0.03551861879081782, \""max_depth\"": 6, \""min_child_samples\"": 31, \""min_split_gain\"": 0.05214727478007308, \""n_estimators\"": 250, \""num_leaves\"": 31, \""reg_alpha\"": 1.2352912661622415, \""reg_lambda\"": 0.005585609000715693, \""subsample\"": 0.5587938739522842}""},{""trial"":5,""objective"":0.197971128,""pr_auc_w"":0.110129088,""inner_precision"":0.2484188335,""inner_recall"":0.3960784314,""inner_f1"":0.3053336212,""params"":""{\""colsample_bytree\"": 0.8762166566273453, \""learning_rate\"": 0.062352889025607885, \""max_depth\"": 3, \""min_child_samples\"": 50, \""min_split_gain\"": 0.7359907431486181, \""n_estimators\"": 250, \""num_leaves\"": 20, \""reg_alpha\"": 0.35515901258101984, \""reg_lambda\"": 0.3153890135192042, \""subsample\"": 0.7667758257746037}""},{""trial"":6,""objective"":0.0898011541,""pr_auc_w"":0.0564105246,""inner_precision"":0.073000088,""inner_recall"":0.6196078431,""inner_f1"":0.1306119236,""params"":""{\""colsample_bytree\"": 0.7908455702096098, \""learning_rate\"": 0.09612017268572533, \""max_depth\"": 3, \""min_child_samples\"": 50, \""min_split_gain\"": 0.017915073207925403, \""n_estimators\"": 250, \""num_leaves\"": 11, \""reg_alpha\"": 0.7414491652909011, \""reg_lambda\"": 0.001934229093104595, \""subsample\"": 0.8059585787290542}""},{""trial"":7,""objective"":0.1788954327,""pr_auc_w"":0.1309565475,""inner_precision"":0.1695850324,""inner_recall"":0.3960784314,""inner_f1"":0.2374874034,""params"":""{\""colsample_bytree\"": 0.7221162538164403, \""learning_rate\"": 0.10582006086429774, \""max_depth\"": 4, \""min_child_samples\"": 19, \""min_split_gain\"": 0.32301479184579596, \""n_estimators\"": 250, \""num_leaves\"": 13, \""reg_alpha\"": 14.217964787305766, \""reg_lambda\"": 3.670577580733662, \""subsample\"": 0.6044093933720485}""},{""trial"":8,""objective"":0.1054668859,""pr_auc_w"":0.0684762601,""inner_precision"":0.0987632817,""inner_recall"":0.3176470588,""inner_f1"":0.1506776508,""params"":""{\""colsample_bytree\"": 0.9751838353831637, \""learning_rate\"": 0.05984870195761262, \""max_depth\"": 5, \""min_child_samples\"": 16, \""min_split_gain\"": 0.8824793451672504, \""n_estimators\"": 250, \""num_leaves\"": 28, \""reg_alpha\"": 12.904737600487415, \""reg_lambda\"": 0.3568475249335363, \""subsample\"": 0.7387141353737842}""},{""trial"":9,""objective"":0.1797829008,""pr_auc_w"":0.1195267739,""inner_precision"":0.158531439,""inner_recall"":0.631372549,""inner_f1"":0.2534292782,""params"":""{\""colsample_bytree\"": 0.8414637007949592, \""learning_rate\"": 0.0367259432446121, \""max_depth\"": 3, \""min_child_samples\"": 8, \""min_split_gain\"": 0.167039531303113, \""n_estimators\"": 250, \""num_leaves\"": 22, \""reg_alpha\"": 2.082688082848221, \""reg_lambda\"": 0.4306441935522287, \""subsample\"": 0.8897105364730405}""}]"
T13,record|engineered|lightgbm,20360827,3,0.3362785288715046,0.31949587300064547,0.24246660453556998,0.7689655172413794,0.3686820973075106,"{""colsample_bytree"": 0.9387292305603252, ""learning_rate"": 0.013982226712432372, ""max_depth"": 5, ""min_child_samples"": 52, ""min_split_gain"": 0.07685060166066782, ""n_estimators"": 250, ""num_leaves"": 30, ""reg_alpha"": 0.9524495716032512, ""reg_lambda"": 0.4328027859030675, ""subsample"": 0.8758140434038841}","[{""trial"":0,""objective"":0.2066896874,""pr_auc_w"":0.1672552965,""inner_precision"":0.1512272853,""inner_recall"":0.8103448276,""inner_f1"":0.2548872763,""params"":""{\""colsample_bytree\"": 0.5316210436168141, \""learning_rate\"": 0.014423294620587368, \""max_depth\"": 7, \""min_child_samples\"": 55, \""min_split_gain\"": 0.10676108371306547, \""n_estimators\"": 250, \""num_leaves\"": 17, \""reg_alpha\"": 4.348746015800393, \""reg_lambda\"": 0.0017722844759884007, \""subsample\"": 0.6538805499019822}""},{""trial"":1,""objective"":0.1989807027,""pr_auc_w"":0.1436539218,""inner_precision"":0.1722384767,""inner_recall"":0.5896551724,""inner_f1"":0.2666023238,""params"":""{\""colsample_bytree\"": 0.7038961700305923, \""learning_rate\"": 0.02369113104154553, \""max_depth\"": 3, \""min_child_samples\"": 23, \""min_split_gain\"": 0.4244913407777805, \""n_estimators\"": 250, \""num_leaves\"": 26, \""reg_alpha\"": 7.773191801668816, \""reg_lambda\"": 0.507881751234038, \""subsample\"": 0.8690719621705845}""},{""trial"":2,""objective"":0.2014957609,""pr_auc_w"":0.150718237,""inner_precision"":0.1627153926,""inner_recall"":0.6931034483,""inner_f1"":0.263557179,""params"":""{\""colsample_bytree\"": 0.9309964284745426, \""learning_rate\"": 0.014587719737845475, \""max_depth\"": 7, \""min_child_samples\"": 35, \""min_split_gain\"": 0.6245760474896761, \""n_estimators\"": 250, \""num_leaves\"": 14, \""reg_alpha\"": 0.0017498688841047962, \""reg_lambda\"": 0.1095702755847425, \""subsample\"": 0.7427765144335262}""},{""trial"":3,""objective"":0.3047515595,""pr_auc_w"":0.2495542474,""inner_precision"":0.3002114165,""inner_recall"":0.4896551724,""inner_f1"":0.372214941,""params"":""{\""colsample_bytree\"": 0.6959105297084018, \""learning_rate\"": 0.07257805639075361, \""max_depth\"": 3, \""min_child_samples\"": 46, \""min_split_gain\"": 0.8534460102800718, \""n_estimators\"": 250, \""num_leaves\"": 15, \""reg_alpha\"": 0.13570087977492343, \""reg_lambda\"": 7.609592624146568, \""subsample\"": 0.9067240792867097}""},{""trial"":4,""objective"":0.3362785289,""pr_auc_w"":0.3051372834,""inner_precision"":0.2860737527,""inner_recall"":0.5413793103,""inner_f1"":0.3743400511,""params"":""{\""colsample_bytree\"": 0.9387292305603252, \""learning_rate\"": 0.013982226712432372, \""max_depth\"": 5, \""min_child_samples\"": 52, \""min_split_gain\"": 0.07685060166066782, \""n_estimators\"": 250, \""num_leaves\"": 30, \""reg_alpha\"": 0.9524495716032512, \""reg_lambda\"": 0.4328027859030675, \""subsample\"": 0.8758140434038841}""},{""trial"":5,""objective"":0.240457714,""pr_auc_w"":0.1847114858,""inner_precision"":0.199941708,""inner_recall"":0.675862069,""inner_f1"":0.3085919928,""params"":""{\""colsample_bytree\"": 0.8617088234975133, \""learning_rate\"": 0.045068602932639715, \""max_depth\"": 4, \""min_child_samples\"": 31, \""min_split_gain\"": 0.7448299210264672, \""n_estimators\"": 250, \""num_leaves\"": 30, \""reg_alpha\"": 5.657682570791216, \""reg_lambda\"": 0.12126592655359708, \""subsample\"": 0.87608586351332}""},{""trial"":6,""objective"":0.2585040284,""pr_auc_w"":0.1917751221,""inner_precision"":0.2604821803,""inner_recall"":0.4896551724,""inner_f1"":0.3400615806,""params"":""{\""colsample_bytree\"": 0.5886650395572929, \""learning_rate\"": 0.02458345212586476, \""max_depth\"": 5, \""min_child_samples\"": 14, \""min_split_gain\"": 0.2799011273649463, \""n_estimators\"": 250, \""num_leaves\"": 20, \""reg_alpha\"": 0.001583187208011603, \""reg_lambda\"": 0.07176956311925216, \""subsample\"": 0.7099284019203648}""},{""trial"":7,""objective"":0.2590123874,""pr_auc_w"":0.2046385816,""inner_precision"":0.2501985703,""inner_recall"":0.4655172414,""inner_f1"":0.3254692612,""params"":""{\""colsample_bytree\"": 0.46076573586739145, \""learning_rate\"": 0.03563449997251942, \""max_depth\"": 5, \""min_child_samples\"": 55, \""min_split_gain\"": 0.0009586525409120972, \""n_estimators\"": 250, \""num_leaves\"": 30, \""reg_alpha\"": 0.09616992087115074, \""reg_lambda\"": 0.21006705339722906, \""subsample\"": 0.6413528931210197}""},{""trial"":8,""objective"":0.3068306885,""pr_auc_w"":0.2333059851,""inner_precision"":0.380952381,""inner_recall"":0.4137931034,""inner_f1"":0.3966942149,""params"":""{\""colsample_bytree\"": 0.5657849739387955, \""learning_rate\"": 0.022880872705207396, \""max_depth\"": 7, \""min_child_samples\"": 16, \""min_split_gain\"": 0.9995180592241927, \""n_estimators\"": 250, \""num_leaves\"": 13, \""reg_alpha\"": 0.8430606076266919, \""reg_lambda\"": 0.005978747001591962, \""subsample\"": 0.8231053164584069}""},{""trial"":9,""objective"":0.2988313013,""pr_auc_w"":0.2340441008,""inner_precision"":0.279735162,""inner_recall"":0.5827586207,""inner_f1"":0.3780156575,""params"":""{\""colsample_bytree\"": 0.5602236408390099, \""learning_rate\"": 0.04031484754704276, \""max_depth\"": 7, \""min_child_samples\"": 52, \""min_split_gain\"": 0.6721479524295932, \""n_estimators\"": 250, \""num_leaves\"": 14, \""reg_alpha\"": 0.010597585787101132, \""reg_lambda\"": 1.4856145679680497, \""subsample\"": 0.5788305932448786}""}]"
T13,record|engineered|lightgbm,20460830,0,0.35861037276931595,0.43180544484846317,0.3742514970059881,0.4370629370629371,0.40322580645161293,"{""colsample_bytree"": 0.8037125704542438, ""learning_rate"": 0.07061333432693345, ""max_depth"": 7, ""min_child_samples"": 7, ""min_split_gain"": 0.42223740352776695, ""n_estimators"": 250, ""num_leaves"": 6, ""reg_alpha"": 0.005062437137422545, ""reg_lambda"": 21.309501359266463, ""subsample"": 0.7558963741983745}","[{""trial"":0,""objective"":0.1655469964,""pr_auc_w"":0.1086158888,""inner_precision"":0.1633287964,""inner_recall"":0.4195804196,""inner_f1"":0.2351294612,""params"":""{\""colsample_bytree\"": 0.6396774074775333, \""learning_rate\"": 0.01639403669535118, \""max_depth\"": 4, \""min_child_samples\"": 26, \""min_split_gain\"": 0.5731479764644536, \""n_estimators\"": 250, \""num_leaves\"": 20, \""reg_alpha\"": 3.7049587465552656, \""reg_lambda\"": 0.2947117755707991, \""subsample\"": 0.7974929672443043}""},{""trial"":1,""objective"":0.2170591623,""pr_auc_w"":0.1576522112,""inner_precision"":0.195428372,""inner_recall"":0.5594405594,""inner_f1"":0.2896676581,""params"":""{\""colsample_bytree\"": 0.8569801606201577, \""learning_rate\"": 0.016387345570875043, \""max_depth\"": 4, \""min_child_samples\"": 10, \""min_split_gain\"": 0.8384343755570638, \""n_estimators\"": 250, \""num_leaves\"": 20, \""reg_alpha\"": 2.4268726941050933, \""reg_lambda\"": 0.45328302081627353, \""subsample\"": 0.8837176292382708}""},{""trial"":2,""objective"":0.1918095635,""pr_auc_w"":0.1328631362,""inner_precision"":0.1622303809,""inner_recall"":0.7062937063,""inner_f1"":0.2638551969,""params"":""{\""colsample_bytree\"": 0.6071278339659033, \""learning_rate\"": 0.034906770578689815, \""max_depth\"": 2, \""min_child_samples\"": 38, \""min_split_gain\"": 0.6787874422140396, \""n_estimators\"": 250, \""num_leaves\"": 24, \""reg_alpha\"": 0.3369001192698798, \""reg_lambda\"": 0.008995780058050823, \""subsample\"": 0.8288824665981529}""},{""trial"":3,""objective"":0.3586103728,""pr_auc_w"":0.3273435349,""inner_precision"":0.363372093,""inner_recall"":0.4370629371,""inner_f1"":0.3968253968,""params"":""{\""colsample_bytree\"": 0.8037125704542438, \""learning_rate\"": 0.07061333432693345, \""max_depth\"": 7, \""min_child_samples\"": 7, \""min_split_gain\"": 0.42223740352776695, \""n_estimators\"": 250, \""num_leaves\"": 6, \""reg_alpha\"": 0.005062437137422545, \""reg_lambda\"": 21.309501359266463, \""subsample\"": 0.7558963741983745}""},{""trial"":4,""objective"":0.2939414461,""pr_auc_w"":0.2626106235,""inner_precision"":0.2256851155,""inner_recall"":0.6293706294,""inner_f1"":0.3322346737,""params"":""{\""colsample_bytree\"": 0.7931992151145322, \""learning_rate\"": 0.04646938540472183, \""max_depth\"": 6, \""min_child_samples\"": 38, \""min_split_gain\"": 0.02948184026195333, \""n_estimators\"": 250, \""num_leaves\"": 11, \""reg_alpha\"": 2.938165965768561, \""reg_lambda\"": 0.4719295080313219, \""subsample\"": 0.5540598541741378}""},{""trial"":5,""objective"":0.3038963068,""pr_auc_w"":0.2831578138,""inner_precision"":0.2787396122,""inner_recall"":0.4020979021,""inner_f1"":0.3292433538,""params"":""{\""colsample_bytree\"": 0.730826672218652, \""learning_rate\"": 0.020337799060592243, \""max_depth\"": 5, \""min_child_samples\"": 45, \""min_split_gain\"": 0.09349385211854211, \""n_estimators\"": 250, \""num_leaves\"": 20, \""reg_alpha\"": 1.2649979778482159, \""reg_lambda\"": 0.425661758140649, \""subsample\"": 0.5553282414057774}""},{""trial"":6,""objective"":0.2415832941,""pr_auc_w"":0.1585854077,""inner_precision"":0.2548543689,""inner_recall"":0.5244755245,""inner_f1"":0.3430251552,""params"":""{\""colsample_bytree\"": 0.9707374512439029, \""learning_rate\"": 0.10179784456083395, \""max_depth\"": 3, \""min_child_samples\"": 45, \""min_split_gain\"": 0.775551883964139, \""n_estimators\"": 250, \""num_leaves\"": 12, \""reg_alpha\"": 0.019961428457036183, \""reg_lambda\"": 0.0903045048853281, \""subsample\"": 0.6009154887339264}""},{""trial"":7,""objective"":0.1591709721,""pr_auc_w"":0.1217405469,""inner_precision"":0.1468108108,""inner_recall"":0.3391608392,""inner_f1"":0.2049192697,""params"":""{\""colsample_bytree\"": 0.8831335334556341, \""learning_rate\"": 0.07218070470523216, \""max_depth\"": 6, \""min_child_samples\"": 17, \""min_split_gain\"": 0.46311658031170144, \""n_estimators\"": 250, \""num_leaves\"": 23, \""reg_alpha\"": 0.0017855424150759291, \""reg_lambda\"": 0.00993366558119188, \""subsample\"": 0.7927983606824709}""},{""trial"":8,""objective"":0.2146303193,""pr_auc_w"":0.1519551666,""inner_precision"":0.2318154938,""inner_recall"":0.3916083916,""inner_f1"":0.2912332838,""params"":""{\""colsample_bytree\"": 0.9725466189899792, \""learning_rate\"": 0.015599587486009717, \""max_depth\"": 3, \""min_child_samples\"": 34, \""min_split_gain\"": 0.6832693478613765, \""n_estimators\"": 250, \""num_leaves\"": 28, \""reg_alpha\"": 0.003054436496548802, \""reg_lambda\"": 0.06705706351080468, \""subsample\"": 0.5750836492506971}""},{""trial"":9,""objective"":0.3479539746,""pr_auc_w"":0.2982548061,""inner_precision"":0.3423271501,""inner_recall"":0.506993007,""inner_f1"":0.4086974029,""params"":""{\""colsample_bytree\"": 0.8287364930233728, \""learning_rate\"": 0.030942152677449812, \""max_depth\"": 3, \""min_child_samples\"": 11, \""min_split_gain\"": 0.10520032807772606, \""n_estimators\"": 250, \""num_leaves\"": 17, \""reg_alpha\"": 0.0014138583385590402, \""reg_lambda\"": 0.7695127704178084, \""subsample\"": 0.8094296463487701}""}]"
T13,record|engineered|lightgbm,20460830,1,0.3899610212847886,0.14037868982550455,0.33641618497109826,0.6466666666666666,0.44258555133079847,"{""colsample_bytree"": 0.6499953532021713, ""learning_rate"": 0.018887838074174317, ""max_depth"": 4, ""min_child_samples"": 5, ""min_split_gain"": 0.5040156304750765, ""n_estimators"": 250, ""num_leaves"": 12, ""reg_alpha"": 0.2226670145432312, ""reg_lambda"": 0.003067018163030553, ""subsample"": 0.8610027362260284}","[{""trial"":0,""objective"":0.3255041596,""pr_auc_w"":0.2668879001,""inner_precision"":0.3086876155,""inner_recall"":0.5566666667,""inner_f1"":0.3971462545,""params"":""{\""colsample_bytree\"": 0.9713344367747265, \""learning_rate\"": 0.01396297358324402, \""max_depth\"": 3, \""min_child_samples\"": 46, \""min_split_gain\"": 0.11777940120173602, \""n_estimators\"": 250, \""num_leaves\"": 31, \""reg_alpha\"": 0.08682338652868761, \""reg_lambda\"": 5.240643696339562, \""subsample\"": 0.9416846060217783}""},{""trial"":1,""objective"":0.3899610213,""pr_auc_w"":0.3385226116,""inner_precision"":0.4285714286,""inner_recall"":0.48,""inner_f1"":0.4528301887,""params"":""{\""colsample_bytree\"": 0.6499953532021713, \""learning_rate\"": 0.018887838074174317, \""max_depth\"": 4, \""min_child_samples\"": 5, \""min_split_gain\"": 0.5040156304750765, \""n_estimators\"": 250, \""num_leaves\"": 12, \""reg_alpha\"": 0.2226670145432312, \""reg_lambda\"": 0.003067018163030553, \""subsample\"": 0.8610027362260284}""},{""trial"":2,""objective"":0.3409437744,""pr_auc_w"":0.2862193504,""inner_precision"":0.3,""inner_recall"":0.6366666667,""inner_f1"":0.4078291815,""params"":""{\""colsample_bytree\"": 0.5585395765464082, \""learning_rate\"": 0.021252595185667925, \""max_depth\"": 5, \""min_child_samples\"": 17, \""min_split_gain\"": 0.809414565479657, \""n_estimators\"": 250, \""num_leaves\"": 18, \""reg_alpha\"": 7.69720465586135, \""reg_lambda\"": 1.8913965396947543, \""subsample\"": 0.8419128939774932}""},{""trial"":3,""objective"":0.2332659503,""pr_auc_w"":0.2004214076,""inner_precision"":0.1822897369,""inner_recall"":0.5466666667,""inner_f1"":0.2734092804,""params"":""{\""colsample_bytree\"": 0.8491198648798778, \""learning_rate\"": 0.015319375962537712, \""max_depth\"": 4, \""min_child_samples\"": 8, \""min_split_gain\"": 0.014998322573476996, \""n_estimators\"": 250, \""num_leaves\"": 20, \""reg_alpha\"": 0.02470270665098744, \""reg_lambda\"": 0.0011080057185957708, \""subsample\"": 0.6933262252730462}""},{""trial"":4,""objective"":0.3416406424,""pr_auc_w"":0.2934238758,""inner_precision"":0.350877193,""inner_recall"":0.4666666667,""inner_f1"":0.4005722461,""params"":""{\""colsample_bytree\"": 0.4959461536090184, \""learning_rate\"": 0.05027729641048691, \""max_depth\"": 6, \""min_child_samples\"": 49, \""min_split_gain\"": 0.9207012439573442, \""n_estimators\"": 250, \""num_leaves\"": 3, \""reg_alpha\"": 0.0010924671195160843, \""reg_lambda\"": 4.897779979043797, \""subsample\"": 0.5912112904817631}""},{""trial"":5,""objective"":0.3623507639,""pr_auc_w"":0.3267162497,""inner_precision"":0.4545454545,""inner_recall"":0.3666666667,""inner_f1"":0.405904059,""params"":""{\""colsample_bytree\"": 0.6094161278431239, \""learning_rate\"": 0.052233431386688546, \""max_depth\"": 3, \""min_child_samples\"": 36, \""min_split_gain\"": 0.8049417572146186, \""n_estimators\"": 250, \""num_leaves\"": 13, \""reg_alpha\"": 0.250264496286509, \""reg_lambda\"": 0.005118717705152058, \""subsample\"": 0.7150807133580943}""},{""trial"":6,""objective"":0.3591720974,""pr_auc_w"":0.3120522633,""inner_precision"":0.2991701245,""inner_recall"":0.6866666667,""inner_f1"":0.4167630058,""params"":""{\""colsample_bytree\"": 0.931726838984458, \""learning_rate\"": 0.03325223804536665, \""max_depth\"": 4, \""min_child_samples\"": 6, \""min_split_gain\"": 0.17081033635095622, \""n_estimators\"": 250, \""num_leaves\"": 6, \""reg_alpha\"": 0.024641567881491033, \""reg_lambda\"": 3.55274492533328, \""subsample\"": 0.699093460607847}""},{""trial"":7,""objective"":0.2478831595,""pr_auc_w"":0.19638808,""inner_precision"":0.2156030985,""inner_recall"":0.5566666667,""inner_f1"":0.31082159,""params"":""{\""colsample_bytree\"": 0.7842357433083476, \""learning_rate\"": 0.018965807047170814, \""max_depth\"": 2, \""min_child_samples\"": 53, \""min_split_gain\"": 0.6444706126795541, \""n_estimators\"": 250, \""num_leaves\"": 14, \""reg_alpha\"": 0.847008840932293, \""reg_lambda\"": 0.031088016595518946, \""subsample\"": 0.9944535625606734}""},{""trial"":8,""objective"":0.2660909351,""pr_auc_w"":0.1792288945,""inner_precision"":0.250218627,""inner_recall"":0.7266666667,""inner_f1"":0.3722556513,""params"":""{\""colsample_bytree\"": 0.8464541093983111, \""learning_rate\"": 0.010840134001803153, \""max_depth\"": 3, \""min_child_samples\"": 18, \""min_split_gain\"": 0.9567668025981787, \""n_estimators\"": 250, \""num_leaves\"": 21, \""reg_alpha\"": 5.68308021406953, \""reg_lambda\"": 25.379310012244623, \""subsample\"": 0.5820304997965524}""},{""trial"":9,""objective"":0.2894921146,""pr_auc_w"":0.2316743173,""inner_precision"":0.238342235,""inner_recall"":0.7366666667,""inner_f1"":0.3601583113,""params"":""{\""colsample_bytree\"": 0.9084957840685044, \""learning_rate\"": 0.02386052931116702, \""max_depth\"": 5, \""min_child_samples\"": 27, \""min_split_gain\"": 0.5987649860805243, \""n_estimators\"": 250, \""num_leaves\"": 15, \""reg_alpha\"": 0.06043122018956326, \""reg_lambda\"": 15.64848257285423, \""subsample\"": 0.9600937904677499}""}]"
T13,record|engineered|lightgbm,20460830,2,0.20298539052572157,0.11913073352384285,0.08436319068532332,0.46274509803921554,0.14270905321354535,"{""colsample_bytree"": 0.5554397631516904, ""learning_rate"": 0.01999630875536426, ""max_depth"": 3, ""min_child_samples"": 10, ""min_split_gain"": 0.7958735891429097, ""n_estimators"": 250, ""num_leaves"": 25, ""reg_alpha"": 0.03157732436654463, ""reg_lambda"": 3.330500336911797, ""subsample"": 0.9297838158359022}","[{""trial"":0,""objective"":0.1552036722,""pr_auc_w"":0.1088646718,""inner_precision"":0.1456596371,""inner_recall"":0.3882352941,""inner_f1"":0.2118402282,""params"":""{\""colsample_bytree\"": 0.5971851774295589, \""learning_rate\"": 0.08107027793384002, \""max_depth\"": 6, \""min_child_samples\"": 6, \""min_split_gain\"": 0.10565089824279306, \""n_estimators\"": 250, \""num_leaves\"": 22, \""reg_alpha\"": 0.023662929034282604, \""reg_lambda\"": 0.002257929815371873, \""subsample\"": 0.9552074527062798}""},{""trial"":1,""objective"":0.2029853905,""pr_auc_w"":0.1336533956,""inner_precision"":0.2148783186,""inner_recall"":0.4352941176,""inner_f1"":0.2877244955,""params"":""{\""colsample_bytree\"": 0.5554397631516904, \""learning_rate\"": 0.01999630875536426, \""max_depth\"": 3, \""min_child_samples\"": 10, \""min_split_gain\"": 0.7958735891429097, \""n_estimators\"": 250, \""num_leaves\"": 25, \""reg_alpha\"": 0.03157732436654463, \""reg_lambda\"": 3.330500336911797, \""subsample\"": 0.9297838158359022}""},{""trial"":2,""objective"":0.160588911,""pr_auc_w"":0.1413014723,""inner_precision"":0.1278075641,""inner_recall"":0.3294117647,""inner_f1"":0.1841624471,""params"":""{\""colsample_bytree\"": 0.548154762747554, \""learning_rate\"": 0.014599648692552352, \""max_depth\"": 5, \""min_child_samples\"": 44, \""min_split_gain\"": 0.6781078640106769, \""n_estimators\"": 250, \""num_leaves\"": 28, \""reg_alpha\"": 0.9849563738060493, \""reg_lambda\"": 5.4278102084133435, \""subsample\"": 0.6726926721862037}""},{""trial"":3,""objective"":0.0860948848,""pr_auc_w"":0.0588421773,""inner_precision"":0.0691917243,""inner_recall"":0.4352941176,""inner_f1"":0.1194037496,""params"":""{\""colsample_bytree\"": 0.8230409838010602, \""learning_rate\"": 0.0300103653612466, \""max_depth\"": 2, \""min_child_samples\"": 13, \""min_split_gain\"": 0.2581642845673835, \""n_estimators\"": 250, \""num_leaves\"": 7, \""reg_alpha\"": 0.39427249369018047, \""reg_lambda\"": 0.010835945570298012, \""subsample\"": 0.602654124182906}""},{""trial"":4,""objective"":0.1734317395,""pr_auc_w"":0.1470484494,""inner_precision"":0.1592865929,""inner_recall"":0.2901960784,""inner_f1"":0.2056779829,""params"":""{\""colsample_bytree\"": 0.5770223016460612, \""learning_rate\"": 0.01763437685705488, \""max_depth\"": 4, \""min_child_samples\"": 31, \""min_split_gain\"": 0.1261836806951765, \""n_estimators\"": 250, \""num_leaves\"": 25, \""reg_alpha\"": 0.047619949542828145, \""reg_lambda\"": 2.0267733476594865, \""subsample\"": 0.631332680697631}""},{""trial"":5,""objective"":0.1574469501,""pr_auc_w"":0.1199723638,""inner_precision"":0.1201593951,""inner_recall"":0.6588235294,""inner_f1"":0.2032492223,""params"":""{\""colsample_bytree\"": 0.643768358473302, \""learning_rate\"": 0.07759689013949965, \""max_depth\"": 7, \""min_child_samples\"": 35, \""min_split_gain\"": 0.40858523805281877, \""n_estimators\"": 250, \""num_leaves\"": 14, \""reg_alpha\"": 0.08815548195832777, \""reg_lambda\"": 22.05867868590825, \""subsample\"": 0.6679220240819339}""},{""trial"":6,""objective"":0.1297570594,""pr_auc_w"":0.0813648397,""inner_precision"":0.1192014093,""inner_recall"":0.4549019608,""inner_f1"":0.1889031057,""params"":""{\""colsample_bytree\"": 0.8714617138624434, \""learning_rate\"": 0.0783517050566427, \""max_depth\"": 7, \""min_child_samples\"": 17, \""min_split_gain\"": 0.7558482256104233, \""n_estimators\"": 250, \""num_leaves\"": 28, \""reg_alpha\"": 2.0954948992863645, \""reg_lambda\"": 0.1742827928657705, \""subsample\"": 0.5591000780626958}""},{""trial"":7,""objective"":0.0772911958,""pr_auc_w"":0.0501560068,""inner_precision"":0.0598327858,""inner_recall"":0.7176470588,""inner_f1"":0.1104564268,""params"":""{\""colsample_bytree\"": 0.7270791479874728, \""learning_rate\"": 0.025785377963116602, \""max_depth\"": 7, \""min_child_samples\"": 45, \""min_split_gain\"": 0.004832119970443971, \""n_estimators\"": 250, \""num_leaves\"": 22, \""reg_alpha\"": 0.6403594308681264, \""reg_lambda\"": 0.18063635266540998, \""subsample\"": 0.9118532447473067}""},{""trial"":8,""objective"":0.1462932942,""pr_auc_w"":0.104238519,""inner_precision"":0.1704545455,""inner_recall"":0.2352941176,""inner_f1"":0.197693575,""params"":""{\""colsample_bytree\"": 0.5765468396023139, \""learning_rate\"": 0.011671927705848665, \""max_depth\"": 5, \""min_child_samples\"": 29, \""min_split_gain\"": 0.2540978586813908, \""n_estimators\"": 250, \""num_leaves\"": 31, \""reg_alpha\"": 0.008710977344567128, \""reg_lambda\"": 0.004922201148548945, \""subsample\"": 0.8247576877786906}""},{""trial"":9,""objective"":0.1257798746,""pr_auc_w"":0.0821008259,""inner_precision"":0.1339186691,""inner_recall"":0.2705882353,""inner_f1"":0.1791653787,""params"":""{\""colsample_bytree\"": 0.9754022594213465, \""learning_rate\"": 0.016231260236796892, \""max_depth\"": 4, \""min_child_samples\"": 26, \""min_split_gain\"": 0.3932003117029014, \""n_estimators\"": 250, \""num_leaves\"": 10, \""reg_alpha\"": 0.033186052395644955, \""reg_lambda\"": 4.623469491322162, \""subsample\"": 0.8463813397524174}""}]"
T13,record|engineered|lightgbm,20460830,3,0.16760738897325334,0.06663190353666365,0.06507400675149301,0.6654275092936804,0.1185542624657014,"{""colsample_bytree"": 0.600650715939737, ""learning_rate"": 0.015056314134884848, ""max_depth"": 5, ""min_child_samples"": 39, ""min_split_gain"": 0.3887964775102746, ""n_estimators"": 250, ""num_leaves"": 7, ""reg_alpha"": 0.30009641377846735, ""reg_lambda"": 2.176960046022595, ""subsample"": 0.5692990388609368}","[{""trial"":0,""objective"":0.1160615955,""pr_auc_w"":0.0715441214,""inner_precision"":0.1071770335,""inner_recall"":0.4163568773,""inner_f1"":0.1704718417,""params"":""{\""colsample_bytree\"": 0.943223867090448, \""learning_rate\"": 0.02789433527183297, \""max_depth\"": 5, \""min_child_samples\"": 7, \""min_split_gain\"": 0.7358918550020058, \""n_estimators\"": 250, \""num_leaves\"": 7, \""reg_alpha\"": 0.010397483289740675, \""reg_lambda\"": 0.05072014370058554, \""subsample\"": 0.6606999477708326}""},{""trial"":1,""objective"":0.1065053021,""pr_auc_w"":0.0623074791,""inner_precision"":0.0907389436,""inner_recall"":0.6951672862,""inner_f1"":0.1605248636,""params"":""{\""colsample_bytree\"": 0.8976260099955342, \""learning_rate\"": 0.015048017973181345, \""max_depth\"": 7, \""min_child_samples\"": 51, \""min_split_gain\"": 0.08059108373371437, \""n_estimators\"": 250, \""num_leaves\"": 19, \""reg_alpha\"": 1.0962561476222543, \""reg_lambda\"": 0.16027981737633698, \""subsample\"": 0.8191427628138264}""},{""trial"":2,""objective"":0.1003011582,""pr_auc_w"":0.0628560384,""inner_precision"":0.0826405868,""inner_recall"":0.6282527881,""inner_f1"":0.1460674157,""params"":""{\""colsample_bytree\"": 0.49593209653634135, \""learning_rate\"": 0.08590262201947484, \""max_depth\"": 7, \""min_child_samples\"": 11, \""min_split_gain\"": 0.7972688720725497, \""n_estimators\"": 250, \""num_leaves\"": 7, \""reg_alpha\"": 0.02364260265941439, \""reg_lambda\"": 8.38962946982196, \""subsample\"": 0.9483841487181737}""},{""trial"":3,""objective"":0.132402616,""pr_auc_w"":0.0780335266,""inner_precision"":0.1299039557,""inner_recall"":0.4237918216,""inner_f1"":0.1988537254,""params"":""{\""colsample_bytree\"": 0.6355906063429526, \""learning_rate\"": 0.06751951169241585, \""max_depth\"": 2, \""min_child_samples\"": 9, \""min_split_gain\"": 0.9138402992255085, \""n_estimators\"": 250, \""num_leaves\"": 28, \""reg_alpha\"": 0.07438305592458706, \""reg_lambda\"": 2.9824684922586524, \""subsample\"": 0.7115022673533232}""},{""trial"":4,""objective"":0.1630743728,""pr_auc_w"":0.1257459254,""inner_precision"":0.1405415362,""inner_recall"":0.405204461,""inner_f1"":0.2086980306,""params"":""{\""colsample_bytree\"": 0.6041281167706765, \""learning_rate\"": 0.01844341673293773, \""max_depth\"": 4, \""min_child_samples\"": 16, \""min_split_gain\"": 0.1993948625989821, \""n_estimators\"": 250, \""num_leaves\"": 25, \""reg_alpha\"": 0.10084481135092371, \""reg_lambda\"": 1.4718524127268435, \""subsample\"": 0.6196622619870509}""},{""trial"":5,""objective"":0.1164538587,""pr_auc_w"":0.0979668984,""inner_precision"":0.0778971604,""inner_recall"":0.6468401487,""inner_f1"":0.1390490325,""params"":""{\""colsample_bytree\"": 0.8581664084953031, \""learning_rate\"": 0.09612676899979819, \""max_depth\"": 2, \""min_child_samples\"": 35, \""min_split_gain\"": 0.5556242394891842, \""n_estimators\"": 250, \""num_leaves\"": 17, \""reg_alpha\"": 0.0011711676806260107, \""reg_lambda\"": 0.01356765376408053, \""subsample\"": 0.9917106515379142}""},{""trial"":6,""objective"":0.1365600619,""pr_auc_w"":0.0860070246,""inner_precision"":0.1785714286,""inner_recall"":0.2230483271,""inner_f1"":0.1983471074,""params"":""{\""colsample_bytree\"": 0.7955417135773984, \""learning_rate\"": 0.07580575548291014, \""max_depth\"": 2, \""min_child_samples\"": 7, \""min_split_gain\"": 0.8408123680376566, \""n_estimators\"": 250, \""num_leaves\"": 24, \""reg_alpha\"": 7.727937560877028, \""reg_lambda\"": 0.0021210154533177093, \""subsample\"": 0.7312766480907318}""},{""trial"":7,""objective"":0.167607389,""pr_auc_w"":0.1095765846,""inner_precision"":0.1466147102,""inner_recall"":0.6394052045,""inner_f1"":0.2385339277,""params"":""{\""colsample_bytree\"": 0.600650715939737, \""learning_rate\"": 0.015056314134884848, \""max_depth\"": 5, \""min_child_samples\"": 39, \""min_split_gain\"": 0.3887964775102746, \""n_estimators\"": 250, \""num_leaves\"": 7, \""reg_alpha\"": 0.30009641377846735, \""reg_lambda\"": 2.176960046022595, \""subsample\"": 0.5692990388609368}""},{""trial"":8,""objective"":0.1436671373,""pr_auc_w"":0.0941954986,""inner_precision"":0.1184020399,""inner_recall"":0.7397769517,""inner_f1"":0.2041324736,""params"":""{\""colsample_bytree\"": 0.6095904769436197, \""learning_rate\"": 0.08826347392728134, \""max_depth\"": 6, \""min_child_samples\"": 11, \""min_split_gain\"": 0.8740427106086283, \""n_estimators\"": 250, \""num_leaves\"": 20, \""reg_alpha\"": 0.023694706386057772, \""reg_lambda\"": 17.923733923380162, \""subsample\"": 0.9920335927557994}""},{""trial"":9,""objective"":0.1047291658,""pr_auc_w"":0.0662021372,""inner_precision"":0.0889803384,""inner_recall"":0.5167286245,""inner_f1"":0.1518177563,""params"":""{\""colsample_bytree\"": 0.7617814407036836, \""learning_rate\"": 0.024560350516463374, \""max_depth\"": 2, \""min_child_samples\"": 50, \""min_split_gain\"": 0.7887615715720937, \""n_estimators\"": 250, \""num_leaves\"": 11, \""reg_alpha\"": 0.03550435671027744, \""reg_lambda\"": 0.03195113972030807, \""subsample\"": 0.9085748498504321}""}]"
T13,record|longitudinal|elastic,20260824,0,0.23164902627942074,0.5044175992354553,0.26712328767123283,0.41935483870967727,0.32635983263598317,"{""C"": 0.05476300257791744, ""l1_ratio"": 0.017876512156972724}","[{""trial"":0,""objective"":0.1774184516,""pr_auc_w"":0.1454517391,""inner_precision"":0.1290927022,""inner_recall"":0.6702508961,""inner_f1"":0.2164888779,""params"":""{\""C\"": 0.02444104034799468, \""l1_ratio\"": 0.15165910187752096}""},{""trial"":1,""objective"":0.2137033245,""pr_auc_w"":0.178060353,""inner_precision"":0.3701923077,""inner_recall"":0.1971326165,""inner_f1"":0.2572669562,""params"":""{\""C\"": 0.5348997046470697, \""l1_ratio\"": 0.2707025916816034}""},{""trial"":2,""objective"":0.2062360375,""pr_auc_w"":0.1571960889,""inner_precision"":0.2748091603,""inner_recall"":0.2580645161,""inner_f1"":0.2661737523,""params"":""{\""C\"": 0.17848493336529223, \""l1_ratio\"": 0.5100702209730764}""},{""trial"":3,""objective"":0.1700068321,""pr_auc_w"":0.1245510413,""inner_precision"":0.375,""inner_recall"":0.1612903226,""inner_f1"":0.2255639098,""params"":""{\""C\"": 0.48835721228318324, \""l1_ratio\"": 0.9954935884259661}""},{""trial"":4,""objective"":0.1651511405,""pr_auc_w"":0.1127003666,""inner_precision"":0.3962264151,""inner_recall"":0.1612903226,""inner_f1"":0.2292576419,""params"":""{\""C\"": 0.31197585840155273, \""l1_ratio\"": 0.10128100493224867}""},{""trial"":5,""objective"":0.2075868819,""pr_auc_w"":0.1448798829,""inner_precision"":0.2751677852,""inner_recall"":0.29390681,""inner_f1"":0.2842287695,""params"":""{\""C\"": 0.8218843076906371, \""l1_ratio\"": 0.07535616598283923}""},{""trial"":6,""objective"":0.131093458,""pr_auc_w"":0.1034866069,""inner_precision"":0.3529411765,""inner_recall"":0.1075268817,""inner_f1"":0.1648351648,""params"":""{\""C\"": 0.3141496575837767, \""l1_ratio\"": 0.31971691575490324}""},{""trial"":7,""objective"":0.2316490263,""pr_auc_w"":0.17636974,""inner_precision"":0.5588235294,""inner_recall"":0.2043010753,""inner_f1"":0.2992125984,""params"":""{\""C\"": 0.05476300257791744, \""l1_ratio\"": 0.017876512156972724}""},{""trial"":8,""objective"":0.1591820614,""pr_auc_w"":0.1102580281,""inner_precision"":0.3409090909,""inner_recall"":0.1612903226,""inner_f1"":0.2189781022,""params"":""{\""C\"": 0.2669075563653157, \""l1_ratio\"": 0.38906136821405723}""},{""trial"":9,""objective"":0.2098565398,""pr_auc_w"":0.1573979429,""inner_precision"":0.2380952381,""inner_recall"":0.3225806452,""inner_f1"":0.2739726027,""params"":""{\""C\"": 0.32959257431750577, \""l1_ratio\"": 0.35284773292719984}""}]"
T13,record|longitudinal|elastic,20260824,1,0.2983581860882213,0.8232611411467855,0.4230769230769231,0.18272425249169438,0.2552204176334107,"{""C"": 0.1998707720415515, ""l1_ratio"": 0.9316638900143265}","[{""trial"":0,""objective"":0.0920474808,""pr_auc_w"":0.0555542526,""inner_precision"":0.0811654527,""inner_recall"":0.4318936877,""inner_f1"":0.1366503153,""params"":""{\""C\"": 0.011373791076793578, \""l1_ratio\"": 0.5027241610775213}""},{""trial"":1,""objective"":0.2983581861,""pr_auc_w"":0.2343674894,""inner_precision"":0.5084745763,""inner_recall"":0.2990033223,""inner_f1"":0.3765690377,""params"":""{\""C\"": 0.1998707720415515, \""l1_ratio\"": 0.9316638900143265}""},{""trial"":2,""objective"":0.2163577689,""pr_auc_w"":0.1419431498,""inner_precision"":0.2048726467,""inner_recall"":0.6146179402,""inner_f1"":0.3073089701,""params"":""{\""C\"": 1.1238114738035287, \""l1_ratio\"": 0.46829051869641547}""},{""trial"":3,""objective"":0.1424034199,""pr_auc_w"":0.1151644771,""inner_precision"":0.1570680628,""inner_recall"":0.1993355482,""inner_f1"":0.1756954612,""params"":""{\""C\"": 0.0621585385533397, \""l1_ratio\"": 0.5603458685244602}""},{""trial"":4,""objective"":0.2014010471,""pr_auc_w"":0.1329960251,""inner_precision"":0.2876712329,""inner_recall"":0.2823920266,""inner_f1"":0.2850071851,""params"":""{\""C\"": 0.008044183598885316, \""l1_ratio\"": 0.48931021865898616}""},{""trial"":5,""objective"":0.1354393669,""pr_auc_w"":0.1060664784,""inner_precision"":0.1612903226,""inner_recall"":0.1827242525,""inner_f1"":0.1713395639,""params"":""{\""C\"": 0.2944120351959974, \""l1_ratio\"": 0.6156973772684065}""},{""trial"":6,""objective"":0.1486138942,""pr_auc_w"":0.1280519382,""inner_precision"":0.2073732719,""inner_recall"":0.1495016611,""inner_f1"":0.1737451737,""params"":""{\""C\"": 0.02827962799665994, \""l1_ratio\"": 0.6950144587032979}""},{""trial"":7,""objective"":0.1374410244,""pr_auc_w"":0.0925501143,""inner_precision"":0.347826087,""inner_recall"":0.1328903654,""inner_f1"":0.1923076923,""params"":""{\""C\"": 0.015755721629500872, \""l1_ratio\"": 0.20107635588917672}""},{""trial"":8,""objective"":0.1412169182,""pr_auc_w"":0.0971128003,""inner_precision"":0.138121547,""inner_recall"":0.3322259136,""inner_f1"":0.1951219512,""params"":""{\""C\"": 0.021051218938884432, \""l1_ratio\"": 0.4582962486161455}""},{""trial"":9,""objective"":0.1129898133,""pr_auc_w"":0.0827087515,""inner_precision"":0.303030303,""inner_recall"":0.0996677741,""inner_f1"":0.15,""params"":""{\""C\"": 1.4086472893766178, \""l1_ratio\"": 0.47737043681192226}""}]"
T13,record|longitudinal|elastic,20260824,2,0.41432701054391413,0.7933525562614628,0.4868421052631579,0.45306122448979574,0.46934460887949253,"{""C"": 2.803582975575952, ""l1_ratio"": 0.5822788652371963}","[{""trial"":0,""objective"":0.2341696846,""pr_auc_w"":0.2139412878,""inner_precision"":0.1707953064,""inner_recall"":0.5346938776,""inner_f1"":0.2588932806,""params"":""{\""C\"": 5.670241845727474, \""l1_ratio\"": 0.6406383163249926}""},{""trial"":1,""objective"":0.3620245235,""pr_auc_w"":0.314792063,""inner_precision"":0.3374689826,""inner_recall"":0.5551020408,""inner_f1"":0.4197530864,""params"":""{\""C\"": 1.6469102076399165, \""l1_ratio\"": 0.9712629491841673}""},{""trial"":2,""objective"":0.264723122,""pr_auc_w"":0.2373994929,""inner_precision"":0.230941704,""inner_recall"":0.4204081633,""inner_f1"":0.2981186686,""params"":""{\""C\"": 2.0312018741937217, \""l1_ratio\"": 0.37882609610984486}""},{""trial"":3,""objective"":0.3838000016,""pr_auc_w"":0.2960626988,""inner_precision"":0.3708333333,""inner_recall"":0.7265306122,""inner_f1"":0.4910344828,""params"":""{\""C\"": 0.16717358734398843, \""l1_ratio\"": 0.47488421757218735}""},{""trial"":4,""objective"":0.3831089872,""pr_auc_w"":0.3115350569,""inner_precision"":0.4084084084,""inner_recall"":0.5551020408,""inner_f1"":0.4705882353,""params"":""{\""C\"": 0.2414615144478529, \""l1_ratio\"": 0.21260875336215357}""},{""trial"":5,""objective"":0.3239976811,""pr_auc_w"":0.3019003874,""inner_precision"":0.3178807947,""inner_recall"":0.3918367347,""inner_f1"":0.3510054845,""params"":""{\""C\"": 19.993982978418373, \""l1_ratio\"": 0.4140215396757223}""},{""trial"":6,""objective"":0.3252691958,""pr_auc_w"":0.29658261,""inner_precision"":0.3027777778,""inner_recall"":0.4448979592,""inner_f1"":0.3603305785,""params"":""{\""C\"": 3.9302104560607622, \""l1_ratio\"": 0.7233121677477207}""},{""trial"":7,""objective"":0.2376760734,""pr_auc_w"":0.2150696697,""inner_precision"":0.2274052478,""inner_recall"":0.3183673469,""inner_f1"":0.2653061224,""params"":""{\""C\"": 2.0955121190724952, \""l1_ratio\"": 0.01793474887121349}""},{""trial"":8,""objective"":0.3455085259,""pr_auc_w"":0.3035680027,""inner_precision"":0.2620741295,""inner_recall"":0.8163265306,""inner_f1"":0.3967691654,""params"":""{\""C\"": 5.966853428130973, \""l1_ratio\"": 0.1358068044601053}""},{""trial"":9,""objective"":0.4143270105,""pr_auc_w"":0.397106624,""inner_precision"":0.4897959184,""inner_recall"":0.3918367347,""inner_f1"":0.4353741497,""params"":""{\""C\"": 2.803582975575952, \""l1_ratio\"": 0.5822788652371963}""}]"
T13,record|longitudinal|elastic,20260824,3,0.4660442061793665,0.6247519110513735,0.3928571428571429,0.46315789473684205,0.4251207729468599,"{""C"": 0.06051695767735713, ""l1_ratio"": 0.47375871040108275}","[{""trial"":0,""objective"":0.2439476475,""pr_auc_w"":0.1965940946,""inner_precision"":0.2573347473,""inner_recall"":0.3649122807,""inner_f1"":0.3018242123,""params"":""{\""C\"": 4.060190051975926, \""l1_ratio\"": 0.28420017314563795}""},{""trial"":1,""objective"":0.4325059999,""pr_auc_w"":0.3900677271,""inner_precision"":0.4366197183,""inner_recall"":0.5438596491,""inner_f1"":0.484375,""params"":""{\""C\"": 0.024553615244017106, \""l1_ratio\"": 0.6467060115661291}""},{""trial"":2,""objective"":0.3776207653,""pr_auc_w"":0.2991373223,""inner_precision"":0.3800424628,""inner_recall"":0.6280701754,""inner_f1"":0.4735449735,""params"":""{\""C\"": 3.6868925475522283, \""l1_ratio\"": 0.8095886009152312}""},{""trial"":3,""objective"":0.1362360482,""pr_auc_w"":0.0809936931,""inner_precision"":0.1209654697,""inner_recall"":0.6456140351,""inner_f1"":0.2037544822,""params"":""{\""C\"": 0.008213778262749735, \""l1_ratio\"": 0.8923957348592076}""},{""trial"":4,""objective"":0.2987310423,""pr_auc_w"":0.2643862877,""inner_precision"":0.4610778443,""inner_recall"":0.2701754386,""inner_f1"":0.3407079646,""params"":""{\""C\"": 0.7134055431204438, \""l1_ratio\"": 0.8858694320249312}""},{""trial"":5,""objective"":0.2057333842,""pr_auc_w"":0.1645569896,""inner_precision"":0.1808100289,""inner_recall"":0.4385964912,""inner_f1"":0.2560600888,""params"":""{\""C\"": 0.010503633424552255, \""l1_ratio\"": 0.6742566502698211}""},{""trial"":6,""objective"":0.4660442062,""pr_auc_w"":0.4223235862,""inner_precision"":0.6779661017,""inner_recall"":0.4210526316,""inner_f1"":0.5194805195,""params"":""{\""C\"": 0.06051695767735713, \""l1_ratio\"": 0.47375871040108275}""},{""trial"":7,""objective"":0.4532357116,""pr_auc_w"":0.400867438,""inner_precision"":0.5696202532,""inner_recall"":0.4736842105,""inner_f1"":0.5172413793,""params"":""{\""C\"": 0.13101420531685887, \""l1_ratio\"": 0.6191735212009151}""},{""trial"":8,""objective"":0.3340293086,""pr_auc_w"":0.2640887651,""inner_precision"":0.3909090909,""inner_recall"":0.4526315789,""inner_f1"":0.4195121951,""params"":""{\""C\"": 0.667924131860421, \""l1_ratio\"": 0.6213617674173304}""},{""trial"":9,""objective"":0.3216955834,""pr_auc_w"":0.2771148011,""inner_precision"":0.2704720088,""inner_recall"":0.6175438596,""inner_f1"":0.3761832061,""params"":""{\""C\"": 4.147640435820257, \""l1_ratio\"": 0.6407910280893419}""}]"
T13,record|longitudinal|elastic,20360827,0,0.31174702588266456,0.5650275047442144,0.20920502092050206,0.35842293906810024,0.2642007926023778,"{""C"": 0.011921238065415417, ""l1_ratio"": 0.04218146236302345}","[{""trial"":0,""objective"":0.2350365021,""pr_auc_w"":0.1978308981,""inner_precision"":0.2851851852,""inner_recall"":0.2759856631,""inner_f1"":0.2805100182,""params"":""{\""C\"": 2.6022919834884117, \""l1_ratio\"": 0.7792761023333981}""},{""trial"":1,""objective"":0.2293249893,""pr_auc_w"":0.1823176545,""inner_precision"":0.2984496124,""inner_recall"":0.2759856631,""inner_f1"":0.2867783985,""params"":""{\""C\"": 7.699846716788782, \""l1_ratio\"": 0.5359562778042691}""},{""trial"":2,""objective"":0.2977162809,""pr_auc_w"":0.2242214859,""inner_precision"":0.3745819398,""inner_recall"":0.4014336918,""inner_f1"":0.3875432526,""params"":""{\""C\"": 0.18364604611744567, \""l1_ratio\"": 0.9342006691457124}""},{""trial"":3,""objective"":0.1938132661,""pr_auc_w"":0.1560241203,""inner_precision"":0.1761744966,""inner_recall"":0.376344086,""inner_f1"":0.24,""params"":""{\""C\"": 0.02689969459576022, \""l1_ratio\"": 0.7566658751047167}""},{""trial"":4,""objective"":0.23861195,""pr_auc_w"":0.1812613532,""inner_precision"":0.2442588727,""inner_recall"":0.4193548387,""inner_f1"":0.308707124,""params"":""{\""C\"": 0.15853109463108378, \""l1_ratio\"": 0.4659989450038099}""},{""trial"":5,""objective"":0.3117470259,""pr_auc_w"":0.2703700866,""inner_precision"":0.5555555556,""inner_recall"":0.2688172043,""inner_f1"":0.3623188406,""params"":""{\""C\"": 0.011921238065415417, \""l1_ratio\"": 0.04218146236302345}""},{""trial"":6,""objective"":0.2742688596,""pr_auc_w"":0.2499831711,""inner_precision"":1.0,""inner_recall"":0.1792114695,""inner_f1"":0.3039513678,""params"":""{\""C\"": 0.2899202245232211, \""l1_ratio\"": 0.17220275708035593}""},{""trial"":7,""objective"":0.1777547813,""pr_auc_w"":0.1283853167,""inner_precision"":0.4545454545,""inner_recall"":0.1612903226,""inner_f1"":0.2380952381,""params"":""{\""C\"": 1.0745352191464854, \""l1_ratio\"": 0.7769602192167767}""},{""trial"":8,""objective"":0.2549311623,""pr_auc_w"":0.2047089853,""inner_precision"":0.2423664122,""inner_recall"":0.4551971326,""inner_f1"":0.3163138232,""params"":""{\""C\"": 0.08915804314793191, \""l1_ratio\"": 0.6382522777825405}""},{""trial"":9,""objective"":0.2679041871,""pr_auc_w"":0.1902154051,""inner_precision"":0.3016627078,""inner_recall"":0.4551971326,""inner_f1"":0.3628571429,""params"":""{\""C\"": 0.6020932962455094, \""l1_ratio\"": 0.13448721620028015}""}]"
T13,record|longitudinal|elastic,20360827,1,0.2623049100561704,0.7513118037998301,0.5732484076433121,0.3146853146853148,0.40632054176072246,"{""C"": 0.026999787566685404, ""l1_ratio"": 0.7925488445240613}","[{""trial"":0,""objective"":0.1534436947,""pr_auc_w"":0.1328846398,""inner_precision"":0.1246537396,""inner_recall"":0.3146853147,""inner_f1"":0.1785714286,""params"":""{\""C\"": 0.3438032990966923, \""l1_ratio\"": 0.8204170569978234}""},{""trial"":1,""objective"":0.1249198097,""pr_auc_w"":0.075411093,""inner_precision"":0.1111331613,""inner_recall"":0.5594405594,""inner_f1"":0.1854304636,""params"":""{\""C\"": 1.943220941710908, \""l1_ratio\"": 0.7697117388911381}""},{""trial"":2,""objective"":0.1726245804,""pr_auc_w"":0.1655519698,""inner_precision"":0.6666666667,""inner_recall"":0.1048951049,""inner_f1"":0.1812688822,""params"":""{\""C\"": 0.30282051534884663, \""l1_ratio\"": 0.3403785042038868}""},{""trial"":3,""objective"":0.1305071954,""pr_auc_w"":0.101215777,""inner_precision"":0.0976715793,""inner_recall"":0.5594405594,""inner_f1"":0.166307818,""params"":""{\""C\"": 1.5033773885806858, \""l1_ratio\"": 0.9835246161720496}""},{""trial"":4,""objective"":0.1587794475,""pr_auc_w"":0.1213345326,""inner_precision"":0.2922077922,""inner_recall"":0.1573426573,""inner_f1"":0.2045454545,""params"":""{\""C\"": 0.3312252263409439, \""l1_ratio\"": 0.16986896362022352}""},{""trial"":5,""objective"":0.2623049101,""pr_auc_w"":0.2365771092,""inner_precision"":0.2091988131,""inner_recall"":0.493006993,""inner_f1"":0.29375,""params"":""{\""C\"": 0.026999787566685404, \""l1_ratio\"": 0.7925488445240613}""},{""trial"":6,""objective"":0.1418253154,""pr_auc_w"":0.1237360429,""inner_precision"":0.375,""inner_recall"":0.1048951049,""inner_f1"":0.1639344262,""params"":""{\""C\"": 0.014073806294694303, \""l1_ratio\"": 0.6211174146709971}""},{""trial"":7,""objective"":0.1302180081,""pr_auc_w"":0.0932193449,""inner_precision"":0.1612903226,""inner_recall"":0.1923076923,""inner_f1"":0.1754385965,""params"":""{\""C\"": 2.694033243747149, \""l1_ratio\"": 0.8842889676147043}""},{""trial"":8,""objective"":0.1920214343,""pr_auc_w"":0.1593454383,""inner_precision"":0.4411764706,""inner_recall"":0.1573426573,""inner_f1"":0.2319587629,""params"":""{\""C\"": 5.788734016969861, \""l1_ratio\"": 0.910723338388621}""},{""trial"":9,""objective"":0.1924350492,""pr_auc_w"":0.1237467805,""inner_precision"":0.2006319115,""inner_recall"":0.4440559441,""inner_f1"":0.2763873776,""params"":""{\""C\"": 0.061040651161671074, \""l1_ratio\"": 0.39123296274215813}""}]"
T13,record|longitudinal|elastic,20360827,2,0.3746201287147878,0.930013275449705,0.49937421777221525,0.22352941176470587,0.30882352941176466,"{""C"": 16.095894536341923, ""l1_ratio"": 0.6277112638528527}","[{""trial"":0,""objective"":0.2483742489,""pr_auc_w"":0.1794023247,""inner_precision"":0.336,""inner_recall"":0.3294117647,""inner_f1"":0.3326732673,""params"":""{\""C\"": 0.09707820093228779, \""l1_ratio\"": 0.09438080719125919}""},{""trial"":1,""objective"":0.2214904232,""pr_auc_w"":0.190424848,""inner_precision"":0.1979381443,""inner_recall"":0.3764705882,""inner_f1"":0.2594594595,""params"":""{\""C\"": 0.9406978078630067, \""l1_ratio\"": 0.04281113515073054}""},{""trial"":2,""objective"":0.1820766512,""pr_auc_w"":0.1549067978,""inner_precision"":0.1842840048,""inner_recall"":0.2588235294,""inner_f1"":0.2152842498,""params"":""{\""C\"": 0.012029245108983852, \""l1_ratio\"": 0.6786869456374142}""},{""trial"":3,""objective"":0.1926618247,""pr_auc_w"":0.1428678503,""inner_precision"":0.3157894737,""inner_recall"":0.2117647059,""inner_f1"":0.2535211268,""params"":""{\""C\"": 0.12653053381660267, \""l1_ratio\"": 0.845438483026685}""},{""trial"":4,""objective"":0.3746201287,""pr_auc_w"":0.2881693908,""inner_precision"":0.5614692654,""inner_recall"":0.4196078431,""inner_f1"":0.4802821417,""params"":""{\""C\"": 16.095894536341923, \""l1_ratio\"": 0.6277112638528527}""},{""trial"":5,""objective"":0.2640368,""pr_auc_w"":0.2160697026,""inner_precision"":0.2395437262,""inner_recall"":0.4941176471,""inner_f1"":0.3226632522,""params"":""{\""C\"": 12.181442461916372, \""l1_ratio\"": 0.17665093283838829}""},{""trial"":6,""objective"":0.0951885712,""pr_auc_w"":0.0550721412,""inner_precision"":0.0932872655,""inner_recall"":0.3176470588,""inner_f1"":0.1442197634,""params"":""{\""C\"": 0.01598524569666394, \""l1_ratio\"": 0.8567489441797702}""},{""trial"":7,""objective"":0.3091592236,""pr_auc_w"":0.2602117142,""inner_precision"":0.5798319328,""inner_recall"":0.2705882353,""inner_f1"":0.3689839572,""params"":""{\""C\"": 1.2387167746660632, \""l1_ratio\"": 0.8642355301857578}""},{""trial"":8,""objective"":0.2224112385,""pr_auc_w"":0.180794182,""inner_precision"":0.1888650964,""inner_recall"":0.4941176471,""inner_f1"":0.2732765298,""params"":""{\""C\"": 1.852878347131478, \""l1_ratio\"": 0.8912329996174857}""},{""trial"":9,""objective"":0.3586671448,""pr_auc_w"":0.3425397719,""inner_precision"":0.5065789474,""inner_recall"":0.3019607843,""inner_f1"":0.3783783784,""params"":""{\""C\"": 0.007821666541244662, \""l1_ratio\"": 0.40731026982804686}""}]"
T13,record|longitudinal|elastic,20360827,3,0.5423832844003428,0.5114841663657482,0.26448362720403024,0.5172413793103449,0.35000000000000003,"{""C"": 0.10343462168233435, ""l1_ratio"": 0.709048804823521}","[{""trial"":0,""objective"":0.2129109541,""pr_auc_w"":0.1660391821,""inner_precision"":0.2193548387,""inner_recall"":0.3517241379,""inner_f1"":0.2701986755,""params"":""{\""C\"": 0.016978167500476045, \""l1_ratio\"": 0.49729588928739643}""},{""trial"":1,""objective"":0.2818428058,""pr_auc_w"":0.2285062222,""inner_precision"":0.310626703,""inner_recall"":0.3931034483,""inner_f1"":0.3470319635,""params"":""{\""C\"": 15.273754624172529, \""l1_ratio\"": 0.9984377692080616}""},{""trial"":2,""objective"":0.1824803471,""pr_auc_w"":0.1539168367,""inner_precision"":0.1875,""inner_recall"":0.2586206897,""inner_f1"":0.2173913043,""params"":""{\""C\"": 0.03392266344324995, \""l1_ratio\"": 0.14840189748511634}""},{""trial"":3,""objective"":0.2318438973,""pr_auc_w"":0.1973723911,""inner_precision"":0.1784436494,""inner_recall"":0.5896551724,""inner_f1"":0.2739757382,""params"":""{\""C\"": 5.572567911472359, \""l1_ratio\"": 0.05551188346992342}""},{""trial"":4,""objective"":0.3662660385,""pr_auc_w"":0.3152889011,""inner_precision"":0.4049079755,""inner_recall"":0.4551724138,""inner_f1"":0.4285714286,""params"":""{\""C\"": 0.012120759459844577, \""l1_ratio\"": 0.3471018388265885}""},{""trial"":5,""objective"":0.4101530176,""pr_auc_w"":0.3438668447,""inner_precision"":0.4763888889,""inner_recall"":0.5068965517,""inner_f1"":0.4911694511,""params"":""{\""C\"": 4.300121885787124, \""l1_ratio\"": 0.223446695856366}""},{""trial"":6,""objective"":0.5423832844,""pr_auc_w"":0.5325393299,""inner_precision"":0.6852791878,""inner_recall"":0.4655172414,""inner_f1"":0.5544147844,""params"":""{\""C\"": 0.10343462168233435, \""l1_ratio\"": 0.709048804823521}""},{""trial"":7,""objective"":0.4165906309,""pr_auc_w"":0.3471469215,""inner_precision"":0.4362244898,""inner_recall"":0.5896551724,""inner_f1"":0.5014662757,""params"":""{\""C\"": 0.23003122758735942, \""l1_ratio\"": 0.9045738783206694}""},{""trial"":8,""objective"":0.4374233645,""pr_auc_w"":0.4194884671,""inner_precision"":0.3599776411,""inner_recall"":0.6344827586,""inner_f1"":0.4593437946,""params"":""{\""C\"": 0.7514265364272877, \""l1_ratio\"": 0.4244913407777805}""},{""trial"":9,""objective"":0.3476724607,""pr_auc_w"":0.3083939184,""inner_precision"":0.3117730496,""inner_recall"":0.5413793103,""inner_f1"":0.395679568,""params"":""{\""C\"": 0.01763284735729232, \""l1_ratio\"": 0.40466400788394796}""}]"
T13,record|longitudinal|elastic,20460830,0,0.37617208342928404,0.24399790597886215,0.1336440168370414,0.4440559440559441,0.2054541252599953,"{""C"": 0.32439804230415903, ""l1_ratio"": 0.7494998506461631}","[{""trial"":0,""objective"":0.1193104575,""pr_auc_w"":0.0812841115,""inner_precision"":0.1116698457,""inner_recall"":0.3216783217,""inner_f1"":0.1657871026,""params"":""{\""C\"": 0.026034090471810895, \""l1_ratio\"": 0.5872328852557418}""},{""trial"":1,""objective"":0.333964435,""pr_auc_w"":0.2872486934,""inner_precision"":0.4183266932,""inner_recall"":0.3671328671,""inner_f1"":0.3910614525,""params"":""{\""C\"": 0.24309757255885947, \""l1_ratio\"": 0.4149894533655556}""},{""trial"":2,""objective"":0.1600940289,""pr_auc_w"":0.1363641048,""inner_precision"":0.1173844855,""inner_recall"":0.486013986,""inner_f1"":0.1890972695,""params"":""{\""C\"": 0.47868156840116177, \""l1_ratio\"": 0.3448680135955151}""},{""trial"":3,""objective"":0.2020654922,""pr_auc_w"":0.161912352,""inner_precision"":0.3618421053,""inner_recall"":0.1923076923,""inner_f1"":0.2511415525,""params"":""{\""C\"": 4.8728429273962, \""l1_ratio\"": 0.551559215949898}""},{""trial"":4,""objective"":0.2102285402,""pr_auc_w"":0.1613681389,""inner_precision"":0.1839434578,""inner_recall"":0.506993007,""inner_f1"":0.2699468085,""params"":""{\""C\"": 0.5800739992722238, \""l1_ratio\"": 0.19876977370591942}""},{""trial"":5,""objective"":0.2397008619,""pr_auc_w"":0.2050209285,""inner_precision"":0.2364066194,""inner_recall"":0.3496503497,""inner_f1"":0.2820874471,""params"":""{\""C\"": 0.8584502327188087, \""l1_ratio\"": 0.4166535997563674}""},{""trial"":6,""objective"":0.1491657021,""pr_auc_w"":0.130315009,""inner_precision"":0.1515957447,""inner_recall"":0.1993006993,""inner_f1"":0.1722054381,""params"":""{\""C\"": 0.012942771962753835, \""l1_ratio\"": 0.7415947316406017}""},{""trial"":7,""objective"":0.2115812562,""pr_auc_w"":0.180052409,""inner_precision"":0.1815107103,""inner_recall"":0.4020979021,""inner_f1"":0.2501165139,""params"":""{\""C\"": 2.3140059208795445, \""l1_ratio\"": 0.7870317106966648}""},{""trial"":8,""objective"":0.1435297315,""pr_auc_w"":0.1156820854,""inner_precision"":0.1157463592,""inner_recall"":0.3811188811,""inner_f1"":0.1775657435,""params"":""{\""C\"": 0.6857208437869221, \""l1_ratio\"": 0.8384343755570638}""},{""trial"":9,""objective"":0.3761720834,""pr_auc_w"":0.326211071,""inner_precision"":0.36643026,""inner_recall"":0.541958042,""inner_f1"":0.437235543,""params"":""{\""C\"": 0.32439804230415903, \""l1_ratio\"": 0.7494998506461631}""}]"
T13,record|longitudinal|elastic,20460830,1,0.43946183346698087,0.5307590483584113,0.39354838709677414,0.6099999999999999,0.4784313725490195,"{""C"": 0.032862434338509494, ""l1_ratio"": 0.8112618102577643}","[{""trial"":0,""objective"":0.4369193058,""pr_auc_w"":0.3706145825,""inner_precision"":0.5982532751,""inner_recall"":0.4566666667,""inner_f1"":0.5179584121,""params"":""{\""C\"": 0.01523607514570802, \""l1_ratio\"": 0.999285735248399}""},{""trial"":1,""objective"":0.4394618335,""pr_auc_w"":0.3628054987,""inner_precision"":0.4487471526,""inner_recall"":0.6566666667,""inner_f1"":0.5331529093,""params"":""{\""C\"": 0.032862434338509494, \""l1_ratio\"": 0.8112618102577643}""},{""trial"":2,""objective"":0.2238810205,""pr_auc_w"":0.1782428416,""inner_precision"":0.3837209302,""inner_recall"":0.22,""inner_f1"":0.2796610169,""params"":""{\""C\"": 6.827156998008812, \""l1_ratio\"": 0.9478807941358663}""},{""trial"":3,""objective"":0.3397241999,""pr_auc_w"":0.264590298,""inner_precision"":0.3309608541,""inner_recall"":0.62,""inner_f1"":0.4315545244,""params"":""{\""C\"": 0.21016216618398326, \""l1_ratio\"": 0.8307536075200264}""},{""trial"":4,""objective"":0.361761797,""pr_auc_w"":0.3516179593,""inner_precision"":0.2817772778,""inner_recall"":0.5566666667,""inner_f1"":0.3741598208,""params"":""{\""C\"": 0.01328062375678657, \""l1_ratio\"": 0.25591831945056254}""},{""trial"":5,""objective"":0.3758137446,""pr_auc_w"":0.2815350965,""inner_precision"":0.3590138675,""inner_recall"":0.7766666667,""inner_f1"":0.4910432034,""params"":""{\""C\"": 0.06967717520447377, \""l1_ratio\"": 0.40674959718207304}""},{""trial"":6,""objective"":0.1197858047,""pr_auc_w"":0.0778402191,""inner_precision"":0.25,""inner_recall"":0.13,""inner_f1"":0.1710526316,""params"":""{\""C\"": 0.005277688112174579, \""l1_ratio\"": 0.6911171916133964}""},{""trial"":7,""objective"":0.2840848003,""pr_auc_w"":0.2026946556,""inner_precision"":0.2916666667,""inner_recall"":0.56,""inner_f1"":0.3835616438,""params"":""{\""C\"": 0.10204214245188539, \""l1_ratio\"": 0.5458357390274002}""},{""trial"":8,""objective"":0.1750388622,""pr_auc_w"":0.1632285532,""inner_precision"":0.2571428571,""inner_recall"":0.15,""inner_f1"":0.1894736842,""params"":""{\""C\"": 0.012318470326128326, \""l1_ratio\"": 0.5040156304750765}""},{""trial"":9,""objective"":0.4195896808,""pr_auc_w"":0.3978307307,""inner_precision"":0.5402843602,""inner_recall"":0.38,""inner_f1"":0.446183953,""params"":""{\""C\"": 0.061915048935352955, \""l1_ratio\"": 0.53313305061659}""}]"
T13,record|longitudinal|elastic,20460830,2,0.26899041388494355,0.8422997915441968,0.3090909090909091,0.19999999999999993,0.24285714285714277,"{""C"": 3.2617668072015538, ""l1_ratio"": 0.031249402701154283}","[{""trial"":0,""objective"":0.1464940575,""pr_auc_w"":0.1052207192,""inner_precision"":0.1359948762,""inner_recall"":0.3568627451,""inner_f1"":0.1969392487,""params"":""{\""C\"": 5.401846106162567, \""l1_ratio\"": 0.6670344950558792}""},{""trial"":1,""objective"":0.2689904139,""pr_auc_w"":0.2265225978,""inner_precision"":0.3060498221,""inner_recall"":0.337254902,""inner_f1"":0.3208955224,""params"":""{\""C\"": 3.2617668072015538, \""l1_ratio\"": 0.031249402701154283}""},{""trial"":2,""objective"":0.2231598364,""pr_auc_w"":0.1883262125,""inner_precision"":0.2397476341,""inner_recall"":0.2980392157,""inner_f1"":0.2657342657,""params"":""{\""C\"": 8.759605908375143, \""l1_ratio\"": 0.2676094135082888}""},{""trial"":3,""objective"":0.1587637935,""pr_auc_w"":0.1396715437,""inner_precision"":0.1133525456,""inner_recall"":0.462745098,""inner_f1"":0.1820987654,""params"":""{\""C\"": 0.07075148508506889, \""l1_ratio\"": 0.07900398899896899}""},{""trial"":4,""objective"":0.2526165983,""pr_auc_w"":0.1908189147,""inner_precision"":0.2566371681,""inner_recall"":0.4549019608,""inner_f1"":0.3281471004,""params"":""{\""C\"": 0.012009664576064583, \""l1_ratio\"": 0.27886866549034095}""},{""trial"":5,""objective"":0.2093696815,""pr_auc_w"":0.1597630574,""inner_precision"":0.3724137931,""inner_recall"":0.2117647059,""inner_f1"":0.27,""params"":""{\""C\"": 3.3815852813243588, \""l1_ratio\"": 0.29013892535530317}""},{""trial"":6,""objective"":0.2373429491,""pr_auc_w"":0.1748481427,""inner_precision"":0.4183006536,""inner_recall"":0.2509803922,""inner_f1"":0.3137254902,""params"":""{\""C\"": 0.012056752835733554, \""l1_ratio\"": 0.8439640351908937}""},{""trial"":7,""objective"":0.1019970822,""pr_auc_w"":0.0600454063,""inner_precision"":0.0907034142,""inner_recall"":0.4941176471,""inner_f1"":0.1532713529,""params"":""{\""C\"": 0.024519753480372258, \""l1_ratio\"": 0.34860843327716395}""},{""trial"":8,""objective"":0.1881531195,""pr_auc_w"":0.1561983276,""inner_precision"":0.1768558952,""inner_recall"":0.3176470588,""inner_f1"":0.2272089762,""params"":""{\""C\"": 3.411919541963179, \""l1_ratio\"": 0.7958735891429097}""},{""trial"":9,""objective"":0.0619317527,""pr_auc_w"":0.0388614777,""inner_precision"":0.0505438114,""inner_recall"":0.4156862745,""inner_f1"":0.0901287554,""params"":""{\""C\"": 0.017681020951422533, \""l1_ratio\"": 0.887376530890445}""}]"
T13,record|longitudinal|elastic,20460830,3,0.28891883474616353,0.5329404739299513,0.1561561561561562,0.19330855018587365,0.1727574750830565,"{""C"": 0.3573429389366088, ""l1_ratio"": 0.050566036187994934}","[{""trial"":0,""objective"":0.2119865695,""pr_auc_w"":0.1618026899,""inner_precision"":0.1752360965,""inner_recall"":0.6208178439,""inner_f1"":0.2733224223,""params"":""{\""C\"": 0.15346187346619608, \""l1_ratio\"": 0.141939773307184}""},{""trial"":1,""objective"":0.2889188347,""pr_auc_w"":0.2299467308,""inner_precision"":0.4084507042,""inner_recall"":0.3234200743,""inner_f1"":0.3609958506,""params"":""{\""C\"": 0.3573429389366088, \""l1_ratio\"": 0.050566036187994934}""},{""trial"":2,""objective"":0.138579098,""pr_auc_w"":0.0974492429,""inner_precision"":0.2167928424,""inner_recall"":0.1672862454,""inner_f1"":0.1888489209,""params"":""{\""C\"": 0.038465939493747985, \""l1_ratio\"": 0.8967706674371783}""},{""trial"":3,""objective"":0.1434812347,""pr_auc_w"":0.1123162138,""inner_precision"":0.1428571429,""inner_recall"":0.249070632,""inner_f1"":0.1815718157,""params"":""{\""C\"": 0.03553325185226864, \""l1_ratio\"": 0.3808653771713998}""},{""trial"":4,""objective"":0.2582441825,""pr_auc_w"":0.2206474012,""inner_precision"":0.2871287129,""inner_recall"":0.3234200743,""inner_f1"":0.3041958042,""params"":""{\""C\"": 2.237157772398547, \""l1_ratio\"": 0.1644573623837644}""},{""trial"":5,""objective"":0.2219702721,""pr_auc_w"":0.1967691703,""inner_precision"":0.3131868132,""inner_recall"":0.2118959108,""inner_f1"":0.2527716186,""params"":""{\""C\"": 0.5391342791405216, \""l1_ratio\"": 0.9076653134835949}""},{""trial"":6,""objective"":0.2760083715,""pr_auc_w"":0.2158214204,""inner_precision"":0.2843822844,""inner_recall"":0.4535315985,""inner_f1"":0.3495702006,""params"":""{\""C\"": 9.650583801144878, \""l1_ratio\"": 0.5980950284751697}""},{""trial"":7,""objective"":0.1352890029,""pr_auc_w"":0.1043695333,""inner_precision"":0.0988446727,""inner_recall"":0.6951672862,""inner_f1"":0.1730794658,""params"":""{\""C\"": 4.271321501760668, \""l1_ratio\"": 0.7067869893715768}""},{""trial"":8,""objective"":0.1811792194,""pr_auc_w"":0.1705465065,""inner_precision"":0.75,""inner_recall"":0.1115241636,""inner_f1"":0.1941747573,""params"":""{\""C\"": 0.29709912767287816, \""l1_ratio\"": 0.08059108373371437}""},{""trial"":9,""objective"":0.2435842732,""pr_auc_w"":0.2038983834,""inner_precision"":0.3214285714,""inner_recall"":0.2676579926,""inner_f1"":0.2920892495,""params"":""{\""C\"": 6.553444938068888, \""l1_ratio\"": 0.16891528204449302}""}]"
T18,record|engineered|elastic,20260824,0,0.49364526000654063,0.8440337097954586,0.42838929026774325,0.26915887850467285,0.33060019678583136,"{""C"": 0.2669075563653157, ""l1_ratio"": 0.38906136821405723}","[{""trial"":0,""objective"":0.3956955501,""pr_auc_w"":0.3826545713,""inner_precision"":0.5044556373,""inner_recall"":0.3476635514,""inner_f1"":0.4116345242,""params"":""{\""C\"": 0.02444104034799468, \""l1_ratio\"": 0.15165910187752096}""},{""trial"":1,""objective"":0.420547784,""pr_auc_w"":0.4183410712,""inner_precision"":0.5703938434,""inner_recall"":0.3364485981,""inner_f1"":0.4232448774,""params"":""{\""C\"": 0.5348997046470697, \""l1_ratio\"": 0.2707025916816034}""},{""trial"":2,""objective"":0.3690391526,""pr_auc_w"":0.3688565049,""inner_precision"":0.3225613405,""inner_recall"":0.4317757009,""inner_f1"":0.3692623887,""params"":""{\""C\"": 0.17848493336529223, \""l1_ratio\"": 0.5100702209730764}""},{""trial"":3,""objective"":0.3221753845,""pr_auc_w"":0.2596770929,""inner_precision"":0.4317757009,""inner_recall"":0.3700934579,""inner_f1"":0.3985621855,""params"":""{\""C\"": 0.48835721228318324, \""l1_ratio\"": 0.9954935884259661}""},{""trial"":4,""objective"":0.4118964288,""pr_auc_w"":0.3706393132,""inner_precision"":0.5078299776,""inner_recall"":0.4242990654,""inner_f1"":0.4623217923,""params"":""{\""C\"": 0.31197585840155273, \""l1_ratio\"": 0.10128100493224867}""},{""trial"":5,""objective"":0.3820337394,""pr_auc_w"":0.374264865,""inner_precision"":0.3154800784,""inner_recall"":0.5158878505,""inner_f1"":0.3915290303,""params"":""{\""C\"": 0.8218843076906371, \""l1_ratio\"": 0.07535616598283923}""},{""trial"":6,""objective"":0.408304307,""pr_auc_w"":0.3643046462,""inner_precision"":0.5435175153,""inner_recall"":0.4018691589,""inner_f1"":0.4620816702,""params"":""{\""C\"": 0.3141496575837767, \""l1_ratio\"": 0.31971691575490324}""},{""trial"":7,""objective"":0.3836555043,""pr_auc_w"":0.3568323818,""inner_precision"":0.3105802048,""inner_recall"":0.6317757009,""inner_f1"":0.4164393206,""params"":""{\""C\"": 0.05476300257791744, \""l1_ratio\"": 0.017876512156972724}""},{""trial"":8,""objective"":0.49364526,""pr_auc_w"":0.470659366,""inner_precision"":0.6029411765,""inner_recall"":0.4598130841,""inner_f1"":0.5217391304,""params"":""{\""C\"": 0.2669075563653157, \""l1_ratio\"": 0.38906136821405723}""},{""trial"":9,""objective"":0.4414262641,""pr_auc_w"":0.43811314,""inner_precision"":0.5871559633,""inner_recall"":0.3588785047,""inner_f1"":0.4454756381,""params"":""{\""C\"": 0.32959257431750577, \""l1_ratio\"": 0.35284773292719984}""}]"
T18,record|engineered|elastic,20260824,1,0.4838054564537052,0.5723843934394145,0.5105263157894737,0.6049896049896049,0.5537583254043768,"{""C"": 0.015755721629500872, ""l1_ratio"": 0.20107635588917672}","[{""trial"":0,""objective"":0.4339426569,""pr_auc_w"":0.4181850367,""inner_precision"":0.5558912387,""inner_recall"":0.3825363825,""inner_f1"":0.4532019704,""params"":""{\""C\"": 0.011373791076793578, \""l1_ratio\"": 0.5027241610775213}""},{""trial"":1,""objective"":0.4467340895,""pr_auc_w"":0.4454726392,""inner_precision"":0.501285347,""inner_recall"":0.4054054054,""inner_f1"":0.4482758621,""params"":""{\""C\"": 0.1998707720415515, \""l1_ratio\"": 0.9316638900143265}""},{""trial"":2,""objective"":0.4460001117,""pr_auc_w"":0.4108203853,""inner_precision"":0.5934718101,""inner_recall"":0.4158004158,""inner_f1"":0.488997555,""params"":""{\""C\"": 1.1238114738035287, \""l1_ratio\"": 0.46829051869641547}""},{""trial"":3,""objective"":0.4503217893,""pr_auc_w"":0.4079924789,""inner_precision"":0.374616172,""inner_recall"":0.7609147609,""inner_f1"":0.5020576132,""params"":""{\""C\"": 0.0621585385533397, \""l1_ratio\"": 0.5603458685244602}""},{""trial"":4,""objective"":0.4414897262,""pr_auc_w"":0.4088383934,""inner_precision"":0.4394310937,""inner_recall"":0.5322245322,""inner_f1"":0.4813969107,""params"":""{\""C\"": 0.008044183598885316, \""l1_ratio\"": 0.48931021865898616}""},{""trial"":5,""objective"":0.4384813402,""pr_auc_w"":0.4434304466,""inner_precision"":0.3243243243,""inner_recall"":0.6486486486,""inner_f1"":0.4324324324,""params"":""{\""C\"": 0.2944120351959974, \""l1_ratio\"": 0.6156973772684065}""},{""trial"":6,""objective"":0.3670807125,""pr_auc_w"":0.3508114416,""inner_precision"":0.379241517,""inner_recall"":0.395010395,""inner_f1"":0.3869653768,""params"":""{\""C\"": 0.02827962799665994, \""l1_ratio\"": 0.6950144587032979}""},{""trial"":7,""objective"":0.4838054565,""pr_auc_w"":0.4754371285,""inner_precision"":0.5798319328,""inner_recall"":0.4303534304,""inner_f1"":0.4940334129,""params"":""{\""C\"": 0.015755721629500872, \""l1_ratio\"": 0.20107635588917672}""},{""trial"":8,""objective"":0.4278719048,""pr_auc_w"":0.4063151657,""inner_precision"":0.3996840442,""inner_recall"":0.525987526,""inner_f1"":0.4542190305,""params"":""{\""C\"": 0.021051218938884432, \""l1_ratio\"": 0.4582962486161455}""},{""trial"":9,""objective"":0.3148079916,""pr_auc_w"":0.2672934208,""inner_precision"":0.4084158416,""inner_recall"":0.343035343,""inner_f1"":0.3728813559,""params"":""{\""C\"": 1.4086472893766178, \""l1_ratio\"": 0.47737043681192226}""}]"
T18,record|engineered|elastic,20260824,2,0.49041730100238745,0.7346906314025692,0.37315350032113037,0.46025878003696863,0.4121541735634902,"{""C"": 5.966853428130973, ""l1_ratio"": 0.1358068044601053}","[{""trial"":0,""objective"":0.4632850415,""pr_auc_w"":0.4237151652,""inner_precision"":0.5702693931,""inner_recall"":0.4639556377,""inner_f1"":0.5116482236,""params"":""{\""C\"": 5.670241845727474, \""l1_ratio\"": 0.6406383163249926}""},{""trial"":1,""objective"":0.4421992222,""pr_auc_w"":0.3868677399,""inner_precision"":0.4534238125,""inner_recall"":0.5822550832,""inner_f1"":0.5098265896,""params"":""{\""C\"": 1.6469102076399165, \""l1_ratio\"": 0.9712629491841673}""},{""trial"":2,""objective"":0.3375363274,""pr_auc_w"":0.2787413998,""inner_precision"":0.3814409485,""inner_recall"":0.4417744917,""inner_f1"":0.4093967943,""params"":""{\""C\"": 2.0312018741937217, \""l1_ratio\"": 0.37882609610984486}""},{""trial"":3,""objective"":0.3750360194,""pr_auc_w"":0.3454202642,""inner_precision"":0.3470128927,""inner_recall"":0.5046210721,""inner_f1"":0.4112330536,""params"":""{\""C\"": 0.16717358734398843, \""l1_ratio\"": 0.47488421757218735}""},{""trial"":4,""objective"":0.357723879,""pr_auc_w"":0.3022919545,""inner_precision"":0.3240740741,""inner_recall"":0.6192236599,""inner_f1"":0.4254740089,""params"":""{\""C\"": 0.2414615144478529, \""l1_ratio\"": 0.21260875336215357}""},{""trial"":5,""objective"":0.3191692077,""pr_auc_w"":0.2622327121,""inner_precision"":0.3374805599,""inner_recall"":0.4584103512,""inner_f1"":0.3887582578,""params"":""{\""C\"": 19.993982978418373, \""l1_ratio\"": 0.4140215396757223}""},{""trial"":6,""objective"":0.4204928218,""pr_auc_w"":0.3786649955,""inner_precision"":0.4470198675,""inner_recall"":0.4990757856,""inner_f1"":0.4716157205,""params"":""{\""C\"": 3.9302104560607622, \""l1_ratio\"": 0.7233121677477207}""},{""trial"":7,""objective"":0.3603507822,""pr_auc_w"":0.3395394932,""inner_precision"":0.6153846154,""inner_recall"":0.280961183,""inner_f1"":0.385786802,""params"":""{\""C\"": 2.0955121190724952, \""l1_ratio\"": 0.01793474887121349}""},{""trial"":8,""objective"":0.490417301,""pr_auc_w"":0.4731938342,""inner_precision"":0.5329135661,""inner_recall"":0.4916820702,""inner_f1"":0.5114682049,""params"":""{\""C\"": 5.966853428130973, \""l1_ratio\"": 0.1358068044601053}""},{""trial"":9,""objective"":0.4452831878,""pr_auc_w"":0.3949475094,""inner_precision"":0.5228868295,""inner_recall"":0.4916820702,""inner_f1"":0.5068045727,""params"":""{\""C\"": 2.803582975575952, \""l1_ratio\"": 0.5822788652371963}""}]"
T18,record|engineered|elastic,20260824,3,0.4484110431202267,0.8530486916623863,0.5121951219512194,0.48554913294797675,0.49851632047477734,"{""C"": 3.6868925475522283, ""l1_ratio"": 0.8095886009152312}","[{""trial"":0,""objective"":0.4419673645,""pr_auc_w"":0.4323379452,""inner_precision"":0.4214876033,""inner_recall"":0.4913294798,""inner_f1"":0.4537366548,""params"":""{\""C\"": 4.060190051975926, \""l1_ratio\"": 0.28420017314563795}""},{""trial"":1,""objective"":0.3144997792,""pr_auc_w"":0.2807649597,""inner_precision"":0.5625,""inner_recall"":0.2601156069,""inner_f1"":0.3557312253,""params"":""{\""C\"": 0.024553615244017106, \""l1_ratio\"": 0.6467060115661291}""},{""trial"":2,""objective"":0.4484110431,""pr_auc_w"":0.3925508544,""inner_precision"":0.5853658537,""inner_recall"":0.4624277457,""inner_f1"":0.5166846071,""params"":""{\""C\"": 3.6868925475522283, \""l1_ratio\"": 0.8095886009152312}""},{""trial"":3,""objective"":0.1126365478,""pr_auc_w"":0.0799227783,""inner_precision"":0.0851111111,""inner_recall"":0.7379576108,""inner_f1"":0.1526200438,""params"":""{\""C\"": 0.008213778262749735, \""l1_ratio\"": 0.8923957348592076}""},{""trial"":4,""objective"":0.4215210857,""pr_auc_w"":0.3907498001,""inner_precision"":0.4183835182,""inner_recall"":0.5086705202,""inner_f1"":0.4591304348,""params"":""{\""C\"": 0.7134055431204438, \""l1_ratio\"": 0.8858694320249312}""},{""trial"":5,""objective"":0.2125398008,""pr_auc_w"":0.1760195523,""inner_precision"":0.3181818182,""inner_recall"":0.2157996146,""inner_f1"":0.2571756602,""params"":""{\""C\"": 0.010503633424552255, \""l1_ratio\"": 0.6742566502698211}""},{""trial"":6,""objective"":0.4073856353,""pr_auc_w"":0.3845514224,""inner_precision"":0.4431137725,""inner_recall"":0.4277456647,""inner_f1"":0.4352941176,""params"":""{\""C\"": 0.06051695767735713, \""l1_ratio\"": 0.47375871040108275}""},{""trial"":7,""objective"":0.3539276931,""pr_auc_w"":0.3263020993,""inner_precision"":0.3226632522,""inner_recall"":0.4855491329,""inner_f1"":0.3876923077,""params"":""{\""C\"": 0.13101420531685887, \""l1_ratio\"": 0.6191735212009151}""},{""trial"":8,""objective"":0.4064285265,""pr_auc_w"":0.3372696253,""inner_precision"":0.4439252336,""inner_recall"":0.549132948,""inner_f1"":0.4909560724,""params"":""{\""C\"": 0.667924131860421, \""l1_ratio\"": 0.6213617674173304}""},{""trial"":9,""objective"":0.3844929214,""pr_auc_w"":0.3568107444,""inner_precision"":0.4329896907,""inner_recall"":0.4046242775,""inner_f1"":0.4183266932,""params"":""{\""C\"": 4.147640435820257, \""l1_ratio\"": 0.6407910280893419}""}]"
T18,record|engineered|elastic,20360827,0,0.42629977990507484,0.698546238753507,0.36648411829134714,0.4968814968814966,0.4218356026222893,"{""C"": 0.18364604611744567, ""l1_ratio"": 0.9342006691457124}","[{""trial"":0,""objective"":0.3723611813,""pr_auc_w"":0.3444277454,""inner_precision"":0.3491048593,""inner_recall"":0.4864864865,""inner_f1"":0.4065020474,""params"":""{\""C\"": 2.6022919834884117, \""l1_ratio\"": 0.7792761023333981}""},{""trial"":1,""objective"":0.2960338022,""pr_auc_w"":0.2520233251,""inner_precision"":0.2641709609,""inner_recall"":0.5176715177,""inner_f1"":0.3498243853,""params"":""{\""C\"": 7.699846716788782, \""l1_ratio\"": 0.5359562778042691}""},{""trial"":2,""objective"":0.4262997799,""pr_auc_w"":0.3841421546,""inner_precision"":0.3702252693,""inner_recall"":0.6735966736,""inner_f1"":0.4778257664,""params"":""{\""C\"": 0.18364604611744567, \""l1_ratio\"": 0.9342006691457124}""},{""trial"":3,""objective"":0.3626710022,""pr_auc_w"":0.3048837224,""inner_precision"":0.4186046512,""inner_recall"":0.4490644491,""inner_f1"":0.4332998997,""params"":""{\""C\"": 0.02689969459576022, \""l1_ratio\"": 0.7566658751047167}""},{""trial"":4,""objective"":0.2961348625,""pr_auc_w"":0.2405436788,""inner_precision"":0.3346613546,""inner_recall"":0.3991683992,""inner_f1"":0.3640796424,""params"":""{\""C\"": 0.15853109463108378, \""l1_ratio\"": 0.4659989450038099}""},{""trial"":5,""objective"":0.3823520452,""pr_auc_w"":0.3298925154,""inner_precision"":0.3743466023,""inner_recall"":0.553014553,""inner_f1"":0.4464692483,""params"":""{\""C\"": 0.011921238065415417, \""l1_ratio\"": 0.04218146236302345}""},{""trial"":6,""objective"":0.4175221479,""pr_auc_w"":0.3575171263,""inner_precision"":0.4221556886,""inner_recall"":0.5862785863,""inner_f1"":0.4908616188,""params"":""{\""C\"": 0.2899202245232211, \""l1_ratio\"": 0.17220275708035593}""},{""trial"":7,""objective"":0.3224430022,""pr_auc_w"":0.2906076738,""inner_precision"":0.2708673091,""inner_recall"":0.5426195426,""inner_f1"":0.3613528481,""params"":""{\""C\"": 1.0745352191464854, \""l1_ratio\"": 0.7769602192167767}""},{""trial"":8,""objective"":0.4067971655,""pr_auc_w"":0.3398623532,""inner_precision"":0.4097767049,""inner_recall"":0.604989605,""inner_f1"":0.4886063804,""params"":""{\""C\"": 0.08915804314793191, \""l1_ratio\"": 0.6382522777825405}""},{""trial"":9,""objective"":0.2877522478,""pr_auc_w"":0.2180850998,""inner_precision"":0.2761972838,""inner_recall"":0.5738045738,""inner_f1"":0.3729009844,""params"":""{\""C\"": 0.6020932962455094, \""l1_ratio\"": 0.13448721620028015}""}]"
T18,record|engineered|elastic,20360827,1,0.5689909181999789,0.7711113519887783,0.4099783080260304,0.3634615384615384,0.38532110091743116,"{""C"": 0.3312252263409439, ""l1_ratio"": 0.16986896362022352}","[{""trial"":0,""objective"":0.4845667716,""pr_auc_w"":0.458677286,""inner_precision"":0.7340425532,""inner_recall"":0.3980769231,""inner_f1"":0.5162094763,""params"":""{\""C\"": 0.3438032990966923, \""l1_ratio\"": 0.8204170569978234}""},{""trial"":1,""objective"":0.3648602321,""pr_auc_w"":0.3252560807,""inner_precision"":0.6136363636,""inner_recall"":0.3115384615,""inner_f1"":0.4132653061,""params"":""{\""C\"": 1.943220941710908, \""l1_ratio\"": 0.7697117388911381}""},{""trial"":2,""objective"":0.4396058232,""pr_auc_w"":0.3993691794,""inner_precision"":0.6330275229,""inner_recall"":0.3980769231,""inner_f1"":0.4887839433,""params"":""{\""C\"": 0.30282051534884663, \""l1_ratio\"": 0.3403785042038868}""},{""trial"":3,""objective"":0.3657772785,""pr_auc_w"":0.3044137444,""inner_precision"":0.3839722675,""inner_recall"":0.5173076923,""inner_f1"":0.4407771536,""params"":""{\""C\"": 1.5033773885806858, \""l1_ratio\"": 0.9835246161720496}""},{""trial"":4,""objective"":0.5689909182,""pr_auc_w"":0.5723642412,""inner_precision"":0.7008547009,""inner_recall"":0.4730769231,""inner_f1"":0.5648679679,""params"":""{\""C\"": 0.3312252263409439, \""l1_ratio\"": 0.16986896362022352}""},{""trial"":5,""objective"":0.3628137147,""pr_auc_w"":0.3260213985,""inner_precision"":0.3424836601,""inner_recall"":0.5038461538,""inner_f1"":0.4077821012,""params"":""{\""C\"": 0.026999787566685404, \""l1_ratio\"": 0.7925488445240613}""},{""trial"":6,""objective"":0.3780065897,""pr_auc_w"":0.333186348,""inner_precision"":0.5012658228,""inner_recall"":0.3807692308,""inner_f1"":0.4327868852,""params"":""{\""C\"": 0.014073806294694303, \""l1_ratio\"": 0.6211174146709971}""},{""trial"":7,""objective"":0.4667202918,""pr_auc_w"":0.4190368942,""inner_precision"":0.6416666667,""inner_recall"":0.4442307692,""inner_f1"":0.525,""params"":""{\""C\"": 2.694033243747149, \""l1_ratio\"": 0.8842889676147043}""},{""trial"":8,""objective"":0.386553778,""pr_auc_w"":0.3666536695,""inner_precision"":0.4312896406,""inner_recall"":0.3923076923,""inner_f1"":0.4108761329,""params"":""{\""C\"": 5.788734016969861, \""l1_ratio\"": 0.910723338388621}""},{""trial"":9,""objective"":0.4484256298,""pr_auc_w"":0.451462042,""inner_precision"":0.603960396,""inner_recall"":0.3519230769,""inner_f1"":0.4447144593,""params"":""{\""C\"": 0.061040651161671074, \""l1_ratio\"": 0.39123296274215813}""}]"
T18,record|engineered|elastic,20360827,2,0.5109415671781962,0.8731792727991782,0.638205499276411,0.35261194029850745,0.45424892703862657,"{""C"": 0.9406978078630067, ""l1_ratio"": 0.04281113515073054}","[{""trial"":0,""objective"":0.4333508686,""pr_auc_w"":0.3811081583,""inner_precision"":0.4856416773,""inner_recall"":0.5093283582,""inner_f1"":0.4972030701,""params"":""{\""C\"": 0.09707820093228779, \""l1_ratio\"": 0.09438080719125919}""},{""trial"":1,""objective"":0.5109415672,""pr_auc_w"":0.515649694,""inner_precision"":0.5795101759,""inner_recall"":0.447761194,""inner_f1"":0.5051871899,""params"":""{\""C\"": 0.9406978078630067, \""l1_ratio\"": 0.04281113515073054}""},{""trial"":2,""objective"":0.3574552045,""pr_auc_w"":0.3103658472,""inner_precision"":0.3291159013,""inner_recall"":0.5615671642,""inner_f1"":0.4150088635,""params"":""{\""C\"": 0.012029245108983852, \""l1_ratio\"": 0.6786869456374142}""},{""trial"":3,""objective"":0.3775934763,""pr_auc_w"":0.3498447766,""inner_precision"":0.4940253921,""inner_recall"":0.3526119403,""inner_f1"":0.4115085537,""params"":""{\""C\"": 0.12653053381660267, \""l1_ratio\"": 0.845438483026685}""},{""trial"":4,""objective"":0.2344289552,""pr_auc_w"":0.1895967298,""inner_precision"":0.1884854856,""inner_recall"":0.6212686567,""inner_f1"":0.2892238973,""params"":""{\""C\"": 16.095894536341923, \""l1_ratio\"": 0.6277112638528527}""},{""trial"":5,""objective"":0.4080200936,""pr_auc_w"":0.3602567924,""inner_precision"":0.5081709617,""inner_recall"":0.4309701493,""inner_f1"":0.4663974618,""params"":""{\""C\"": 12.181442461916372, \""l1_ratio\"": 0.17665093283838829}""},{""trial"":6,""objective"":0.3078886455,""pr_auc_w"":0.2954828337,""inner_precision"":0.2299356587,""inner_recall"":0.5429104478,""inner_f1"":0.3230513044,""params"":""{\""C\"": 0.01598524569666394, \""l1_ratio\"": 0.8567489441797702}""},{""trial"":7,""objective"":0.3092948839,""pr_auc_w"":0.2473083902,""inner_precision"":0.3377563329,""inner_recall"":0.447761194,""inner_f1"":0.385056154,""params"":""{\""C\"": 1.2387167746660632, \""l1_ratio\"": 0.8642355301857578}""},{""trial"":8,""objective"":0.369634265,""pr_auc_w"":0.2874114178,""inner_precision"":0.4594250827,""inner_recall"":0.4813432836,""inner_f1"":0.4701288559,""params"":""{\""C\"": 1.852878347131478, \""l1_ratio\"": 0.8912329996174857}""},{""trial"":9,""objective"":0.3049157471,""pr_auc_w"":0.2622710554,""inner_precision"":0.2960687961,""inner_recall"":0.4496268657,""inner_f1"":0.357037037,""params"":""{\""C\"": 0.007821666541244662, \""l1_ratio\"": 0.40731026982804686}""}]"
T18,record|engineered|elastic,20360827,3,0.43680669869803324,0.7156367498618009,0.5035671819262781,0.4489795918367348,0.47470926159450755,"{""C"": 0.10343462168233435, ""l1_ratio"": 0.709048804823521}","[{""trial"":0,""objective"":0.4183804972,""pr_auc_w"":0.3885422235,""inner_precision"":0.5698324022,""inner_recall"":0.3784786642,""inner_f1"":0.4548494983,""params"":""{\""C\"": 0.016978167500476045, \""l1_ratio\"": 0.49729588928739643}""},{""trial"":1,""objective"":0.3457118237,""pr_auc_w"":0.318708124,""inner_precision"":0.3651574803,""inner_recall"":0.3933209647,""inner_f1"":0.3787163455,""params"":""{\""C\"": 15.273754624172529, \""l1_ratio\"": 0.9984377692080616}""},{""trial"":2,""objective"":0.387360079,""pr_auc_w"":0.381403222,""inner_precision"":0.5744680851,""inner_recall"":0.3005565863,""inner_f1"":0.3946406821,""params"":""{\""C\"": 0.03392266344324995, \""l1_ratio\"": 0.14840189748511634}""},{""trial"":3,""objective"":0.3494086226,""pr_auc_w"":0.3101747335,""inner_precision"":0.4717668488,""inner_recall"":0.3432282004,""inner_f1"":0.3973611537,""params"":""{\""C\"": 5.572567911472359, \""l1_ratio\"": 0.05551188346992342}""},{""trial"":4,""objective"":0.3282345353,""pr_auc_w"":0.2831450971,""inner_precision"":0.3658477842,""inner_recall"":0.4025974026,""inner_f1"":0.3833438486,""params"":""{\""C\"": 0.012120759459844577, \""l1_ratio\"": 0.3471018388265885}""},{""trial"":5,""objective"":0.4013925223,""pr_auc_w"":0.3623978617,""inner_precision"":0.5136518771,""inner_recall"":0.3988868275,""inner_f1"":0.449052663,""params"":""{\""C\"": 4.300121885787124, \""l1_ratio\"": 0.223446695856366}""},{""trial"":6,""objective"":0.4368066987,""pr_auc_w"":0.3979082406,""inner_precision"":0.4355555556,""inner_recall"":0.5454545455,""inner_f1"":0.4843492586,""params"":""{\""C\"": 0.10343462168233435, \""l1_ratio\"": 0.709048804823521}""},{""trial"":7,""objective"":0.3680064216,""pr_auc_w"":0.3391710686,""inner_precision"":0.3764651804,""inner_recall"":0.4341372913,""inner_f1"":0.4032496307,""params"":""{\""C\"": 0.23003122758735942, \""l1_ratio\"": 0.9045738783206694}""},{""trial"":8,""objective"":0.4214548537,""pr_auc_w"":0.4203212608,""inner_precision"":0.3234550562,""inner_recall"":0.6103896104,""inner_f1"":0.4228403562,""params"":""{\""C\"": 0.7514265364272877, \""l1_ratio\"": 0.4244913407777805}""},{""trial"":9,""objective"":0.4260012811,""pr_auc_w"":0.4238984332,""inner_precision"":0.5378151261,""inner_recall"":0.3562152134,""inner_f1"":0.4285714286,""params"":""{\""C\"": 0.01763284735729232, \""l1_ratio\"": 0.40466400788394796}""}]"
T18,record|engineered|elastic,20460830,0,0.5446954248564604,0.7661417761878277,0.3982300884955752,0.41589648798521245,0.4068716094032549,"{""C"": 0.8584502327188087, ""l1_ratio"": 0.4166535997563674}","[{""trial"":0,""objective"":0.4299142482,""pr_auc_w"":0.4387244828,""inner_precision"":0.6982758621,""inner_recall"":0.2994454713,""inner_f1"":0.4191461837,""params"":""{\""C\"": 0.026034090471810895, \""l1_ratio\"": 0.5872328852557418}""},{""trial"":1,""objective"":0.3817344805,""pr_auc_w"":0.332506994,""inner_precision"":0.4218487395,""inner_recall"":0.4639556377,""inner_f1"":0.4419014085,""params"":""{\""C\"": 0.24309757255885947, \""l1_ratio\"": 0.4149894533655556}""},{""trial"":2,""objective"":0.5191568902,""pr_auc_w"":0.5049407521,""inner_precision"":0.6542553191,""inner_recall"":0.4547134935,""inner_f1"":0.5365321701,""params"":""{\""C\"": 0.47868156840116177, \""l1_ratio\"": 0.3448680135955151}""},{""trial"":3,""objective"":0.4366723807,""pr_auc_w"":0.4270583624,""inner_precision"":0.4161392405,""inner_recall"":0.4861367837,""inner_f1"":0.4484228474,""params"":""{\""C\"": 4.8728429273962, \""l1_ratio\"": 0.551559215949898}""},{""trial"":4,""objective"":0.4639041844,""pr_auc_w"":0.4549729448,""inner_precision"":0.4623467601,""inner_recall"":0.4879852126,""inner_f1"":0.4748201439,""params"":""{\""C\"": 0.5800739992722238, \""l1_ratio\"": 0.19876977370591942}""},{""trial"":5,""objective"":0.5446954249,""pr_auc_w"":0.5334485883,""inner_precision"":0.6736292428,""inner_recall"":0.4768946396,""inner_f1"":0.5584415584,""params"":""{\""C\"": 0.8584502327188087, \""l1_ratio\"": 0.4166535997563674}""},{""trial"":6,""objective"":0.4642052923,""pr_auc_w"":0.441983793,""inner_precision"":0.4250192753,""inner_recall"":0.5822550832,""inner_f1"":0.4913649025,""params"":""{\""C\"": 0.012942771962753835, \""l1_ratio\"": 0.7415947316406017}""},{""trial"":7,""objective"":0.4382888053,""pr_auc_w"":0.4017257052,""inner_precision"":0.4224376731,""inner_recall"":0.5637707948,""inner_f1"":0.4829770388,""params"":""{\""C\"": 2.3140059208795445, \""l1_ratio\"": 0.7870317106966648}""},{""trial"":8,""objective"":0.5073840883,""pr_auc_w"":0.4771097179,""inner_precision"":0.5169793398,""inner_recall"":0.5748613678,""inner_f1"":0.5443860965,""params"":""{\""C\"": 0.6857208437869221, \""l1_ratio\"": 0.8384343755570638}""},{""trial"":9,""objective"":0.4405909612,""pr_auc_w"":0.4094202275,""inner_precision"":0.5855614973,""inner_recall"":0.404805915,""inner_f1"":0.4786885246,""params"":""{\""C\"": 0.32439804230415903, \""l1_ratio\"": 0.7494998506461631}""}]"
T18,record|engineered|elastic,20460830,1,0.46284914307886105,0.8524613911805741,0.5583596214511041,0.3410404624277456,0.42344497607655496,"{""C"": 0.21016216618398326, ""l1_ratio"": 0.8307536075200264}","[{""trial"":0,""objective"":0.337091466,""pr_auc_w"":0.30027485,""inner_precision"":0.3950617284,""inner_recall"":0.3699421965,""inner_f1"":0.3820895522,""params"":""{\""C\"": 0.01523607514570802, \""l1_ratio\"": 0.999285735248399}""},{""trial"":1,""objective"":0.4185977946,""pr_auc_w"":0.3889692211,""inner_precision"":0.4588235294,""inner_recall"":0.450867052,""inner_f1"":0.4548104956,""params"":""{\""C\"": 0.032862434338509494, \""l1_ratio\"": 0.8112618102577643}""},{""trial"":2,""objective"":0.4158911874,""pr_auc_w"":0.3605126845,""inner_precision"":0.4098737084,""inner_recall"":0.5895953757,""inner_f1"":0.4835760244,""params"":""{\""C\"": 6.827156998008812, \""l1_ratio\"": 0.9478807941358663}""},{""trial"":3,""objective"":0.4628491431,""pr_auc_w"":0.4434050275,""inner_precision"":0.4114513981,""inner_recall"":0.5953757225,""inner_f1"":0.4866141732,""params"":""{\""C\"": 0.21016216618398326, \""l1_ratio\"": 0.8307536075200264}""},{""trial"":4,""objective"":0.4337560972,""pr_auc_w"":0.420321754,""inner_precision"":0.5748502994,""inner_recall"":0.3699421965,""inner_f1"":0.4501758499,""params"":""{\""C\"": 0.01328062375678657, \""l1_ratio\"": 0.25591831945056254}""},{""trial"":5,""objective"":0.4251094141,""pr_auc_w"":0.3938082956,""inner_precision"":0.4765784114,""inner_recall"":0.450867052,""inner_f1"":0.4633663366,""params"":""{\""C\"": 0.06967717520447377, \""l1_ratio\"": 0.40674959718207304}""},{""trial"":6,""objective"":0.106791863,""pr_auc_w"":0.0758674378,""inner_precision"":0.0779279279,""inner_recall"":1.0,""inner_f1"":0.1445883828,""params"":""{\""C\"": 0.005277688112174579, \""l1_ratio\"": 0.6911171916133964}""},{""trial"":7,""objective"":0.4216990756,""pr_auc_w"":0.4105310888,""inner_precision"":0.4208633094,""inner_recall"":0.450867052,""inner_f1"":0.4353488372,""params"":""{\""C\"": 0.10204214245188539, \""l1_ratio\"": 0.5458357390274002}""},{""trial"":8,""objective"":0.389455889,""pr_auc_w"":0.3439966493,""inner_precision"":0.4015503876,""inner_recall"":0.4990366089,""inner_f1"":0.4450171821,""params"":""{\""C\"": 0.012318470326128326, \""l1_ratio\"": 0.5040156304750765}""},{""trial"":9,""objective"":0.4143819531,""pr_auc_w"":0.3960054649,""inner_precision"":0.4009661836,""inner_recall"":0.4797687861,""inner_f1"":0.4368421053,""params"":""{\""C\"": 0.061915048935352955, \""l1_ratio\"": 0.53313305061659}""}]"
T18,record|engineered|elastic,20460830,2,0.5430300281883762,0.5740297207127618,0.456967213114754,0.46947368421052615,0.463136033229491,"{""C"": 0.012009664576064583, ""l1_ratio"": 0.27886866549034095}","[{""trial"":0,""objective"":0.3656657911,""pr_auc_w"":0.3253647191,""inner_precision"":0.3653846154,""inner_recall"":0.48,""inner_f1"":0.414922657,""params"":""{\""C\"": 5.401846106162567, \""l1_ratio\"": 0.6670344950558792}""},{""trial"":1,""objective"":0.319836942,""pr_auc_w"":0.2753172788,""inner_precision"":0.4733210672,""inner_recall"":0.3094736842,""inner_f1"":0.3742498636,""params"":""{\""C\"": 3.2617668072015538, \""l1_ratio\"": 0.031249402701154283}""},{""trial"":2,""objective"":0.2751445997,""pr_auc_w"":0.2254782484,""inner_precision"":0.3369663942,""inner_recall"":0.3347368421,""inner_f1"":0.3358479179,""params"":""{\""C\"": 8.759605908375143, \""l1_ratio\"": 0.2676094135082888}""},{""trial"":3,""objective"":0.4760367516,""pr_auc_w"":0.4689485391,""inner_precision"":0.5789473684,""inner_recall"":0.4168421053,""inner_f1"":0.4847001224,""params"":""{\""C\"": 0.07075148508506889, \""l1_ratio\"": 0.07900398899896899}""},{""trial"":4,""objective"":0.5430300282,""pr_auc_w"":0.5508398614,""inner_precision"":0.578817734,""inner_recall"":0.4947368421,""inner_f1"":0.5334846765,""params"":""{\""C\"": 0.012009664576064583, \""l1_ratio\"": 0.27886866549034095}""},{""trial"":5,""objective"":0.2525888674,""pr_auc_w"":0.210506572,""inner_precision"":0.2510780086,""inner_recall"":0.3852631579,""inner_f1"":0.3040227839,""params"":""{\""C\"": 3.3815852813243588, \""l1_ratio\"": 0.29013892535530317}""},{""trial"":6,""objective"":0.3528944753,""pr_auc_w"":0.2886475273,""inner_precision"":0.4867724868,""inner_recall"":0.3873684211,""inner_f1"":0.4314185229,""params"":""{\""C\"": 0.012056752835733554, \""l1_ratio\"": 0.8439640351908937}""},{""trial"":7,""objective"":0.4716870659,""pr_auc_w"":0.4585980687,""inner_precision"":0.587537092,""inner_recall"":0.4168421053,""inner_f1"":0.4876847291,""params"":""{\""C\"": 0.024519753480372258, \""l1_ratio\"": 0.34860843327716395}""},{""trial"":8,""objective"":0.3290709192,""pr_auc_w"":0.2906299941,""inner_precision"":0.2704734274,""inner_recall"":0.6168421053,""inner_f1"":0.3760542721,""params"":""{\""C\"": 3.411919541963179, \""l1_ratio\"": 0.7958735891429097}""},{""trial"":9,""objective"":0.3815319074,""pr_auc_w"":0.3469588731,""inner_precision"":0.3820333253,""inner_recall"":0.4757894737,""inner_f1"":0.4237878382,""params"":""{\""C\"": 0.017681020951422533, \""l1_ratio\"": 0.887376530890445}""}]"
T18,record|engineered|elastic,20460830,3,0.45458797933734707,0.7613423882633743,0.4158415841584159,0.410351201478743,0.41307814992025516,"{""C"": 0.3573429389366088, ""l1_ratio"": 0.050566036187994934}","[{""trial"":0,""objective"":0.4480200023,""pr_auc_w"":0.4396432474,""inner_precision"":0.3690149927,""inner_recall"":0.6044362292,""inner_f1"":0.4582582583,""params"":""{\""C\"": 0.15346187346619608, \""l1_ratio\"": 0.141939773307184}""},{""trial"":1,""objective"":0.4545879793,""pr_auc_w"":0.4206389437,""inner_precision"":0.4262139605,""inner_recall"":0.5933456562,""inner_f1"":0.4960812452,""params"":""{\""C\"": 0.3573429389366088, \""l1_ratio\"": 0.050566036187994934}""},{""trial"":2,""objective"":0.3399707071,""pr_auc_w"":0.3013857328,""inner_precision"":0.379048583,""inner_recall"":0.3955637708,""inner_f1"":0.3871301202,""params"":""{\""C\"": 0.038465939493747985, \""l1_ratio\"": 0.8967706674371783}""},{""trial"":3,""objective"":0.2533258552,""pr_auc_w"":0.1986639966,""inner_precision"":0.2941176471,""inner_recall"":0.3512014787,""inner_f1"":0.3201347936,""params"":""{\""C\"": 0.03553325185226864, \""l1_ratio\"": 0.3808653771713998}""},{""trial"":4,""objective"":0.3262239755,""pr_auc_w"":0.2902229168,""inner_precision"":0.4848225737,""inner_recall"":0.2994454713,""inner_f1"":0.3702252693,""params"":""{\""C\"": 2.237157772398547, \""l1_ratio\"": 0.1644573623837644}""},{""trial"":5,""objective"":0.3657850751,""pr_auc_w"":0.3165550544,""inner_precision"":0.3396137541,""inner_recall"":0.5711645102,""inner_f1"":0.4259551004,""params"":""{\""C\"": 0.5391342791405216, \""l1_ratio\"": 0.9076653134835949}""},{""trial"":6,""objective"":0.3570923741,""pr_auc_w"":0.3249366144,""inner_precision"":0.4248188406,""inner_recall"":0.3715341959,""inner_f1"":0.3963938583,""params"":""{\""C\"": 9.650583801144878, \""l1_ratio\"": 0.5980950284751697}""},{""trial"":7,""objective"":0.4320782339,""pr_auc_w"":0.4215960601,""inner_precision"":0.4857768053,""inner_recall"":0.4103512015,""inner_f1"":0.4448897796,""params"":""{\""C\"": 4.271321501760668, \""l1_ratio\"": 0.7067869893715768}""},{""trial"":8,""objective"":0.2809748761,""pr_auc_w"":0.2165515374,""inner_precision"":0.2570554233,""inner_recall"":0.5988909427,""inner_f1"":0.3597145123,""params"":""{\""C\"": 0.29709912767287816, \""l1_ratio\"": 0.08059108373371437}""},{""trial"":9,""objective"":0.2916960153,""pr_auc_w"":0.2640382097,""inner_precision"":0.2377937416,""inner_recall"":0.5157116451,""inner_f1"":0.3255,""params"":""{\""C\"": 6.553444938068888, \""l1_ratio\"": 0.16891528204449302}""}]"
T18,record|longitudinal|lightgbm,20260824,0,0.3884650064097027,0.214620611877383,0.28032786885245903,0.31962616822429907,0.2986899563318777,"{""colsample_bytree"": 0.5430122720035866, ""learning_rate"": 0.11574094334243515, ""max_depth"": 5, ""min_child_samples"": 5, ""min_split_gain"": 0.5821763859553024, ""n_estimators"": 250, ""num_leaves"": 23, ""reg_alpha"": 0.030839760924334055, ""reg_lambda"": 1.976463154848544, ""subsample"": 0.8196466190567209}","[{""trial"":0,""objective"":0.3118340126,""pr_auc_w"":0.2826382435,""inner_precision"":0.4726688103,""inner_recall"":0.2747663551,""inner_f1"":0.3475177305,""params"":""{\""colsample_bytree\"": 0.7305386215351921, \""learning_rate\"": 0.01608681340672835, \""max_depth\"": 5, \""min_child_samples\"": 18, \""min_split_gain\"": 0.49836787514243597, \""n_estimators\"": 250, \""num_leaves\"": 7, \""reg_alpha\"": 0.237616517201951, \""reg_lambda\"": 28.63818588482803, \""subsample\"": 0.7439679523328617}""},{""trial"":1,""objective"":0.2489999774,""pr_auc_w"":0.1992687336,""inner_precision"":0.5671641791,""inner_recall"":0.2130841121,""inner_f1"":0.3097826087,""params"":""{\""colsample_bytree\"": 0.6087243098444274, \""learning_rate\"": 0.012861764729608307, \""max_depth\"": 2, \""min_child_samples\"": 30, \""min_split_gain\"": 0.38906136821405723, \""n_estimators\"": 250, \""num_leaves\"": 20, \""reg_alpha\"": 0.0011936786192464463, \""reg_lambda\"": 0.14029173306063256, \""subsample\"": 0.6938726120897065}""},{""trial"":2,""objective"":0.2998813527,""pr_auc_w"":0.2611594507,""inner_precision"":0.38,""inner_recall"":0.3196261682,""inner_f1"":0.3472081218,""params"":""{\""colsample_bytree\"": 0.5120717824737895, \""learning_rate\"": 0.03507330387236174, \""max_depth\"": 2, \""min_child_samples\"": 40, \""min_split_gain\"": 0.5096335794545153, \""n_estimators\"": 250, \""num_leaves\"": 13, \""reg_alpha\"": 0.0034581152014730417, \""reg_lambda\"": 2.7157003237954664, \""subsample\"": 0.8548293441950083}""},{""trial"":3,""objective"":0.2383009706,""pr_auc_w"":0.2018285186,""inner_precision"":0.4206642066,""inner_recall"":0.2130841121,""inner_f1"":0.2828784119,""params"":""{\""colsample_bytree\"": 0.744694422571067, \""learning_rate\"": 0.10000800105696216, \""max_depth\"": 4, \""min_child_samples\"": 53, \""min_split_gain\"": 0.7600372291235047, \""n_estimators\"": 250, \""num_leaves\"": 27, \""reg_alpha\"": 1.6692429700440226, \""reg_lambda\"": 0.17323600072361492, \""subsample\"": 0.9743270511885467}""},{""trial"":4,""objective"":0.2901876524,""pr_auc_w"":0.2499859834,""inner_precision"":0.35468841,""inner_recall"":0.3252336449,""inner_f1"":0.3393230255,""params"":""{\""colsample_bytree\"": 0.6666808225746963, \""learning_rate\"": 0.021010818585621288, \""max_depth\"": 6, \""min_child_samples\"": 29, \""min_split_gain\"": 0.7287906043930459, \""n_estimators\"": 250, \""num_leaves\"": 21, \""reg_alpha\"": 0.00294051375760723, \""reg_lambda\"": 2.711385286043484, \""subsample\"": 0.979798534052932}""},{""trial"":5,""objective"":0.27283113,""pr_auc_w"":0.2594132433,""inner_precision"":0.3204545455,""inner_recall"":0.2635514019,""inner_f1"":0.2892307692,""params"":""{\""colsample_bytree\"": 0.7452517309694235, \""learning_rate\"": 0.07994313548888048, \""max_depth\"": 5, \""min_child_samples\"": 7, \""min_split_gain\"": 0.19008587403300348, \""n_estimators\"": 250, \""num_leaves\"": 11, \""reg_alpha\"": 0.21285745674763298, \""reg_lambda\"": 17.50122249292032, \""subsample\"": 0.8288683417731105}""},{""trial"":6,""objective"":0.3807183209,""pr_auc_w"":0.3624603767,""inner_precision"":0.4793814433,""inner_recall"":0.3476635514,""inner_f1"":0.4030335861,""params"":""{\""colsample_bytree\"": 0.5837797130861184, \""learning_rate\"": 0.1074953806465142, \""max_depth\"": 4, \""min_child_samples\"": 46, \""min_split_gain\"": 0.5208303631424884, \""n_estimators\"": 250, \""num_leaves\"": 11, \""reg_alpha\"": 2.076231937799805, \""reg_lambda\"": 0.01572630919410877, \""subsample\"": 0.6875619957252178}""},{""trial"":7,""objective"":0.2916287031,""pr_auc_w"":0.2792341138,""inner_precision"":0.4215686275,""inner_recall"":0.2411214953,""inner_f1"":0.3067776457,""params"":""{\""colsample_bytree\"": 0.8548713561364975, \""learning_rate\"": 0.015435036235818577, \""max_depth\"": 6, \""min_child_samples\"": 35, \""min_split_gain\"": 0.4174807886256914, \""n_estimators\"": 250, \""num_leaves\"": 22, \""reg_alpha\"": 0.01470098026757213, \""reg_lambda\"": 0.00611926779530175, \""subsample\"": 0.5852523316020629}""},{""trial"":8,""objective"":0.2653603791,""pr_auc_w"":0.2475083817,""inner_precision"":0.1989701339,""inner_recall"":0.5158878505,""inner_f1"":0.2871794872,""params"":""{\""colsample_bytree\"": 0.7425912945919437, \""learning_rate\"": 0.07576588826095128, \""max_depth\"": 2, \""min_child_samples\"": 18, \""min_split_gain\"": 0.52474012137094, \""n_estimators\"": 250, \""num_leaves\"": 15, \""reg_alpha\"": 2.8940975134125506, \""reg_lambda\"": 0.22623872637268116, \""subsample\"": 0.9986752399591401}""},{""trial"":9,""objective"":0.3884650064,""pr_auc_w"":0.3683822562,""inner_precision"":0.3468869123,""inner_recall"":0.5102803738,""inner_f1"":0.41301059,""params"":""{\""colsample_bytree\"": 0.5430122720035866, \""learning_rate\"": 0.11574094334243515, \""max_depth\"": 5, \""min_child_samples\"": 5, \""min_split_gain\"": 0.5821763859553024, \""n_estimators\"": 250, \""num_leaves\"": 23, \""reg_alpha\"": 0.030839760924334055, \""reg_lambda\"": 1.976463154848544, \""subsample\"": 0.8196466190567209}""}]"
T18,record|longitudinal|lightgbm,20260824,1,0.4998898633938109,0.440280950640755,0.45,0.3929313929313927,0.4195338512763595,"{""colsample_bytree"": 0.5261113259631527, ""learning_rate"": 0.033732956903943304, ""max_depth"": 5, ""min_child_samples"": 15, ""min_split_gain"": 0.4582962486161455, ""n_estimators"": 250, ""num_leaves"": 17, ""reg_alpha"": 0.007325469054945129, ""reg_lambda"": 0.005969973812452314, ""subsample"": 0.8627565064164842}","[{""trial"":0,""objective"":0.3877338009,""pr_auc_w"":0.3562930632,""inner_precision"":0.3621441928,""inner_recall"":0.5176715177,""inner_f1"":0.4261613692,""params"":""{\""colsample_bytree\"": 0.7075597852830285, \""learning_rate\"": 0.012791992677081398, \""max_depth\"": 4, \""min_child_samples\"": 52, \""min_split_gain\"": 0.057331629804044826, \""n_estimators\"": 250, \""num_leaves\"": 17, \""reg_alpha\"": 0.020273163916615787, \""reg_lambda\"": 0.3226535129756743, \""subsample\"": 0.8437973155389142}""},{""trial"":1,""objective"":0.4998898634,""pr_auc_w"":0.473983335,""inner_precision"":0.638483965,""inner_recall"":0.4553014553,""inner_f1"":0.5315533981,""params"":""{\""colsample_bytree\"": 0.5261113259631527, \""learning_rate\"": 0.033732956903943304, \""max_depth\"": 5, \""min_child_samples\"": 15, \""min_split_gain\"": 0.4582962486161455, \""n_estimators\"": 250, \""num_leaves\"": 17, \""reg_alpha\"": 0.007325469054945129, \""reg_lambda\"": 0.005969973812452314, \""subsample\"": 0.8627565064164842}""},{""trial"":2,""objective"":0.375330492,""pr_auc_w"":0.3432906395,""inner_precision"":0.3484419263,""inner_recall"":0.5114345114,""inner_f1"":0.4144903117,""params"":""{\""colsample_bytree\"": 0.6114525789806212, \""learning_rate\"": 0.05419665899363098, \""max_depth\"": 4, \""min_child_samples\"": 16, \""min_split_gain\"": 0.6682528795702719, \""n_estimators\"": 250, \""num_leaves\"": 16, \""reg_alpha\"": 1.5031814270777566, \""reg_lambda\"": 29.177380370091832, \""subsample\"": 0.9530932569900632}""},{""trial"":3,""objective"":0.3377837809,""pr_auc_w"":0.2960769617,""inner_precision"":0.31125,""inner_recall"":0.5176715177,""inner_f1"":0.3887587822,""params"":""{\""colsample_bytree\"": 0.7407393832339318, \""learning_rate\"": 0.03473320773827692, \""max_depth\"": 7, \""min_child_samples\"": 36, \""min_split_gain\"": 0.7035861395125855, \""n_estimators\"": 250, \""num_leaves\"": 21, \""reg_alpha\"": 0.0015671728731191518, \""reg_lambda\"": 0.6611811967586873, \""subsample\"": 0.9435509569101044}""},{""trial"":4,""objective"":0.338838313,""pr_auc_w"":0.3279959973,""inner_precision"":0.2870249017,""inner_recall"":0.4553014553,""inner_f1"":0.3520900322,""params"":""{\""colsample_bytree\"": 0.9315169384492132, \""learning_rate\"": 0.017316585153483378, \""max_depth\"": 4, \""min_child_samples\"": 44, \""min_split_gain\"": 0.2742561503425648, \""n_estimators\"": 250, \""num_leaves\"": 17, \""reg_alpha\"": 0.02469213804114552, \""reg_lambda\"": 0.003304530187572768, \""subsample\"": 0.9588308680126181}""},{""trial"":5,""objective"":0.413155629,""pr_auc_w"":0.4036457936,""inner_precision"":0.4539007092,""inner_recall"":0.3991683992,""inner_f1"":0.4247787611,""params"":""{\""colsample_bytree\"": 0.6237815270220644, \""learning_rate\"": 0.017862013319690645, \""max_depth\"": 6, \""min_child_samples\"": 48, \""min_split_gain\"": 0.055342529652596006, \""n_estimators\"": 250, \""num_leaves\"": 8, \""reg_alpha\"": 0.055008770356162015, \""reg_lambda\"": 2.897441394466083, \""subsample\"": 0.8556003360145927}""},{""trial"":6,""objective"":0.3273217392,""pr_auc_w"":0.3166004543,""inner_precision"":0.2967542504,""inner_recall"":0.3991683992,""inner_f1"":0.3404255319,""params"":""{\""colsample_bytree\"": 0.5745050304051208, \""learning_rate\"": 0.04837556471265129, \""max_depth\"": 2, \""min_child_samples\"": 13, \""min_split_gain\"": 0.14738607687843674, \""n_estimators\"": 250, \""num_leaves\"": 29, \""reg_alpha\"": 0.013070843635047123, \""reg_lambda\"": 1.3014550585708609, \""subsample\"": 0.8779020182572989}""},{""trial"":7,""objective"":0.3665499919,""pr_auc_w"":0.3635981332,""inner_precision"":0.5972222222,""inner_recall"":0.2681912682,""inner_f1"":0.3701578192,""params"":""{\""colsample_bytree\"": 0.811151396977996, \""learning_rate\"": 0.021501255395161564, \""max_depth\"": 3, \""min_child_samples\"": 7, \""min_split_gain\"": 0.8405273147957789, \""n_estimators\"": 250, \""num_leaves\"": 21, \""reg_alpha\"": 14.629390058073254, \""reg_lambda\"": 0.002201554113253125, \""subsample\"": 0.9375056328457569}""},{""trial"":8,""objective"":0.3977169484,""pr_auc_w"":0.3963029121,""inner_precision"":0.6,""inner_recall"":0.2993762994,""inner_f1"":0.399445215,""params"":""{\""colsample_bytree\"": 0.9209123993329347, \""learning_rate\"": 0.028146803162140063, \""max_depth\"": 4, \""min_child_samples\"": 26, \""min_split_gain\"": 0.20728679536134975, \""n_estimators\"": 250, \""num_leaves\"": 26, \""reg_alpha\"": 0.014677096069328356, \""reg_lambda\"": 23.33510429988793, \""subsample\"": 0.9057420706012644}""},{""trial"":9,""objective"":0.3283002238,""pr_auc_w"":0.2751305574,""inner_precision"":0.2763268745,""inner_recall"":0.6819126819,""inner_f1"":0.3932853717,""params"":""{\""colsample_bytree\"": 0.5663503690039903, \""learning_rate\"": 0.013757970285065283, \""max_depth\"": 4, \""min_child_samples\"": 31, \""min_split_gain\"": 0.06642387452522058, \""n_estimators\"": 250, \""num_leaves\"": 9, \""reg_alpha\"": 1.7977034561285405, \""reg_lambda\"": 9.261073641950032, \""subsample\"": 0.6463903724072079}""}]"
T18,record|longitudinal|lightgbm,20260824,2,0.4551941289097362,0.4807619591265117,0.31171067738231917,0.33456561922365985,0.32273402674591384,"{""colsample_bytree"": 0.9672922489941762, ""learning_rate"": 0.01948282158212441, ""max_depth"": 7, ""min_child_samples"": 50, ""min_split_gain"": 0.4553709452049719, ""n_estimators"": 250, ""num_leaves"": 12, ""reg_alpha"": 0.06621416157075682, ""reg_lambda"": 0.12296567578942133, ""subsample"": 0.7047638534309698}","[{""trial"":0,""objective"":0.3591562658,""pr_auc_w"":0.3170063302,""inner_precision"":0.5514018692,""inner_recall"":0.3271719039,""inner_f1"":0.4106728538,""params"":""{\""colsample_bytree\"": 0.6583543528604147, \""learning_rate\"": 0.08225666064554088, \""max_depth\"": 6, \""min_child_samples\"": 54, \""min_split_gain\"": 0.4674763662792867, \""n_estimators\"": 250, \""num_leaves\"": 21, \""reg_alpha\"": 0.06606388247893748, \""reg_lambda\"": 0.13369471014794904, \""subsample\"": 0.8759113925755497}""},{""trial"":1,""objective"":0.4040809835,""pr_auc_w"":0.3937836064,""inner_precision"":0.3273495248,""inner_recall"":0.573012939,""inner_f1"":0.4166666667,""params"":""{\""colsample_bytree\"": 0.850403129974628, \""learning_rate\"": 0.01696068464938394, \""max_depth\"": 4, \""min_child_samples\"": 45, \""min_split_gain\"": 0.1358068044601053, \""n_estimators\"": 250, \""num_leaves\"": 31, \""reg_alpha\"": 0.0011943672678700293, \""reg_lambda\"": 6.6715595024086705, \""subsample\"": 0.8754904754864743}""},{""trial"":2,""objective"":0.2339871383,""pr_auc_w"":0.1809451671,""inner_precision"":0.2262459825,""inner_recall"":0.4399260628,""inner_f1"":0.2988162143,""params"":""{\""colsample_bytree\"": 0.691135726832915, \""learning_rate\"": 0.066608036790067, \""max_depth\"": 7, \""min_child_samples\"": 21, \""min_split_gain\"": 0.03555588961331679, \""n_estimators\"": 250, \""num_leaves\"": 19, \""reg_alpha\"": 2.6301906452989106, \""reg_lambda\"": 0.006739432155078041, \""subsample\"": 0.9920564072895339}""},{""trial"":3,""objective"":0.3322015421,""pr_auc_w"":0.2824366629,""inner_precision"":0.2933749837,""inner_recall"":0.595194085,""inner_f1"":0.3930252833,""params"":""{\""colsample_bytree\"": 0.6580173101358296, \""learning_rate\"": 0.013423297250714934, \""max_depth\"": 3, \""min_child_samples\"": 51, \""min_split_gain\"": 0.6911401720336402, \""n_estimators\"": 250, \""num_leaves\"": 28, \""reg_alpha\"": 17.361427729844856, \""reg_lambda\"": 10.160671140216952, \""subsample\"": 0.9410840235169615}""},{""trial"":4,""objective"":0.4551941289,""pr_auc_w"":0.4402600486,""inner_precision"":0.4503216583,""inner_recall"":0.4990757856,""inner_f1"":0.4734468938,""params"":""{\""colsample_bytree\"": 0.9672922489941762, \""learning_rate\"": 0.01948282158212441, \""max_depth\"": 7, \""min_child_samples\"": 50, \""min_split_gain\"": 0.4553709452049719, \""n_estimators\"": 250, \""num_leaves\"": 12, \""reg_alpha\"": 0.06621416157075682, \""reg_lambda\"": 0.12296567578942133, \""subsample\"": 0.7047638534309698}""},{""trial"":5,""objective"":0.2874286076,""pr_auc_w"":0.2607431437,""inner_precision"":0.2750569476,""inner_recall"":0.3826247689,""inner_f1"":0.3200441745,""params"":""{\""colsample_bytree\"": 0.7764283308505175, \""learning_rate\"": 0.09717158526818379, \""max_depth\"": 7, \""min_child_samples\"": 15, \""min_split_gain\"": 0.6231328832628859, \""n_estimators\"": 250, \""num_leaves\"": 28, \""reg_alpha\"": 0.0015191645706012001, \""reg_lambda\"": 0.0038406145511336288, \""subsample\"": 0.803964427934099}""},{""trial"":6,""objective"":0.3744211326,""pr_auc_w"":0.3277146371,""inner_precision"":0.5641791045,""inner_recall"":0.3493530499,""inner_f1"":0.4315068493,""params"":""{\""colsample_bytree\"": 0.8824077359853101, \""learning_rate\"": 0.06754021603210715, \""max_depth\"": 6, \""min_child_samples\"": 11, \""min_split_gain\"": 0.4893781707090604, \""n_estimators\"": 250, \""num_leaves\"": 4, \""reg_alpha\"": 0.16882108982660476, \""reg_lambda\"": 0.008256342728286363, \""subsample\"": 0.9620782586340216}""},{""trial"":7,""objective"":0.2855254406,""pr_auc_w"":0.2638066267,""inner_precision"":0.3326359833,""inner_recall"":0.2939001848,""inner_f1"":0.3120706575,""params"":""{\""colsample_bytree\"": 0.919272243024627, \""learning_rate\"": 0.01824972875390831, \""max_depth\"": 5, \""min_child_samples\"": 44, \""min_split_gain\"": 0.07911298522511656, \""n_estimators\"": 250, \""num_leaves\"": 18, \""reg_alpha\"": 0.8217434223669113, \""reg_lambda\"": 0.10021502159042857, \""subsample\"": 0.8030515795293647}""},{""trial"":8,""objective"":0.3567984188,""pr_auc_w"":0.3178486027,""inner_precision"":0.3443475032,""inner_recall"":0.4898336414,""inner_f1"":0.4044037497,""params"":""{\""colsample_bytree\"": 0.5510399169133219, \""learning_rate\"": 0.04141841696476174, \""max_depth\"": 4, \""min_child_samples\"": 15, \""min_split_gain\"": 0.3822475634182152, \""n_estimators\"": 250, \""num_leaves\"": 12, \""reg_alpha\"": 1.9988722556679601, \""reg_lambda\"": 0.0016814335039065662, \""subsample\"": 0.9819177663930548}""},{""trial"":9,""objective"":0.3343599301,""pr_auc_w"":0.2941832339,""inner_precision"":0.3432327167,""inner_recall"":0.4343807763,""inner_f1"":0.3834647811,""params"":""{\""colsample_bytree\"": 0.6453529167050305, \""learning_rate\"": 0.023273722030191044, \""max_depth\"": 7, \""min_child_samples\"": 19, \""min_split_gain\"": 0.5197846163549067, \""n_estimators\"": 250, \""num_leaves\"": 27, \""reg_alpha\"": 0.23432795005263166, \""reg_lambda\"": 0.001704478077177204, \""subsample\"": 0.6933898431191523}""}]"
T18,record|longitudinal|lightgbm,20260824,3,0.3755647835892172,0.46969912348863113,0.28640776699029125,0.3410404624277457,0.3113456464379947,"{""colsample_bytree"": 0.8952737305033772, ""learning_rate"": 0.07442389010832971, ""max_depth"": 3, ""min_child_samples"": 37, ""min_split_gain"": 0.5980928913759078, ""n_estimators"": 250, ""num_leaves"": 11, ""reg_alpha"": 0.0018088573644285443, ""reg_lambda"": 9.89381788713968, ""subsample"": 0.9082563081649246}","[{""trial"":0,""objective"":0.3755647836,""pr_auc_w"":0.3597414131,""inner_precision"":0.4397163121,""inner_recall"":0.3583815029,""inner_f1"":0.3949044586,""params"":""{\""colsample_bytree\"": 0.8952737305033772, \""learning_rate\"": 0.07442389010832971, \""max_depth\"": 3, \""min_child_samples\"": 37, \""min_split_gain\"": 0.5980928913759078, \""n_estimators\"": 250, \""num_leaves\"": 11, \""reg_alpha\"": 0.0018088573644285443, \""reg_lambda\"": 9.89381788713968, \""subsample\"": 0.9082563081649246}""},{""trial"":1,""objective"":0.2151252731,""pr_auc_w"":0.181876975,""inner_precision"":0.2082324455,""inner_recall"":0.3314065511,""inner_f1"":0.2557620818,""params"":""{\""colsample_bytree\"": 0.6665681893977276, \""learning_rate\"": 0.0903677933327767, \""max_depth\"": 6, \""min_child_samples\"": 20, \""min_split_gain\"": 0.6213617674173304, \""n_estimators\"": 250, \""num_leaves\"": 5, \""reg_alpha\"": 0.4603454841448792, \""reg_lambda\"": 0.4387073206067949, \""subsample\"": 0.7631914196804872}""},{""trial"":2,""objective"":0.328369749,""pr_auc_w"":0.3205468791,""inner_precision"":0.4188034188,""inner_recall"":0.2832369942,""inner_f1"":0.3379310345,""params"":""{\""colsample_bytree\"": 0.6889013641651205, \""learning_rate\"": 0.07490056545219238, \""max_depth\"": 2, \""min_child_samples\"": 18, \""min_split_gain\"": 0.6979076850604502, \""n_estimators\"": 250, \""num_leaves\"": 21, \""reg_alpha\"": 0.9293501433231293, \""reg_lambda\"": 0.012774139528221177, \""subsample\"": 0.953141743929466}""},{""trial"":3,""objective"":0.3229690795,""pr_auc_w"":0.3196248332,""inner_precision"":0.3367346939,""inner_recall"":0.3179190751,""inner_f1"":0.3270564916,""params"":""{\""colsample_bytree\"": 0.8475799135772553, \""learning_rate\"": 0.09051602284970309, \""max_depth\"": 5, \""min_child_samples\"": 27, \""min_split_gain\"": 0.657944221830181, \""n_estimators\"": 250, \""num_leaves\"": 5, \""reg_alpha\"": 0.010486427038772218, \""reg_lambda\"": 1.0345009566197816, \""subsample\"": 0.6443272321601745}""},{""trial"":4,""objective"":0.2694459165,""pr_auc_w"":0.2336739084,""inner_precision"":0.4074074074,""inner_recall"":0.2543352601,""inner_f1"":0.3131672598,""params"":""{\""colsample_bytree\"": 0.4924953407395835, \""learning_rate\"": 0.09086430581453717, \""max_depth\"": 6, \""min_child_samples\"": 34, \""min_split_gain\"": 0.8308188080717166, \""n_estimators\"": 250, \""num_leaves\"": 17, \""reg_alpha\"": 0.004762286283007867, \""reg_lambda\"": 2.6128436741056245, \""subsample\"": 0.5936610134176785}""},{""trial"":5,""objective"":0.2532857942,""pr_auc_w"":0.2040745784,""inner_precision"":0.2418848168,""inner_recall"":0.4450867052,""inner_f1"":0.3134328358,""params"":""{\""colsample_bytree\"": 0.679568252590349, \""learning_rate\"": 0.07151009668923153, \""max_depth\"": 6, \""min_child_samples\"": 37, \""min_split_gain\"": 0.13451130419917867, \""n_estimators\"": 250, \""num_leaves\"": 26, \""reg_alpha\"": 1.5136410688922515, \""reg_lambda\"": 3.0379961427688102, \""subsample\"": 0.8344476302980856}""},{""trial"":6,""objective"":0.2800330451,""pr_auc_w"":0.2147592896,""inner_precision"":0.2703987447,""inner_recall"":0.5375722543,""inner_f1"":0.3598120797,""params"":""{\""colsample_bytree\"": 0.9295508611526349, \""learning_rate\"": 0.01948045905065111, \""max_depth\"": 7, \""min_child_samples\"": 21, \""min_split_gain\"": 0.9001773806284973, \""n_estimators\"": 250, \""num_leaves\"": 22, \""reg_alpha\"": 0.05335200776294493, \""reg_lambda\"": 0.004488474437154648, \""subsample\"": 0.8291997685613345}""},{""trial"":7,""objective"":0.2986619495,""pr_auc_w"":0.2585894204,""inner_precision"":0.392251816,""inner_recall"":0.3121387283,""inner_f1"":0.347639485,""params"":""{\""colsample_bytree\"": 0.6337161337833159, \""learning_rate\"": 0.01805785125418143, \""max_depth\"": 4, \""min_child_samples\"": 28, \""min_split_gain\"": 0.9519192908666331, \""n_estimators\"": 250, \""num_leaves\"": 25, \""reg_alpha\"": 4.258492534231066, \""reg_lambda\"": 2.1393649420733984, \""subsample\"": 0.9095377720653725}""},{""trial"":8,""objective"":0.3648332227,""pr_auc_w"":0.3123449899,""inner_precision"":0.4302325581,""inner_recall"":0.4277456647,""inner_f1"":0.4289855072,""params"":""{\""colsample_bytree\"": 0.8464903488362079, \""learning_rate\"": 0.10352965372754998, \""max_depth\"": 5, \""min_child_samples\"": 51, \""min_split_gain\"": 0.14684481761684576, \""n_estimators\"": 250, \""num_leaves\"": 19, \""reg_alpha\"": 0.3283803511444792, \""reg_lambda\"": 0.02228408404560063, \""subsample\"": 0.9909133591286057}""},{""trial"":9,""objective"":0.3176354559,""pr_auc_w"":0.2749038177,""inner_precision"":0.4537815126,""inner_recall"":0.3121387283,""inner_f1"":0.3698630137,""params"":""{\""colsample_bytree\"": 0.4986562965460997, \""learning_rate\"": 0.024845093710314608, \""max_depth\"": 6, \""min_child_samples\"": 46, \""min_split_gain\"": 0.7960783872754041, \""n_estimators\"": 250, \""num_leaves\"": 4, \""reg_alpha\"": 0.0018337332644720165, \""reg_lambda\"": 21.691486121380038, \""subsample\"": 0.7467034364134051}""}]"
T18,record|longitudinal|lightgbm,20360827,0,0.3857391880329786,0.4036307479866383,0.27027835977252307,0.5363825363825361,0.35943875012439025,"{""colsample_bytree"": 0.8061122970513064, ""learning_rate"": 0.03183444788271744, ""max_depth"": 2, ""min_child_samples"": 29, ""min_split_gain"": 0.6382522777825405, ""n_estimators"": 250, ""num_leaves"": 6, ""reg_alpha"": 2.196489888244989, ""reg_lambda"": 0.035904319011218086, ""subsample"": 0.6274912406861602}","[{""trial"":0,""objective"":0.3544761933,""pr_auc_w"":0.3318628507,""inner_precision"":0.3049946865,""inner_recall"":0.5114345114,""inner_f1"":0.3821147232,""params"":""{\""colsample_bytree\"": 0.963810368030142, \""learning_rate\"": 0.06513768546192708, \""max_depth\"": 7, \""min_child_samples\"": 32, \""min_split_gain\"": 0.41674610018822633, \""n_estimators\"": 250, \""num_leaves\"": 25, \""reg_alpha\"": 0.007457318864799556, \""reg_lambda\"": 2.4416582213526845, \""subsample\"": 0.7455145699549692}""},{""trial"":1,""objective"":0.385739188,""pr_auc_w"":0.3395558299,""inner_precision"":0.568627451,""inner_recall"":0.3617463617,""inner_f1"":0.4421855146,""params"":""{\""colsample_bytree\"": 0.8061122970513064, \""learning_rate\"": 0.03183444788271744, \""max_depth\"": 2, \""min_child_samples\"": 29, \""min_split_gain\"": 0.6382522777825405, \""n_estimators\"": 250, \""num_leaves\"": 6, \""reg_alpha\"": 2.196489888244989, \""reg_lambda\"": 0.035904319011218086, \""subsample\"": 0.6274912406861602}""},{""trial"":2,""objective"":0.325444664,""pr_auc_w"":0.3132915194,""inner_precision"":0.6031746032,""inner_recall"":0.237006237,""inner_f1"":0.3402985075,""params"":""{\""colsample_bytree\"": 0.666384637043635, \""learning_rate\"": 0.04201246960117597, \""max_depth\"": 3, \""min_child_samples\"": 30, \""min_split_gain\"": 0.9625752183690038, \""n_estimators\"": 250, \""num_leaves\"": 6, \""reg_alpha\"": 2.0832580584568037, \""reg_lambda\"": 9.001383205126338, \""subsample\"": 0.5536144412637178}""},{""trial"":3,""objective"":0.3484315492,""pr_auc_w"":0.3394528665,""inner_precision"":0.3633879781,""inner_recall"":0.3555093555,""inner_f1"":0.3594054947,""params"":""{\""colsample_bytree\"": 0.5294820735762259, \""learning_rate\"": 0.0748505787740601, \""max_depth\"": 3, \""min_child_samples\"": 44, \""min_split_gain\"": 0.5489566603361301, \""n_estimators\"": 250, \""num_leaves\"": 10, \""reg_alpha\"": 0.2481084037736297, \""reg_lambda\"": 6.519900911992399, \""subsample\"": 0.5997816249472611}""},{""trial"":4,""objective"":0.347076116,""pr_auc_w"":0.3188319589,""inner_precision"":0.2828485456,""inner_recall"":0.5862785863,""inner_f1"":0.3815967524,""params"":""{\""colsample_bytree\"": 0.6258134908805025, \""learning_rate\"": 0.05417713840500379, \""max_depth\"": 5, \""min_child_samples\"": 26, \""min_split_gain\"": 0.658815610944972, \""n_estimators\"": 250, \""num_leaves\"": 22, \""reg_alpha\"": 0.08917244594825653, \""reg_lambda\"": 0.004621184420485149, \""subsample\"": 0.6257938980756498}""},{""trial"":5,""objective"":0.3616796351,""pr_auc_w"":0.3419476178,""inner_precision"":0.3582887701,""inner_recall"":0.4178794179,""inner_f1"":0.3857965451,""params"":""{\""colsample_bytree\"": 0.8748796599867124, \""learning_rate\"": 0.0584743612121591, \""max_depth\"": 6, \""min_child_samples\"": 39, \""min_split_gain\"": 0.5864318398109479, \""n_estimators\"": 250, \""num_leaves\"": 7, \""reg_alpha\"": 0.00882401427286805, \""reg_lambda\"": 0.013295390971930736, \""subsample\"": 0.820131983557995}""},{""trial"":6,""objective"":0.2723640792,""pr_auc_w"":0.2301843043,""inner_precision"":0.2320143885,""inner_recall"":0.5363825364,""inner_f1"":0.3239171375,""params"":""{\""colsample_bytree\"": 0.4520807498021344, \""learning_rate\"": 0.03353153023083934, \""max_depth\"": 6, \""min_child_samples\"": 53, \""min_split_gain\"": 0.1481588465731365, \""n_estimators\"": 250, \""num_leaves\"": 3, \""reg_alpha\"": 0.07020928085982898, \""reg_lambda\"": 0.005340117659868636, \""subsample\"": 0.8119034229207127}""},{""trial"":7,""objective"":0.2691786729,""pr_auc_w"":0.2068681493,""inner_precision"":0.2532575548,""inner_recall"":0.5426195426,""inner_f1"":0.3453359796,""params"":""{\""colsample_bytree\"": 0.9893599701771876, \""learning_rate\"": 0.03149232153508803, \""max_depth\"": 5, \""min_child_samples\"": 49, \""min_split_gain\"": 0.29631401257088585, \""n_estimators\"": 250, \""num_leaves\"": 7, \""reg_alpha\"": 0.17248408000807286, \""reg_lambda\"": 0.16108238442651207, \""subsample\"": 0.6236853868130536}""},{""trial"":8,""objective"":0.3604203804,""pr_auc_w"":0.3382927828,""inner_precision"":0.3821490468,""inner_recall"":0.3929313929,""inner_f1"":0.3874652218,""params"":""{\""colsample_bytree\"": 0.9941497680350406, \""learning_rate\"": 0.058632912201326784, \""max_depth\"": 2, \""min_child_samples\"": 9, \""min_split_gain\"": 0.004765085252846246, \""n_estimators\"": 250, \""num_leaves\"": 7, \""reg_alpha\"": 0.3580563189548845, \""reg_lambda\"": 0.0016187295022387714, \""subsample\"": 0.7114760686660653}""},{""trial"":9,""objective"":0.3017454146,""pr_auc_w"":0.2501022281,""inner_precision"":0.3405405405,""inner_recall"":0.3929313929,""inner_f1"":0.3648648649,""params"":""{\""colsample_bytree\"": 0.9137750320954919, \""learning_rate\"": 0.08001833646974298, \""max_depth\"": 7, \""min_child_samples\"": 41, \""min_split_gain\"": 0.20951732898057762, \""n_estimators\"": 250, \""num_leaves\"": 18, \""reg_alpha\"": 0.0010774992500756874, \""reg_lambda\"": 0.02237209335192285, \""subsample\"": 0.7719142538376308}""}]"
T18,record|longitudinal|lightgbm,20360827,1,0.3538383951978702,0.5031226954696357,0.46580406654343814,0.3230769230769231,0.3815291445874338,"{""colsample_bytree"": 0.5722524725744129, ""learning_rate"": 0.102843455643464, ""max_depth"": 4, ""min_child_samples"": 47, ""min_split_gain"": 0.37711985482374766, ""n_estimators"": 250, ""num_leaves"": 17, ""reg_alpha"": 0.013411922200014283, ""reg_lambda"": 0.021780938937147783, ""subsample"": 0.7259157959248375}","[{""trial"":0,""objective"":0.3125434691,""pr_auc_w"":0.3088637111,""inner_precision"":0.5063291139,""inner_recall"":0.2307692308,""inner_f1"":0.3170409511,""params"":""{\""colsample_bytree\"": 0.6372081773121377, \""learning_rate\"": 0.035519688790375106, \""max_depth\"": 6, \""min_child_samples\"": 44, \""min_split_gain\"": 0.5055866380868752, \""n_estimators\"": 250, \""num_leaves\"": 26, \""reg_alpha\"": 0.9098425214608276, \""reg_lambda\"": 25.313894373596604, \""subsample\"": 0.7726495067754271}""},{""trial"":1,""objective"":0.2924861304,""pr_auc_w"":0.2513937519,""inner_precision"":0.2455118297,""inner_recall"":0.5673076923,""inner_f1"":0.3427101485,""params"":""{\""colsample_bytree\"": 0.8670636036086026, \""learning_rate\"": 0.015251740234589792, \""max_depth\"": 6, \""min_child_samples\"": 11, \""min_split_gain\"": 0.910723338388621, \""n_estimators\"": 250, \""num_leaves\"": 8, \""reg_alpha\"": 6.3584809509572935, \""reg_lambda\"": 6.424926325513007, \""subsample\"": 0.8295028366019488}""},{""trial"":2,""objective"":0.3010510474,""pr_auc_w"":0.2561915741,""inner_precision"":0.387755102,""inner_recall"":0.3288461538,""inner_f1"":0.3558792924,""params"":""{\""colsample_bytree\"": 0.7523208995515492, \""learning_rate\"": 0.02116222438869305, \""max_depth\"": 5, \""min_child_samples\"": 18, \""min_split_gain\"": 0.8159834715636191, \""n_estimators\"": 250, \""num_leaves\"": 14, \""reg_alpha\"": 3.866826662217136, \""reg_lambda\"": 0.34087328375701337, \""subsample\"": 0.9101769335439784}""},{""trial"":3,""objective"":0.2122475037,""pr_auc_w"":0.1643958889,""inner_precision"":0.2300743209,""inner_recall"":0.3288461538,""inner_f1"":0.2707328106,""params"":""{\""colsample_bytree\"": 0.46409533865444985, \""learning_rate\"": 0.010221393244404181, \""max_depth\"": 7, \""min_child_samples\"": 15, \""min_split_gain\"": 0.8177130295313646, \""n_estimators\"": 250, \""num_leaves\"": 4, \""reg_alpha\"": 0.02869137085685457, \""reg_lambda\"": 0.0034657868129883626, \""subsample\"": 0.8678004368524412}""},{""trial"":4,""objective"":0.3367835875,""pr_auc_w"":0.3032735471,""inner_precision"":0.3866513234,""inner_recall"":0.3692307692,""inner_f1"":0.3777403035,""params"":""{\""colsample_bytree\"": 0.9279794128646905, \""learning_rate\"": 0.08870176082781689, \""max_depth\"": 2, \""min_child_samples\"": 47, \""min_split_gain\"": 0.044985326383434776, \""n_estimators\"": 250, \""num_leaves\"": 25, \""reg_alpha\"": 0.035813622421561955, \""reg_lambda\"": 0.3333147109016963, \""subsample\"": 0.8073497858813502}""},{""trial"":5,""objective"":0.2455733289,""pr_auc_w"":0.21360526,""inner_precision"":0.2021719039,""inner_recall"":0.4807692308,""inner_f1"":0.2846454131,""params"":""{\""colsample_bytree\"": 0.5017647542185116, \""learning_rate\"": 0.05665366666417004, \""max_depth\"": 2, \""min_child_samples\"": 54, \""min_split_gain\"": 0.004938826861586754, \""n_estimators\"": 250, \""num_leaves\"": 27, \""reg_alpha\"": 2.079772837863796, \""reg_lambda\"": 0.8419942185875587, \""subsample\"": 0.9196823733815931}""},{""trial"":6,""objective"":0.2829798235,""pr_auc_w"":0.2675844369,""inner_precision"":0.4,""inner_recall"":0.2423076923,""inner_f1"":0.3017964072,""params"":""{\""colsample_bytree\"": 0.6783126025945825, \""learning_rate\"": 0.03226078245091732, \""max_depth\"": 2, \""min_child_samples\"": 25, \""min_split_gain\"": 0.40827149074706803, \""n_estimators\"": 250, \""num_leaves\"": 31, \""reg_alpha\"": 0.05000010847894323, \""reg_lambda\"": 0.013228520547963368, \""subsample\"": 0.839630453302648}""},{""trial"":7,""objective"":0.3538383952,""pr_auc_w"":0.3346541125,""inner_precision"":0.4533538936,""inner_recall"":0.3230769231,""inner_f1"":0.3772858518,""params"":""{\""colsample_bytree\"": 0.5722524725744129, \""learning_rate\"": 0.102843455643464, \""max_depth\"": 4, \""min_child_samples\"": 47, \""min_split_gain\"": 0.37711985482374766, \""n_estimators\"": 250, \""num_leaves\"": 17, \""reg_alpha\"": 0.013411922200014283, \""reg_lambda\"": 0.021780938937147783, \""subsample\"": 0.7259157959248375}""},{""trial"":8,""objective"":0.3215436388,""pr_auc_w"":0.3083805263,""inner_precision"":0.4324324324,""inner_recall"":0.2769230769,""inner_f1"":0.3376318875,""params"":""{\""colsample_bytree\"": 0.7754124887751135, \""learning_rate\"": 0.015103094438078142, \""max_depth\"": 6, \""min_child_samples\"": 19, \""min_split_gain\"": 0.31914893120918464, \""n_estimators\"": 250, \""num_leaves\"": 19, \""reg_alpha\"": 0.052539427569606646, \""reg_lambda\"": 0.00146542392321715, \""subsample\"": 0.6768262026519565}""},{""trial"":9,""objective"":0.2346221023,""pr_auc_w"":0.2076776428,""inner_precision"":0.2195981671,""inner_recall"":0.3423076923,""inner_f1"":0.2675542195,""params"":""{\""colsample_bytree\"": 0.47921298902949633, \""learning_rate\"": 0.010580083995916915, \""max_depth\"": 7, \""min_child_samples\"": 20, \""min_split_gain\"": 0.7187241712052016, \""n_estimators\"": 250, \""num_leaves\"": 4, \""reg_alpha\"": 0.001073195427084625, \""reg_lambda\"": 0.004948906055472338, \""subsample\"": 0.755874567482135}""}]"
T18,record|longitudinal|lightgbm,20360827,2,0.385808969983504,0.16359286987623384,0.22287735849056606,0.35261194029850745,0.273121387283237,"{""colsample_bytree"": 0.550084306681178, ""learning_rate"": 0.1096682538444551, ""max_depth"": 2, ""min_child_samples"": 12, ""min_split_gain"": 0.2050401390601747, ""n_estimators"": 250, ""num_leaves"": 11, ""reg_alpha"": 0.17791821164507102, ""reg_lambda"": 0.15449072899563468, ""subsample"": 0.8140742429546375}","[{""trial"":0,""objective"":0.2697114622,""pr_auc_w"":0.2334242495,""inner_precision"":0.2701612903,""inner_recall"":0.375,""inner_f1"":0.3140625,""params"":""{\""colsample_bytree\"": 0.8232778201005778, \""learning_rate\"": 0.024318215921870914, \""max_depth\"": 5, \""min_child_samples\"": 7, \""min_split_gain\"": 0.9738164055862714, \""n_estimators\"": 250, \""num_leaves\"": 5, \""reg_alpha\"": 0.0473715308157976, \""reg_lambda\"": 6.09720225975281, \""subsample\"": 0.5976312906645675}""},{""trial"":1,""objective"":0.3202145112,""pr_auc_w"":0.287697601,""inner_precision"":0.4193548387,""inner_recall"":0.3152985075,""inner_f1"":0.3599574015,""params"":""{\""colsample_bytree\"": 0.8155411378893387, \""learning_rate\"": 0.047578881017869244, \""max_depth\"": 3, \""min_child_samples\"": 12, \""min_split_gain\"": 0.8912329996174857, \""n_estimators\"": 250, \""num_leaves\"": 30, \""reg_alpha\"": 5.213182619207393, \""reg_lambda\"": 1.5593489684416648, \""subsample\"": 0.9355370248808966}""},{""trial"":2,""objective"":0.3544514415,""pr_auc_w"":0.2905901931,""inner_precision"":0.3502311757,""inner_recall"":0.5652985075,""inner_f1"":0.4325040783,""params"":""{\""colsample_bytree\"": 0.8150380424743993, \""learning_rate\"": 0.011434607868288026, \""max_depth\"": 7, \""min_child_samples\"": 24, \""min_split_gain\"": 0.5029248532538048, \""n_estimators\"": 250, \""num_leaves\"": 14, \""reg_alpha\"": 0.17737871920044304, \""reg_lambda\"": 1.3749503545966133, \""subsample\"": 0.6273348684246544}""},{""trial"":3,""objective"":0.38580897,""pr_auc_w"":0.3488223628,""inner_precision"":0.5542521994,""inner_recall"":0.3526119403,""inner_f1"":0.4310148233,""params"":""{\""colsample_bytree\"": 0.550084306681178, \""learning_rate\"": 0.1096682538444551, \""max_depth\"": 2, \""min_child_samples\"": 12, \""min_split_gain\"": 0.2050401390601747, \""n_estimators\"": 250, \""num_leaves\"": 11, \""reg_alpha\"": 0.17791821164507102, \""reg_lambda\"": 0.15449072899563468, \""subsample\"": 0.8140742429546375}""},{""trial"":4,""objective"":0.2927006252,""pr_auc_w"":0.2427901048,""inner_precision"":0.2877192982,""inner_recall"":0.4589552239,""inner_f1"":0.3537023724,""params"":""{\""colsample_bytree\"": 0.9618694296508672, \""learning_rate\"": 0.03551861879081782, \""max_depth\"": 6, \""min_child_samples\"": 31, \""min_split_gain\"": 0.05214727478007308, \""n_estimators\"": 250, \""num_leaves\"": 31, \""reg_alpha\"": 1.2352912661622415, \""reg_lambda\"": 0.005585609000715693, \""subsample\"": 0.5587938739522842}""},{""trial"":5,""objective"":0.2871280324,""pr_auc_w"":0.2339412118,""inner_precision"":0.2976804124,""inner_recall"":0.4309701493,""inner_f1"":0.3521341463,""params"":""{\""colsample_bytree\"": 0.8762166566273453, \""learning_rate\"": 0.062352889025607885, \""max_depth\"": 3, \""min_child_samples\"": 50, \""min_split_gain\"": 0.7359907431486181, \""n_estimators\"": 250, \""num_leaves\"": 20, \""reg_alpha\"": 0.35515901258101984, \""reg_lambda\"": 0.3153890135192042, \""subsample\"": 0.7667758257746037}""},{""trial"":6,""objective"":0.3711016097,""pr_auc_w"":0.3477602222,""inner_precision"":0.3963302752,""inner_recall"":0.4029850746,""inner_f1"":0.3996299722,""params"":""{\""colsample_bytree\"": 0.7908455702096098, \""learning_rate\"": 0.09612017268572533, \""max_depth\"": 3, \""min_child_samples\"": 50, \""min_split_gain\"": 0.017915073207925403, \""n_estimators\"": 250, \""num_leaves\"": 11, \""reg_alpha\"": 0.7414491652909011, \""reg_lambda\"": 0.001934229093104595, \""subsample\"": 0.8059585787290542}""},{""trial"":7,""objective"":0.3447767092,""pr_auc_w"":0.2941845502,""inner_precision"":0.3649851632,""inner_recall"":0.4589552239,""inner_f1"":0.4066115702,""params"":""{\""colsample_bytree\"": 0.7221162538164403, \""learning_rate\"": 0.10582006086429774, \""max_depth\"": 4, \""min_child_samples\"": 19, \""min_split_gain\"": 0.32301479184579596, \""n_estimators\"": 250, \""num_leaves\"": 13, \""reg_alpha\"": 14.217964787305766, \""reg_lambda\"": 3.670577580733662, \""subsample\"": 0.6044093933720485}""},{""trial"":8,""objective"":0.2407424006,""pr_auc_w"":0.1668214943,""inner_precision"":0.2589473684,""inner_recall"":0.4589552239,""inner_f1"":0.331090175,""params"":""{\""colsample_bytree\"": 0.9751838353831637, \""learning_rate\"": 0.05984870195761262, \""max_depth\"": 5, \""min_child_samples\"": 16, \""min_split_gain\"": 0.8824793451672504, \""n_estimators\"": 250, \""num_leaves\"": 28, \""reg_alpha\"": 12.904737600487415, \""reg_lambda\"": 0.3568475249335363, \""subsample\"": 0.7387141353737842}""},{""trial"":9,""objective"":0.2324266995,""pr_auc_w"":0.1817706715,""inner_precision"":0.2220113852,""inner_recall"":0.4365671642,""inner_f1"":0.2943396226,""params"":""{\""colsample_bytree\"": 0.8414637007949592, \""learning_rate\"": 0.0367259432446121, \""max_depth\"": 3, \""min_child_samples\"": 8, \""min_split_gain\"": 0.167039531303113, \""n_estimators\"": 250, \""num_leaves\"": 22, \""reg_alpha\"": 2.082688082848221, \""reg_lambda\"": 0.4306441935522287, \""subsample\"": 0.8897105364730405}""}]"
T18,record|longitudinal|lightgbm,20360827,3,0.34801325186063264,0.349051897281981,0.29719357159990417,0.3283858998144713,0.3120120876353564,"{""colsample_bytree"": 0.5657849739387955, ""learning_rate"": 0.022880872705207396, ""max_depth"": 7, ""min_child_samples"": 16, ""min_split_gain"": 0.9995180592241927, ""n_estimators"": 250, ""num_leaves"": 13, ""reg_alpha"": 0.8430606076266919, ""reg_lambda"": 0.005978747001591962, ""subsample"": 0.8231053164584069}","[{""trial"":0,""objective"":0.3328573263,""pr_auc_w"":0.310002687,""inner_precision"":0.3244444444,""inner_recall"":0.4063079777,""inner_f1"":0.3607907743,""params"":""{\""colsample_bytree\"": 0.5316210436168141, \""learning_rate\"": 0.014423294620587368, \""max_depth\"": 7, \""min_child_samples\"": 55, \""min_split_gain\"": 0.10676108371306547, \""n_estimators\"": 250, \""num_leaves\"": 17, \""reg_alpha\"": 4.348746015800393, \""reg_lambda\"": 0.0017722844759884007, \""subsample\"": 0.6538805499019822}""},{""trial"":1,""objective"":0.3029572294,""pr_auc_w"":0.2482490297,""inner_precision"":0.3134906008,""inner_recall"":0.4508348794,""inner_f1"":0.3698228068,""params"":""{\""colsample_bytree\"": 0.7038961700305923, \""learning_rate\"": 0.02369113104154553, \""max_depth\"": 3, \""min_child_samples\"": 23, \""min_split_gain\"": 0.4244913407777805, \""n_estimators\"": 250, \""num_leaves\"": 26, \""reg_alpha\"": 7.773191801668816, \""reg_lambda\"": 0.507881751234038, \""subsample\"": 0.8690719621705845}""},{""trial"":2,""objective"":0.2870894663,""pr_auc_w"":0.2638793279,""inner_precision"":0.3640776699,""inner_recall"":0.2782931354,""inner_f1"":0.3154574132,""params"":""{\""colsample_bytree\"": 0.9309964284745426, \""learning_rate\"": 0.014587719737845475, \""max_depth\"": 7, \""min_child_samples\"": 35, \""min_split_gain\"": 0.6245760474896761, \""n_estimators\"": 250, \""num_leaves\"": 14, \""reg_alpha\"": 0.0017498688841047962, \""reg_lambda\"": 0.1095702755847425, \""subsample\"": 0.7427765144335262}""},{""trial"":3,""objective"":0.3379861892,""pr_auc_w"":0.3030151628,""inner_precision"":0.5192307692,""inner_recall"":0.3005565863,""inner_f1"":0.3807285546,""params"":""{\""colsample_bytree\"": 0.6959105297084018, \""learning_rate\"": 0.07257805639075361, \""max_depth\"": 3, \""min_child_samples\"": 46, \""min_split_gain\"": 0.8534460102800718, \""n_estimators\"": 250, \""num_leaves\"": 15, \""reg_alpha\"": 0.13570087977492343, \""reg_lambda\"": 7.609592624146568, \""subsample\"": 0.9067240792867097}""},{""trial"":4,""objective"":0.2877644747,""pr_auc_w"":0.2507441827,""inner_precision"":0.2489501312,""inner_recall"":0.5027829314,""inner_f1"":0.3330114983,""params"":""{\""colsample_bytree\"": 0.9387292305603252, \""learning_rate\"": 0.013982226712432372, \""max_depth\"": 5, \""min_child_samples\"": 52, \""min_split_gain\"": 0.07685060166066782, \""n_estimators\"": 250, \""num_leaves\"": 30, \""reg_alpha\"": 0.9524495716032512, \""reg_lambda\"": 0.4328027859030675, \""subsample\"": 0.8758140434038841}""},{""trial"":5,""objective"":0.3461729132,""pr_auc_w"":0.3259633237,""inner_precision"":0.3804347826,""inner_recall"":0.3617810761,""inner_f1"":0.3708735226,""params"":""{\""colsample_bytree\"": 0.8617088234975133, \""learning_rate\"": 0.045068602932639715, \""max_depth\"": 4, \""min_child_samples\"": 31, \""min_split_gain\"": 0.7448299210264672, \""n_estimators\"": 250, \""num_leaves\"": 30, \""reg_alpha\"": 5.657682570791216, \""reg_lambda\"": 0.12126592655359708, \""subsample\"": 0.87608586351332}""},{""trial"":6,""objective"":0.2756373555,""pr_auc_w"":0.2470411811,""inner_precision"":0.424437299,""inner_recall"":0.2448979592,""inner_f1"":0.3105882353,""params"":""{\""colsample_bytree\"": 0.5886650395572929, \""learning_rate\"": 0.02458345212586476, \""max_depth\"": 5, \""min_child_samples\"": 14, \""min_split_gain\"": 0.2799011273649463, \""n_estimators\"": 250, \""num_leaves\"": 20, \""reg_alpha\"": 0.001583187208011603, \""reg_lambda\"": 0.07176956311925216, \""subsample\"": 0.7099284019203648}""},{""trial"":7,""objective"":0.3236744676,""pr_auc_w"":0.3242141917,""inner_precision"":0.5882352941,""inner_recall"":0.2226345083,""inner_f1"":0.3230148048,""params"":""{\""colsample_bytree\"": 0.46076573586739145, \""learning_rate\"": 0.03563449997251942, \""max_depth\"": 5, \""min_child_samples\"": 55, \""min_split_gain\"": 0.0009586525409120972, \""n_estimators\"": 250, \""num_leaves\"": 30, \""reg_alpha\"": 0.09616992087115074, \""reg_lambda\"": 0.21006705339722906, \""subsample\"": 0.6413528931210197}""},{""trial"":8,""objective"":0.3480132519,""pr_auc_w"":0.31489656,""inner_precision"":0.3769633508,""inner_recall"":0.400742115,""inner_f1"":0.3884892086,""params"":""{\""colsample_bytree\"": 0.5657849739387955, \""learning_rate\"": 0.022880872705207396, \""max_depth\"": 7, \""min_child_samples\"": 16, \""min_split_gain\"": 0.9995180592241927, \""n_estimators\"": 250, \""num_leaves\"": 13, \""reg_alpha\"": 0.8430606076266919, \""reg_lambda\"": 0.005978747001591962, \""subsample\"": 0.8231053164584069}""},{""trial"":9,""objective"":0.3455104259,""pr_auc_w"":0.3032910271,""inner_precision"":0.5650684932,""inner_recall"":0.306122449,""inner_f1"":0.3971119134,""params"":""{\""colsample_bytree\"": 0.5602236408390099, \""learning_rate\"": 0.04031484754704276, \""max_depth\"": 7, \""min_child_samples\"": 52, \""min_split_gain\"": 0.6721479524295932, \""n_estimators\"": 250, \""num_leaves\"": 14, \""reg_alpha\"": 0.010597585787101132, \""reg_lambda\"": 1.4856145679680497, \""subsample\"": 0.5788305932448786}""}]"
T18,record|longitudinal|lightgbm,20460830,0,0.43566998909171817,0.39622146442589723,0.40127388535031844,0.34935304990757843,0.37351778656126466,"{""colsample_bytree"": 0.6071278339659033, ""learning_rate"": 0.034906770578689815, ""max_depth"": 2, ""min_child_samples"": 38, ""min_split_gain"": 0.6787874422140396, ""n_estimators"": 250, ""num_leaves"": 24, ""reg_alpha"": 0.3369001192698798, ""reg_lambda"": 0.008995780058050823, ""subsample"": 0.8288824665981529}","[{""trial"":0,""objective"":0.4274644935,""pr_auc_w"":0.412263762,""inner_precision"":0.6348122867,""inner_recall"":0.3438077634,""inner_f1"":0.4460431655,""params"":""{\""colsample_bytree\"": 0.6396774074775333, \""learning_rate\"": 0.01639403669535118, \""max_depth\"": 4, \""min_child_samples\"": 26, \""min_split_gain\"": 0.5731479764644536, \""n_estimators\"": 250, \""num_leaves\"": 20, \""reg_alpha\"": 3.7049587465552656, \""reg_lambda\"": 0.2947117755707991, \""subsample\"": 0.7974929672443043}""},{""trial"":1,""objective"":0.4165526435,""pr_auc_w"":0.3955802944,""inner_precision"":0.7073170732,""inner_recall"":0.3216266174,""inner_f1"":0.4421855146,""params"":""{\""colsample_bytree\"": 0.8569801606201577, \""learning_rate\"": 0.016387345570875043, \""max_depth\"": 4, \""min_child_samples\"": 10, \""min_split_gain\"": 0.8384343755570638, \""n_estimators\"": 250, \""num_leaves\"": 20, \""reg_alpha\"": 2.4268726941050933, \""reg_lambda\"": 0.45328302081627353, \""subsample\"": 0.8837176292382708}""},{""trial"":2,""objective"":0.4356699891,""pr_auc_w"":0.4282365981,""inner_precision"":0.9137931034,""inner_recall"":0.2939001848,""inner_f1"":0.4447552448,""params"":""{\""colsample_bytree\"": 0.6071278339659033, \""learning_rate\"": 0.034906770578689815, \""max_depth\"": 2, \""min_child_samples\"": 38, \""min_split_gain\"": 0.6787874422140396, \""n_estimators\"": 250, \""num_leaves\"": 24, \""reg_alpha\"": 0.3369001192698798, \""reg_lambda\"": 0.008995780058050823, \""subsample\"": 0.8288824665981529}""},{""trial"":3,""objective"":0.372810747,""pr_auc_w"":0.3275617996,""inner_precision"":0.5050251256,""inner_recall"":0.3715341959,""inner_f1"":0.428115016,""params"":""{\""colsample_bytree\"": 0.8037125704542438, \""learning_rate\"": 0.07061333432693345, \""max_depth\"": 7, \""min_child_samples\"": 7, \""min_split_gain\"": 0.42223740352776695, \""n_estimators\"": 250, \""num_leaves\"": 6, \""reg_alpha\"": 0.005062437137422545, \""reg_lambda\"": 21.309501359266463, \""subsample\"": 0.7558963741983745}""},{""trial"":4,""objective"":0.3141049197,""pr_auc_w"":0.2803174657,""inner_precision"":0.2852348993,""inner_recall"":0.471349353,""inner_f1"":0.3554006969,""params"":""{\""colsample_bytree\"": 0.7931992151145322, \""learning_rate\"": 0.04646938540472183, \""max_depth\"": 6, \""min_child_samples\"": 38, \""min_split_gain\"": 0.02948184026195333, \""n_estimators\"": 250, \""num_leaves\"": 11, \""reg_alpha\"": 2.938165965768561, \""reg_lambda\"": 0.4719295080313219, \""subsample\"": 0.5540598541741378}""},{""trial"":5,""objective"":0.4012899056,""pr_auc_w"":0.3991642638,""inner_precision"":0.3319170632,""inner_recall"":0.5157116451,""inner_f1"":0.4038879123,""params"":""{\""colsample_bytree\"": 0.730826672218652, \""learning_rate\"": 0.020337799060592243, \""max_depth\"": 5, \""min_child_samples\"": 45, \""min_split_gain\"": 0.09349385211854211, \""n_estimators\"": 250, \""num_leaves\"": 20, \""reg_alpha\"": 1.2649979778482159, \""reg_lambda\"": 0.425661758140649, \""subsample\"": 0.5553282414057774}""},{""trial"":6,""objective"":0.4012333708,""pr_auc_w"":0.3883232165,""inner_precision"":0.475177305,""inner_recall"":0.3715341959,""inner_f1"":0.4170124481,""params"":""{\""colsample_bytree\"": 0.9707374512439029, \""learning_rate\"": 0.10179784456083395, \""max_depth\"": 3, \""min_child_samples\"": 45, \""min_split_gain\"": 0.775551883964139, \""n_estimators\"": 250, \""num_leaves\"": 12, \""reg_alpha\"": 0.019961428457036183, \""reg_lambda\"": 0.0903045048853281, \""subsample\"": 0.6009154887339264}""},{""trial"":7,""objective"":0.3848647922,""pr_auc_w"":0.364793826,""inner_precision"":0.5184135977,""inner_recall"":0.3382624769,""inner_f1"":0.4093959732,""params"":""{\""colsample_bytree\"": 0.8831335334556341, \""learning_rate\"": 0.07218070470523216, \""max_depth\"": 6, \""min_child_samples\"": 17, \""min_split_gain\"": 0.46311658031170144, \""n_estimators\"": 250, \""num_leaves\"": 23, \""reg_alpha\"": 0.0017855424150759291, \""reg_lambda\"": 0.00993366558119188, \""subsample\"": 0.7927983606824709}""},{""trial"":8,""objective"":0.346950567,""pr_auc_w"":0.3009546928,""inner_precision"":0.3694743787,""inner_recall"":0.4436229205,""inner_f1"":0.4031677466,""params"":""{\""colsample_bytree\"": 0.9725466189899792, \""learning_rate\"": 0.015599587486009717, \""max_depth\"": 3, \""min_child_samples\"": 34, \""min_split_gain\"": 0.6832693478613765, \""n_estimators\"": 250, \""num_leaves\"": 28, \""reg_alpha\"": 0.003054436496548802, \""reg_lambda\"": 0.06705706351080468, \""subsample\"": 0.5750836492506971}""},{""trial"":9,""objective"":0.3152521682,""pr_auc_w"":0.2619119875,""inner_precision"":0.4176136364,""inner_recall"":0.3493530499,""inner_f1"":0.3804457225,""params"":""{\""colsample_bytree\"": 0.8287364930233728, \""learning_rate\"": 0.030942152677449812, \""max_depth\"": 3, \""min_child_samples\"": 11, \""min_split_gain\"": 0.10520032807772606, \""n_estimators\"": 250, \""num_leaves\"": 17, \""reg_alpha\"": 0.0014138583385590402, \""reg_lambda\"": 0.7695127704178084, \""subsample\"": 0.8094296463487701}""}]"
T18,record|longitudinal|lightgbm,20460830,1,0.3582073232801087,0.41027679024216035,0.2792485055508111,0.6300578034682082,0.3869822485207099,"{""colsample_bytree"": 0.9713344367747265, ""learning_rate"": 0.01396297358324402, ""max_depth"": 3, ""min_child_samples"": 46, ""min_split_gain"": 0.11777940120173602, ""n_estimators"": 250, ""num_leaves"": 31, ""reg_alpha"": 0.08682338652868761, ""reg_lambda"": 5.240643696339562, ""subsample"": 0.9416846060217783}","[{""trial"":0,""objective"":0.3582073233,""pr_auc_w"":0.3409048107,""inner_precision"":0.57421875,""inner_recall"":0.2832369942,""inner_f1"":0.3793548387,""params"":""{\""colsample_bytree\"": 0.9713344367747265, \""learning_rate\"": 0.01396297358324402, \""max_depth\"": 3, \""min_child_samples\"": 46, \""min_split_gain\"": 0.11777940120173602, \""n_estimators\"": 250, \""num_leaves\"": 31, \""reg_alpha\"": 0.08682338652868761, \""reg_lambda\"": 5.240643696339562, \""subsample\"": 0.9416846060217783}""},{""trial"":1,""objective"":0.3237831976,""pr_auc_w"":0.2845937462,""inner_precision"":0.3795180723,""inner_recall"":0.3641618497,""inner_f1"":0.3716814159,""params"":""{\""colsample_bytree\"": 0.6499953532021713, \""learning_rate\"": 0.018887838074174317, \""max_depth\"": 4, \""min_child_samples\"": 5, \""min_split_gain\"": 0.5040156304750765, \""n_estimators\"": 250, \""num_leaves\"": 12, \""reg_alpha\"": 0.2226670145432312, \""reg_lambda\"": 0.003067018163030553, \""subsample\"": 0.8610027362260284}""},{""trial"":2,""objective"":0.2894119103,""pr_auc_w"":0.2369102856,""inner_precision"":0.2884715702,""inner_recall"":0.4566473988,""inner_f1"":0.3535805627,""params"":""{\""colsample_bytree\"": 0.5585395765464082, \""learning_rate\"": 0.021252595185667925, \""max_depth\"": 5, \""min_child_samples\"": 17, \""min_split_gain\"": 0.809414565479657, \""n_estimators\"": 250, \""num_leaves\"": 18, \""reg_alpha\"": 7.69720465586135, \""reg_lambda\"": 1.8913965396947543, \""subsample\"": 0.8419128939774932}""},{""trial"":3,""objective"":0.328611513,""pr_auc_w"":0.2644239505,""inner_precision"":0.3556149733,""inner_recall"":0.4759152216,""inner_f1"":0.4070629782,""params"":""{\""colsample_bytree\"": 0.8491198648798778, \""learning_rate\"": 0.015319375962537712, \""max_depth\"": 4, \""min_child_samples\"": 8, \""min_split_gain\"": 0.014998322573476996, \""n_estimators\"": 250, \""num_leaves\"": 20, \""reg_alpha\"": 0.02470270665098744, \""reg_lambda\"": 0.0011080057185957708, \""subsample\"": 0.6933262252730462}""},{""trial"":4,""objective"":0.3289880819,""pr_auc_w"":0.3164909983,""inner_precision"":0.3264248705,""inner_recall"":0.3641618497,""inner_f1"":0.3442622951,""params"":""{\""colsample_bytree\"": 0.4959461536090184, \""learning_rate\"": 0.05027729641048691, \""max_depth\"": 6, \""min_child_samples\"": 49, \""min_split_gain\"": 0.9207012439573442, \""n_estimators\"": 250, \""num_leaves\"": 3, \""reg_alpha\"": 0.0010924671195160843, \""reg_lambda\"": 4.897779979043797, \""subsample\"": 0.5912112904817631}""},{""trial"":5,""objective"":0.2594815096,""pr_auc_w"":0.209933994,""inner_precision"":0.2498454883,""inner_recall"":0.4450867052,""inner_f1"":0.3200395844,""params"":""{\""colsample_bytree\"": 0.6094161278431239, \""learning_rate\"": 0.052233431386688546, \""max_depth\"": 3, \""min_child_samples\"": 36, \""min_split_gain\"": 0.8049417572146186, \""n_estimators\"": 250, \""num_leaves\"": 13, \""reg_alpha\"": 0.250264496286509, \""reg_lambda\"": 0.005118717705152058, \""subsample\"": 0.7150807133580943}""},{""trial"":6,""objective"":0.2644411853,""pr_auc_w"":0.2545767676,""inner_precision"":0.6818181818,""inner_recall"":0.1734104046,""inner_f1"":0.2764976959,""params"":""{\""colsample_bytree\"": 0.931726838984458, \""learning_rate\"": 0.03325223804536665, \""max_depth\"": 4, \""min_child_samples\"": 6, \""min_split_gain\"": 0.17081033635095622, \""n_estimators\"": 250, \""num_leaves\"": 6, \""reg_alpha\"": 0.024641567881491033, \""reg_lambda\"": 3.55274492533328, \""subsample\"": 0.699093460607847}""},{""trial"":7,""objective"":0.2731313505,""pr_auc_w"":0.2482373818,""inner_precision"":0.2573726542,""inner_recall"":0.3699421965,""inner_f1"":0.3035573123,""params"":""{\""colsample_bytree\"": 0.7842357433083476, \""learning_rate\"": 0.018965807047170814, \""max_depth\"": 2, \""min_child_samples\"": 53, \""min_split_gain\"": 0.6444706126795541, \""n_estimators\"": 250, \""num_leaves\"": 14, \""reg_alpha\"": 0.847008840932293, \""reg_lambda\"": 0.031088016595518946, \""subsample\"": 0.9944535625606734}""},{""trial"":8,""objective"":0.3520506568,""pr_auc_w"":0.33569526,""inner_precision"":0.4483695652,""inner_recall"":0.3179190751,""inner_f1"":0.3720405862,""params"":""{\""colsample_bytree\"": 0.8464541093983111, \""learning_rate\"": 0.010840134001803153, \""max_depth\"": 3, \""min_child_samples\"": 18, \""min_split_gain\"": 0.9567668025981787, \""n_estimators\"": 250, \""num_leaves\"": 21, \""reg_alpha\"": 5.68308021406953, \""reg_lambda\"": 25.379310012244623, \""subsample\"": 0.5820304997965524}""},{""trial"":9,""objective"":0.31280272,""pr_auc_w"":0.2657019151,""inner_precision"":0.5154639175,""inner_recall"":0.289017341,""inner_f1"":0.3703703704,""params"":""{\""colsample_bytree\"": 0.9084957840685044, \""learning_rate\"": 0.02386052931116702, \""max_depth\"": 5, \""min_child_samples\"": 27, \""min_split_gain\"": 0.5987649860805243, \""n_estimators\"": 250, \""num_leaves\"": 15, \""reg_alpha\"": 0.06043122018956326, \""reg_lambda\"": 15.64848257285423, \""subsample\"": 0.9600937904677499}""}]"
T18,record|longitudinal|lightgbm,20460830,2,0.3484646973660144,0.64847128756741,0.3441558441558441,0.334736842105263,0.3393810032017075,"{""colsample_bytree"": 0.8714617138624434, ""learning_rate"": 0.0783517050566427, ""max_depth"": 7, ""min_child_samples"": 17, ""min_split_gain"": 0.7558482256104233, ""n_estimators"": 250, ""num_leaves"": 28, ""reg_alpha"": 2.0954948992863645, ""reg_lambda"": 0.1742827928657705, ""subsample"": 0.5591000780626958}","[{""trial"":0,""objective"":0.3174064218,""pr_auc_w"":0.2956027016,""inner_precision"":0.2513168838,""inner_recall"":0.5452631579,""inner_f1"":0.3440554132,""params"":""{\""colsample_bytree\"": 0.5971851774295589, \""learning_rate\"": 0.08107027793384002, \""max_depth\"": 6, \""min_child_samples\"": 6, \""min_split_gain\"": 0.10565089824279306, \""n_estimators\"": 250, \""num_leaves\"": 22, \""reg_alpha\"": 0.023662929034282604, \""reg_lambda\"": 0.002257929815371873, \""subsample\"": 0.9552074527062798}""},{""trial"":1,""objective"":0.2585239896,""pr_auc_w"":0.2119534053,""inner_precision"":0.3287671233,""inner_recall"":0.3031578947,""inner_f1"":0.3154435926,""params"":""{\""colsample_bytree\"": 0.5554397631516904, \""learning_rate\"": 0.01999630875536426, \""max_depth\"": 3, \""min_child_samples\"": 10, \""min_split_gain\"": 0.7958735891429097, \""n_estimators\"": 250, \""num_leaves\"": 25, \""reg_alpha\"": 0.03157732436654463, \""reg_lambda\"": 3.330500336911797, \""subsample\"": 0.9297838158359022}""},{""trial"":2,""objective"":0.2854235304,""pr_auc_w"":0.2405653936,""inner_precision"":0.3225545675,""inner_recall"":0.36,""inner_f1"":0.3402501421,""params"":""{\""colsample_bytree\"": 0.548154762747554, \""learning_rate\"": 0.014599648692552352, \""max_depth\"": 5, \""min_child_samples\"": 44, \""min_split_gain\"": 0.6781078640106769, \""n_estimators\"": 250, \""num_leaves\"": 28, \""reg_alpha\"": 0.9849563738060493, \""reg_lambda\"": 5.4278102084133435, \""subsample\"": 0.6726926721862037}""},{""trial"":3,""objective"":0.3198301014,""pr_auc_w"":0.2944858149,""inner_precision"":0.33655706,""inner_recall"":0.3663157895,""inner_f1"":0.3508064516,""params"":""{\""colsample_bytree\"": 0.8230409838010602, \""learning_rate\"": 0.0300103653612466, \""max_depth\"": 2, \""min_child_samples\"": 13, \""min_split_gain\"": 0.2581642845673835, \""n_estimators\"": 250, \""num_leaves\"": 7, \""reg_alpha\"": 0.39427249369018047, \""reg_lambda\"": 0.010835945570298012, \""subsample\"": 0.602654124182906}""},{""trial"":4,""objective"":0.3181592545,""pr_auc_w"":0.2767602787,""inner_precision"":0.4705882353,""inner_recall"":0.3031578947,""inner_f1"":0.3687580026,""params"":""{\""colsample_bytree\"": 0.5770223016460612, \""learning_rate\"": 0.01763437685705488, \""max_depth\"": 4, \""min_child_samples\"": 31, \""min_split_gain\"": 0.1261836806951765, \""n_estimators\"": 250, \""num_leaves\"": 25, \""reg_alpha\"": 0.047619949542828145, \""reg_lambda\"": 2.0267733476594865, \""subsample\"": 0.631332680697631}""},{""trial"":5,""objective"":0.2941595508,""pr_auc_w"":0.2658627797,""inner_precision"":0.2705029452,""inner_recall"":0.4189473684,""inner_f1"":0.3287444934,""params"":""{\""colsample_bytree\"": 0.643768358473302, \""learning_rate\"": 0.07759689013949965, \""max_depth\"": 7, \""min_child_samples\"": 35, \""min_split_gain\"": 0.40858523805281877, \""n_estimators\"": 250, \""num_leaves\"": 14, \""reg_alpha\"": 0.08815548195832777, \""reg_lambda\"": 22.05867868590825, \""subsample\"": 0.6679220240819339}""},{""trial"":6,""objective"":0.3484646974,""pr_auc_w"":0.3036902139,""inner_precision"":0.4392059553,""inner_recall"":0.3726315789,""inner_f1"":0.4031890661,""params"":""{\""colsample_bytree\"": 0.8714617138624434, \""learning_rate\"": 0.0783517050566427, \""max_depth\"": 7, \""min_child_samples\"": 17, \""min_split_gain\"": 0.7558482256104233, \""n_estimators\"": 250, \""num_leaves\"": 28, \""reg_alpha\"": 2.0954948992863645, \""reg_lambda\"": 0.1742827928657705, \""subsample\"": 0.5591000780626958}""},{""trial"":7,""objective"":0.3038185337,""pr_auc_w"":0.282099211,""inner_precision"":0.2684210526,""inner_recall"":0.4294736842,""inner_f1"":0.3303643725,""params"":""{\""colsample_bytree\"": 0.7270791479874728, \""learning_rate\"": 0.025785377963116602, \""max_depth\"": 7, \""min_child_samples\"": 45, \""min_split_gain\"": 0.004832119970443971, \""n_estimators\"": 250, \""num_leaves\"": 22, \""reg_alpha\"": 0.6403594308681264, \""reg_lambda\"": 0.18063635266540998, \""subsample\"": 0.9118532447473067}""},{""trial"":8,""objective"":0.295245532,""pr_auc_w"":0.2295367916,""inner_precision"":0.325282631,""inner_recall"":0.4442105263,""inner_f1"":0.3755562148,""params"":""{\""colsample_bytree\"": 0.5765468396023139, \""learning_rate\"": 0.011671927705848665, \""max_depth\"": 5, \""min_child_samples\"": 29, \""min_split_gain\"": 0.2540978586813908, \""n_estimators\"": 250, \""num_leaves\"": 31, \""reg_alpha\"": 0.008710977344567128, \""reg_lambda\"": 0.004922201148548945, \""subsample\"": 0.8247576877786906}""},{""trial"":9,""objective"":0.3098263183,""pr_auc_w"":0.293730824,""inner_precision"":0.2385292269,""inner_recall"":0.5326315789,""inner_f1"":0.3294985891,""params"":""{\""colsample_bytree\"": 0.9754022594213465, \""learning_rate\"": 0.016231260236796892, \""max_depth\"": 4, \""min_child_samples\"": 26, \""min_split_gain\"": 0.3932003117029014, \""n_estimators\"": 250, \""num_leaves\"": 10, \""reg_alpha\"": 0.033186052395644955, \""reg_lambda\"": 4.623469491322162, \""subsample\"": 0.8463813397524174}""}]"
T18,record|longitudinal|lightgbm,20460830,3,0.2985126910875102,0.5495958263316506,0.23411764705882349,0.36783733826247694,0.2861250898634076,"{""colsample_bytree"": 0.7955417135773984, ""learning_rate"": 0.07580575548291014, ""max_depth"": 2, ""min_child_samples"": 7, ""min_split_gain"": 0.8408123680376566, ""n_estimators"": 250, ""num_leaves"": 24, ""reg_alpha"": 7.727937560877028, ""reg_lambda"": 0.0021210154533177093, ""subsample"": 0.7312766480907318}","[{""trial"":0,""objective"":0.2904611027,""pr_auc_w"":0.2310964987,""inner_precision"":0.2543162801,""inner_recall"":0.6340110906,""inner_f1"":0.3630178409,""params"":""{\""colsample_bytree\"": 0.943223867090448, \""learning_rate\"": 0.02789433527183297, \""max_depth\"": 5, \""min_child_samples\"": 7, \""min_split_gain\"": 0.7358918550020058, \""n_estimators\"": 250, \""num_leaves\"": 7, \""reg_alpha\"": 0.010397483289740675, \""reg_lambda\"": 0.05072014370058554, \""subsample\"": 0.6606999477708326}""},{""trial"":1,""objective"":0.28644101,""pr_auc_w"":0.2312045545,""inner_precision"":0.2847266881,""inner_recall"":0.4676524954,""inner_f1"":0.3539522334,""params"":""{\""colsample_bytree\"": 0.8976260099955342, \""learning_rate\"": 0.015048017973181345, \""max_depth\"": 7, \""min_child_samples\"": 51, \""min_split_gain\"": 0.08059108373371437, \""n_estimators\"": 250, \""num_leaves\"": 19, \""reg_alpha\"": 1.0962561476222543, \""reg_lambda\"": 0.16027981737633698, \""subsample\"": 0.8191427628138264}""},{""trial"":2,""objective"":0.2341406967,""pr_auc_w"":0.1828117206,""inner_precision"":0.2031950127,""inner_recall"":0.550831793,""inner_f1"":0.2968761119,""params"":""{\""colsample_bytree\"": 0.49593209653634135, \""learning_rate\"": 0.08590262201947484, \""max_depth\"": 7, \""min_child_samples\"": 11, \""min_split_gain\"": 0.7972688720725497, \""n_estimators\"": 250, \""num_leaves\"": 7, \""reg_alpha\"": 0.02364260265941439, \""reg_lambda\"": 8.38962946982196, \""subsample\"": 0.9483841487181737}""},{""trial"":3,""objective"":0.2682646758,""pr_auc_w"":0.2264858123,""inner_precision"":0.3226415094,""inner_recall"":0.3160813309,""inner_f1"":0.3193277311,""params"":""{\""colsample_bytree\"": 0.6355906063429526, \""learning_rate\"": 0.06751951169241585, \""max_depth\"": 2, \""min_child_samples\"": 9, \""min_split_gain\"": 0.9138402992255085, \""n_estimators\"": 250, \""num_leaves\"": 28, \""reg_alpha\"": 0.07438305592458706, \""reg_lambda\"": 2.9824684922586524, \""subsample\"": 0.7115022673533232}""},{""trial"":4,""objective"":0.2525295222,""pr_auc_w"":0.2075396987,""inner_precision"":0.4005934718,""inner_recall"":0.2495378928,""inner_f1"":0.3075170843,""params"":""{\""colsample_bytree\"": 0.6041281167706765, \""learning_rate\"": 0.01844341673293773, \""max_depth\"": 4, \""min_child_samples\"": 16, \""min_split_gain\"": 0.1993948625989821, \""n_estimators\"": 250, \""num_leaves\"": 25, \""reg_alpha\"": 0.10084481135092371, \""reg_lambda\"": 1.4718524127268435, \""subsample\"": 0.6196622619870509}""},{""trial"":5,""objective"":0.2142585794,""pr_auc_w"":0.1925734892,""inner_precision"":0.1917357959,""inner_recall"":0.3234750462,""inner_f1"":0.2407625786,""params"":""{\""colsample_bytree\"": 0.8581664084953031, \""learning_rate\"": 0.09612676899979819, \""max_depth\"": 2, \""min_child_samples\"": 35, \""min_split_gain\"": 0.5556242394891842, \""n_estimators\"": 250, \""num_leaves\"": 17, \""reg_alpha\"": 0.0011711676806260107, \""reg_lambda\"": 0.01356765376408053, \""subsample\"": 0.9917106515379142}""},{""trial"":6,""objective"":0.2985126911,""pr_auc_w"":0.2437992985,""inner_precision"":0.3224893918,""inner_recall"":0.4214417745,""inner_f1"":0.3653846154,""params"":""{\""colsample_bytree\"": 0.7955417135773984, \""learning_rate\"": 0.07580575548291014, \""max_depth\"": 2, \""min_child_samples\"": 7, \""min_split_gain\"": 0.8408123680376566, \""n_estimators\"": 250, \""num_leaves\"": 24, \""reg_alpha\"": 7.727937560877028, \""reg_lambda\"": 0.0021210154533177093, \""subsample\"": 0.7312766480907318}""},{""trial"":7,""objective"":0.2866235645,""pr_auc_w"":0.2639479248,""inner_precision"":0.3126142596,""inner_recall"":0.3160813309,""inner_f1"":0.3143382353,""params"":""{\""colsample_bytree\"": 0.600650715939737, \""learning_rate\"": 0.015056314134884848, \""max_depth\"": 5, \""min_child_samples\"": 39, \""min_split_gain\"": 0.3887964775102746, \""n_estimators\"": 250, \""num_leaves\"": 7, \""reg_alpha\"": 0.30009641377846735, \""reg_lambda\"": 2.176960046022595, \""subsample\"": 0.5692990388609368}""},{""trial"":8,""objective"":0.2169469168,""pr_auc_w"":0.1642586141,""inner_precision"":0.1964603623,""inner_recall"":0.4953789279,""inner_f1"":0.2813437313,""params"":""{\""colsample_bytree\"": 0.6095904769436197, \""learning_rate\"": 0.08826347392728134, \""max_depth\"": 6, \""min_child_samples\"": 11, \""min_split_gain\"": 0.8740427106086283, \""n_estimators\"": 250, \""num_leaves\"": 20, \""reg_alpha\"": 0.023694706386057772, \""reg_lambda\"": 17.923733923380162, \""subsample\"": 0.9920335927557994}""},{""trial"":9,""objective"":0.2731614422,""pr_auc_w"":0.2395813884,""inner_precision"":0.2567409144,""inner_recall"":0.404805915,""inner_f1"":0.3142037303,""params"":""{\""colsample_bytree\"": 0.7617814407036836, \""learning_rate\"": 0.024560350516463374, \""max_depth\"": 2, \""min_child_samples\"": 50, \""min_split_gain\"": 0.7887615715720937, \""n_estimators\"": 250, \""num_leaves\"": 11, \""reg_alpha\"": 0.03550435671027744, \""reg_lambda\"": 0.03195113972030807, \""subsample\"": 0.9085748498504321}""}]"
T18,record|longitudinal|elastic,20260824,0,0.4228906177415474,0.8950855217813671,0.38775510204081637,0.21308411214953266,0.27503015681544024,"{""C"": 0.5348997046470697, ""l1_ratio"": 0.2707025916816034}","[{""trial"":0,""objective"":0.3817542143,""pr_auc_w"":0.3592093152,""inner_precision"":0.4495207668,""inner_recall"":0.3757009346,""inner_f1"":0.4093090909,""params"":""{\""C\"": 0.02444104034799468, \""l1_ratio\"": 0.15165910187752096}""},{""trial"":1,""objective"":0.4228906177,""pr_auc_w"":0.3962653096,""inner_precision"":0.3493013972,""inner_recall"":0.6542056075,""inner_f1"":0.455432661,""params"":""{\""C\"": 0.5348997046470697, \""l1_ratio\"": 0.2707025916816034}""},{""trial"":2,""objective"":0.2933196652,""pr_auc_w"":0.2383359181,""inner_precision"":0.3198263386,""inner_recall"":0.4130841121,""inner_f1"":0.3605220228,""params"":""{\""C\"": 0.17848493336529223, \""l1_ratio\"": 0.5100702209730764}""},{""trial"":3,""objective"":0.3444404675,""pr_auc_w"":0.3152512571,""inner_precision"":0.3846364133,""inner_recall"":0.3757009346,""inner_f1"":0.3801161691,""params"":""{\""C\"": 0.48835721228318324, \""l1_ratio\"": 0.9954935884259661}""},{""trial"":4,""objective"":0.3680319102,""pr_auc_w"":0.335315138,""inner_precision"":0.3048297704,""inner_recall"":0.6168224299,""inner_f1"":0.4080190762,""params"":""{\""C\"": 0.31197585840155273, \""l1_ratio\"": 0.10128100493224867}""},{""trial"":5,""objective"":0.3322389503,""pr_auc_w"":0.2880349234,""inner_precision"":0.3571428571,""inner_recall"":0.4205607477,""inner_f1"":0.3862660944,""params"":""{\""C\"": 0.8218843076906371, \""l1_ratio\"": 0.07535616598283923}""},{""trial"":6,""objective"":0.3477945046,""pr_auc_w"":0.3035825742,""inner_precision"":0.2997504269,""inner_recall"":0.6093457944,""inner_f1"":0.4018313083,""params"":""{\""C\"": 0.3141496575837767, \""l1_ratio\"": 0.31971691575490324}""},{""trial"":7,""objective"":0.3031927502,""pr_auc_w"":0.2568046561,""inner_precision"":0.2474216481,""inner_recall"":0.6598130841,""inner_f1"":0.3598893096,""params"":""{\""C\"": 0.05476300257791744, \""l1_ratio\"": 0.017876512156972724}""},{""trial"":8,""objective"":0.3554063487,""pr_auc_w"":0.3135877164,""inner_precision"":0.3755942948,""inner_recall"":0.4429906542,""inner_f1"":0.4065180103,""params"":""{\""C\"": 0.2669075563653157, \""l1_ratio\"": 0.38906136821405723}""},{""trial"":9,""objective"":0.4208477701,""pr_auc_w"":0.3828933815,""inner_precision"":0.4749034749,""inner_recall"":0.4598130841,""inner_f1"":0.4672364672,""params"":""{\""C\"": 0.32959257431750577, \""l1_ratio\"": 0.35284773292719984}""}]"
T18,record|longitudinal|elastic,20260824,1,0.4795286431715102,0.6180882684327998,0.4702702702702703,0.5426195426195425,0.5038610038610039,"{""C"": 0.015755721629500872, ""l1_ratio"": 0.20107635588917672}","[{""trial"":0,""objective"":0.358176938,""pr_auc_w"":0.319619226,""inner_precision"":0.372173913,""inner_recall"":0.4449064449,""inner_f1"":0.4053030303,""params"":""{\""C\"": 0.011373791076793578, \""l1_ratio\"": 0.5027241610775213}""},{""trial"":1,""objective"":0.4097337062,""pr_auc_w"":0.4129010913,""inner_precision"":0.4433497537,""inner_recall"":0.3742203742,""inner_f1"":0.4058624577,""params"":""{\""C\"": 0.1998707720415515, \""l1_ratio\"": 0.9316638900143265}""},{""trial"":2,""objective"":0.429197539,""pr_auc_w"":0.3756670797,""inner_precision"":0.5814606742,""inner_recall"":0.4303534304,""inner_f1"":0.4946236559,""params"":""{\""C\"": 1.1238114738035287, \""l1_ratio\"": 0.46829051869641547}""},{""trial"":3,""objective"":0.3756895583,""pr_auc_w"":0.3360839724,""inner_precision"":0.3455497382,""inner_recall"":0.5488565489,""inner_f1"":0.4240963855,""params"":""{\""C\"": 0.0621585385533397, \""l1_ratio\"": 0.5603458685244602}""},{""trial"":4,""objective"":0.4247539747,""pr_auc_w"":0.3960477525,""inner_precision"":0.4446601942,""inner_recall"":0.4760914761,""inner_f1"":0.4598393574,""params"":""{\""C\"": 0.008044183598885316, \""l1_ratio\"": 0.48931021865898616}""},{""trial"":5,""objective"":0.4016138847,""pr_auc_w"":0.3889029442,""inner_precision"":0.4712041885,""inner_recall"":0.3742203742,""inner_f1"":0.4171494786,""params"":""{\""C\"": 0.2944120351959974, \""l1_ratio\"": 0.6156973772684065}""},{""trial"":6,""objective"":0.3813366695,""pr_auc_w"":0.3722506041,""inner_precision"":0.652173913,""inner_recall"":0.2806652807,""inner_f1"":0.3924418605,""params"":""{\""C\"": 0.02827962799665994, \""l1_ratio\"": 0.6950144587032979}""},{""trial"":7,""objective"":0.4795286432,""pr_auc_w"":0.4757332002,""inner_precision"":0.4759036145,""inner_recall"":0.4927234927,""inner_f1"":0.4841675179,""params"":""{\""C\"": 0.015755721629500872, \""l1_ratio\"": 0.20107635588917672}""},{""trial"":8,""objective"":0.3996192818,""pr_auc_w"":0.3930824886,""inner_precision"":0.5882352941,""inner_recall"":0.3118503119,""inner_f1"":0.4076086957,""params"":""{\""C\"": 0.021051218938884432, \""l1_ratio\"": 0.4582962486161455}""},{""trial"":9,""objective"":0.3428331848,""pr_auc_w"":0.3193391492,""inner_precision"":0.3109243697,""inner_recall"":0.4615384615,""inner_f1"":0.3715481172,""params"":""{\""C\"": 1.4086472893766178, \""l1_ratio\"": 0.47737043681192226}""}]"
T18,record|longitudinal|elastic,20260824,2,0.4249191085960984,0.7327230521195175,0.340036563071298,0.343807763401109,0.34191176470588236,"{""C"": 0.16717358734398843, ""l1_ratio"": 0.47488421757218735}","[{""trial"":0,""objective"":0.3496251534,""pr_auc_w"":0.313666763,""inner_precision"":0.413803145,""inner_recall"":0.3752310536,""inner_f1"":0.3935742972,""params"":""{\""C\"": 5.670241845727474, \""l1_ratio\"": 0.6406383163249926}""},{""trial"":1,""objective"":0.4123698483,""pr_auc_w"":0.3827370632,""inner_precision"":0.3885880077,""inner_recall"":0.5304990758,""inner_f1"":0.4485876968,""params"":""{\""C\"": 1.6469102076399165, \""l1_ratio\"": 0.9712629491841673}""},{""trial"":2,""objective"":0.2296323626,""pr_auc_w"":0.1921890925,""inner_precision"":0.2187840149,""inner_recall"":0.3715341959,""inner_f1"":0.2753963594,""params"":""{\""C\"": 2.0312018741937217, \""l1_ratio\"": 0.37882609610984486}""},{""trial"":3,""objective"":0.4249191086,""pr_auc_w"":0.3896787767,""inner_precision"":0.4391203704,""inner_recall"":0.5009242144,""inner_f1"":0.4679906254,""params"":""{\""C\"": 0.16717358734398843, \""l1_ratio\"": 0.47488421757218735}""},{""trial"":4,""objective"":0.3494885398,""pr_auc_w"":0.2797024834,""inner_precision"":0.3701298701,""inner_recall"":0.5268022181,""inner_f1"":0.4347826087,""params"":""{\""C\"": 0.2414615144478529, \""l1_ratio\"": 0.21260875336215357}""},{""trial"":5,""objective"":0.3145434862,""pr_auc_w"":0.2507308528,""inner_precision"":0.3197143332,""inner_recall"":0.5083179298,""inner_f1"":0.3925367047,""params"":""{\""C\"": 19.993982978418373, \""l1_ratio\"": 0.4140215396757223}""},{""trial"":6,""objective"":0.3174612678,""pr_auc_w"":0.2694381268,""inner_precision"":0.4236111111,""inner_recall"":0.3382624769,""inner_f1"":0.3761562179,""params"":""{\""C\"": 3.9302104560607622, \""l1_ratio\"": 0.7233121677477207}""},{""trial"":7,""objective"":0.3513121824,""pr_auc_w"":0.2857858774,""inner_precision"":0.4570162482,""inner_recall"":0.4085027726,""inner_f1"":0.4313998885,""params"":""{\""C\"": 2.0955121190724952, \""l1_ratio\"": 0.01793474887121349}""},{""trial"":8,""objective"":0.3409819189,""pr_auc_w"":0.2917698987,""inner_precision"":0.4088291747,""inner_recall"":0.393715342,""inner_f1"":0.4011299435,""params"":""{\""C\"": 5.966853428130973, \""l1_ratio\"": 0.1358068044601053}""},{""trial"":9,""objective"":0.3371603411,""pr_auc_w"":0.2718558697,""inner_precision"":0.3933505034,""inner_recall"":0.4436229205,""inner_f1"":0.4169769173,""params"":""{\""C\"": 2.803582975575952, \""l1_ratio\"": 0.5822788652371963}""}]"
T18,record|longitudinal|elastic,20260824,3,0.4112582994427654,0.984518191794388,0.5625,0.36416184971098253,0.44210526315789467,"{""C"": 4.060190051975926, ""l1_ratio"": 0.28420017314563795}","[{""trial"":0,""objective"":0.4112582994,""pr_auc_w"":0.4011441598,""inner_precision"":0.6346153846,""inner_recall"":0.3179190751,""inner_f1"":0.4236200257,""params"":""{\""C\"": 4.060190051975926, \""l1_ratio\"": 0.28420017314563795}""},{""trial"":1,""objective"":0.2728802194,""pr_auc_w"":0.2440744332,""inner_precision"":0.4615384615,""inner_recall"":0.2312138728,""inner_f1"":0.3080872914,""params"":""{\""C\"": 0.024553615244017106, \""l1_ratio\"": 0.6467060115661291}""},{""trial"":2,""objective"":0.3157437103,""pr_auc_w"":0.2539213706,""inner_precision"":0.3456425406,""inner_recall"":0.450867052,""inner_f1"":0.3913043478,""params"":""{\""C\"": 3.6868925475522283, \""l1_ratio\"": 0.8095886009152312}""},{""trial"":3,""objective"":0.117865174,""pr_auc_w"":0.0874368262,""inner_precision"":0.0951754386,""inner_recall"":0.4181117534,""inner_f1"":0.1550553769,""params"":""{\""C\"": 0.008213778262749735, \""l1_ratio\"": 0.8923957348592076}""},{""trial"":4,""objective"":0.3043733599,""pr_auc_w"":0.2167089907,""inner_precision"":0.363597973,""inner_recall"":0.4739884393,""inner_f1"":0.4115187,""params"":""{\""C\"": 0.7134055431204438, \""l1_ratio\"": 0.8858694320249312}""},{""trial"":5,""objective"":0.2184715885,""pr_auc_w"":0.1742539069,""inner_precision"":0.2714363736,""inner_recall"":0.2736030829,""inner_f1"":0.2725154215,""params"":""{\""C\"": 0.010503633424552255, \""l1_ratio\"": 0.6742566502698211}""},{""trial"":6,""objective"":0.3925332556,""pr_auc_w"":0.3590801656,""inner_precision"":0.3952380952,""inner_recall"":0.4797687861,""inner_f1"":0.4334203655,""params"":""{\""C\"": 0.06051695767735713, \""l1_ratio\"": 0.47375871040108275}""},{""trial"":7,""objective"":0.375789763,""pr_auc_w"":0.3517033124,""inner_precision"":0.3251748252,""inner_recall"":0.5375722543,""inner_f1"":0.4052287582,""params"":""{\""C\"": 0.13101420531685887, \""l1_ratio\"": 0.6191735212009151}""},{""trial"":8,""objective"":0.3680861867,""pr_auc_w"":0.335349931,""inner_precision"":0.3519553073,""inner_recall"":0.4855491329,""inner_f1"":0.408097166,""params"":""{\""C\"": 0.667924131860421, \""l1_ratio\"": 0.6213617674173304}""},{""trial"":9,""objective"":0.3274076738,""pr_auc_w"":0.2948588997,""inner_precision"":0.2666168783,""inner_recall"":0.5895953757,""inner_f1"":0.3671895089,""params"":""{\""C\"": 4.147640435820257, \""l1_ratio\"": 0.6407910280893419}""}]"
T18,record|longitudinal|elastic,20360827,0,0.3768069678862829,0.6902055823331291,0.3257978723404254,0.43659043659043634,0.37314379997461594,"{""C"": 0.18364604611744567, ""l1_ratio"": 0.9342006691457124}","[{""trial"":0,""objective"":0.2703395009,""pr_auc_w"":0.2233265275,""inner_precision"":0.2811902232,""inner_recall"":0.3929313929,""inner_f1"":0.3277998018,""params"":""{\""C\"": 2.6022919834884117, \""l1_ratio\"": 0.7792761023333981}""},{""trial"":1,""objective"":0.2296632271,""pr_auc_w"":0.189995753,""inner_precision"":0.215261959,""inner_recall"":0.3929313929,""inner_f1"":0.2781456954,""params"":""{\""C\"": 7.699846716788782, \""l1_ratio\"": 0.5359562778042691}""},{""trial"":2,""objective"":0.3768069679,""pr_auc_w"":0.3280115736,""inner_precision"":0.4427131072,""inner_recall"":0.4303534304,""inner_f1"":0.4364457831,""params"":""{\""C\"": 0.18364604611744567, \""l1_ratio\"": 0.9342006691457124}""},{""trial"":3,""objective"":0.3045117698,""pr_auc_w"":0.2564706455,""inner_precision"":0.3941605839,""inner_recall"":0.3367983368,""inner_f1"":0.3632286996,""params"":""{\""C\"": 0.02689969459576022, \""l1_ratio\"": 0.7566658751047167}""},{""trial"":4,""objective"":0.2424732213,""pr_auc_w"":0.1834211211,""inner_precision"":0.2229796728,""inner_recall"":0.5343035343,""inner_f1"":0.3146480105,""params"":""{\""C\"": 0.15853109463108378, \""l1_ratio\"": 0.4659989450038099}""},{""trial"":5,""objective"":0.3264232501,""pr_auc_w"":0.3029877907,""inner_precision"":0.2910022779,""inner_recall"":0.4553014553,""inner_f1"":0.3550665895,""params"":""{\""C\"": 0.011921238065415417, \""l1_ratio\"": 0.04218146236302345}""},{""trial"":6,""objective"":0.2621020434,""pr_auc_w"":0.217630873,""inner_precision"":0.2554278416,""inner_recall"":0.4158004158,""inner_f1"":0.3164556962,""params"":""{\""C\"": 0.2899202245232211, \""l1_ratio\"": 0.17220275708035593}""},{""trial"":7,""objective"":0.2650459545,""pr_auc_w"":0.201382255,""inner_precision"":0.349137931,""inner_recall"":0.3367983368,""inner_f1"":0.3428571429,""params"":""{\""C\"": 1.0745352191464854, \""l1_ratio\"": 0.7769602192167767}""},{""trial"":8,""objective"":0.3066461819,""pr_auc_w"":0.2429017979,""inner_precision"":0.3058968059,""inner_recall"":0.5176715177,""inner_f1"":0.3845559846,""params"":""{\""C\"": 0.08915804314793191, \""l1_ratio\"": 0.6382522777825405}""},{""trial"":9,""objective"":0.3071899818,""pr_auc_w"":0.2269001654,""inner_precision"":0.3158593232,""inner_recall"":0.5654885655,""inner_f1"":0.4053219798,""params"":""{\""C\"": 0.6020932962455094, \""l1_ratio\"": 0.13448721620028015}""}]"
T18,record|longitudinal|elastic,20360827,1,0.5317956772284064,0.8802868270304386,0.45724907063197034,0.47307692307692306,0.4650283553875237,"{""C"": 2.694033243747149, ""l1_ratio"": 0.8842889676147043}","[{""trial"":0,""objective"":0.4436576949,""pr_auc_w"":0.413354461,""inner_precision"":0.4825581395,""inner_recall"":0.4788461538,""inner_f1"":0.4806949807,""params"":""{\""C\"": 0.3438032990966923, \""l1_ratio\"": 0.8204170569978234}""},{""trial"":1,""objective"":0.3726566448,""pr_auc_w"":0.3487731564,""inner_precision"":0.5028901734,""inner_recall"":0.3346153846,""inner_f1"":0.4018475751,""params"":""{\""C\"": 1.943220941710908, \""l1_ratio\"": 0.7697117388911381}""},{""trial"":2,""objective"":0.3741632736,""pr_auc_w"":0.3574768239,""inner_precision"":0.3250311333,""inner_recall"":0.5019230769,""inner_f1"":0.3945578231,""params"":""{\""C\"": 0.30282051534884663, \""l1_ratio\"": 0.3403785042038868}""},{""trial"":3,""objective"":0.2796637471,""pr_auc_w"":0.2610568597,""inner_precision"":0.3739376771,""inner_recall"":0.2538461538,""inner_f1"":0.3024054983,""params"":""{\""C\"": 1.5033773885806858, \""l1_ratio\"": 0.9835246161720496}""},{""trial"":4,""objective"":0.3265542844,""pr_auc_w"":0.3045501095,""inner_precision"":0.2821100917,""inner_recall"":0.4730769231,""inner_f1"":0.3534482759,""params"":""{\""C\"": 0.3312252263409439, \""l1_ratio\"": 0.16986896362022352}""},{""trial"":5,""objective"":0.3175328737,""pr_auc_w"":0.2685920499,""inner_precision"":0.2661626989,""inner_recall"":0.6480769231,""inner_f1"":0.3773494361,""params"":""{\""C\"": 0.026999787566685404, \""l1_ratio\"": 0.7925488445240613}""},{""trial"":6,""objective"":0.3740534715,""pr_auc_w"":0.3180082461,""inner_precision"":0.4952380952,""inner_recall"":0.4,""inner_f1"":0.4425531915,""params"":""{\""C\"": 0.014073806294694303, \""l1_ratio\"": 0.6211174146709971}""},{""trial"":7,""objective"":0.5317956772,""pr_auc_w"":0.5183860419,""inner_precision"":0.7849462366,""inner_recall"":0.4211538462,""inner_f1"":0.5481852315,""params"":""{\""C\"": 2.694033243747149, \""l1_ratio\"": 0.8842889676147043}""},{""trial"":8,""objective"":0.3883982013,""pr_auc_w"":0.4047431412,""inner_precision"":0.3735177866,""inner_recall"":0.3634615385,""inner_f1"":0.3684210526,""params"":""{\""C\"": 5.788734016969861, \""l1_ratio\"": 0.910723338388621}""},{""trial"":9,""objective"":0.3592778936,""pr_auc_w"":0.3513630324,""inner_precision"":0.3877118644,""inner_recall"":0.3519230769,""inner_f1"":0.3689516129,""params"":""{\""C\"": 0.061040651161671074, \""l1_ratio\"": 0.39123296274215813}""}]"
T18,record|longitudinal|elastic,20360827,2,0.3981060321982033,0.43105438057023854,0.21299524564183836,0.5373134328358209,0.3050616630097602,"{""C"": 0.12653053381660267, ""l1_ratio"": 0.845438483026685}","[{""trial"":0,""objective"":0.2868837434,""pr_auc_w"":0.2400575403,""inner_precision"":0.2863974495,""inner_recall"":0.4309701493,""inner_f1"":0.3441157693,""params"":""{\""C\"": 0.09707820093228779, \""l1_ratio\"": 0.09438080719125919}""},{""trial"":1,""objective"":0.3792026467,""pr_auc_w"":0.3435804827,""inner_precision"":0.3613159387,""inner_recall"":0.5093283582,""inner_f1"":0.4227408473,""params"":""{\""C\"": 0.9406978078630067, \""l1_ratio\"": 0.04281113515073054}""},{""trial"":2,""objective"":0.3529437391,""pr_auc_w"":0.2991665825,""inner_precision"":0.3572504708,""inner_recall"":0.5055970149,""inner_f1"":0.418671375,""params"":""{\""C\"": 0.012029245108983852, \""l1_ratio\"": 0.6786869456374142}""},{""trial"":3,""objective"":0.3981060322,""pr_auc_w"":0.3965564222,""inner_precision"":0.3917710197,""inner_recall"":0.4085820896,""inner_f1"":0.4,""params"":""{\""C\"": 0.12653053381660267, \""l1_ratio\"": 0.845438483026685}""},{""trial"":4,""objective"":0.303961476,""pr_auc_w"":0.2515411088,""inner_precision"":0.2881049299,""inner_recall"":0.5093283582,""inner_f1"":0.3680308137,""params"":""{\""C\"": 16.095894536341923, \""l1_ratio\"": 0.6277112638528527}""},{""trial"":5,""objective"":0.3492199729,""pr_auc_w"":0.2947113819,""inner_precision"":0.3125083791,""inner_recall"":0.6212686567,""inner_f1"":0.4158415842,""params"":""{\""C\"": 12.181442461916372, \""l1_ratio\"": 0.17665093283838829}""},{""trial"":6,""objective"":0.3593402789,""pr_auc_w"":0.3078610625,""inner_precision"":0.3625071661,""inner_recall"":0.5055970149,""inner_f1"":0.4222593211,""params"":""{\""C\"": 0.01598524569666394, \""l1_ratio\"": 0.8567489441797702}""},{""trial"":7,""objective"":0.3352789182,""pr_auc_w"":0.2918935973,""inner_precision"":0.3571801567,""inner_recall"":0.4253731343,""inner_f1"":0.3883054215,""params"":""{\""C\"": 1.2387167746660632, \""l1_ratio\"": 0.8642355301857578}""},{""trial"":8,""objective"":0.2873296095,""pr_auc_w"":0.240794032,""inner_precision"":0.2474335044,""inner_recall"":0.5652985075,""inner_f1"":0.3442064265,""params"":""{\""C\"": 1.852878347131478, \""l1_ratio\"": 0.8912329996174857}""},{""trial"":9,""objective"":0.3236913189,""pr_auc_w"":0.2957617357,""inner_precision"":0.2721088435,""inner_recall"":0.5223880597,""inner_f1"":0.357827476,""params"":""{\""C\"": 0.007821666541244662, \""l1_ratio\"": 0.40731026982804686}""}]"
T18,record|longitudinal|elastic,20360827,3,0.4538410828276153,0.48913706055777456,0.2860253949505389,0.6846011131725418,0.40347817031579497,"{""C"": 0.01763284735729232, ""l1_ratio"": 0.40466400788394796}","[{""trial"":0,""objective"":0.3565817288,""pr_auc_w"":0.3231848096,""inner_precision"":0.3977695167,""inner_recall"":0.3970315399,""inner_f1"":0.3974001857,""params"":""{\""C\"": 0.016978167500476045, \""l1_ratio\"": 0.49729588928739643}""},{""trial"":1,""objective"":0.3202638045,""pr_auc_w"":0.2915885357,""inner_precision"":0.2647861692,""inner_recall"":0.5398886827,""inner_f1"":0.3553113553,""params"":""{\""C\"": 15.273754624172529, \""l1_ratio\"": 0.9984377692080616}""},{""trial"":2,""objective"":0.3554965029,""pr_auc_w"":0.3388723559,""inner_precision"":0.362962963,""inner_recall"":0.3896103896,""inner_f1"":0.3758149048,""params"":""{\""C\"": 0.03392266344324995, \""l1_ratio\"": 0.14840189748511634}""},{""trial"":3,""objective"":0.300344326,""pr_auc_w"":0.2574526155,""inner_precision"":0.2928921569,""inner_recall"":0.4434137291,""inner_f1"":0.3527675277,""params"":""{\""C\"": 5.572567911472359, \""l1_ratio\"": 0.05551188346992342}""},{""trial"":4,""objective"":0.2942513879,""pr_auc_w"":0.2502996539,""inner_precision"":0.3632170654,""inner_recall"":0.3339517625,""inner_f1"":0.347970174,""params"":""{\""C\"": 0.012120759459844577, \""l1_ratio\"": 0.3471018388265885}""},{""trial"":5,""objective"":0.3176449763,""pr_auc_w"":0.2758362646,""inner_precision"":0.35,""inner_recall"":0.3896103896,""inner_f1"":0.3687445127,""params"":""{\""C\"": 4.300121885787124, \""l1_ratio\"": 0.223446695856366}""},{""trial"":6,""objective"":0.4065043406,""pr_auc_w"":0.3636697771,""inner_precision"":0.479757085,""inner_recall"":0.439703154,""inner_f1"":0.458857696,""params"":""{\""C\"": 0.10343462168233435, \""l1_ratio\"": 0.709048804823521}""},{""trial"":7,""objective"":0.2874825693,""pr_auc_w"":0.2428725238,""inner_precision"":0.2734635541,""inner_recall"":0.4564007421,""inner_f1"":0.3420059583,""params"":""{\""C\"": 0.23003122758735942, \""l1_ratio\"": 0.9045738783206694}""},{""trial"":8,""objective"":0.3826885245,""pr_auc_w"":0.3584718441,""inner_precision"":0.3261339093,""inner_recall"":0.560296846,""inner_f1"":0.4122866894,""params"":""{\""C\"": 0.7514265364272877, \""l1_ratio\"": 0.4244913407777805}""},{""trial"":9,""objective"":0.4538410828,""pr_auc_w"":0.4222514461,""inner_precision"":0.6583850932,""inner_recall"":0.3933209647,""inner_f1"":0.4924506388,""params"":""{\""C\"": 0.01763284735729232, \""l1_ratio\"": 0.40466400788394796}""}]"
T18,record|longitudinal|elastic,20460830,0,0.43867388197677426,0.43927687238582475,0.27812295618051003,0.44916820702402943,0.3435322629506209,"{""C"": 4.8728429273962, ""l1_ratio"": 0.551559215949898}","[{""trial"":0,""objective"":0.4201991985,""pr_auc_w"":0.4001610528,""inner_precision"":0.5537190083,""inner_recall"":0.3715341959,""inner_f1"":0.4446902655,""params"":""{\""C\"": 0.026034090471810895, \""l1_ratio\"": 0.5872328852557418}""},{""trial"":1,""objective"":0.3165684747,""pr_auc_w"":0.282649752,""inner_precision"":0.403712297,""inner_recall"":0.3216266174,""inner_f1"":0.3580246914,""params"":""{\""C\"": 0.24309757255885947, \""l1_ratio\"": 0.4149894533655556}""},{""trial"":2,""objective"":0.3917146084,""pr_auc_w"":0.3576629244,""inner_precision"":0.3316977429,""inner_recall"":0.6247689464,""inner_f1"":0.4333333333,""params"":""{\""C\"": 0.47868156840116177, \""l1_ratio\"": 0.3448680135955151}""},{""trial"":3,""objective"":0.438673882,""pr_auc_w"":0.3782473978,""inner_precision"":0.6676557864,""inner_recall"":0.415896488,""inner_f1"":0.5125284738,""params"":""{\""C\"": 4.8728429273962, \""l1_ratio\"": 0.551559215949898}""},{""trial"":4,""objective"":0.404517419,""pr_auc_w"":0.3686530495,""inner_precision"":0.5528455285,""inner_recall"":0.3770794824,""inner_f1"":0.4483516484,""params"":""{\""C\"": 0.5800739992722238, \""l1_ratio\"": 0.19876977370591942}""},{""trial"":5,""objective"":0.3398655467,""pr_auc_w"":0.2906646304,""inner_precision"":0.32239819,""inner_recall"":0.5268022181,""inner_f1"":0.4,""params"":""{\""C\"": 0.8584502327188087, \""l1_ratio\"": 0.4166535997563674}""},{""trial"":6,""objective"":0.4177961407,""pr_auc_w"":0.4109549333,""inner_precision"":0.4165405951,""inner_recall"":0.4362292052,""inner_f1"":0.4261576164,""params"":""{\""C\"": 0.012942771962753835, \""l1_ratio\"": 0.7415947316406017}""},{""trial"":7,""objective"":0.2886501368,""pr_auc_w"":0.2653022882,""inner_precision"":0.1960576383,""inner_recall"":0.8299445471,""inner_f1"":0.3171863962,""params"":""{\""C\"": 2.3140059208795445, \""l1_ratio\"": 0.7870317106966648}""},{""trial"":8,""objective"":0.3858984816,""pr_auc_w"":0.3382361593,""inner_precision"":0.3445463812,""inner_recall"":0.6247689464,""inner_f1"":0.444152431,""params"":""{\""C\"": 0.6857208437869221, \""l1_ratio\"": 0.8384343755570638}""},{""trial"":9,""objective"":0.3638872949,""pr_auc_w"":0.3036587181,""inner_precision"":0.3861386139,""inner_recall"":0.5046210721,""inner_f1"":0.4375,""params"":""{\""C\"": 0.32439804230415903, \""l1_ratio\"": 0.7494998506461631}""}]"
T18,record|longitudinal|elastic,20460830,1,0.4568214296373595,0.6001831807163954,0.2940490081680279,0.4855491329479768,0.3662790697674418,"{""C"": 0.10204214245188539, ""l1_ratio"": 0.5458357390274002}","[{""trial"":0,""objective"":0.3067104014,""pr_auc_w"":0.284969755,""inner_precision"":0.230834482,""inner_recall"":0.5992292871,""inner_f1"":0.3332823025,""params"":""{\""C\"": 0.01523607514570802, \""l1_ratio\"": 0.999285735248399}""},{""trial"":1,""objective"":0.4065577891,""pr_auc_w"":0.3790900667,""inner_precision"":0.5,""inner_recall"":0.3930635838,""inner_f1"":0.4401294498,""params"":""{\""C\"": 0.032862434338509494, \""l1_ratio\"": 0.8112618102577643}""},{""trial"":2,""objective"":0.3079216447,""pr_auc_w"":0.2542089277,""inner_precision"":0.2786729858,""inner_recall"":0.5664739884,""inner_f1"":0.373570521,""params"":""{\""C\"": 6.827156998008812, \""l1_ratio\"": 0.9478807941358663}""},{""trial"":3,""objective"":0.3938880816,""pr_auc_w"":0.3214782607,""inner_precision"":0.4002541296,""inner_recall"":0.6069364162,""inner_f1"":0.482388974,""params"":""{\""C\"": 0.21016216618398326, \""l1_ratio\"": 0.8307536075200264}""},{""trial"":4,""objective"":0.362904586,""pr_auc_w"":0.3335733339,""inner_precision"":0.4324324324,""inner_recall"":0.3699421965,""inner_f1"":0.3987538941,""params"":""{\""C\"": 0.01328062375678657, \""l1_ratio\"": 0.25591831945056254}""},{""trial"":5,""objective"":0.3922479945,""pr_auc_w"":0.3429862005,""inner_precision"":0.3766471449,""inner_recall"":0.5664739884,""inner_f1"":0.4524568539,""params"":""{\""C\"": 0.06967717520447377, \""l1_ratio\"": 0.40674959718207304}""},{""trial"":6,""objective"":0.106791863,""pr_auc_w"":0.0758674378,""inner_precision"":0.0779279279,""inner_recall"":1.0,""inner_f1"":0.1445883828,""params"":""{\""C\"": 0.005277688112174579, \""l1_ratio\"": 0.6911171916133964}""},{""trial"":7,""objective"":0.4568214296,""pr_auc_w"":0.424099183,""inner_precision"":0.3926174497,""inner_recall"":0.676300578,""inner_f1"":0.4968152866,""params"":""{\""C\"": 0.10204214245188539, \""l1_ratio\"": 0.5458357390274002}""},{""trial"":8,""objective"":0.3378542773,""pr_auc_w"":0.305356019,""inner_precision"":0.4647887324,""inner_recall"":0.3179190751,""inner_f1"":0.3775743707,""params"":""{\""C\"": 0.012318470326128326, \""l1_ratio\"": 0.5040156304750765}""},{""trial"":9,""objective"":0.3550257063,""pr_auc_w"":0.3121679509,""inner_precision"":0.3397683398,""inner_recall"":0.5086705202,""inner_f1"":0.4074074074,""params"":""{\""C\"": 0.061915048935352955, \""l1_ratio\"": 0.53313305061659}""}]"
T18,record|longitudinal|elastic,20460830,2,0.4740781404942031,0.5637385418803252,0.3562874251497005,0.5010526315789472,0.41644794400699897,"{""C"": 0.012009664576064583, ""l1_ratio"": 0.27886866549034095}","[{""trial"":0,""objective"":0.2822581341,""pr_auc_w"":0.2159664938,""inner_precision"":0.3387978142,""inner_recall"":0.3915789474,""inner_f1"":0.36328125,""params"":""{\""C\"": 5.401846106162567, \""l1_ratio\"": 0.6670344950558792}""},{""trial"":1,""objective"":0.3889337567,""pr_auc_w"":0.3240629166,""inner_precision"":0.4712153518,""inner_recall"":0.4652631579,""inner_f1"":0.468220339,""params"":""{\""C\"": 3.2617668072015538, \""l1_ratio\"": 0.031249402701154283}""},{""trial"":2,""objective"":0.2875004823,""pr_auc_w"":0.2285387863,""inner_precision"":0.3103297663,""inner_recall"":0.4273684211,""inner_f1"":0.3595647773,""params"":""{\""C\"": 8.759605908375143, \""l1_ratio\"": 0.2676094135082888}""},{""trial"":3,""objective"":0.3713343297,""pr_auc_w"":0.294836396,""inner_precision"":0.4505928854,""inner_recall"":0.48,""inner_f1"":0.4648318043,""params"":""{\""C\"": 0.07075148508506889, \""l1_ratio\"": 0.07900398899896899}""},{""trial"":4,""objective"":0.4740781405,""pr_auc_w"":0.4470607533,""inner_precision"":0.4892367906,""inner_recall"":0.5263157895,""inner_f1"":0.5070993915,""params"":""{\""C\"": 0.012009664576064583, \""l1_ratio\"": 0.27886866549034095}""},{""trial"":5,""objective"":0.2704833152,""pr_auc_w"":0.2487394189,""inner_precision"":0.252851711,""inner_recall"":0.36,""inner_f1"":0.2970591885,""params"":""{\""C\"": 3.3815852813243588, \""l1_ratio\"": 0.29013892535530317}""},{""trial"":6,""objective"":0.3279241614,""pr_auc_w"":0.2731586282,""inner_precision"":0.4435695538,""inner_recall"":0.3557894737,""inner_f1"":0.3948598131,""params"":""{\""C\"": 0.012056752835733554, \""l1_ratio\"": 0.8439640351908937}""},{""trial"":7,""objective"":0.3631751225,""pr_auc_w"":0.3337479792,""inner_precision"":0.4070021882,""inner_recall"":0.3915789474,""inner_f1"":0.3991416309,""params"":""{\""C\"": 0.024519753480372258, \""l1_ratio\"": 0.34860843327716395}""},{""trial"":8,""objective"":0.2724749392,""pr_auc_w"":0.2346961249,""inner_precision"":0.2292959979,""inner_recall"":0.5221052632,""inner_f1"":0.3186490455,""params"":""{\""C\"": 3.411919541963179, \""l1_ratio\"": 0.7958735891429097}""},{""trial"":9,""objective"":0.3763004737,""pr_auc_w"":0.3324145327,""inner_precision"":0.3852751966,""inner_recall"":0.4863157895,""inner_f1"":0.4299388461,""params"":""{\""C\"": 0.017681020951422533, \""l1_ratio\"": 0.887376530890445}""}]"
T18,record|longitudinal|elastic,20460830,3,0.36696149919772547,0.7203504402508639,0.2587099811676084,0.2902033271719039,0.27355320472930933,"{""C"": 0.15346187346619608, ""l1_ratio"": 0.141939773307184}","[{""trial"":0,""objective"":0.3669614992,""pr_auc_w"":0.3315245745,""inner_precision"":0.3510518407,""inner_recall"":0.4935304991,""inner_f1"":0.410273296,""params"":""{\""C\"": 0.15346187346619608, \""l1_ratio\"": 0.141939773307184}""},{""trial"":1,""objective"":0.3606459126,""pr_auc_w"":0.3637603138,""inner_precision"":0.2984544324,""inner_recall"":0.4436229205,""inner_f1"":0.3568394223,""params"":""{\""C\"": 0.3573429389366088, \""l1_ratio\"": 0.050566036187994934}""},{""trial"":2,""objective"":0.2695264215,""pr_auc_w"":0.252572704,""inner_precision"":0.1874038363,""inner_recall"":0.6432532348,""inner_f1"":0.2902476319,""params"":""{\""C\"": 0.038465939493747985, \""l1_ratio\"": 0.8967706674371783}""},{""trial"":3,""objective"":0.2546040614,""pr_auc_w"":0.2120657217,""inner_precision"":0.2960413081,""inner_recall"":0.3179297597,""inner_f1"":0.3065953654,""params"":""{\""C\"": 0.03553325185226864, \""l1_ratio\"": 0.3808653771713998}""},{""trial"":4,""objective"":0.2848362215,""pr_auc_w"":0.2343278894,""inner_precision"":0.3233478161,""inner_recall"":0.3733826248,""inner_f1"":0.3465686275,""params"":""{\""C\"": 2.237157772398547, \""l1_ratio\"": 0.1644573623837644}""},{""trial"":5,""objective"":0.3456407888,""pr_auc_w"":0.2892975283,""inner_precision"":0.3264965056,""inner_recall"":0.5674676525,""inner_f1"":0.4145047738,""params"":""{\""C\"": 0.5391342791405216, \""l1_ratio\"": 0.9076653134835949}""},{""trial"":6,""objective"":0.2374883077,""pr_auc_w"":0.1932100998,""inner_precision"":0.1975806452,""inner_recall"":0.5563770795,""inner_f1"":0.2916061172,""params"":""{\""C\"": 9.650583801144878, \""l1_ratio\"": 0.5980950284751697}""},{""trial"":7,""objective"":0.3656938969,""pr_auc_w"":0.322801067,""inner_precision"":0.5625,""inner_recall"":0.3327171904,""inner_f1"":0.4181184669,""params"":""{\""C\"": 4.271321501760668, \""l1_ratio\"": 0.7067869893715768}""},{""trial"":8,""objective"":0.2115459113,""pr_auc_w"":0.1687176075,""inner_precision"":0.2100328176,""inner_recall"":0.3548983364,""inner_f1"":0.2638916159,""params"":""{\""C\"": 0.29709912767287816, \""l1_ratio\"": 0.08059108373371437}""},{""trial"":9,""objective"":0.2305407006,""pr_auc_w"":0.1929874731,""inner_precision"":0.239327796,""inner_recall"":0.3271719039,""inner_f1"":0.2764390897,""params"":""{\""C\"": 6.553444938068888, \""l1_ratio\"": 0.16891528204449302}""}]"
T21,record|engineered|elastic,20260824,0,0.13954380649704812,0.1839789342723352,0.027267858012367842,0.49999999999999994,0.051715380708315876,"{""C"": 0.05476300257791744, ""l1_ratio"": 0.017876512156972724}","[{""trial"":0,""objective"":0.109671275,""pr_auc_w"":0.0702157153,""inner_precision"":0.5,""inner_recall"":0.09375,""inner_f1"":0.1578947368,""params"":""{\""C\"": 0.02444104034799468, \""l1_ratio\"": 0.15165910187752096}""},{""trial"":1,""objective"":0.0308059538,""pr_auc_w"":0.0176210624,""inner_precision"":0.024024024,""inner_recall"":1.0,""inner_f1"":0.0469208211,""params"":""{\""C\"": 0.5348997046470697, \""l1_ratio\"": 0.2707025916816034}""},{""trial"":2,""objective"":0.0316400702,""pr_auc_w"":0.0188413292,""inner_precision"":0.0242747471,""inner_recall"":0.90625,""inner_f1"":0.0472829758,""params"":""{\""C\"": 0.17848493336529223, \""l1_ratio\"": 0.5100702209730764}""},{""trial"":3,""objective"":0.0344620027,""pr_auc_w"":0.0190581565,""inner_precision"":0.0273738238,""inner_recall"":1.0,""inner_f1"":0.0532889259,""params"":""{\""C\"": 0.48835721228318324, \""l1_ratio\"": 0.9954935884259661}""},{""trial"":4,""objective"":0.0323210688,""pr_auc_w"":0.0193461558,""inner_precision"":0.0246842836,""inner_recall"":1.0,""inner_f1"":0.0481792958,""params"":""{\""C\"": 0.31197585840155273, \""l1_ratio\"": 0.10128100493224867}""},{""trial"":5,""objective"":0.0333651273,""pr_auc_w"":0.0206493864,""inner_precision"":0.02652922,""inner_recall"":0.3125,""inner_f1"":0.0489065884,""params"":""{\""C\"": 0.8218843076906371, \""l1_ratio\"": 0.07535616598283923}""},{""trial"":6,""objective"":0.031941199,""pr_auc_w"":0.0181809745,""inner_precision"":0.0249888443,""inner_recall"":1.0,""inner_f1"":0.0487592512,""params"":""{\""C\"": 0.3141496575837767, \""l1_ratio\"": 0.31971691575490324}""},{""trial"":7,""objective"":0.1395438065,""pr_auc_w"":0.1134562716,""inner_precision"":1.0,""inner_recall"":0.09375,""inner_f1"":0.1714285714,""params"":""{\""C\"": 0.05476300257791744, \""l1_ratio\"": 0.017876512156972724}""},{""trial"":8,""objective"":0.0333165138,""pr_auc_w"":0.0204764255,""inner_precision"":0.0251205562,""inner_recall"":1.0,""inner_f1"":0.0490099551,""params"":""{\""C\"": 0.2669075563653157, \""l1_ratio\"": 0.38906136821405723}""},{""trial"":9,""objective"":0.0360582192,""pr_auc_w"":0.0220855131,""inner_precision"":0.0272931085,""inner_recall"":1.0,""inner_f1"":0.0531359712,""params"":""{\""C\"": 0.32959257431750577, \""l1_ratio\"": 0.35284773292719984}""}]"
T21,record|engineered|elastic,20260824,1,0.07520057693172813,0.5874178807407962,0.06398537477148084,0.21874999999999997,0.09900990099009904,"{""C"": 0.0621585385533397, ""l1_ratio"": 0.5603458685244602}","[{""trial"":0,""objective"":0.0326250188,""pr_auc_w"":0.0194858439,""inner_precision"":0.0249493217,""inner_recall"":1.0,""inner_f1"":0.0486840103,""params"":""{\""C\"": 0.011373791076793578, \""l1_ratio\"": 0.5027241610775213}""},{""trial"":1,""objective"":0.0442106947,""pr_auc_w"":0.0258722368,""inner_precision"":0.0392964072,""inner_recall"":0.21875,""inner_f1"":0.0666243655,""params"":""{\""C\"": 0.1998707720415515, \""l1_ratio\"": 0.9316638900143265}""},{""trial"":2,""objective"":0.060869983,""pr_auc_w"":0.0292615702,""inner_precision"":0.0826446281,""inner_recall"":0.125,""inner_f1"":0.0995024876,""params"":""{\""C\"": 1.1238114738035287, \""l1_ratio\"": 0.46829051869641547}""},{""trial"":3,""objective"":0.0752005769,""pr_auc_w"":0.0350908288,""inner_precision"":0.1234567901,""inner_recall"":0.125,""inner_f1"":0.1242236025,""params"":""{\""C\"": 0.0621585385533397, \""l1_ratio\"": 0.5603458685244602}""},{""trial"":4,""objective"":0.0345646817,""pr_auc_w"":0.0238218956,""inner_precision"":0.0319829424,""inner_recall"":0.09375,""inner_f1"":0.0476947536,""params"":""{\""C\"": 0.008044183598885316, \""l1_ratio\"": 0.48931021865898616}""},{""trial"":5,""objective"":0.0585743335,""pr_auc_w"":0.0340933176,""inner_precision"":0.0684931507,""inner_recall"":0.125,""inner_f1"":0.0884955752,""params"":""{\""C\"": 0.2944120351959974, \""l1_ratio\"": 0.6156973772684065}""},{""trial"":6,""objective"":0.0501620223,""pr_auc_w"":0.0298254266,""inner_precision"":0.0432811212,""inner_recall"":0.28125,""inner_f1"":0.0750178614,""params"":""{\""C\"": 0.02827962799665994, \""l1_ratio\"": 0.6950144587032979}""},{""trial"":7,""objective"":0.0440447356,""pr_auc_w"":0.0236122093,""inner_precision"":0.0377123912,""inner_recall"":0.40625,""inner_f1"":0.0690178233,""params"":""{\""C\"": 0.015755721629500872, \""l1_ratio\"": 0.20107635588917672}""},{""trial"":8,""objective"":0.0321219185,""pr_auc_w"":0.0198468134,""inner_precision"":0.024214471,""inner_recall"":0.875,""inner_f1"":0.0471248247,""params"":""{\""C\"": 0.021051218938884432, \""l1_ratio\"": 0.4582962486161455}""},{""trial"":9,""objective"":0.0455934425,""pr_auc_w"":0.0262335746,""inner_precision"":0.0478959973,""inner_recall"":0.125,""inner_f1"":0.0692555033,""params"":""{\""C\"": 1.4086472893766178, \""l1_ratio\"": 0.47737043681192226}""}]"
T21,record|engineered|elastic,20260824,2,0.317705914022462,0.9999804677076471,0.7446808510638299,0.23333333333333328,0.35532994923857864,"{""C"": 19.993982978418373, ""l1_ratio"": 0.4140215396757223}","[{""trial"":0,""objective"":0.1519790262,""pr_auc_w"":0.1275651716,""inner_precision"":1.0,""inner_recall"":0.1,""inner_f1"":0.1818181818,""params"":""{\""C\"": 5.670241845727474, \""l1_ratio\"": 0.6406383163249926}""},{""trial"":1,""objective"":0.1566520558,""pr_auc_w"":0.136061589,""inner_precision"":1.0,""inner_recall"":0.1,""inner_f1"":0.1818181818,""params"":""{\""C\"": 1.6469102076399165, \""l1_ratio\"": 0.9712629491841673}""},{""trial"":2,""objective"":0.1930476423,""pr_auc_w"":0.156850875,""inner_precision"":0.2413793103,""inner_recall"":0.2333333333,""inner_f1"":0.2372881356,""params"":""{\""C\"": 2.0312018741937217, \""l1_ratio\"": 0.37882609610984486}""},{""trial"":3,""objective"":0.3172100159,""pr_auc_w"":0.2671631739,""inner_precision"":1.0,""inner_recall"":0.2333333333,""inner_f1"":0.3783783784,""params"":""{\""C\"": 0.16717358734398843, \""l1_ratio\"": 0.47488421757218735}""},{""trial"":4,""objective"":0.155811445,""pr_auc_w"":0.1345332058,""inner_precision"":1.0,""inner_recall"":0.1,""inner_f1"":0.1818181818,""params"":""{\""C\"": 0.2414615144478529, \""l1_ratio\"": 0.21260875336215357}""},{""trial"":5,""objective"":0.317705914,""pr_auc_w"":0.2680648068,""inner_precision"":1.0,""inner_recall"":0.2333333333,""inner_f1"":0.3783783784,""params"":""{\""C\"": 19.993982978418373, \""l1_ratio\"": 0.4140215396757223}""},{""trial"":6,""objective"":0.1558335977,""pr_auc_w"":0.1345734833,""inner_precision"":1.0,""inner_recall"":0.1,""inner_f1"":0.1818181818,""params"":""{\""C\"": 3.9302104560607622, \""l1_ratio\"": 0.7233121677477207}""},{""trial"":7,""objective"":0.3097056887,""pr_auc_w"":0.2535189426,""inner_precision"":1.0,""inner_recall"":0.2333333333,""inner_f1"":0.3783783784,""params"":""{\""C\"": 2.0955121190724952, \""l1_ratio\"": 0.01793474887121349}""},{""trial"":8,""objective"":0.3136516384,""pr_auc_w"":0.2606933966,""inner_precision"":1.0,""inner_recall"":0.2333333333,""inner_f1"":0.3783783784,""params"":""{\""C\"": 5.966853428130973, \""l1_ratio\"": 0.1358068044601053}""},{""trial"":9,""objective"":0.2422022706,""pr_auc_w"":0.1823825067,""inner_precision"":0.4861111111,""inner_recall"":0.2333333333,""inner_f1"":0.3153153153,""params"":""{\""C\"": 2.803582975575952, \""l1_ratio\"": 0.5822788652371963}""}]"
T21,record|engineered|elastic,20260824,3,0.2929456488496867,0.9481877394513355,1.0,0.21875,0.358974358974359,"{""C"": 0.024553615244017106, ""l1_ratio"": 0.6467060115661291}","[{""trial"":0,""objective"":0.0505164961,""pr_auc_w"":0.0253293277,""inner_precision"":0.0602409639,""inner_recall"":0.125,""inner_f1"":0.081300813,""params"":""{\""C\"": 4.060190051975926, \""l1_ratio\"": 0.28420017314563795}""},{""trial"":1,""objective"":0.2929456488,""pr_auc_w"":0.2389221587,""inner_precision"":1.0,""inner_recall"":0.21875,""inner_f1"":0.358974359,""params"":""{\""C\"": 0.024553615244017106, \""l1_ratio\"": 0.6467060115661291}""},{""trial"":2,""objective"":0.0682179139,""pr_auc_w"":0.039100202,""inner_precision"":0.1162790698,""inner_recall"":0.09375,""inner_f1"":0.1038062284,""params"":""{\""C\"": 3.6868925475522283, \""l1_ratio\"": 0.8095886009152312}""},{""trial"":3,""objective"":0.0342589511,""pr_auc_w"":0.0235585017,""inner_precision"":0.0242424242,""inner_recall"":1.0,""inner_f1"":0.0473372781,""params"":""{\""C\"": 0.008213778262749735, \""l1_ratio\"": 0.8923957348592076}""},{""trial"":4,""objective"":0.1169709976,""pr_auc_w"":0.0632349395,""inner_precision"":0.3389830508,""inner_recall"":0.125,""inner_f1"":0.1826484018,""params"":""{\""C\"": 0.7134055431204438, \""l1_ratio\"": 0.8858694320249312}""},{""trial"":5,""objective"":0.0342589511,""pr_auc_w"":0.0235585017,""inner_precision"":0.0242424242,""inner_recall"":1.0,""inner_f1"":0.0473372781,""params"":""{\""C\"": 0.010503633424552255, \""l1_ratio\"": 0.6742566502698211}""},{""trial"":6,""objective"":0.2607057601,""pr_auc_w"":0.2012832002,""inner_precision"":0.7,""inner_recall"":0.21875,""inner_f1"":0.3333333333,""params"":""{\""C\"": 0.06051695767735713, \""l1_ratio\"": 0.47375871040108275}""},{""trial"":7,""objective"":0.268214769,""pr_auc_w"":0.2082840589,""inner_precision"":0.7777777778,""inner_recall"":0.21875,""inner_f1"":0.3414634146,""params"":""{\""C\"": 0.13101420531685887, \""l1_ratio\"": 0.6191735212009151}""},{""trial"":8,""objective"":0.0299574779,""pr_auc_w"":0.0157376414,""inner_precision"":0.0242424242,""inner_recall"":1.0,""inner_f1"":0.0473372781,""params"":""{\""C\"": 0.667924131860421, \""l1_ratio\"": 0.6213617674173304}""},{""trial"":9,""objective"":0.1221015755,""pr_auc_w"":0.0661587088,""inner_precision"":0.4,""inner_recall"":0.125,""inner_f1"":0.1904761905,""params"":""{\""C\"": 4.147640435820257, \""l1_ratio\"": 0.6407910280893419}""}]"
T21,record|engineered|elastic,20360827,0,0.040620258809301174,1e-08,0.024242424242424166,1.0,0.04733727810650873,"{""C"": 7.699846716788782, ""l1_ratio"": 0.5359562778042691}","[{""trial"":0,""objective"":0.0324905118,""pr_auc_w"":0.0202183477,""inner_precision"":0.0256975037,""inner_recall"":0.3125,""inner_f1"":0.0474898236,""params"":""{\""C\"": 2.6022919834884117, \""l1_ratio\"": 0.7792761023333981}""},{""trial"":1,""objective"":0.0406202588,""pr_auc_w"":0.0222845129,""inner_precision"":0.0368199579,""inner_recall"":0.21875,""inner_f1"":0.0630306149,""params"":""{\""C\"": 7.699846716788782, \""l1_ratio\"": 0.5359562778042691}""},{""trial"":2,""objective"":0.032317682,""pr_auc_w"":0.0192424571,""inner_precision"":0.0249195455,""inner_recall"":0.78125,""inner_f1"":0.0482985124,""params"":""{\""C\"": 0.18364604611744567, \""l1_ratio\"": 0.9342006691457124}""},{""trial"":3,""objective"":0.0305998378,""pr_auc_w"":0.0169055685,""inner_precision"":0.0242424242,""inner_recall"":1.0,""inner_f1"":0.0473372781,""params"":""{\""C\"": 0.02689969459576022, \""l1_ratio\"": 0.7566658751047167}""},{""trial"":4,""objective"":0.0329298632,""pr_auc_w"":0.0211419783,""inner_precision"":0.0242424242,""inner_recall"":1.0,""inner_f1"":0.0473372781,""params"":""{\""C\"": 0.15853109463108378, \""l1_ratio\"": 0.4659989450038099}""},{""trial"":5,""objective"":0.0331805042,""pr_auc_w"":0.0207085069,""inner_precision"":0.0248127963,""inner_recall"":1.0,""inner_f1"":0.0484240564,""params"":""{\""C\"": 0.011921238065415417, \""l1_ratio\"": 0.04218146236302345}""},{""trial"":6,""objective"":0.0308719245,""pr_auc_w"":0.0164845202,""inner_precision"":0.024829849,""inner_recall"":1.0,""inner_f1"":0.0484565297,""params"":""{\""C\"": 0.2899202245232211, \""l1_ratio\"": 0.17220275708035593}""},{""trial"":7,""objective"":0.0316320104,""pr_auc_w"":0.0187822459,""inner_precision"":0.0242424242,""inner_recall"":1.0,""inner_f1"":0.0473372781,""params"":""{\""C\"": 1.0745352191464854, \""l1_ratio\"": 0.7769602192167767}""},{""trial"":8,""objective"":0.0314286554,""pr_auc_w"":0.0184125095,""inner_precision"":0.0242424242,""inner_recall"":1.0,""inner_f1"":0.0473372781,""params"":""{\""C\"": 0.08915804314793191, \""l1_ratio\"": 0.6382522777825405}""},{""trial"":9,""objective"":0.0321738499,""pr_auc_w"":0.0197674086,""inner_precision"":0.0242424242,""inner_recall"":1.0,""inner_f1"":0.0473372781,""params"":""{\""C\"": 0.6020932962455094, \""l1_ratio\"": 0.13448721620028015}""}]"
T21,record|engineered|elastic,20360827,1,0.28635582481889194,0.8094004041921955,1.0,0.21875000000000003,0.35897435897435903,"{""C"": 0.026999787566685404, ""l1_ratio"": 0.7925488445240613}","[{""trial"":0,""objective"":0.0404136815,""pr_auc_w"":0.0235848529,""inner_precision"":0.0324712977,""inner_recall"":0.5,""inner_f1"":0.0609822498,""params"":""{\""C\"": 0.3438032990966923, \""l1_ratio\"": 0.8204170569978234}""},{""trial"":1,""objective"":0.038055539,""pr_auc_w"":0.0234072827,""inner_precision"":0.0289037231,""inner_recall"":0.875,""inner_f1"":0.0559589634,""params"":""{\""C\"": 1.943220941710908, \""l1_ratio\"": 0.7697117388911381}""},{""trial"":2,""objective"":0.0487788465,""pr_auc_w"":0.0293734104,""inner_precision"":0.0390815828,""inner_recall"":0.5,""inner_f1"":0.0724966017,""params"":""{\""C\"": 0.30282051534884663, \""l1_ratio\"": 0.3403785042038868}""},{""trial"":3,""objective"":0.1554491492,""pr_auc_w"":0.1423750765,""inner_precision"":1.0,""inner_recall"":0.09375,""inner_f1"":0.1714285714,""params"":""{\""C\"": 1.5033773885806858, \""l1_ratio\"": 0.9835246161720496}""},{""trial"":4,""objective"":0.1498431955,""pr_auc_w"":0.1321824333,""inner_precision"":1.0,""inner_recall"":0.09375,""inner_f1"":0.1714285714,""params"":""{\""C\"": 0.3312252263409439, \""l1_ratio\"": 0.16986896362022352}""},{""trial"":5,""objective"":0.2863558248,""pr_auc_w"":0.2335656145,""inner_precision"":0.4,""inner_recall"":0.3125,""inner_f1"":0.350877193,""params"":""{\""C\"": 0.026999787566685404, \""l1_ratio\"": 0.7925488445240613}""},{""trial"":6,""objective"":0.149393969,""pr_auc_w"":0.131365658,""inner_precision"":1.0,""inner_recall"":0.09375,""inner_f1"":0.1714285714,""params"":""{\""C\"": 0.014073806294694303, \""l1_ratio\"": 0.6211174146709971}""},{""trial"":7,""objective"":0.1502707321,""pr_auc_w"":0.1329597727,""inner_precision"":1.0,""inner_recall"":0.09375,""inner_f1"":0.1714285714,""params"":""{\""C\"": 2.694033243747149, \""l1_ratio\"": 0.8842889676147043}""},{""trial"":8,""objective"":0.0600159207,""pr_auc_w"":0.033443612,""inner_precision"":0.050960051,""inner_recall"":0.5,""inner_f1"":0.0924931869,""params"":""{\""C\"": 5.788734016969861, \""l1_ratio\"": 0.910723338388621}""},{""trial"":9,""objective"":0.1652383653,""pr_auc_w"":0.1514796145,""inner_precision"":0.1149425287,""inner_recall"":0.4375,""inner_f1"":0.1820546164,""params"":""{\""C\"": 0.061040651161671074, \""l1_ratio\"": 0.39123296274215813}""}]"
T21,record|engineered|elastic,20360827,2,0.31213850451980657,0.5053183603640776,0.09114583333333331,0.20000000000000004,0.12522361359570663,"{""C"": 0.007821666541244662, ""l1_ratio"": 0.40731026982804686}","[{""trial"":0,""objective"":0.3079589646,""pr_auc_w"":0.2503430805,""inner_precision"":1.0,""inner_recall"":0.2333333333,""inner_f1"":0.3783783784,""params"":""{\""C\"": 0.09707820093228779, \""l1_ratio\"": 0.09438080719125919}""},{""trial"":1,""objective"":0.2100896628,""pr_auc_w"":0.1617014849,""inner_precision"":0.3181818182,""inner_recall"":0.2333333333,""inner_f1"":0.2692307692,""params"":""{\""C\"": 0.9406978078630067, \""l1_ratio\"": 0.04281113515073054}""},{""trial"":2,""objective"":0.3106618792,""pr_auc_w"":0.2552574707,""inner_precision"":1.0,""inner_recall"":0.2333333333,""inner_f1"":0.3783783784,""params"":""{\""C\"": 0.012029245108983852, \""l1_ratio\"": 0.6786869456374142}""},{""trial"":3,""objective"":0.1499159468,""pr_auc_w"":0.1238141182,""inner_precision"":1.0,""inner_recall"":0.1,""inner_f1"":0.1818181818,""params"":""{\""C\"": 0.12653053381660267, \""l1_ratio\"": 0.845438483026685}""},{""trial"":4,""objective"":0.3092674378,""pr_auc_w"":0.2527221227,""inner_precision"":1.0,""inner_recall"":0.2333333333,""inner_f1"":0.3783783784,""params"":""{\""C\"": 16.095894536341923, \""l1_ratio\"": 0.6277112638528527}""},{""trial"":5,""objective"":0.3101063957,""pr_auc_w"":0.2542475009,""inner_precision"":1.0,""inner_recall"":0.2333333333,""inner_f1"":0.3783783784,""params"":""{\""C\"": 12.181442461916372, \""l1_ratio\"": 0.17665093283838829}""},{""trial"":6,""objective"":0.1917564568,""pr_auc_w"":0.1561347343,""inner_precision"":1.0,""inner_recall"":0.1333333333,""inner_f1"":0.2352941176,""params"":""{\""C\"": 0.01598524569666394, \""l1_ratio\"": 0.8567489441797702}""},{""trial"":7,""objective"":0.2787141083,""pr_auc_w"":0.2203892878,""inner_precision"":0.7,""inner_recall"":0.2333333333,""inner_f1"":0.35,""params"":""{\""C\"": 1.2387167746660632, \""l1_ratio\"": 0.8642355301857578}""},{""trial"":8,""objective"":0.2251522481,""pr_auc_w"":0.1756014901,""inner_precision"":0.3684210526,""inner_recall"":0.2333333333,""inner_f1"":0.2857142857,""params"":""{\""C\"": 1.852878347131478, \""l1_ratio\"": 0.8912329996174857}""},{""trial"":9,""objective"":0.3121385045,""pr_auc_w"":0.2579422441,""inner_precision"":1.0,""inner_recall"":0.2333333333,""inner_f1"":0.3783783784,""params"":""{\""C\"": 0.007821666541244662, \""l1_ratio\"": 0.40731026982804686}""}]"
T21,record|engineered|elastic,20360827,3,0.03638771220694058,0.19512307302543008,0.024464831804281405,1.0,0.04776119402985086,"{""C"": 0.01763284735729232, ""l1_ratio"": 0.40466400788394796}","[{""trial"":0,""objective"":0.0337972049,""pr_auc_w"":0.0203827056,""inner_precision"":0.0257423922,""inner_recall"":1.0,""inner_f1"":0.0501927041,""params"":""{\""C\"": 0.016978167500476045, \""l1_ratio\"": 0.49729588928739643}""},{""trial"":1,""objective"":0.0314340997,""pr_auc_w"":0.0187631458,""inner_precision"":0.024024024,""inner_recall"":1.0,""inner_f1"":0.0469208211,""params"":""{\""C\"": 15.273754624172529, \""l1_ratio\"": 0.9984377692080616}""},{""trial"":2,""objective"":0.0329913498,""pr_auc_w"":0.0198272296,""inner_precision"":0.0251577978,""inner_recall"":1.0,""inner_f1"":0.04908083,""params"":""{\""C\"": 0.03392266344324995, \""l1_ratio\"": 0.14840189748511634}""},{""trial"":3,""objective"":0.0357089636,""pr_auc_w"":0.0187477909,""inner_precision"":0.0290391164,""inner_recall"":1.0,""inner_f1"":0.0564392858,""params"":""{\""C\"": 5.572567911472359, \""l1_ratio\"": 0.05551188346992342}""},{""trial"":4,""objective"":0.0325283779,""pr_auc_w"":0.0207079913,""inner_precision"":0.0241127001,""inner_recall"":0.90625,""inner_f1"":0.0469755172,""params"":""{\""C\"": 0.012120759459844577, \""l1_ratio\"": 0.3471018388265885}""},{""trial"":5,""objective"":0.0308018744,""pr_auc_w"":0.0176136453,""inner_precision"":0.024024024,""inner_recall"":1.0,""inner_f1"":0.0469208211,""params"":""{\""C\"": 4.300121885787124, \""l1_ratio\"": 0.223446695856366}""},{""trial"":6,""objective"":0.0310440375,""pr_auc_w"":0.0180539419,""inner_precision"":0.024024024,""inner_recall"":1.0,""inner_f1"":0.0469208211,""params"":""{\""C\"": 0.10343462168233435, \""l1_ratio\"": 0.709048804823521}""},{""trial"":7,""objective"":0.034115466,""pr_auc_w"":0.0182942229,""inner_precision"":0.0274601787,""inner_recall"":1.0,""inner_f1"":0.053452541,""params"":""{\""C\"": 0.23003122758735942, \""l1_ratio\"": 0.9045738783206694}""},{""trial"":8,""objective"":0.0322472964,""pr_auc_w"":0.018188007,""inner_precision"":0.025433846,""inner_recall"":0.875,""inner_f1"":0.0494308724,""params"":""{\""C\"": 0.7514265364272877, \""l1_ratio\"": 0.4244913407777805}""},{""trial"":9,""objective"":0.0363877122,""pr_auc_w"":0.0198262236,""inner_precision"":0.029139854,""inner_recall"":1.0,""inner_f1"":0.0566295316,""params"":""{\""C\"": 0.01763284735729232, \""l1_ratio\"": 0.40466400788394796}""}]"
T21,record|engineered|elastic,20460830,0,0.03365525794472557,0.45163850081223283,0.027772956084013048,1.0,0.05404492484377612,"{""C"": 0.012942771962753835, ""l1_ratio"": 0.7415947316406017}","[{""trial"":0,""objective"":0.0312168556,""pr_auc_w"":0.0174557267,""inner_precision"":0.0247798137,""inner_recall"":0.78125,""inner_f1"":0.0480360133,""params"":""{\""C\"": 0.026034090471810895, \""l1_ratio\"": 0.5872328852557418}""},{""trial"":1,""objective"":0.0306445779,""pr_auc_w"":0.0173276517,""inner_precision"":0.024024024,""inner_recall"":1.0,""inner_f1"":0.0469208211,""params"":""{\""C\"": 0.24309757255885947, \""l1_ratio\"": 0.4149894533655556}""},{""trial"":2,""objective"":0.0294824965,""pr_auc_w"":0.0152147764,""inner_precision"":0.024024024,""inner_recall"":1.0,""inner_f1"":0.0469208211,""params"":""{\""C\"": 0.47868156840116177, \""l1_ratio\"": 0.3448680135955151}""},{""trial"":3,""objective"":0.0298651282,""pr_auc_w"":0.0159104703,""inner_precision"":0.024024024,""inner_recall"":1.0,""inner_f1"":0.0469208211,""params"":""{\""C\"": 4.8728429273962, \""l1_ratio\"": 0.551559215949898}""},{""trial"":4,""objective"":0.0312347648,""pr_auc_w"":0.0184007187,""inner_precision"":0.024024024,""inner_recall"":1.0,""inner_f1"":0.0469208211,""params"":""{\""C\"": 0.5800739992722238, \""l1_ratio\"": 0.19876977370591942}""},{""trial"":5,""objective"":0.0308558388,""pr_auc_w"":0.0177117623,""inner_precision"":0.024024024,""inner_recall"":1.0,""inner_f1"":0.0469208211,""params"":""{\""C\"": 0.8584502327188087, \""l1_ratio\"": 0.4166535997563674}""},{""trial"":6,""objective"":0.0336552579,""pr_auc_w"":0.0210115254,""inner_precision"":0.025463805,""inner_recall"":0.6875,""inner_f1"":0.0491087088,""params"":""{\""C\"": 0.012942771962753835, \""l1_ratio\"": 0.7415947316406017}""},{""trial"":7,""objective"":0.031590697,""pr_auc_w"":0.0190478682,""inner_precision"":0.024024024,""inner_recall"":1.0,""inner_f1"":0.0469208211,""params"":""{\""C\"": 2.3140059208795445, \""l1_ratio\"": 0.7870317106966648}""},{""trial"":8,""objective"":0.0309512748,""pr_auc_w"":0.0178852823,""inner_precision"":0.024024024,""inner_recall"":1.0,""inner_f1"":0.0469208211,""params"":""{\""C\"": 0.6857208437869221, \""l1_ratio\"": 0.8384343755570638}""},{""trial"":9,""objective"":0.0333620954,""pr_auc_w"":0.0206826263,""inner_precision"":0.025041363,""inner_recall"":1.0,""inner_f1"":0.0488592244,""params"":""{\""C\"": 0.32439804230415903, \""l1_ratio\"": 0.7494998506461631}""}]"
T21,record|engineered|elastic,20460830,1,0.31279311659493547,0.9477040440460244,1.0,0.2333333333333333,0.37837837837837834,"{""C"": 0.21016216618398326, ""l1_ratio"": 0.8307536075200264}","[{""trial"":0,""objective"":0.1917901211,""pr_auc_w"":0.1561959421,""inner_precision"":1.0,""inner_recall"":0.1333333333,""inner_f1"":0.2352941176,""params"":""{\""C\"": 0.01523607514570802, \""l1_ratio\"": 0.999285735248399}""},{""trial"":1,""objective"":0.3097701927,""pr_auc_w"":0.2536362226,""inner_precision"":1.0,""inner_recall"":0.2333333333,""inner_f1"":0.3783783784,""params"":""{\""C\"": 0.032862434338509494, \""l1_ratio\"": 0.8112618102577643}""},{""trial"":2,""objective"":0.2596421988,""pr_auc_w"":0.1968473673,""inner_precision"":0.3107344633,""inner_recall"":0.3666666667,""inner_f1"":0.3363914373,""params"":""{\""C\"": 6.827156998008812, \""l1_ratio\"": 0.9478807941358663}""},{""trial"":3,""objective"":0.3127931166,""pr_auc_w"":0.2591324479,""inner_precision"":1.0,""inner_recall"":0.2333333333,""inner_f1"":0.3783783784,""params"":""{\""C\"": 0.21016216618398326, \""l1_ratio\"": 0.8307536075200264}""},{""trial"":4,""objective"":0.058813448,""pr_auc_w"":0.0336635282,""inner_precision"":0.0810810811,""inner_recall"":0.1,""inner_f1"":0.0895522388,""params"":""{\""C\"": 0.01328062375678657, \""l1_ratio\"": 0.25591831945056254}""},{""trial"":5,""objective"":0.1028383203,""pr_auc_w"":0.0672448395,""inner_precision"":0.2727272727,""inner_recall"":0.1,""inner_f1"":0.1463414634,""params"":""{\""C\"": 0.06967717520447377, \""l1_ratio\"": 0.40674959718207304}""},{""trial"":6,""objective"":0.0324814883,""pr_auc_w"":0.0226936152,""inner_precision"":0.0227272727,""inner_recall"":1.0,""inner_f1"":0.0444444444,""params"":""{\""C\"": 0.005277688112174579, \""l1_ratio\"": 0.6911171916133964}""},{""trial"":7,""objective"":0.1267829828,""pr_auc_w"":0.0918396298,""inner_precision"":0.5555555556,""inner_recall"":0.1,""inner_f1"":0.1694915254,""params"":""{\""C\"": 0.10204214245188539, \""l1_ratio\"": 0.5458357390274002}""},{""trial"":8,""objective"":0.2099548089,""pr_auc_w"":0.1705088872,""inner_precision"":0.2889150943,""inner_recall"":0.2333333333,""inner_f1"":0.258166491,""params"":""{\""C\"": 0.012318470326128326, \""l1_ratio\"": 0.5040156304750765}""},{""trial"":9,""objective"":0.2633224099,""pr_auc_w"":0.2060407453,""inner_precision"":0.5833333333,""inner_recall"":0.2333333333,""inner_f1"":0.3333333333,""params"":""{\""C\"": 0.061915048935352955, \""l1_ratio\"": 0.53313305061659}""}]"
T21,record|engineered|elastic,20460830,2,0.0933478449199813,0.6897247031635988,0.04246284501061572,0.12500000000000003,0.06339144215530905,"{""C"": 3.411919541963179, ""l1_ratio"": 0.7958735891429097}","[{""trial"":0,""objective"":0.074452185,""pr_auc_w"":0.0391109247,""inner_precision"":0.1111111111,""inner_recall"":0.125,""inner_f1"":0.1176470588,""params"":""{\""C\"": 5.401846106162567, \""l1_ratio\"": 0.6670344950558792}""},{""trial"":1,""objective"":0.0328380105,""pr_auc_w"":0.0209749733,""inner_precision"":0.0242424242,""inner_recall"":1.0,""inner_f1"":0.0473372781,""params"":""{\""C\"": 3.2617668072015538, \""l1_ratio\"": 0.031249402701154283}""},{""trial"":2,""objective"":0.0319523349,""pr_auc_w"":0.0193646541,""inner_precision"":0.0242424242,""inner_recall"":1.0,""inner_f1"":0.0473372781,""params"":""{\""C\"": 8.759605908375143, \""l1_ratio\"": 0.2676094135082888}""},{""trial"":3,""objective"":0.0467542526,""pr_auc_w"":0.0274356298,""inner_precision"":0.0396465791,""inner_recall"":0.3125,""inner_f1"":0.0703659027,""params"":""{\""C\"": 0.07075148508506889, \""l1_ratio\"": 0.07900398899896899}""},{""trial"":4,""objective"":0.0488814815,""pr_auc_w"":0.0277274405,""inner_precision"":0.040386557,""inner_recall"":0.5,""inner_f1"":0.0747364207,""params"":""{\""C\"": 0.012009664576064583, \""l1_ratio\"": 0.27886866549034095}""},{""trial"":5,""objective"":0.0380098194,""pr_auc_w"":0.0223249631,""inner_precision"":0.0314691602,""inner_recall"":0.3125,""inner_f1"":0.0571801993,""params"":""{\""C\"": 3.3815852813243588, \""l1_ratio\"": 0.29013892535530317}""},{""trial"":6,""objective"":0.0346692617,""pr_auc_w"":0.0239045864,""inner_precision"":0.0247747748,""inner_recall"":0.6875,""inner_f1"":0.047826087,""params"":""{\""C\"": 0.012056752835733554, \""l1_ratio\"": 0.8439640351908937}""},{""trial"":7,""objective"":0.0360940928,""pr_auc_w"":0.0233215037,""inner_precision"":0.0266396042,""inner_recall"":0.875,""inner_f1"":0.0517050351,""params"":""{\""C\"": 0.024519753480372258, \""l1_ratio\"": 0.34860843327716395}""},{""trial"":8,""objective"":0.0933478449,""pr_auc_w"":0.0471492992,""inner_precision"":0.1869158879,""inner_recall"":0.125,""inner_f1"":0.1498127341,""params"":""{\""C\"": 3.411919541963179, \""l1_ratio\"": 0.7958735891429097}""},{""trial"":9,""objective"":0.0328660083,""pr_auc_w"":0.0201727732,""inner_precision"":0.0249629122,""inner_recall"":0.78125,""inner_f1"":0.0483799624,""params"":""{\""C\"": 0.017681020951422533, \""l1_ratio\"": 0.887376530890445}""}]"
T21,record|engineered|elastic,20460830,3,0.21270974213305638,0.999915519512838,1.0,0.09375,0.17142857142857143,"{""C"": 0.29709912767287816, ""l1_ratio"": 0.08059108373371437}","[{""trial"":0,""objective"":0.0439835344,""pr_auc_w"":0.0228876101,""inner_precision"":0.0555555556,""inner_recall"":0.09375,""inner_f1"":0.0697674419,""params"":""{\""C\"": 0.15346187346619608, \""l1_ratio\"": 0.141939773307184}""},{""trial"":1,""objective"":0.0311085069,""pr_auc_w"":0.0178304214,""inner_precision"":0.0242424242,""inner_recall"":1.0,""inner_f1"":0.0473372781,""params"":""{\""C\"": 0.3573429389366088, \""l1_ratio\"": 0.050566036187994934}""},{""trial"":2,""objective"":0.0333102743,""pr_auc_w"":0.0186665223,""inner_precision"":0.0262768928,""inner_recall"":1.0,""inner_f1"":0.0512081933,""params"":""{\""C\"": 0.038465939493747985, \""l1_ratio\"": 0.8967706674371783}""},{""trial"":3,""objective"":0.1597600523,""pr_auc_w"":0.1373371879,""inner_precision"":0.1635514019,""inner_recall"":0.21875,""inner_f1"":0.1871657754,""params"":""{\""C\"": 0.03553325185226864, \""l1_ratio\"": 0.3808653771713998}""},{""trial"":4,""objective"":0.0323271527,""pr_auc_w"":0.020046141,""inner_precision"":0.0242424242,""inner_recall"":1.0,""inner_f1"":0.0473372781,""params"":""{\""C\"": 2.237157772398547, \""l1_ratio\"": 0.1644573623837644}""},{""trial"":5,""objective"":0.1380189548,""pr_auc_w"":0.0912983214,""inner_precision"":0.4444444444,""inner_recall"":0.125,""inner_f1"":0.1951219512,""params"":""{\""C\"": 0.5391342791405216, \""l1_ratio\"": 0.9076653134835949}""},{""trial"":6,""objective"":0.0921420994,""pr_auc_w"":0.053366185,""inner_precision"":0.2727272727,""inner_recall"":0.09375,""inner_f1"":0.1395348837,""params"":""{\""C\"": 9.650583801144878, \""l1_ratio\"": 0.5980950284751697}""},{""trial"":7,""objective"":0.1427391412,""pr_auc_w"":0.119265971,""inner_precision"":1.0,""inner_recall"":0.09375,""inner_f1"":0.1714285714,""params"":""{\""C\"": 4.271321501760668, \""l1_ratio\"": 0.7067869893715768}""},{""trial"":8,""objective"":0.2127097421,""pr_auc_w"":0.1321995312,""inner_precision"":0.5384615385,""inner_recall"":0.21875,""inner_f1"":0.3111111111,""params"":""{\""C\"": 0.29709912767287816, \""l1_ratio\"": 0.08059108373371437}""},{""trial"":9,""objective"":0.0345816987,""pr_auc_w"":0.0213591107,""inner_precision"":0.0260317805,""inner_recall"":1.0,""inner_f1"":0.0507426397,""params"":""{\""C\"": 6.553444938068888, \""l1_ratio\"": 0.16891528204449302}""}]"
T21,record|engineered|lightgbm,20260824,0,0.04176587729451936,0.35795034045023705,0.061728395061728406,0.09375000000000001,0.07444168734491316,"{""colsample_bytree"": 0.744694422571067, ""learning_rate"": 0.10000800105696216, ""max_depth"": 4, ""min_child_samples"": 53, ""min_split_gain"": 0.7600372291235047, ""n_estimators"": 250, ""num_leaves"": 27, ""reg_alpha"": 1.6692429700440226, ""reg_lambda"": 0.17323600072361492, ""subsample"": 0.9743270511885467}","[{""trial"":0,""objective"":0.0340928018,""pr_auc_w"":0.0215141683,""inner_precision"":0.025360596,""inner_recall"":1.0,""inner_f1"":0.0494666873,""params"":""{\""colsample_bytree\"": 0.7305386215351921, \""learning_rate\"": 0.01608681340672835, \""max_depth\"": 5, \""min_child_samples\"": 18, \""min_split_gain\"": 0.49836787514243597, \""n_estimators\"": 250, \""num_leaves\"": 7, \""reg_alpha\"": 0.237616517201951, \""reg_lambda\"": 28.63818588482803, \""subsample\"": 0.7439679523328617}""},{""trial"":1,""objective"":0.0309877349,""pr_auc_w"":0.0179515735,""inner_precision"":0.024024024,""inner_recall"":1.0,""inner_f1"":0.0469208211,""params"":""{\""colsample_bytree\"": 0.6087243098444274, \""learning_rate\"": 0.012861764729608307, \""max_depth\"": 2, \""min_child_samples\"": 30, \""min_split_gain\"": 0.38906136821405723, \""n_estimators\"": 250, \""num_leaves\"": 20, \""reg_alpha\"": 0.0011936786192464463, \""reg_lambda\"": 0.14029173306063256, \""subsample\"": 0.6938726120897065}""},{""trial"":2,""objective"":0.0338650287,""pr_auc_w"":0.0222489312,""inner_precision"":0.0246229609,""inner_recall"":1.0,""inner_f1"":0.0480624812,""params"":""{\""colsample_bytree\"": 0.5120717824737895, \""learning_rate\"": 0.03507330387236174, \""max_depth\"": 2, \""min_child_samples\"": 40, \""min_split_gain\"": 0.5096335794545153, \""n_estimators\"": 250, \""num_leaves\"": 13, \""reg_alpha\"": 0.0034581152014730417, \""reg_lambda\"": 2.7157003237954664, \""subsample\"": 0.8548293441950083}""},{""trial"":3,""objective"":0.0417658773,""pr_auc_w"":0.0226995219,""inner_precision"":0.0367904695,""inner_recall"":0.28125,""inner_f1"":0.0650692006,""params"":""{\""colsample_bytree\"": 0.744694422571067, \""learning_rate\"": 0.10000800105696216, \""max_depth\"": 4, \""min_child_samples\"": 53, \""min_split_gain\"": 0.7600372291235047, \""n_estimators\"": 250, \""num_leaves\"": 27, \""reg_alpha\"": 1.6692429700440226, \""reg_lambda\"": 0.17323600072361492, \""subsample\"": 0.9743270511885467}""},{""trial"":4,""objective"":0.0401345018,""pr_auc_w"":0.0230391909,""inner_precision"":0.0364456786,""inner_recall"":0.1875,""inner_f1"":0.0610287707,""params"":""{\""colsample_bytree\"": 0.6666808225746963, \""learning_rate\"": 0.021010818585621288, \""max_depth\"": 6, \""min_child_samples\"": 29, \""min_split_gain\"": 0.7287906043930459, \""n_estimators\"": 250, \""num_leaves\"": 21, \""reg_alpha\"": 0.00294051375760723, \""reg_lambda\"": 2.711385286043484, \""subsample\"": 0.979798534052932}""},{""trial"":5,""objective"":0.0398678362,""pr_auc_w"":0.0234284795,""inner_precision"":0.0318924768,""inner_recall"":0.5,""inner_f1"":0.0599603833,""params"":""{\""colsample_bytree\"": 0.7452517309694235, \""learning_rate\"": 0.07994313548888048, \""max_depth\"": 5, \""min_child_samples\"": 7, \""min_split_gain\"": 0.19008587403300348, \""n_estimators\"": 250, \""num_leaves\"": 11, \""reg_alpha\"": 0.21285745674763298, \""reg_lambda\"": 17.50122249292032, \""subsample\"": 0.8288683417731105}""},{""trial"":6,""objective"":0.0364310547,""pr_auc_w"":0.0252817776,""inner_precision"":0.0257398626,""inner_recall"":0.90625,""inner_f1"":0.0500579489,""params"":""{\""colsample_bytree\"": 0.5837797130861184, \""learning_rate\"": 0.1074953806465142, \""max_depth\"": 4, \""min_child_samples\"": 46, \""min_split_gain\"": 0.5208303631424884, \""n_estimators\"": 250, \""num_leaves\"": 11, \""reg_alpha\"": 2.076231937799805, \""reg_lambda\"": 0.01572630919410877, \""subsample\"": 0.6875619957252178}""},{""trial"":7,""objective"":0.0369437811,""pr_auc_w"":0.0222805162,""inner_precision"":0.028391364,""inner_recall"":0.8125,""inner_f1"":0.0548655493,""params"":""{\""colsample_bytree\"": 0.8548713561364975, \""learning_rate\"": 0.015435036235818577, \""max_depth\"": 6, \""min_child_samples\"": 35, \""min_split_gain\"": 0.4174807886256914, \""n_estimators\"": 250, \""num_leaves\"": 22, \""reg_alpha\"": 0.01470098026757213, \""reg_lambda\"": 0.00611926779530175, \""subsample\"": 0.5852523316020629}""},{""trial"":8,""objective"":0.0332725878,""pr_auc_w"":0.0210056336,""inner_precision"":0.0247929847,""inner_recall"":0.90625,""inner_f1"":0.0482655318,""params"":""{\""colsample_bytree\"": 0.7425912945919437, \""learning_rate\"": 0.07576588826095128, \""max_depth\"": 2, \""min_child_samples\"": 18, \""min_split_gain\"": 0.52474012137094, \""n_estimators\"": 250, \""num_leaves\"": 15, \""reg_alpha\"": 2.8940975134125506, \""reg_lambda\"": 0.22623872637268116, \""subsample\"": 0.9986752399591401}""},{""trial"":9,""objective"":0.0368282424,""pr_auc_w"":0.0223555129,""inner_precision"":0.0318955043,""inner_recall"":0.1875,""inner_f1"":0.054517134,""params"":""{\""colsample_bytree\"": 0.5430122720035866, \""learning_rate\"": 0.11574094334243515, \""max_depth\"": 5, \""min_child_samples\"": 5, \""min_split_gain\"": 0.5821763859553024, \""n_estimators\"": 250, \""num_leaves\"": 23, \""reg_alpha\"": 0.030839760924334055, \""reg_lambda\"": 1.976463154848544, \""subsample\"": 0.8196466190567209}""}]"
T21,record|engineered|lightgbm,20260824,1,0.05987512443213046,0.2508838943700228,0.05888951205832867,0.21875000000000003,0.09279717189571368,"{""colsample_bytree"": 0.6237815270220644, ""learning_rate"": 0.017862013319690645, ""max_depth"": 6, ""min_child_samples"": 48, ""min_split_gain"": 0.055342529652596006, ""n_estimators"": 250, ""num_leaves"": 8, ""reg_alpha"": 0.055008770356162015, ""reg_lambda"": 2.897441394466083, ""subsample"": 0.8556003360145927}","[{""trial"":0,""objective"":0.0372093577,""pr_auc_w"":0.0213188974,""inner_precision"":0.0292624664,""inner_recall"":0.875,""inner_f1"":0.0566310315,""params"":""{\""colsample_bytree\"": 0.7075597852830285, \""learning_rate\"": 0.012791992677081398, \""max_depth\"": 4, \""min_child_samples\"": 52, \""min_split_gain\"": 0.057331629804044826, \""n_estimators\"": 250, \""num_leaves\"": 17, \""reg_alpha\"": 0.020273163916615787, \""reg_lambda\"": 0.3226535129756743, \""subsample\"": 0.8437973155389142}""},{""trial"":1,""objective"":0.030936364,""pr_auc_w"":0.0173158628,""inner_precision"":0.0243716679,""inner_recall"":1.0,""inner_f1"":0.0475836431,""params"":""{\""colsample_bytree\"": 0.5261113259631527, \""learning_rate\"": 0.033732956903943304, \""max_depth\"": 5, \""min_child_samples\"": 15, \""min_split_gain\"": 0.4582962486161455, \""n_estimators\"": 250, \""num_leaves\"": 17, \""reg_alpha\"": 0.007325469054945129, \""reg_lambda\"": 0.005969973812452314, \""subsample\"": 0.8627565064164842}""},{""trial"":2,""objective"":0.0353685563,""pr_auc_w"":0.0228445496,""inner_precision"":0.0275735294,""inner_recall"":0.3125,""inner_f1"":0.0506756757,""params"":""{\""colsample_bytree\"": 0.6114525789806212, \""learning_rate\"": 0.05419665899363098, \""max_depth\"": 4, \""min_child_samples\"": 16, \""min_split_gain\"": 0.6682528795702719, \""n_estimators\"": 250, \""num_leaves\"": 16, \""reg_alpha\"": 1.5031814270777566, \""reg_lambda\"": 29.177380370091832, \""subsample\"": 0.9530932569900632}""},{""trial"":3,""objective"":0.0317953275,""pr_auc_w"":0.0190505181,""inner_precision"":0.0242608036,""inner_recall"":1.0,""inner_f1"":0.0473723168,""params"":""{\""colsample_bytree\"": 0.7407393832339318, \""learning_rate\"": 0.03473320773827692, \""max_depth\"": 7, \""min_child_samples\"": 36, \""min_split_gain\"": 0.7035861395125855, \""n_estimators\"": 250, \""num_leaves\"": 21, \""reg_alpha\"": 0.0015671728731191518, \""reg_lambda\"": 0.6611811967586873, \""subsample\"": 0.9435509569101044}""},{""trial"":4,""objective"":0.0331931926,""pr_auc_w"":0.0188224139,""inner_precision"":0.0261368182,""inner_recall"":0.875,""inner_f1"":0.0507574777,""params"":""{\""colsample_bytree\"": 0.9315169384492132, \""learning_rate\"": 0.017316585153483378, \""max_depth\"": 4, \""min_child_samples\"": 44, \""min_split_gain\"": 0.2742561503425648, \""n_estimators\"": 250, \""num_leaves\"": 17, \""reg_alpha\"": 0.02469213804114552, \""reg_lambda\"": 0.003304530187572768, \""subsample\"": 0.9588308680126181}""},{""trial"":5,""objective"":0.0598751244,""pr_auc_w"":0.0315796858,""inner_precision"":0.0556379822,""inner_recall"":0.3125,""inner_f1"":0.0944584383,""params"":""{\""colsample_bytree\"": 0.6237815270220644, \""learning_rate\"": 0.017862013319690645, \""max_depth\"": 6, \""min_child_samples\"": 48, \""min_split_gain\"": 0.055342529652596006, \""n_estimators\"": 250, \""num_leaves\"": 8, \""reg_alpha\"": 0.055008770356162015, \""reg_lambda\"": 2.897441394466083, \""subsample\"": 0.8556003360145927}""},{""trial"":6,""objective"":0.049796558,""pr_auc_w"":0.0270835051,""inner_precision"":0.042038886,""inner_recall"":0.5,""inner_f1"":0.0775569559,""params"":""{\""colsample_bytree\"": 0.5745050304051208, \""learning_rate\"": 0.04837556471265129, \""max_depth\"": 2, \""min_child_samples\"": 13, \""min_split_gain\"": 0.14738607687843674, \""n_estimators\"": 250, \""num_leaves\"": 29, \""reg_alpha\"": 0.013070843635047123, \""reg_lambda\"": 1.3014550585708609, \""subsample\"": 0.8779020182572989}""},{""trial"":7,""objective"":0.032962898,""pr_auc_w"":0.0178824028,""inner_precision"":0.0263750756,""inner_recall"":1.0,""inner_f1"":0.0513946143,""params"":""{\""colsample_bytree\"": 0.811151396977996, \""learning_rate\"": 0.021501255395161564, \""max_depth\"": 3, \""min_child_samples\"": 7, \""min_split_gain\"": 0.8405273147957789, \""n_estimators\"": 250, \""num_leaves\"": 21, \""reg_alpha\"": 14.629390058073254, \""reg_lambda\"": 0.002201554113253125, \""subsample\"": 0.9375056328457569}""},{""trial"":8,""objective"":0.0322222693,""pr_auc_w"":0.0190611616,""inner_precision"":0.0251250269,""inner_recall"":0.625,""inner_f1"":0.0483080674,""params"":""{\""colsample_bytree\"": 0.9209123993329347, \""learning_rate\"": 0.028146803162140063, \""max_depth\"": 4, \""min_child_samples\"": 26, \""min_split_gain\"": 0.20728679536134975, \""n_estimators\"": 250, \""num_leaves\"": 26, \""reg_alpha\"": 0.014677096069328356, \""reg_lambda\"": 23.33510429988793, \""subsample\"": 0.9057420706012644}""},{""trial"":9,""objective"":0.0456940783,""pr_auc_w"":0.0256638744,""inner_precision"":0.0431654676,""inner_recall"":0.1875,""inner_f1"":0.0701754386,""params"":""{\""colsample_bytree\"": 0.5663503690039903, \""learning_rate\"": 0.013757970285065283, \""max_depth\"": 4, \""min_child_samples\"": 31, \""min_split_gain\"": 0.06642387452522058, \""n_estimators\"": 250, \""num_leaves\"": 9, \""reg_alpha\"": 1.7977034561285405, \""reg_lambda\"": 9.261073641950032, \""subsample\"": 0.6463903724072079}""}]"
T21,record|engineered|lightgbm,20260824,2,0.2643665540900032,0.5731691419765444,0.18691588785046728,0.13333333333333333,0.1556420233463035,"{""colsample_bytree"": 0.850403129974628, ""learning_rate"": 0.01696068464938394, ""max_depth"": 4, ""min_child_samples"": 45, ""min_split_gain"": 0.1358068044601053, ""n_estimators"": 250, ""num_leaves"": 31, ""reg_alpha"": 0.0011943672678700293, ""reg_lambda"": 6.6715595024086705, ""subsample"": 0.8754904754864743}","[{""trial"":0,""objective"":0.0850132276,""pr_auc_w"":0.0420494119,""inner_precision"":0.0974930362,""inner_recall"":0.2333333333,""inner_f1"":0.137524558,""params"":""{\""colsample_bytree\"": 0.6583543528604147, \""learning_rate\"": 0.08225666064554088, \""max_depth\"": 6, \""min_child_samples\"": 54, \""min_split_gain\"": 0.4674763662792867, \""n_estimators\"": 250, \""num_leaves\"": 21, \""reg_alpha\"": 0.06606388247893748, \""reg_lambda\"": 0.13369471014794904, \""subsample\"": 0.8759113925755497}""},{""trial"":1,""objective"":0.2643665541,""pr_auc_w"":0.2039866201,""inner_precision"":0.6140350877,""inner_recall"":0.2333333333,""inner_f1"":0.3381642512,""params"":""{\""colsample_bytree\"": 0.850403129974628, \""learning_rate\"": 0.01696068464938394, \""max_depth\"": 4, \""min_child_samples\"": 45, \""min_split_gain\"": 0.1358068044601053, \""n_estimators\"": 250, \""num_leaves\"": 31, \""reg_alpha\"": 0.0011943672678700293, \""reg_lambda\"": 6.6715595024086705, \""subsample\"": 0.8754904754864743}""},{""trial"":2,""objective"":0.1198398261,""pr_auc_w"":0.0654343535,""inner_precision"":0.1550960118,""inner_recall"":0.2333333333,""inner_f1"":0.1863354037,""params"":""{\""colsample_bytree\"": 0.691135726832915, \""learning_rate\"": 0.066608036790067, \""max_depth\"": 7, \""min_child_samples\"": 21, \""min_split_gain\"": 0.03555588961331679, \""n_estimators\"": 250, \""num_leaves\"": 19, \""reg_alpha\"": 2.6301906452989106, \""reg_lambda\"": 0.006739432155078041, \""subsample\"": 0.9920564072895339}""},{""trial"":3,""objective"":0.0486101954,""pr_auc_w"":0.0284769442,""inner_precision"":0.0379998794,""inner_recall"":1.0,""inner_f1"":0.0732175025,""params"":""{\""colsample_bytree\"": 0.6580173101358296, \""learning_rate\"": 0.013423297250714934, \""max_depth\"": 3, \""min_child_samples\"": 51, \""min_split_gain\"": 0.6911401720336402, \""n_estimators\"": 250, \""num_leaves\"": 28, \""reg_alpha\"": 17.361427729844856, \""reg_lambda\"": 10.160671140216952, \""subsample\"": 0.9410840235169615}""},{""trial"":4,""objective"":0.1517557916,""pr_auc_w"":0.1271592905,""inner_precision"":1.0,""inner_recall"":0.1,""inner_f1"":0.1818181818,""params"":""{\""colsample_bytree\"": 0.9672922489941762, \""learning_rate\"": 0.01948282158212441, \""max_depth\"": 7, \""min_child_samples\"": 50, \""min_split_gain\"": 0.4553709452049719, \""n_estimators\"": 250, \""num_leaves\"": 12, \""reg_alpha\"": 0.06621416157075682, \""reg_lambda\"": 0.12296567578942133, \""subsample\"": 0.7047638534309698}""},{""trial"":5,""objective"":0.0607582382,""pr_auc_w"":0.0352115298,""inner_precision"":0.049808934,""inner_recall"":0.6,""inner_f1"":0.0919819929,""params"":""{\""colsample_bytree\"": 0.7764283308505175, \""learning_rate\"": 0.09717158526818379, \""max_depth\"": 7, \""min_child_samples\"": 15, \""min_split_gain\"": 0.6231328832628859, \""n_estimators\"": 250, \""num_leaves\"": 28, \""reg_alpha\"": 0.0015191645706012001, \""reg_lambda\"": 0.0038406145511336288, \""subsample\"": 0.803964427934099}""},{""trial"":6,""objective"":0.1265605529,""pr_auc_w"":0.0570807086,""inner_precision"":0.1933701657,""inner_recall"":0.2333333333,""inner_f1"":0.2114803625,""params"":""{\""colsample_bytree\"": 0.8824077359853101, \""learning_rate\"": 0.06754021603210715, \""max_depth\"": 6, \""min_child_samples\"": 11, \""min_split_gain\"": 0.4893781707090604, \""n_estimators\"": 250, \""num_leaves\"": 4, \""reg_alpha\"": 0.16882108982660476, \""reg_lambda\"": 0.008256342728286363, \""subsample\"": 0.9620782586340216}""},{""trial"":7,""objective"":0.0724955011,""pr_auc_w"":0.0360362106,""inner_precision"":0.078125,""inner_recall"":0.2333333333,""inner_f1"":0.1170568562,""params"":""{\""colsample_bytree\"": 0.919272243024627, \""learning_rate\"": 0.01824972875390831, \""max_depth\"": 5, \""min_child_samples\"": 44, \""min_split_gain\"": 0.07911298522511656, \""n_estimators\"": 250, \""num_leaves\"": 18, \""reg_alpha\"": 0.8217434223669113, \""reg_lambda\"": 0.10021502159042857, \""subsample\"": 0.8030515795293647}""},{""trial"":8,""objective"":0.1933021454,""pr_auc_w"":0.1311787259,""inner_precision"":0.3181818182,""inner_recall"":0.2333333333,""inner_f1"":0.2692307692,""params"":""{\""colsample_bytree\"": 0.5510399169133219, \""learning_rate\"": 0.04141841696476174, \""max_depth\"": 4, \""min_child_samples\"": 15, \""min_split_gain\"": 0.3822475634182152, \""n_estimators\"": 250, \""num_leaves\"": 12, \""reg_alpha\"": 1.9988722556679601, \""reg_lambda\"": 0.0016814335039065662, \""subsample\"": 0.9819177663930548}""},{""trial"":9,""objective"":0.1152769376,""pr_auc_w"":0.0496147469,""inner_precision"":0.1682692308,""inner_recall"":0.2333333333,""inner_f1"":0.1955307263,""params"":""{\""colsample_bytree\"": 0.6453529167050305, \""learning_rate\"": 0.023273722030191044, \""max_depth\"": 7, \""min_child_samples\"": 19, \""min_split_gain\"": 0.5197846163549067, \""n_estimators\"": 250, \""num_leaves\"": 27, \""reg_alpha\"": 0.23432795005263166, \""reg_lambda\"": 0.001704478077177204, \""subsample\"": 0.6933898431191523}""}]"
T21,record|engineered|lightgbm,20260824,3,0.1516354493446053,0.5797722601700676,0.30769230769230765,0.12499999999999999,0.17777777777777773,"{""colsample_bytree"": 0.6337161337833159, ""learning_rate"": 0.01805785125418143, ""max_depth"": 4, ""min_child_samples"": 28, ""min_split_gain"": 0.9519192908666331, ""n_estimators"": 250, ""num_leaves"": 25, ""reg_alpha"": 4.258492534231066, ""reg_lambda"": 2.1393649420733984, ""subsample"": 0.9095377720653725}","[{""trial"":0,""objective"":0.0468051149,""pr_auc_w"":0.0295091122,""inner_precision"":0.0466511163,""inner_recall"":0.125,""inner_f1"":0.0679446736,""params"":""{\""colsample_bytree\"": 0.8952737305033772, \""learning_rate\"": 0.07442389010832971, \""max_depth\"": 3, \""min_child_samples\"": 37, \""min_split_gain\"": 0.5980928913759078, \""n_estimators\"": 250, \""num_leaves\"": 11, \""reg_alpha\"": 0.0018088573644285443, \""reg_lambda\"": 9.89381788713968, \""subsample\"": 0.9082563081649246}""},{""trial"":1,""objective"":0.0415572894,""pr_auc_w"":0.027683821,""inner_precision"":0.0322788896,""inner_recall"":0.3125,""inner_f1"":0.0585137507,""params"":""{\""colsample_bytree\"": 0.6665681893977276, \""learning_rate\"": 0.0903677933327767, \""max_depth\"": 6, \""min_child_samples\"": 20, \""min_split_gain\"": 0.6213617674173304, \""n_estimators\"": 250, \""num_leaves\"": 5, \""reg_alpha\"": 0.4603454841448792, \""reg_lambda\"": 0.4387073206067949, \""subsample\"": 0.7631914196804872}""},{""trial"":2,""objective"":0.0686453941,""pr_auc_w"":0.0407088864,""inner_precision"":0.0671785029,""inner_recall"":0.21875,""inner_f1"":0.1027900147,""params"":""{\""colsample_bytree\"": 0.6889013641651205, \""learning_rate\"": 0.07490056545219238, \""max_depth\"": 2, \""min_child_samples\"": 18, \""min_split_gain\"": 0.6979076850604502, \""n_estimators\"": 250, \""num_leaves\"": 21, \""reg_alpha\"": 0.9293501433231293, \""reg_lambda\"": 0.012774139528221177, \""subsample\"": 0.953141743929466}""},{""trial"":3,""objective"":0.0346216886,""pr_auc_w"":0.0200018254,""inner_precision"":0.0271212708,""inner_recall"":0.8125,""inner_f1"":0.0524904104,""params"":""{\""colsample_bytree\"": 0.8475799135772553, \""learning_rate\"": 0.09051602284970309, \""max_depth\"": 5, \""min_child_samples\"": 27, \""min_split_gain\"": 0.657944221830181, \""n_estimators\"": 250, \""num_leaves\"": 5, \""reg_alpha\"": 0.010486427038772218, \""reg_lambda\"": 1.0345009566197816, \""subsample\"": 0.6443272321601745}""},{""trial"":4,""objective"":0.0909453224,""pr_auc_w"":0.0445902877,""inner_precision"":0.1801801802,""inner_recall"":0.125,""inner_f1"":0.147601476,""params"":""{\""colsample_bytree\"": 0.4924953407395835, \""learning_rate\"": 0.09086430581453717, \""max_depth\"": 6, \""min_child_samples\"": 34, \""min_split_gain\"": 0.8308188080717166, \""n_estimators\"": 250, \""num_leaves\"": 17, \""reg_alpha\"": 0.004762286283007867, \""reg_lambda\"": 2.6128436741056245, \""subsample\"": 0.5936610134176785}""},{""trial"":5,""objective"":0.0634160867,""pr_auc_w"":0.033483794,""inner_precision"":0.0833333333,""inner_recall"":0.125,""inner_f1"":0.1,""params"":""{\""colsample_bytree\"": 0.679568252590349, \""learning_rate\"": 0.07151009668923153, \""max_depth\"": 6, \""min_child_samples\"": 37, \""min_split_gain\"": 0.13451130419917867, \""n_estimators\"": 250, \""num_leaves\"": 26, \""reg_alpha\"": 1.5136410688922515, \""reg_lambda\"": 3.0379961427688102, \""subsample\"": 0.8344476302980856}""},{""trial"":6,""objective"":0.0504076602,""pr_auc_w"":0.0314424307,""inner_precision"":0.052141527,""inner_recall"":0.125,""inner_f1"":0.073587385,""params"":""{\""colsample_bytree\"": 0.9295508611526349, \""learning_rate\"": 0.01948045905065111, \""max_depth\"": 7, \""min_child_samples\"": 21, \""min_split_gain\"": 0.9001773806284973, \""n_estimators\"": 250, \""num_leaves\"": 22, \""reg_alpha\"": 0.05335200776294493, \""reg_lambda\"": 0.004488474437154648, \""subsample\"": 0.8291997685613345}""},{""trial"":7,""objective"":0.1516354493,""pr_auc_w"":0.1078686492,""inner_precision"":0.5714285714,""inner_recall"":0.125,""inner_f1"":0.2051282051,""params"":""{\""colsample_bytree\"": 0.6337161337833159, \""learning_rate\"": 0.01805785125418143, \""max_depth\"": 4, \""min_child_samples\"": 28, \""min_split_gain\"": 0.9519192908666331, \""n_estimators\"": 250, \""num_leaves\"": 25, \""reg_alpha\"": 4.258492534231066, \""reg_lambda\"": 2.1393649420733984, \""subsample\"": 0.9095377720653725}""},{""trial"":8,""objective"":0.0346029581,""pr_auc_w"":0.0204430364,""inner_precision"":0.026973062,""inner_recall"":0.6875,""inner_f1"":0.0519095291,""params"":""{\""colsample_bytree\"": 0.8464903488362079, \""learning_rate\"": 0.10352965372754998, \""max_depth\"": 5, \""min_child_samples\"": 51, \""min_split_gain\"": 0.14684481761684576, \""n_estimators\"": 250, \""num_leaves\"": 19, \""reg_alpha\"": 0.3283803511444792, \""reg_lambda\"": 0.02228408404560063, \""subsample\"": 0.9909133591286057}""},{""trial"":9,""objective"":0.1078333402,""pr_auc_w"":0.0579708603,""inner_precision"":0.2597402597,""inner_recall"":0.125,""inner_f1"":0.1687763713,""params"":""{\""colsample_bytree\"": 0.4986562965460997, \""learning_rate\"": 0.024845093710314608, \""max_depth\"": 6, \""min_child_samples\"": 46, \""min_split_gain\"": 0.7960783872754041, \""n_estimators\"": 250, \""num_leaves\"": 4, \""reg_alpha\"": 0.0018337332644720165, \""reg_lambda\"": 21.691486121380038, \""subsample\"": 0.7467034364134051}""}]"
T21,record|engineered|lightgbm,20360827,0,0.0637652450151829,0.09674717805306846,0.053956834532374084,0.09375,0.06849315068493148,"{""colsample_bytree"": 0.9941497680350406, ""learning_rate"": 0.058632912201326784, ""max_depth"": 2, ""min_child_samples"": 9, ""min_split_gain"": 0.004765085252846246, ""n_estimators"": 250, ""num_leaves"": 7, ""reg_alpha"": 0.3580563189548845, ""reg_lambda"": 0.0016187295022387714, ""subsample"": 0.7114760686660653}","[{""trial"":0,""objective"":0.0357571862,""pr_auc_w"":0.0238665004,""inner_precision"":0.0259813528,""inner_recall"":0.78125,""inner_f1"":0.0502902466,""params"":""{\""colsample_bytree\"": 0.963810368030142, \""learning_rate\"": 0.06513768546192708, \""max_depth\"": 7, \""min_child_samples\"": 32, \""min_split_gain\"": 0.41674610018822633, \""n_estimators\"": 250, \""num_leaves\"": 25, \""reg_alpha\"": 0.007457318864799556, \""reg_lambda\"": 2.4416582213526845, \""subsample\"": 0.7455145699549692}""},{""trial"":1,""objective"":0.037422762,""pr_auc_w"":0.022980231,""inner_precision"":0.0315031503,""inner_recall"":0.21875,""inner_f1"":0.0550747443,""params"":""{\""colsample_bytree\"": 0.8061122970513064, \""learning_rate\"": 0.03183444788271744, \""max_depth\"": 2, \""min_child_samples\"": 29, \""min_split_gain\"": 0.6382522777825405, \""n_estimators\"": 250, \""num_leaves\"": 6, \""reg_alpha\"": 2.196489888244989, \""reg_lambda\"": 0.035904319011218086, \""subsample\"": 0.6274912406861602}""},{""trial"":2,""objective"":0.0322074072,""pr_auc_w"":0.0193436173,""inner_precision"":0.0245533268,""inner_recall"":1.0,""inner_f1"":0.0479298171,""params"":""{\""colsample_bytree\"": 0.666384637043635, \""learning_rate\"": 0.04201246960117597, \""max_depth\"": 3, \""min_child_samples\"": 30, \""min_split_gain\"": 0.9625752183690038, \""n_estimators\"": 250, \""num_leaves\"": 6, \""reg_alpha\"": 2.0832580584568037, \""reg_lambda\"": 9.001383205126338, \""subsample\"": 0.5536144412637178}""},{""trial"":3,""objective"":0.0479041795,""pr_auc_w"":0.0275373796,""inner_precision"":0.0387755102,""inner_recall"":0.59375,""inner_f1"":0.0727969349,""params"":""{\""colsample_bytree\"": 0.5294820735762259, \""learning_rate\"": 0.0748505787740601, \""max_depth\"": 3, \""min_child_samples\"": 44, \""min_split_gain\"": 0.5489566603361301, \""n_estimators\"": 250, \""num_leaves\"": 10, \""reg_alpha\"": 0.2481084037736297, \""reg_lambda\"": 6.519900911992399, \""subsample\"": 0.5997816249472611}""},{""trial"":4,""objective"":0.0444732214,""pr_auc_w"":0.0252378122,""inner_precision"":0.0415183867,""inner_recall"":0.1875,""inner_f1"":0.0679831661,""params"":""{\""colsample_bytree\"": 0.6258134908805025, \""learning_rate\"": 0.05417713840500379, \""max_depth\"": 5, \""min_child_samples\"": 26, \""min_split_gain\"": 0.658815610944972, \""n_estimators\"": 250, \""num_leaves\"": 22, \""reg_alpha\"": 0.08917244594825653, \""reg_lambda\"": 0.004621184420485149, \""subsample\"": 0.6257938980756498}""},{""trial"":5,""objective"":0.0432736903,""pr_auc_w"":0.0274790728,""inner_precision"":0.0347705146,""inner_recall"":0.3125,""inner_f1"":0.0625782228,""params"":""{\""colsample_bytree\"": 0.8748796599867124, \""learning_rate\"": 0.0584743612121591, \""max_depth\"": 6, \""min_child_samples\"": 39, \""min_split_gain\"": 0.5864318398109479, \""n_estimators\"": 250, \""num_leaves\"": 7, \""reg_alpha\"": 0.00882401427286805, \""reg_lambda\"": 0.013295390971930736, \""subsample\"": 0.820131983557995}""},{""trial"":6,""objective"":0.0403179851,""pr_auc_w"":0.0237238019,""inner_precision"":0.031522444,""inner_recall"":0.78125,""inner_f1"":0.0605997645,""params"":""{\""colsample_bytree\"": 0.4520807498021344, \""learning_rate\"": 0.03353153023083934, \""max_depth\"": 6, \""min_child_samples\"": 53, \""min_split_gain\"": 0.1481588465731365, \""n_estimators\"": 250, \""num_leaves\"": 3, \""reg_alpha\"": 0.07020928085982898, \""reg_lambda\"": 0.005340117659868636, \""subsample\"": 0.8119034229207127}""},{""trial"":7,""objective"":0.0457360071,""pr_auc_w"":0.0268779023,""inner_precision"":0.0371155885,""inner_recall"":0.46875,""inner_f1"":0.0687848018,""params"":""{\""colsample_bytree\"": 0.9893599701771876, \""learning_rate\"": 0.03149232153508803, \""max_depth\"": 5, \""min_child_samples\"": 49, \""min_split_gain\"": 0.29631401257088585, \""n_estimators\"": 250, \""num_leaves\"": 7, \""reg_alpha\"": 0.17248408000807286, \""reg_lambda\"": 0.16108238442651207, \""subsample\"": 0.6236853868130536}""},{""trial"":8,""objective"":0.063765245,""pr_auc_w"":0.0374989265,""inner_precision"":0.0523995675,""inner_recall"":0.5625,""inner_f1"":0.0958685232,""params"":""{\""colsample_bytree\"": 0.9941497680350406, \""learning_rate\"": 0.058632912201326784, \""max_depth\"": 2, \""min_child_samples\"": 9, \""min_split_gain\"": 0.004765085252846246, \""n_estimators\"": 250, \""num_leaves\"": 7, \""reg_alpha\"": 0.3580563189548845, \""reg_lambda\"": 0.0016187295022387714, \""subsample\"": 0.7114760686660653}""},{""trial"":9,""objective"":0.0397070522,""pr_auc_w"":0.0240144235,""inner_precision"":0.030336683,""inner_recall"":1.0,""inner_f1"":0.0588869318,""params"":""{\""colsample_bytree\"": 0.9137750320954919, \""learning_rate\"": 0.08001833646974298, \""max_depth\"": 7, \""min_child_samples\"": 41, \""min_split_gain\"": 0.20951732898057762, \""n_estimators\"": 250, \""num_leaves\"": 18, \""reg_alpha\"": 0.0010774992500756874, \""reg_lambda\"": 0.02237209335192285, \""subsample\"": 0.7719142538376308}""}]"
T21,record|engineered|lightgbm,20360827,1,0.14132772696103665,0.017956704531556733,0.0343473994111874,0.5,0.06427915518824603,"{""colsample_bytree"": 0.6783126025945825, ""learning_rate"": 0.03226078245091732, ""max_depth"": 2, ""min_child_samples"": 25, ""min_split_gain"": 0.40827149074706803, ""n_estimators"": 250, ""num_leaves"": 31, ""reg_alpha"": 0.05000010847894323, ""reg_lambda"": 0.013228520547963368, ""subsample"": 0.839630453302648}","[{""trial"":0,""objective"":0.0393258995,""pr_auc_w"":0.0227509859,""inner_precision"":0.0344892309,""inner_recall"":0.21875,""inner_f1"":0.0595841271,""params"":""{\""colsample_bytree\"": 0.6372081773121377, \""learning_rate\"": 0.035519688790375106, \""max_depth\"": 6, \""min_child_samples\"": 44, \""min_split_gain\"": 0.5055866380868752, \""n_estimators\"": 250, \""num_leaves\"": 26, \""reg_alpha\"": 0.9098425214608276, \""reg_lambda\"": 25.313894373596604, \""subsample\"": 0.7726495067754271}""},{""trial"":1,""objective"":0.0443740458,""pr_auc_w"":0.0270162489,""inner_precision"":0.0339065149,""inner_recall"":1.0,""inner_f1"":0.0655891309,""params"":""{\""colsample_bytree\"": 0.8670636036086026, \""learning_rate\"": 0.015251740234589792, \""max_depth\"": 6, \""min_child_samples\"": 11, \""min_split_gain\"": 0.910723338388621, \""n_estimators\"": 250, \""num_leaves\"": 8, \""reg_alpha\"": 6.3584809509572935, \""reg_lambda\"": 6.424926325513007, \""subsample\"": 0.8295028366019488}""},{""trial"":2,""objective"":0.0393963108,""pr_auc_w"":0.0250070793,""inner_precision"":0.0298524436,""inner_recall"":0.625,""inner_f1"":0.0569831493,""params"":""{\""colsample_bytree\"": 0.7523208995515492, \""learning_rate\"": 0.02116222438869305, \""max_depth\"": 5, \""min_child_samples\"": 18, \""min_split_gain\"": 0.8159834715636191, \""n_estimators\"": 250, \""num_leaves\"": 14, \""reg_alpha\"": 3.866826662217136, \""reg_lambda\"": 0.34087328375701337, \""subsample\"": 0.9101769335439784}""},{""trial"":3,""objective"":0.0493341791,""pr_auc_w"":0.0287738315,""inner_precision"":0.0392657388,""inner_recall"":0.71875,""inner_f1"":0.0744634928,""params"":""{\""colsample_bytree\"": 0.46409533865444985, \""learning_rate\"": 0.010221393244404181, \""max_depth\"": 7, \""min_child_samples\"": 15, \""min_split_gain\"": 0.8177130295313646, \""n_estimators\"": 250, \""num_leaves\"": 4, \""reg_alpha\"": 0.02869137085685457, \""reg_lambda\"": 0.0034657868129883626, \""subsample\"": 0.8678004368524412}""},{""trial"":4,""objective"":0.059850505,""pr_auc_w"":0.0318741015,""inner_precision"":0.0943396226,""inner_recall"":0.09375,""inner_f1"":0.0940438871,""params"":""{\""colsample_bytree\"": 0.9279794128646905, \""learning_rate\"": 0.08870176082781689, \""max_depth\"": 2, \""min_child_samples\"": 47, \""min_split_gain\"": 0.044985326383434776, \""n_estimators\"": 250, \""num_leaves\"": 25, \""reg_alpha\"": 0.035813622421561955, \""reg_lambda\"": 0.3333147109016963, \""subsample\"": 0.8073497858813502}""},{""trial"":5,""objective"":0.0419048954,""pr_auc_w"":0.027219945,""inner_precision"":0.0309485817,""inner_recall"":0.90625,""inner_f1"":0.0598531681,""params"":""{\""colsample_bytree\"": 0.5017647542185116, \""learning_rate\"": 0.05665366666417004, \""max_depth\"": 2, \""min_child_samples\"": 54, \""min_split_gain\"": 0.004938826861586754, \""n_estimators\"": 250, \""num_leaves\"": 27, \""reg_alpha\"": 2.079772837863796, \""reg_lambda\"": 0.8419942185875587, \""subsample\"": 0.9196823733815931}""},{""trial"":6,""objective"":0.141327727,""pr_auc_w"":0.1166997633,""inner_precision"":1.0,""inner_recall"":0.09375,""inner_f1"":0.1714285714,""params"":""{\""colsample_bytree\"": 0.6783126025945825, \""learning_rate\"": 0.03226078245091732, \""max_depth\"": 2, \""min_child_samples\"": 25, \""min_split_gain\"": 0.40827149074706803, \""n_estimators\"": 250, \""num_leaves\"": 31, \""reg_alpha\"": 0.05000010847894323, \""reg_lambda\"": 0.013228520547963368, \""subsample\"": 0.839630453302648}""},{""trial"":7,""objective"":0.0544108714,""pr_auc_w"":0.0295073695,""inner_precision"":0.0526315789,""inner_recall"":0.21875,""inner_f1"":0.0848484848,""params"":""{\""colsample_bytree\"": 0.5722524725744129, \""learning_rate\"": 0.102843455643464, \""max_depth\"": 4, \""min_child_samples\"": 47, \""min_split_gain\"": 0.37711985482374766, \""n_estimators\"": 250, \""num_leaves\"": 17, \""reg_alpha\"": 0.013411922200014283, \""reg_lambda\"": 0.021780938937147783, \""subsample\"": 0.7259157959248375}""},{""trial"":8,""objective"":0.0436603326,""pr_auc_w"":0.0264438002,""inner_precision"":0.0343255662,""inner_recall"":0.5625,""inner_f1"":0.064702761,""params"":""{\""colsample_bytree\"": 0.7754124887751135, \""learning_rate\"": 0.015103094438078142, \""max_depth\"": 6, \""min_child_samples\"": 19, \""min_split_gain\"": 0.31914893120918464, \""n_estimators\"": 250, \""num_leaves\"": 19, \""reg_alpha\"": 0.052539427569606646, \""reg_lambda\"": 0.00146542392321715, \""subsample\"": 0.6768262026519565}""},{""trial"":9,""objective"":0.0701106151,""pr_auc_w"":0.0469969455,""inner_precision"":0.1034482759,""inner_recall"":0.09375,""inner_f1"":0.0983606557,""params"":""{\""colsample_bytree\"": 0.47921298902949633, \""learning_rate\"": 0.010580083995916915, \""max_depth\"": 7, \""min_child_samples\"": 20, \""min_split_gain\"": 0.7187241712052016, \""n_estimators\"": 250, \""num_leaves\"": 4, \""reg_alpha\"": 0.001073195427084625, \""reg_lambda\"": 0.004948906055472338, \""subsample\"": 0.755874567482135}""}]"
T21,record|engineered|lightgbm,20360827,2,0.3092522815475294,0.24082745807717706,0.11351351351351349,0.23333333333333336,0.1527272727272727,"{""colsample_bytree"": 0.8762166566273453, ""learning_rate"": 0.062352889025607885, ""max_depth"": 3, ""min_child_samples"": 50, ""min_split_gain"": 0.7359907431486181, ""n_estimators"": 250, ""num_leaves"": 20, ""reg_alpha"": 0.35515901258101984, ""reg_lambda"": 0.3153890135192042, ""subsample"": 0.7667758257746037}","[{""trial"":0,""objective"":0.1066052638,""pr_auc_w"":0.0585910883,""inner_precision"":0.2173913043,""inner_recall"":0.1333333333,""inner_f1"":0.1652892562,""params"":""{\""colsample_bytree\"": 0.8232778201005778, \""learning_rate\"": 0.024318215921870914, \""max_depth\"": 5, \""min_child_samples\"": 7, \""min_split_gain\"": 0.9738164055862714, \""n_estimators\"": 250, \""num_leaves\"": 5, \""reg_alpha\"": 0.0473715308157976, \""reg_lambda\"": 6.09720225975281, \""subsample\"": 0.5976312906645675}""},{""trial"":1,""objective"":0.053007556,""pr_auc_w"":0.0310720983,""inner_precision"":0.0481430536,""inner_recall"":0.2333333333,""inner_f1"":0.0798175599,""params"":""{\""colsample_bytree\"": 0.8155411378893387, \""learning_rate\"": 0.047578881017869244, \""max_depth\"": 3, \""min_child_samples\"": 12, \""min_split_gain\"": 0.8912329996174857, \""n_estimators\"": 250, \""num_leaves\"": 30, \""reg_alpha\"": 5.213182619207393, \""reg_lambda\"": 1.5593489684416648, \""subsample\"": 0.9355370248808966}""},{""trial"":2,""objective"":0.0817745478,""pr_auc_w"":0.0410254936,""inner_precision"":0.1298701299,""inner_recall"":0.1333333333,""inner_f1"":0.1315789474,""params"":""{\""colsample_bytree\"": 0.8150380424743993, \""learning_rate\"": 0.011434607868288026, \""max_depth\"": 7, \""min_child_samples\"": 24, \""min_split_gain\"": 0.5029248532538048, \""n_estimators\"": 250, \""num_leaves\"": 14, \""reg_alpha\"": 0.17737871920044304, \""reg_lambda\"": 1.3749503545966133, \""subsample\"": 0.6273348684246544}""},{""trial"":3,""objective"":0.0324884298,""pr_auc_w"":0.0198938538,""inner_precision"":0.0245281256,""inner_recall"":1.0,""inner_f1"":0.0478818004,""params"":""{\""colsample_bytree\"": 0.550084306681178, \""learning_rate\"": 0.1096682538444551, \""max_depth\"": 2, \""min_child_samples\"": 12, \""min_split_gain\"": 0.2050401390601747, \""n_estimators\"": 250, \""num_leaves\"": 11, \""reg_alpha\"": 0.17791821164507102, \""reg_lambda\"": 0.15449072899563468, \""subsample\"": 0.8140742429546375}""},{""trial"":4,""objective"":0.048947956,""pr_auc_w"":0.0298302432,""inner_precision"":0.0427872861,""inner_recall"":0.2333333333,""inner_f1"":0.0723140496,""params"":""{\""colsample_bytree\"": 0.9618694296508672, \""learning_rate\"": 0.03551861879081782, \""max_depth\"": 6, \""min_child_samples\"": 31, \""min_split_gain\"": 0.05214727478007308, \""n_estimators\"": 250, \""num_leaves\"": 31, \""reg_alpha\"": 1.2352912661622415, \""reg_lambda\"": 0.005585609000715693, \""subsample\"": 0.5587938739522842}""},{""trial"":5,""objective"":0.3092522815,""pr_auc_w"":0.252694566,""inner_precision"":1.0,""inner_recall"":0.2333333333,""inner_f1"":0.3783783784,""params"":""{\""colsample_bytree\"": 0.8762166566273453, \""learning_rate\"": 0.062352889025607885, \""max_depth\"": 3, \""min_child_samples\"": 50, \""min_split_gain\"": 0.7359907431486181, \""n_estimators\"": 250, \""num_leaves\"": 20, \""reg_alpha\"": 0.35515901258101984, \""reg_lambda\"": 0.3153890135192042, \""subsample\"": 0.7667758257746037}""},{""trial"":6,""objective"":0.1338677839,""pr_auc_w"":0.0724326058,""inner_precision"":0.1891891892,""inner_recall"":0.2333333333,""inner_f1"":0.2089552239,""params"":""{\""colsample_bytree\"": 0.7908455702096098, \""learning_rate\"": 0.09612017268572533, \""max_depth\"": 3, \""min_child_samples\"": 50, \""min_split_gain\"": 0.017915073207925403, \""n_estimators\"": 250, \""num_leaves\"": 11, \""reg_alpha\"": 0.7414491652909011, \""reg_lambda\"": 0.001934229093104595, \""subsample\"": 0.8059585787290542}""},{""trial"":7,""objective"":0.1045837735,""pr_auc_w"":0.0584908735,""inner_precision"":0.2028985507,""inner_recall"":0.1333333333,""inner_f1"":0.1609195402,""params"":""{\""colsample_bytree\"": 0.7221162538164403, \""learning_rate\"": 0.10582006086429774, \""max_depth\"": 4, \""min_child_samples\"": 19, \""min_split_gain\"": 0.32301479184579596, \""n_estimators\"": 250, \""num_leaves\"": 13, \""reg_alpha\"": 14.217964787305766, \""reg_lambda\"": 3.670577580733662, \""subsample\"": 0.6044093933720485}""},{""trial"":8,""objective"":0.03860682,""pr_auc_w"":0.0263989603,""inner_precision"":0.0283920811,""inner_recall"":0.4666666667,""inner_f1"":0.0535275376,""params"":""{\""colsample_bytree\"": 0.9751838353831637, \""learning_rate\"": 0.05984870195761262, \""max_depth\"": 5, \""min_child_samples\"": 16, \""min_split_gain\"": 0.8824793451672504, \""n_estimators\"": 250, \""num_leaves\"": 28, \""reg_alpha\"": 12.904737600487415, \""reg_lambda\"": 0.3568475249335363, \""subsample\"": 0.7387141353737842}""},{""trial"":9,""objective"":0.1249330599,""pr_auc_w"":0.0591958061,""inner_precision"":0.1832460733,""inner_recall"":0.2333333333,""inner_f1"":0.2052785924,""params"":""{\""colsample_bytree\"": 0.8414637007949592, \""learning_rate\"": 0.0367259432446121, \""max_depth\"": 3, \""min_child_samples\"": 8, \""min_split_gain\"": 0.167039531303113, \""n_estimators\"": 250, \""num_leaves\"": 22, \""reg_alpha\"": 2.082688082848221, \""reg_lambda\"": 0.4306441935522287, \""subsample\"": 0.8897105364730405}""}]"
T21,record|engineered|lightgbm,20360827,3,0.0788604266054674,0.20406319273785814,0.06213017751479288,0.125,0.08300395256916994,"{""colsample_bytree"": 0.5602236408390099, ""learning_rate"": 0.04031484754704276, ""max_depth"": 7, ""min_child_samples"": 52, ""min_split_gain"": 0.6721479524295932, ""n_estimators"": 250, ""num_leaves"": 14, ""reg_alpha"": 0.010597585787101132, ""reg_lambda"": 1.4856145679680497, ""subsample"": 0.5788305932448786}","[{""trial"":0,""objective"":0.0407252474,""pr_auc_w"":0.0262067001,""inner_precision"":0.0303262572,""inner_recall"":0.8125,""inner_f1"":0.0584701385,""params"":""{\""colsample_bytree\"": 0.5316210436168141, \""learning_rate\"": 0.014423294620587368, \""max_depth\"": 7, \""min_child_samples\"": 55, \""min_split_gain\"": 0.10676108371306547, \""n_estimators\"": 250, \""num_leaves\"": 17, \""reg_alpha\"": 4.348746015800393, \""reg_lambda\"": 0.0017722844759884007, \""subsample\"": 0.6538805499019822}""},{""trial"":1,""objective"":0.0623915885,""pr_auc_w"":0.0349117464,""inner_precision"":0.0983146067,""inner_recall"":0.09375,""inner_f1"":0.0959780622,""params"":""{\""colsample_bytree\"": 0.7038961700305923, \""learning_rate\"": 0.02369113104154553, \""max_depth\"": 3, \""min_child_samples\"": 23, \""min_split_gain\"": 0.4244913407777805, \""n_estimators\"": 250, \""num_leaves\"": 26, \""reg_alpha\"": 7.773191801668816, \""reg_lambda\"": 0.507881751234038, \""subsample\"": 0.8690719621705845}""},{""trial"":2,""objective"":0.0524348473,""pr_auc_w"":0.0324412601,""inner_precision"":0.0483462512,""inner_recall"":0.1875,""inner_f1"":0.0768714538,""params"":""{\""colsample_bytree\"": 0.9309964284745426, \""learning_rate\"": 0.014587719737845475, \""max_depth\"": 7, \""min_child_samples\"": 35, \""min_split_gain\"": 0.6245760474896761, \""n_estimators\"": 250, \""num_leaves\"": 14, \""reg_alpha\"": 0.0017498688841047962, \""reg_lambda\"": 0.1095702755847425, \""subsample\"": 0.7427765144335262}""},{""trial"":3,""objective"":0.067510159,""pr_auc_w"":0.0337997835,""inner_precision"":0.0723282818,""inner_recall"":0.21875,""inner_f1"":0.108711729,""params"":""{\""colsample_bytree\"": 0.6959105297084018, \""learning_rate\"": 0.07257805639075361, \""max_depth\"": 3, \""min_child_samples\"": 46, \""min_split_gain\"": 0.8534460102800718, \""n_estimators\"": 250, \""num_leaves\"": 15, \""reg_alpha\"": 0.13570087977492343, \""reg_lambda\"": 7.609592624146568, \""subsample\"": 0.9067240792867097}""},{""trial"":4,""objective"":0.0395472716,""pr_auc_w"":0.0247633118,""inner_precision"":0.0308389452,""inner_recall"":0.4375,""inner_f1"":0.0576165559,""params"":""{\""colsample_bytree\"": 0.9387292305603252, \""learning_rate\"": 0.013982226712432372, \""max_depth\"": 5, \""min_child_samples\"": 52, \""min_split_gain\"": 0.07685060166066782, \""n_estimators\"": 250, \""num_leaves\"": 30, \""reg_alpha\"": 0.9524495716032512, \""reg_lambda\"": 0.4328027859030675, \""subsample\"": 0.8758140434038841}""},{""trial"":5,""objective"":0.0351150727,""pr_auc_w"":0.0212309595,""inner_precision"":0.0267386063,""inner_recall"":1.0,""inner_f1"":0.0520845444,""params"":""{\""colsample_bytree\"": 0.8617088234975133, \""learning_rate\"": 0.045068602932639715, \""max_depth\"": 4, \""min_child_samples\"": 31, \""min_split_gain\"": 0.7448299210264672, \""n_estimators\"": 250, \""num_leaves\"": 30, \""reg_alpha\"": 5.657682570791216, \""reg_lambda\"": 0.12126592655359708, \""subsample\"": 0.87608586351332}""},{""trial"":6,""objective"":0.0362909884,""pr_auc_w"":0.0221558867,""inner_precision"":0.0276966155,""inner_recall"":0.8125,""inner_f1"":0.0535672239,""params"":""{\""colsample_bytree\"": 0.5886650395572929, \""learning_rate\"": 0.02458345212586476, \""max_depth\"": 5, \""min_child_samples\"": 14, \""min_split_gain\"": 0.2799011273649463, \""n_estimators\"": 250, \""num_leaves\"": 20, \""reg_alpha\"": 0.001583187208011603, \""reg_lambda\"": 0.07176956311925216, \""subsample\"": 0.7099284019203648}""},{""trial"":7,""objective"":0.0553549735,""pr_auc_w"":0.0307153365,""inner_precision"":0.0785340314,""inner_recall"":0.09375,""inner_f1"":0.0854700855,""params"":""{\""colsample_bytree\"": 0.46076573586739145, \""learning_rate\"": 0.03563449997251942, \""max_depth\"": 5, \""min_child_samples\"": 55, \""min_split_gain\"": 0.0009586525409120972, \""n_estimators\"": 250, \""num_leaves\"": 30, \""reg_alpha\"": 0.09616992087115074, \""reg_lambda\"": 0.21006705339722906, \""subsample\"": 0.6413528931210197}""},{""trial"":8,""objective"":0.0413474763,""pr_auc_w"":0.0264144245,""inner_precision"":0.0312914425,""inner_recall"":0.625,""inner_f1"":0.059598984,""params"":""{\""colsample_bytree\"": 0.5657849739387955, \""learning_rate\"": 0.022880872705207396, \""max_depth\"": 7, \""min_child_samples\"": 16, \""min_split_gain\"": 0.9995180592241927, \""n_estimators\"": 250, \""num_leaves\"": 13, \""reg_alpha\"": 0.8430606076266919, \""reg_lambda\"": 0.005978747001591962, \""subsample\"": 0.8231053164584069}""},{""trial"":9,""objective"":0.0788604266,""pr_auc_w"":0.0442757787,""inner_precision"":0.1711026616,""inner_recall"":0.09375,""inner_f1"":0.1211305518,""params"":""{\""colsample_bytree\"": 0.5602236408390099, \""learning_rate\"": 0.04031484754704276, \""max_depth\"": 7, \""min_child_samples\"": 52, \""min_split_gain\"": 0.6721479524295932, \""n_estimators\"": 250, \""num_leaves\"": 14, \""reg_alpha\"": 0.010597585787101132, \""reg_lambda\"": 1.4856145679680497, \""subsample\"": 0.5788305932448786}""}]"
T21,record|engineered|lightgbm,20460830,0,0.0823244955643559,0.014844135819923391,0.04380475594493118,0.46874999999999994,0.08012209080503627,"{""colsample_bytree"": 0.8287364930233728, ""learning_rate"": 0.030942152677449812, ""max_depth"": 3, ""min_child_samples"": 11, ""min_split_gain"": 0.10520032807772606, ""n_estimators"": 250, ""num_leaves"": 17, ""reg_alpha"": 0.0014138583385590402, ""reg_lambda"": 0.7695127704178084, ""subsample"": 0.8094296463487701}","[{""trial"":0,""objective"":0.0437586307,""pr_auc_w"":0.0260102096,""inner_precision"":0.0347471182,""inner_recall"":0.5625,""inner_f1"":0.0654511454,""params"":""{\""colsample_bytree\"": 0.6396774074775333, \""learning_rate\"": 0.01639403669535118, \""max_depth\"": 4, \""min_child_samples\"": 26, \""min_split_gain\"": 0.5731479764644536, \""n_estimators\"": 250, \""num_leaves\"": 20, \""reg_alpha\"": 3.7049587465552656, \""reg_lambda\"": 0.2947117755707991, \""subsample\"": 0.7974929672443043}""},{""trial"":1,""objective"":0.0328110609,""pr_auc_w"":0.0195618065,""inner_precision"":0.0251177394,""inner_recall"":1.0,""inner_f1"":0.0490045942,""params"":""{\""colsample_bytree\"": 0.8569801606201577, \""learning_rate\"": 0.016387345570875043, \""max_depth\"": 4, \""min_child_samples\"": 10, \""min_split_gain\"": 0.8384343755570638, \""n_estimators\"": 250, \""num_leaves\"": 20, \""reg_alpha\"": 2.4268726941050933, \""reg_lambda\"": 0.45328302081627353, \""subsample\"": 0.8837176292382708}""},{""trial"":2,""objective"":0.0356706927,""pr_auc_w"":0.0209590469,""inner_precision"":0.0276742347,""inner_recall"":0.875,""inner_f1"":0.0536515931,""params"":""{\""colsample_bytree\"": 0.6071278339659033, \""learning_rate\"": 0.034906770578689815, \""max_depth\"": 2, \""min_child_samples\"": 38, \""min_split_gain\"": 0.6787874422140396, \""n_estimators\"": 250, \""num_leaves\"": 24, \""reg_alpha\"": 0.3369001192698798, \""reg_lambda\"": 0.008995780058050823, \""subsample\"": 0.8288824665981529}""},{""trial"":3,""objective"":0.0406618484,""pr_auc_w"":0.0258022912,""inner_precision"":0.0428571429,""inner_recall"":0.09375,""inner_f1"":0.0588235294,""params"":""{\""colsample_bytree\"": 0.8037125704542438, \""learning_rate\"": 0.07061333432693345, \""max_depth\"": 7, \""min_child_samples\"": 7, \""min_split_gain\"": 0.42223740352776695, \""n_estimators\"": 250, \""num_leaves\"": 6, \""reg_alpha\"": 0.005062437137422545, \""reg_lambda\"": 21.309501359266463, \""subsample\"": 0.7558963741983745}""},{""trial"":4,""objective"":0.0437444408,""pr_auc_w"":0.0272633111,""inner_precision"":0.048454084,""inner_recall"":0.09375,""inner_f1"":0.0638880438,""params"":""{\""colsample_bytree\"": 0.7931992151145322, \""learning_rate\"": 0.04646938540472183, \""max_depth\"": 6, \""min_child_samples\"": 38, \""min_split_gain\"": 0.02948184026195333, \""n_estimators\"": 250, \""num_leaves\"": 11, \""reg_alpha\"": 2.938165965768561, \""reg_lambda\"": 0.4719295080313219, \""subsample\"": 0.5540598541741378}""},{""trial"":5,""objective"":0.0305093875,""pr_auc_w"":0.0169972298,""inner_precision"":0.0240782543,""inner_recall"":1.0,""inner_f1"":0.0470242469,""params"":""{\""colsample_bytree\"": 0.730826672218652, \""learning_rate\"": 0.020337799060592243, \""max_depth\"": 5, \""min_child_samples\"": 45, \""min_split_gain\"": 0.09349385211854211, \""n_estimators\"": 250, \""num_leaves\"": 20, \""reg_alpha\"": 1.2649979778482159, \""reg_lambda\"": 0.425661758140649, \""subsample\"": 0.5553282414057774}""},{""trial"":6,""objective"":0.0299702295,""pr_auc_w"":0.015711655,""inner_precision"":0.0242739489,""inner_recall"":1.0,""inner_f1"":0.0473973762,""params"":""{\""colsample_bytree\"": 0.9707374512439029, \""learning_rate\"": 0.10179784456083395, \""max_depth\"": 3, \""min_child_samples\"": 45, \""min_split_gain\"": 0.775551883964139, \""n_estimators\"": 250, \""num_leaves\"": 12, \""reg_alpha\"": 0.019961428457036183, \""reg_lambda\"": 0.0903045048853281, \""subsample\"": 0.6009154887339264}""},{""trial"":7,""objective"":0.0388401148,""pr_auc_w"":0.0245570046,""inner_precision"":0.0309351246,""inner_recall"":0.3125,""inner_f1"":0.0562972495,""params"":""{\""colsample_bytree\"": 0.8831335334556341, \""learning_rate\"": 0.07218070470523216, \""max_depth\"": 6, \""min_child_samples\"": 17, \""min_split_gain\"": 0.46311658031170144, \""n_estimators\"": 250, \""num_leaves\"": 23, \""reg_alpha\"": 0.0017855424150759291, \""reg_lambda\"": 0.00993366558119188, \""subsample\"": 0.7927983606824709}""},{""trial"":8,""objective"":0.0372393019,""pr_auc_w"":0.0233144883,""inner_precision"":0.028105226,""inner_recall"":0.78125,""inner_f1"":0.0542585186,""params"":""{\""colsample_bytree\"": 0.9725466189899792, \""learning_rate\"": 0.015599587486009717, \""max_depth\"": 3, \""min_child_samples\"": 34, \""min_split_gain\"": 0.6832693478613765, \""n_estimators\"": 250, \""num_leaves\"": 28, \""reg_alpha\"": 0.003054436496548802, \""reg_lambda\"": 0.06705706351080468, \""subsample\"": 0.5750836492506971}""},{""trial"":9,""objective"":0.0823244956,""pr_auc_w"":0.0441165377,""inner_precision"":0.0766897017,""inner_recall"":0.40625,""inner_f1"":0.1290231107,""params"":""{\""colsample_bytree\"": 0.8287364930233728, \""learning_rate\"": 0.030942152677449812, \""max_depth\"": 3, \""min_child_samples\"": 11, \""min_split_gain\"": 0.10520032807772606, \""n_estimators\"": 250, \""num_leaves\"": 17, \""reg_alpha\"": 0.0014138583385590402, \""reg_lambda\"": 0.7695127704178084, \""subsample\"": 0.8094296463487701}""}]"
T21,record|engineered|lightgbm,20460830,1,0.11592188741551146,0.2570488940100558,0.18229166666666666,0.2333333333333333,0.2046783625730994,"{""colsample_bytree"": 0.6499953532021713, ""learning_rate"": 0.018887838074174317, ""max_depth"": 4, ""min_child_samples"": 5, ""min_split_gain"": 0.5040156304750765, ""n_estimators"": 250, ""num_leaves"": 12, ""reg_alpha"": 0.2226670145432312, ""reg_lambda"": 0.003067018163030553, ""subsample"": 0.8610027362260284}","[{""trial"":0,""objective"":0.0559250956,""pr_auc_w"":0.0335224481,""inner_precision"":0.0449576869,""inner_recall"":0.5666666667,""inner_f1"":0.0833061091,""params"":""{\""colsample_bytree\"": 0.9713344367747265, \""learning_rate\"": 0.01396297358324402, \""max_depth\"": 3, \""min_child_samples\"": 46, \""min_split_gain\"": 0.11777940120173602, \""n_estimators\"": 250, \""num_leaves\"": 31, \""reg_alpha\"": 0.08682338652868761, \""reg_lambda\"": 5.240643696339562, \""subsample\"": 0.9416846060217783}""},{""trial"":1,""objective"":0.1159218874,""pr_auc_w"":0.0744034317,""inner_precision"":0.5,""inner_recall"":0.1,""inner_f1"":0.1666666667,""params"":""{\""colsample_bytree\"": 0.6499953532021713, \""learning_rate\"": 0.018887838074174317, \""max_depth\"": 4, \""min_child_samples\"": 5, \""min_split_gain\"": 0.5040156304750765, \""n_estimators\"": 250, \""num_leaves\"": 12, \""reg_alpha\"": 0.2226670145432312, \""reg_lambda\"": 0.003067018163030553, \""subsample\"": 0.8610027362260284}""},{""trial"":2,""objective"":0.0359061305,""pr_auc_w"":0.0196215525,""inner_precision"":0.0287057794,""inner_recall"":1.0,""inner_f1"":0.0558095036,""params"":""{\""colsample_bytree\"": 0.5585395765464082, \""learning_rate\"": 0.021252595185667925, \""max_depth\"": 5, \""min_child_samples\"": 17, \""min_split_gain\"": 0.809414565479657, \""n_estimators\"": 250, \""num_leaves\"": 18, \""reg_alpha\"": 7.69720465586135, \""reg_lambda\"": 1.8913965396947543, \""subsample\"": 0.8419128939774932}""},{""trial"":3,""objective"":0.0461607405,""pr_auc_w"":0.0264374252,""inner_precision"":0.0370880576,""inner_recall"":0.6666666667,""inner_f1"":0.0702670147,""params"":""{\""colsample_bytree\"": 0.8491198648798778, \""learning_rate\"": 0.015319375962537712, \""max_depth\"": 4, \""min_child_samples\"": 8, \""min_split_gain\"": 0.014998322573476996, \""n_estimators\"": 250, \""num_leaves\"": 20, \""reg_alpha\"": 0.02470270665098744, \""reg_lambda\"": 0.0011080057185957708, \""subsample\"": 0.6933262252730462}""},{""trial"":4,""objective"":0.0410739554,""pr_auc_w"":0.0236877297,""inner_precision"":0.0321641905,""inner_recall"":1.0,""inner_f1"":0.0623237869,""params"":""{\""colsample_bytree\"": 0.4959461536090184, \""learning_rate\"": 0.05027729641048691, \""max_depth\"": 6, \""min_child_samples\"": 49, \""min_split_gain\"": 0.9207012439573442, \""n_estimators\"": 250, \""num_leaves\"": 3, \""reg_alpha\"": 0.0010924671195160843, \""reg_lambda\"": 4.897779979043797, \""subsample\"": 0.5912112904817631}""},{""trial"":5,""objective"":0.0423610351,""pr_auc_w"":0.026224536,""inner_precision"":0.0339127371,""inner_recall"":0.3666666667,""inner_f1"":0.0620834229,""params"":""{\""colsample_bytree\"": 0.6094161278431239, \""learning_rate\"": 0.052233431386688546, \""max_depth\"": 3, \""min_child_samples\"": 36, \""min_split_gain\"": 0.8049417572146186, \""n_estimators\"": 250, \""num_leaves\"": 13, \""reg_alpha\"": 0.250264496286509, \""reg_lambda\"": 0.005118717705152058, \""subsample\"": 0.7150807133580943}""},{""trial"":6,""objective"":0.0444320615,""pr_auc_w"":0.0248861027,""inner_precision"":0.0380614057,""inner_recall"":0.3333333333,""inner_f1"":0.0683215668,""params"":""{\""colsample_bytree\"": 0.931726838984458, \""learning_rate\"": 0.03325223804536665, \""max_depth\"": 4, \""min_child_samples\"": 6, \""min_split_gain\"": 0.17081033635095622, \""n_estimators\"": 250, \""num_leaves\"": 6, \""reg_alpha\"": 0.024641567881491033, \""reg_lambda\"": 3.55274492533328, \""subsample\"": 0.699093460607847}""},{""trial"":7,""objective"":0.0865087531,""pr_auc_w"":0.0467235315,""inner_precision"":0.2083333333,""inner_recall"":0.1,""inner_f1"":0.1351351351,""params"":""{\""colsample_bytree\"": 0.7842357433083476, \""learning_rate\"": 0.018965807047170814, \""max_depth\"": 2, \""min_child_samples\"": 53, \""min_split_gain\"": 0.6444706126795541, \""n_estimators\"": 250, \""num_leaves\"": 14, \""reg_alpha\"": 0.847008840932293, \""reg_lambda\"": 0.031088016595518946, \""subsample\"": 0.9944535625606734}""},{""trial"":8,""objective"":0.0556811264,""pr_auc_w"":0.0319009694,""inner_precision"":0.0621118012,""inner_recall"":0.1333333333,""inner_f1"":0.0847457627,""params"":""{\""colsample_bytree\"": 0.8464541093983111, \""learning_rate\"": 0.010840134001803153, \""max_depth\"": 3, \""min_child_samples\"": 18, \""min_split_gain\"": 0.9567668025981787, \""n_estimators\"": 250, \""num_leaves\"": 21, \""reg_alpha\"": 5.68308021406953, \""reg_lambda\"": 25.379310012244623, \""subsample\"": 0.5820304997965524}""},{""trial"":9,""objective"":0.065206623,""pr_auc_w"":0.032634085,""inner_precision"":0.1105651106,""inner_recall"":0.1,""inner_f1"":0.1050175029,""params"":""{\""colsample_bytree\"": 0.9084957840685044, \""learning_rate\"": 0.02386052931116702, \""max_depth\"": 5, \""min_child_samples\"": 27, \""min_split_gain\"": 0.5987649860805243, \""n_estimators\"": 250, \""num_leaves\"": 15, \""reg_alpha\"": 0.06043122018956326, \""reg_lambda\"": 15.64848257285423, \""subsample\"": 0.9600937904677499}""}]"
T21,record|engineered|lightgbm,20460830,2,0.06068372351758061,0.2926454250236785,0.04464285714285716,0.09375000000000001,0.060483870967741944,"{""colsample_bytree"": 0.5765468396023139, ""learning_rate"": 0.011671927705848665, ""max_depth"": 5, ""min_child_samples"": 29, ""min_split_gain"": 0.2540978586813908, ""n_estimators"": 250, ""num_leaves"": 31, ""reg_alpha"": 0.008710977344567128, ""reg_lambda"": 0.004922201148548945, ""subsample"": 0.8247576877786906}","[{""trial"":0,""objective"":0.034614422,""pr_auc_w"":0.0179827012,""inner_precision"":0.0283297979,""inner_recall"":0.90625,""inner_f1"":0.0549420808,""params"":""{\""colsample_bytree\"": 0.5971851774295589, \""learning_rate\"": 0.08107027793384002, \""max_depth\"": 6, \""min_child_samples\"": 6, \""min_split_gain\"": 0.10565089824279306, \""n_estimators\"": 250, \""num_leaves\"": 22, \""reg_alpha\"": 0.023662929034282604, \""reg_lambda\"": 0.002257929815371873, \""subsample\"": 0.9552074527062798}""},{""trial"":1,""objective"":0.0317308958,""pr_auc_w"":0.0174154732,""inner_precision"":0.0252348872,""inner_recall"":1.0,""inner_f1"":0.0492275235,""params"":""{\""colsample_bytree\"": 0.5554397631516904, \""learning_rate\"": 0.01999630875536426, \""max_depth\"": 3, \""min_child_samples\"": 10, \""min_split_gain\"": 0.7958735891429097, \""n_estimators\"": 250, \""num_leaves\"": 25, \""reg_alpha\"": 0.03157732436654463, \""reg_lambda\"": 3.330500336911797, \""subsample\"": 0.9297838158359022}""},{""trial"":2,""objective"":0.0308591514,""pr_auc_w"":0.016153606,""inner_precision"":0.0250273737,""inner_recall"":1.0,""inner_f1"":0.0488325958,""params"":""{\""colsample_bytree\"": 0.548154762747554, \""learning_rate\"": 0.014599648692552352, \""max_depth\"": 5, \""min_child_samples\"": 44, \""min_split_gain\"": 0.6781078640106769, \""n_estimators\"": 250, \""num_leaves\"": 28, \""reg_alpha\"": 0.9849563738060493, \""reg_lambda\"": 5.4278102084133435, \""subsample\"": 0.6726926721862037}""},{""trial"":3,""objective"":0.0316087221,""pr_auc_w"":0.0175428649,""inner_precision"":0.025010421,""inner_recall"":1.0,""inner_f1"":0.0488003253,""params"":""{\""colsample_bytree\"": 0.8230409838010602, \""learning_rate\"": 0.0300103653612466, \""max_depth\"": 2, \""min_child_samples\"": 13, \""min_split_gain\"": 0.2581642845673835, \""n_estimators\"": 250, \""num_leaves\"": 7, \""reg_alpha\"": 0.39427249369018047, \""reg_lambda\"": 0.010835945570298012, \""subsample\"": 0.602654124182906}""},{""trial"":4,""objective"":0.0353179223,""pr_auc_w"":0.0213425879,""inner_precision"":0.0269043215,""inner_recall"":1.0,""inner_f1"":0.0523988865,""params"":""{\""colsample_bytree\"": 0.5770223016460612, \""learning_rate\"": 0.01763437685705488, \""max_depth\"": 4, \""min_child_samples\"": 31, \""min_split_gain\"": 0.1261836806951765, \""n_estimators\"": 250, \""num_leaves\"": 25, \""reg_alpha\"": 0.047619949542828145, \""reg_lambda\"": 2.0267733476594865, \""subsample\"": 0.631332680697631}""},{""trial"":5,""objective"":0.0332548624,""pr_auc_w"":0.0200661736,""inner_precision"":0.0253120692,""inner_recall"":1.0,""inner_f1"":0.0493743709,""params"":""{\""colsample_bytree\"": 0.643768358473302, \""learning_rate\"": 0.07759689013949965, \""max_depth\"": 7, \""min_child_samples\"": 35, \""min_split_gain\"": 0.40858523805281877, \""n_estimators\"": 250, \""num_leaves\"": 14, \""reg_alpha\"": 0.08815548195832777, \""reg_lambda\"": 22.05867868590825, \""subsample\"": 0.6679220240819339}""},{""trial"":6,""objective"":0.0410811266,""pr_auc_w"":0.02400539,""inner_precision"":0.0411805079,""inner_recall"":0.125,""inner_f1"":0.0619514713,""params"":""{\""colsample_bytree\"": 0.8714617138624434, \""learning_rate\"": 0.0783517050566427, \""max_depth\"": 7, \""min_child_samples\"": 17, \""min_split_gain\"": 0.7558482256104233, \""n_estimators\"": 250, \""num_leaves\"": 28, \""reg_alpha\"": 2.0954948992863645, \""reg_lambda\"": 0.1742827928657705, \""subsample\"": 0.5591000780626958}""},{""trial"":7,""objective"":0.047180092,""pr_auc_w"":0.0264934479,""inner_precision"":0.0510204082,""inner_recall"":0.125,""inner_f1"":0.0724637681,""params"":""{\""colsample_bytree\"": 0.7270791479874728, \""learning_rate\"": 0.025785377963116602, \""max_depth\"": 7, \""min_child_samples\"": 45, \""min_split_gain\"": 0.004832119970443971, \""n_estimators\"": 250, \""num_leaves\"": 22, \""reg_alpha\"": 0.6403594308681264, \""reg_lambda\"": 0.18063635266540998, \""subsample\"": 0.9118532447473067}""},{""trial"":8,""objective"":0.0606837235,""pr_auc_w"":0.0299230533,""inner_precision"":0.0809716599,""inner_recall"":0.125,""inner_f1"":0.0982800983,""params"":""{\""colsample_bytree\"": 0.5765468396023139, \""learning_rate\"": 0.011671927705848665, \""max_depth\"": 5, \""min_child_samples\"": 29, \""min_split_gain\"": 0.2540978586813908, \""n_estimators\"": 250, \""num_leaves\"": 31, \""reg_alpha\"": 0.008710977344567128, \""reg_lambda\"": 0.004922201148548945, \""subsample\"": 0.8247576877786906}""},{""trial"":9,""objective"":0.0317601666,""pr_auc_w"":0.0174969977,""inner_precision"":0.0252167061,""inner_recall"":1.0,""inner_f1"":0.0491929285,""params"":""{\""colsample_bytree\"": 0.9754022594213465, \""learning_rate\"": 0.016231260236796892, \""max_depth\"": 4, \""min_child_samples\"": 26, \""min_split_gain\"": 0.3932003117029014, \""n_estimators\"": 250, \""num_leaves\"": 10, \""reg_alpha\"": 0.033186052395644955, \""reg_lambda\"": 4.623469491322162, \""subsample\"": 0.8463813397524174}""}]"
T21,record|engineered|lightgbm,20460830,3,0.26000937391791124,0.747602147083279,1.0,0.09375,0.17142857142857143,"{""colsample_bytree"": 0.6095904769436197, ""learning_rate"": 0.08826347392728134, ""max_depth"": 6, ""min_child_samples"": 11, ""min_split_gain"": 0.8740427106086283, ""n_estimators"": 250, ""num_leaves"": 20, ""reg_alpha"": 0.023694706386057772, ""reg_lambda"": 17.923733923380162, ""subsample"": 0.9920335927557994}","[{""trial"":0,""objective"":0.0422716861,""pr_auc_w"":0.0277767186,""inner_precision"":0.0322015334,""inner_recall"":0.4375,""inner_f1"":0.0599877576,""params"":""{\""colsample_bytree\"": 0.943223867090448, \""learning_rate\"": 0.02789433527183297, \""max_depth\"": 5, \""min_child_samples\"": 7, \""min_split_gain\"": 0.7358918550020058, \""n_estimators\"": 250, \""num_leaves\"": 7, \""reg_alpha\"": 0.010397483289740675, \""reg_lambda\"": 0.05072014370058554, \""subsample\"": 0.6606999477708326}""},{""trial"":1,""objective"":0.0436506853,""pr_auc_w"":0.0279571112,""inner_precision"":0.0328517793,""inner_recall"":0.71875,""inner_f1"":0.0628317203,""params"":""{\""colsample_bytree\"": 0.8976260099955342, \""learning_rate\"": 0.015048017973181345, \""max_depth\"": 7, \""min_child_samples\"": 51, \""min_split_gain\"": 0.08059108373371437, \""n_estimators\"": 250, \""num_leaves\"": 19, \""reg_alpha\"": 1.0962561476222543, \""reg_lambda\"": 0.16027981737633698, \""subsample\"": 0.8191427628138264}""},{""trial"":2,""objective"":0.0531580152,""pr_auc_w"":0.0324604501,""inner_precision"":0.0434201737,""inner_recall"":0.40625,""inner_f1"":0.0784550392,""params"":""{\""colsample_bytree\"": 0.49593209653634135, \""learning_rate\"": 0.08590262201947484, \""max_depth\"": 7, \""min_child_samples\"": 11, \""min_split_gain\"": 0.7972688720725497, \""n_estimators\"": 250, \""num_leaves\"": 7, \""reg_alpha\"": 0.02364260265941439, \""reg_lambda\"": 8.38962946982196, \""subsample\"": 0.9483841487181737}""},{""trial"":3,""objective"":0.062858803,""pr_auc_w"":0.0386020715,""inner_precision"":0.0567529221,""inner_recall"":0.25,""inner_f1"":0.0925059193,""params"":""{\""colsample_bytree\"": 0.6355906063429526, \""learning_rate\"": 0.06751951169241585, \""max_depth\"": 2, \""min_child_samples\"": 9, \""min_split_gain\"": 0.9138402992255085, \""n_estimators\"": 250, \""num_leaves\"": 28, \""reg_alpha\"": 0.07438305592458706, \""reg_lambda\"": 2.9824684922586524, \""subsample\"": 0.7115022673533232}""},{""trial"":4,""objective"":0.037484918,""pr_auc_w"":0.0224128317,""inner_precision"":0.0287570288,""inner_recall"":1.0,""inner_f1"":0.0559063569,""params"":""{\""colsample_bytree\"": 0.6041281167706765, \""learning_rate\"": 0.01844341673293773, \""max_depth\"": 4, \""min_child_samples\"": 16, \""min_split_gain\"": 0.1993948625989821, \""n_estimators\"": 250, \""num_leaves\"": 25, \""reg_alpha\"": 0.10084481135092371, \""reg_lambda\"": 1.4718524127268435, \""subsample\"": 0.6196622619870509}""},{""trial"":5,""objective"":0.0557437739,""pr_auc_w"":0.0259083774,""inner_precision"":0.0584167859,""inner_recall"":0.21875,""inner_f1"":0.0922092586,""params"":""{\""colsample_bytree\"": 0.8581664084953031, \""learning_rate\"": 0.09612676899979819, \""max_depth\"": 2, \""min_child_samples\"": 35, \""min_split_gain\"": 0.5556242394891842, \""n_estimators\"": 250, \""num_leaves\"": 17, \""reg_alpha\"": 0.0011711676806260107, \""reg_lambda\"": 0.01356765376408053, \""subsample\"": 0.9917106515379142}""},{""trial"":6,""objective"":0.0795888523,""pr_auc_w"":0.0382521208,""inner_precision"":0.0925925926,""inner_recall"":0.21875,""inner_f1"":0.1301115242,""params"":""{\""colsample_bytree\"": 0.7955417135773984, \""learning_rate\"": 0.07580575548291014, \""max_depth\"": 2, \""min_child_samples\"": 7, \""min_split_gain\"": 0.8408123680376566, \""n_estimators\"": 250, \""num_leaves\"": 24, \""reg_alpha\"": 7.727937560877028, \""reg_lambda\"": 0.0021210154533177093, \""subsample\"": 0.7312766480907318}""},{""trial"":7,""objective"":0.0358037988,""pr_auc_w"":0.0231787519,""inner_precision"":0.0264511816,""inner_recall"":0.8125,""inner_f1"":0.0512344115,""params"":""{\""colsample_bytree\"": 0.600650715939737, \""learning_rate\"": 0.015056314134884848, \""max_depth\"": 5, \""min_child_samples\"": 39, \""min_split_gain\"": 0.3887964775102746, \""n_estimators\"": 250, \""num_leaves\"": 7, \""reg_alpha\"": 0.30009641377846735, \""reg_lambda\"": 2.176960046022595, \""subsample\"": 0.5692990388609368}""},{""trial"":8,""objective"":0.2600093739,""pr_auc_w"":0.2124137377,""inner_precision"":0.5833333333,""inner_recall"":0.21875,""inner_f1"":0.3181818182,""params"":""{\""colsample_bytree\"": 0.6095904769436197, \""learning_rate\"": 0.08826347392728134, \""max_depth\"": 6, \""min_child_samples\"": 11, \""min_split_gain\"": 0.8740427106086283, \""n_estimators\"": 250, \""num_leaves\"": 20, \""reg_alpha\"": 0.023694706386057772, \""reg_lambda\"": 17.923733923380162, \""subsample\"": 0.9920335927557994}""},{""trial"":9,""objective"":0.0375969932,""pr_auc_w"":0.0236429628,""inner_precision"":0.0282769693,""inner_recall"":0.8125,""inner_f1"":0.0546519193,""params"":""{\""colsample_bytree\"": 0.7617814407036836, \""learning_rate\"": 0.024560350516463374, \""max_depth\"": 2, \""min_child_samples\"": 50, \""min_split_gain\"": 0.7887615715720937, \""n_estimators\"": 250, \""num_leaves\"": 11, \""reg_alpha\"": 0.03550435671027744, \""reg_lambda\"": 0.03195113972030807, \""subsample\"": 0.9085748498504321}""}]"
T21,record|engineered|lda,20260824,0,0.0692692605020446,1e-08,0.02402402402402387,1.0,0.04692082111436921,"{""shrinkage"": 0.2707025916816034}","[{""trial"":0,""objective"":0.0374594401,""pr_auc_w"":0.0225638849,""inner_precision"":0.0288607428,""inner_recall"":0.78125,""inner_f1"":0.0556651186,""params"":""{\""shrinkage\"": 0.19132099001689007}""},{""trial"":1,""objective"":0.0311257876,""pr_auc_w"":0.0182025784,""inner_precision"":0.024024024,""inner_recall"":1.0,""inner_f1"":0.0469208211,""params"":""{\""shrinkage\"": 0.15165910187752096}""},{""trial"":2,""objective"":0.0311004171,""pr_auc_w"":0.0181564501,""inner_precision"":0.024024024,""inner_recall"":1.0,""inner_f1"":0.0469208211,""params"":""{\""shrinkage\"": 0.5633727252301218}""},{""trial"":3,""objective"":0.0692692605,""pr_auc_w"":0.0371032714,""inner_precision"":0.076419214,""inner_recall"":0.1875,""inner_f1"":0.1085832472,""params"":""{\""shrinkage\"": 0.2707025916816034}""},{""trial"":4,""objective"":0.039436309,""pr_auc_w"":0.0216256753,""inner_precision"":0.0339245905,""inner_recall"":0.3125,""inner_f1"":0.0612048614,""params"":""{\""shrinkage\"": 0.4310398940730261}""},{""trial"":5,""objective"":0.0322240797,""pr_auc_w"":0.0199444858,""inner_precision"":0.0241874528,""inner_recall"":1.0,""inner_f1"":0.0472324723,""params"":""{\""shrinkage\"": 0.5100702209730764}""},{""trial"":6,""objective"":0.0314098974,""pr_auc_w"":0.0186345206,""inner_precision"":0.0240782543,""inner_recall"":1.0,""inner_f1"":0.0470242469,""params"":""{\""shrinkage\"": 0.5523971300912661}""},{""trial"":7,""objective"":0.0508804101,""pr_auc_w"":0.0277461042,""inner_precision"":0.0684931507,""inner_recall"":0.09375,""inner_f1"":0.0791556728,""params"":""{\""shrinkage\"": 0.9954935884259661}""},{""trial"":8,""objective"":0.0318447052,""pr_auc_w"":0.0185519765,""inner_precision"":0.0246381275,""inner_recall"":1.0,""inner_f1"":0.0480913736,""params"":""{\""shrinkage\"": 0.49836787514243597}""},{""trial"":9,""objective"":0.0342791497,""pr_auc_w"":0.02213066,""inner_precision"":0.025432832,""inner_recall"":0.71875,""inner_f1"":0.0491273038,""params"":""{\""shrinkage\"": 0.10128100493224867}""}]"
T21,record|engineered|lda,20260824,1,0.03515467269676391,1e-08,0.02402402402402389,1.0,0.046920821114369245,"{""shrinkage"": 0.5603458685244602}","[{""trial"":0,""objective"":0.0315951236,""pr_auc_w"":0.0190559165,""inner_precision"":0.024024024,""inner_recall"":1.0,""inner_f1"":0.0469208211,""params"":""{\""shrinkage\"": 0.09909197598937836}""},{""trial"":1,""objective"":0.0330861626,""pr_auc_w"":0.0205250702,""inner_precision"":0.025754717,""inner_recall"":0.40625,""inner_f1"":0.0484386089,""params"":""{\""shrinkage\"": 0.5027241610775213}""},{""trial"":2,""objective"":0.0314599754,""pr_auc_w"":0.0188101926,""inner_precision"":0.024024024,""inner_recall"":1.0,""inner_f1"":0.0469208211,""params"":""{\""shrinkage\"": 0.4446842333388836}""},{""trial"":3,""objective"":0.0313342064,""pr_auc_w"":0.0185815216,""inner_precision"":0.024024024,""inner_recall"":1.0,""inner_f1"":0.0469208211,""params"":""{\""shrinkage\"": 0.9316638900143265}""},{""trial"":4,""objective"":0.0312406289,""pr_auc_w"":0.0184113807,""inner_precision"":0.024024024,""inner_recall"":1.0,""inner_f1"":0.0469208211,""params"":""{\""shrinkage\"": 0.6528829234198094}""},{""trial"":5,""objective"":0.0322739839,""pr_auc_w"":0.0202902081,""inner_precision"":0.024024024,""inner_recall"":1.0,""inner_f1"":0.0469208211,""params"":""{\""shrinkage\"": 0.46829051869641547}""},{""trial"":6,""objective"":0.0314296743,""pr_auc_w"":0.0187550996,""inner_precision"":0.024024024,""inner_recall"":1.0,""inner_f1"":0.0469208211,""params"":""{\""shrinkage\"": 0.3038624546104406}""},{""trial"":7,""objective"":0.0351546727,""pr_auc_w"":0.0206656844,""inner_precision"":0.0307692308,""inner_recall"":0.1875,""inner_f1"":0.0528634361,""params"":""{\""shrinkage\"": 0.5603458685244602}""},{""trial"":8,""objective"":0.0312653104,""pr_auc_w"":0.0184562562,""inner_precision"":0.024024024,""inner_recall"":1.0,""inner_f1"":0.0469208211,""params"":""{\""shrinkage\"": 0.057331629804044826}""},{""trial"":9,""objective"":0.0312090243,""pr_auc_w"":0.0183539178,""inner_precision"":0.024024024,""inner_recall"":1.0,""inner_f1"":0.0469208211,""params"":""{\""shrinkage\"": 0.48931021865898616}""}]"
T21,record|engineered|lda,20260824,2,0.37458442376492695,0.99999999,1.0,0.2333333333333333,0.37837837837837834,"{""shrinkage"": 0.6989611286494395}","[{""trial"":0,""objective"":0.2738347701,""pr_auc_w"":0.2115177638,""inner_precision"":0.7,""inner_recall"":0.2333333333,""inner_f1"":0.35,""params"":""{\""shrinkage\"": 0.8480235159117029}""},{""trial"":1,""objective"":0.3216743242,""pr_auc_w"":0.275280098,""inner_precision"":1.0,""inner_recall"":0.2333333333,""inner_f1"":0.3783783784,""params"":""{\""shrinkage\"": 0.6406383163249926}""},{""trial"":2,""objective"":0.3745844238,""pr_auc_w"":0.317426225,""inner_precision"":0.6666666667,""inner_recall"":0.3333333333,""inner_f1"":0.4444444444,""params"":""{\""shrinkage\"": 0.6989611286494395}""},{""trial"":3,""objective"":0.3095537122,""pr_auc_w"":0.2532426217,""inner_precision"":1.0,""inner_recall"":0.2333333333,""inner_f1"":0.3783783784,""params"":""{\""shrinkage\"": 0.9712629491841673}""},{""trial"":4,""objective"":0.332904282,""pr_auc_w"":0.2956982032,""inner_precision"":1.0,""inner_recall"":0.2333333333,""inner_f1"":0.3783783784,""params"":""{\""shrinkage\"": 0.7242475390567771}""},{""trial"":5,""objective"":0.3096558284,""pr_auc_w"":0.2534282876,""inner_precision"":1.0,""inner_recall"":0.2333333333,""inner_f1"":0.3783783784,""params"":""{\""shrinkage\"": 0.37882609610984486}""},{""trial"":6,""objective"":0.3114686094,""pr_auc_w"":0.2567242529,""inner_precision"":1.0,""inner_recall"":0.2333333333,""inner_f1"":0.3783783784,""params"":""{\""shrinkage\"": 0.4231461056536423}""},{""trial"":7,""objective"":0.3187049454,""pr_auc_w"":0.2698812275,""inner_precision"":1.0,""inner_recall"":0.2333333333,""inner_f1"":0.3783783784,""params"":""{\""shrinkage\"": 0.47488421757218735}""},{""trial"":8,""objective"":0.3096166406,""pr_auc_w"":0.253357037,""inner_precision"":1.0,""inner_recall"":0.2333333333,""inner_f1"":0.3783783784,""params"":""{\""shrinkage\"": 0.4674763662792867}""},{""trial"":9,""objective"":0.3146546523,""pr_auc_w"":0.2625170583,""inner_precision"":1.0,""inner_recall"":0.2333333333,""inner_f1"":0.3783783784,""params"":""{\""shrinkage\"": 0.21260875336215357}""}]"
T21,record|engineered|lda,20260824,3,0.2918629584594647,0.99999999,1.0,0.21875,0.358974358974359,"{""shrinkage"": 0.8077534426011924}","[{""trial"":0,""objective"":0.2918629585,""pr_auc_w"":0.2369536308,""inner_precision"":1.0,""inner_recall"":0.21875,""inner_f1"":0.358974359,""params"":""{\""shrinkage\"": 0.8077534426011924}""},{""trial"":1,""objective"":0.2439713535,""pr_auc_w"":0.1708570064,""inner_precision"":0.7,""inner_recall"":0.21875,""inner_f1"":0.3333333333,""params"":""{\""shrinkage\"": 0.28420017314563795}""},{""trial"":2,""objective"":0.245250513,""pr_auc_w"":0.1731827508,""inner_precision"":0.7,""inner_recall"":0.21875,""inner_f1"":0.3333333333,""params"":""{\""shrinkage\"": 0.19187505024311124}""},{""trial"":3,""objective"":0.2914582866,""pr_auc_w"":0.2362178637,""inner_precision"":1.0,""inner_recall"":0.21875,""inner_f1"":0.358974359,""params"":""{\""shrinkage\"": 0.6467060115661291}""},{""trial"":4,""objective"":0.2910355325,""pr_auc_w"":0.23544922,""inner_precision"":1.0,""inner_recall"":0.21875,""inner_f1"":0.358974359,""params"":""{\""shrinkage\"": 0.7961251292553883}""},{""trial"":5,""objective"":0.2917445168,""pr_auc_w"":0.2367382822,""inner_precision"":1.0,""inner_recall"":0.21875,""inner_f1"":0.358974359,""params"":""{\""shrinkage\"": 0.8095886009152312}""},{""trial"":6,""objective"":0.2918025412,""pr_auc_w"":0.2368437812,""inner_precision"":1.0,""inner_recall"":0.21875,""inner_f1"":0.358974359,""params"":""{\""shrinkage\"": 0.05984713490222093}""},{""trial"":7,""objective"":0.2434859831,""pr_auc_w"":0.1699745148,""inner_precision"":0.7,""inner_recall"":0.21875,""inner_f1"":0.3333333333,""params"":""{\""shrinkage\"": 0.8923957348592076}""},{""trial"":8,""objective"":0.0321876274,""pr_auc_w"":0.0197924586,""inner_precision"":0.0242424242,""inner_recall"":1.0,""inner_f1"":0.0473372781,""params"":""{\""shrinkage\"": 0.5980928913759078}""},{""trial"":9,""objective"":0.2148184545,""pr_auc_w"":0.1360335537,""inner_precision"":0.5384615385,""inner_recall"":0.21875,""inner_f1"":0.3111111111,""params"":""{\""shrinkage\"": 0.8858694320249312}""}]"
T21,record|engineered|lda,20360827,0,0.03516105593565508,3.8421579844586286e-08,0.02435045462178818,0.9062499999999999,0.04742658224890764,"{""shrinkage"": 0.9342006691457124}","[{""trial"":0,""objective"":0.0326891427,""pr_auc_w"":0.0202619831,""inner_precision"":0.0249446716,""inner_recall"":0.59375,""inner_f1"":0.0478778934,""params"":""{\""shrinkage\"": 0.7541201495977812}""},{""trial"":1,""objective"":0.0306317223,""pr_auc_w"":0.0169635403,""inner_precision"":0.0242424242,""inner_recall"":1.0,""inner_f1"":0.0473372781,""params"":""{\""shrinkage\"": 0.7792761023333981}""},{""trial"":2,""objective"":0.0315424564,""pr_auc_w"":0.0186194205,""inner_precision"":0.0242424242,""inner_recall"":1.0,""inner_f1"":0.0473372781,""params"":""{\""shrinkage\"": 0.8849136557866919}""},{""trial"":3,""objective"":0.031092851,""pr_auc_w"":0.0178019562,""inner_precision"":0.0242424242,""inner_recall"":1.0,""inner_f1"":0.0473372781,""params"":""{\""shrinkage\"": 0.5359562778042691}""},{""trial"":4,""objective"":0.031695109,""pr_auc_w"":0.0188969706,""inner_precision"":0.0242424242,""inner_recall"":1.0,""inner_f1"":0.0473372781,""params"":""{\""shrinkage\"": 0.43447682212215377}""},{""trial"":5,""objective"":0.0351610559,""pr_auc_w"":0.0217422517,""inner_precision"":0.0264631524,""inner_recall"":1.0,""inner_f1"":0.0515618166,""params"":""{\""shrinkage\"": 0.9342006691457124}""},{""trial"":6,""objective"":0.0307972779,""pr_auc_w"":0.0170398086,""inner_precision"":0.0243865264,""inner_recall"":1.0,""inner_f1"":0.0476119625,""params"":""{\""shrinkage\"": 0.20287761634027068}""},{""trial"":7,""objective"":0.0310539839,""pr_auc_w"":0.0177312887,""inner_precision"":0.0242424242,""inner_recall"":1.0,""inner_f1"":0.0473372781,""params"":""{\""shrinkage\"": 0.7566658751047167}""},{""trial"":8,""objective"":0.0304571001,""pr_auc_w"":0.0166460453,""inner_precision"":0.0242424242,""inner_recall"":1.0,""inner_f1"":0.0473372781,""params"":""{\""shrinkage\"": 0.41674610018822633}""},{""trial"":9,""objective"":0.0312835822,""pr_auc_w"":0.0181487401,""inner_precision"":0.0242424242,""inner_recall"":1.0,""inner_f1"":0.0473372781,""params"":""{\""shrinkage\"": 0.4659989450038099}""}]"
T21,record|engineered|lda,20360827,1,0.3052869073722178,0.99999999,1.0,0.21875000000000003,0.35897435897435903,"{""shrinkage"": 0.3403785042038868}","[{""trial"":0,""objective"":0.0327447587,""pr_auc_w"":0.0208054246,""inner_precision"":0.0242424242,""inner_recall"":1.0,""inner_f1"":0.0473372781,""params"":""{\""shrinkage\"": 0.5100803539913443}""},{""trial"":1,""objective"":0.0326586315,""pr_auc_w"":0.0206488297,""inner_precision"":0.0242424242,""inner_recall"":1.0,""inner_f1"":0.0473372781,""params"":""{\""shrinkage\"": 0.8204170569978234}""},{""trial"":2,""objective"":0.034259081,""pr_auc_w"":0.0224482647,""inner_precision"":0.0253341698,""inner_recall"":0.625,""inner_f1"":0.048694523,""params"":""{\""shrinkage\"": 0.7189086755987181}""},{""trial"":3,""objective"":0.2217343415,""pr_auc_w"":0.1486078936,""inner_precision"":0.5384615385,""inner_recall"":0.21875,""inner_f1"":0.3111111111,""params"":""{\""shrinkage\"": 0.7697117388911381}""},{""trial"":4,""objective"":0.2990998105,""pr_auc_w"":0.2501115436,""inner_precision"":1.0,""inner_recall"":0.21875,""inner_f1"":0.358974359,""params"":""{\""shrinkage\"": 0.49477668172317113}""},{""trial"":5,""objective"":0.3052869074,""pr_auc_w"":0.2613608106,""inner_precision"":1.0,""inner_recall"":0.21875,""inner_f1"":0.358974359,""params"":""{\""shrinkage\"": 0.3403785042038868}""},{""trial"":6,""objective"":0.2532604099,""pr_auc_w"":0.1877461998,""inner_precision"":0.7,""inner_recall"":0.21875,""inner_f1"":0.3333333333,""params"":""{\""shrinkage\"": 0.6879668899519056}""},{""trial"":7,""objective"":0.296305906,""pr_auc_w"":0.2450317172,""inner_precision"":1.0,""inner_recall"":0.21875,""inner_f1"":0.358974359,""params"":""{\""shrinkage\"": 0.9835246161720496}""},{""trial"":8,""objective"":0.0505758186,""pr_auc_w"":0.0289381788,""inner_precision"":0.0484652666,""inner_recall"":0.1875,""inner_f1"":0.0770218228,""params"":""{\""shrinkage\"": 0.5055866380868752}""},{""trial"":9,""objective"":0.3025314118,""pr_auc_w"":0.2563508187,""inner_precision"":1.0,""inner_recall"":0.21875,""inner_f1"":0.358974359,""params"":""{\""shrinkage\"": 0.16986896362022352}""}]"
T21,record|engineered|lda,20360827,2,0.3173025060999309,0.9940621174549535,0.7777777777777777,0.23333333333333336,0.35897435897435903,"{""shrinkage"": 0.9738164055862714}","[{""trial"":0,""objective"":0.3086312119,""pr_auc_w"":0.2515653485,""inner_precision"":1.0,""inner_recall"":0.2333333333,""inner_f1"":0.3783783784,""params"":""{\""shrinkage\"": 0.3576152862777229}""},{""trial"":1,""objective"":0.3126553093,""pr_auc_w"":0.2588818892,""inner_precision"":1.0,""inner_recall"":0.2333333333,""inner_f1"":0.3783783784,""params"":""{\""shrinkage\"": 0.09438080719125919}""},{""trial"":2,""objective"":0.3085152335,""pr_auc_w"":0.2513544786,""inner_precision"":1.0,""inner_recall"":0.2333333333,""inner_f1"":0.3783783784,""params"":""{\""shrinkage\"": 0.6314387137127604}""},{""trial"":3,""objective"":0.3088164087,""pr_auc_w"":0.2519020698,""inner_precision"":1.0,""inner_recall"":0.2333333333,""inner_f1"":0.3783783784,""params"":""{\""shrinkage\"": 0.04281113515073054}""},{""trial"":4,""objective"":0.3167740008,""pr_auc_w"":0.2663704192,""inner_precision"":1.0,""inner_recall"":0.2333333333,""inner_f1"":0.3783783784,""params"":""{\""shrinkage\"": 0.10584731258792779}""},{""trial"":5,""objective"":0.3105189727,""pr_auc_w"":0.2549976408,""inner_precision"":1.0,""inner_recall"":0.2333333333,""inner_f1"":0.3783783784,""params"":""{\""shrinkage\"": 0.6786869456374142}""},{""trial"":6,""objective"":0.3103557752,""pr_auc_w"":0.254700918,""inner_precision"":1.0,""inner_recall"":0.2333333333,""inner_f1"":0.3783783784,""params"":""{\""shrinkage\"": 0.3895619005014769}""},{""trial"":7,""objective"":0.3102074765,""pr_auc_w"":0.254431284,""inner_precision"":1.0,""inner_recall"":0.2333333333,""inner_f1"":0.3783783784,""params"":""{\""shrinkage\"": 0.845438483026685}""},{""trial"":8,""objective"":0.3173025061,""pr_auc_w"":0.2673313379,""inner_precision"":1.0,""inner_recall"":0.2333333333,""inner_f1"":0.3783783784,""params"":""{\""shrinkage\"": 0.9738164055862714}""},{""trial"":9,""objective"":0.3093229855,""pr_auc_w"":0.2528231186,""inner_precision"":1.0,""inner_recall"":0.2333333333,""inner_f1"":0.3783783784,""params"":""{\""shrinkage\"": 0.6277112638528527}""}]"
T21,record|engineered|lda,20360827,3,0.032700282258372106,1e-08,0.024024024024024076,1.0,0.0469208211143696,"{""shrinkage"": 0.9984377692080616}","[{""trial"":0,""objective"":0.0307939102,""pr_auc_w"":0.017599165,""inner_precision"":0.024024024,""inner_recall"":1.0,""inner_f1"":0.0469208211,""params"":""{\""shrinkage\"": 0.1473936610722496}""},{""trial"":1,""objective"":0.0311261815,""pr_auc_w"":0.0182032946,""inner_precision"":0.024024024,""inner_recall"":1.0,""inner_f1"":0.0469208211,""params"":""{\""shrinkage\"": 0.49729588928739643}""},{""trial"":2,""objective"":0.0321031895,""pr_auc_w"":0.0199796727,""inner_precision"":0.024024024,""inner_recall"":1.0,""inner_f1"":0.0469208211,""params"":""{\""shrinkage\"": 0.9674952147803642}""},{""trial"":3,""objective"":0.0327002823,""pr_auc_w"":0.0210652959,""inner_precision"":0.024024024,""inner_recall"":1.0,""inner_f1"":0.0469208211,""params"":""{\""shrinkage\"": 0.9984377692080616}""},{""trial"":4,""objective"":0.0299323179,""pr_auc_w"":0.0160326334,""inner_precision"":0.024024024,""inner_recall"":1.0,""inner_f1"":0.0469208211,""params"":""{\""shrinkage\"": 0.2308456664488493}""},{""trial"":5,""objective"":0.0301909589,""pr_auc_w"":0.0165028899,""inner_precision"":0.024024024,""inner_recall"":1.0,""inner_f1"":0.0469208211,""params"":""{\""shrinkage\"": 0.14840189748511634}""},{""trial"":6,""objective"":0.0302277427,""pr_auc_w"":0.0165697694,""inner_precision"":0.024024024,""inner_recall"":1.0,""inner_f1"":0.0469208211,""params"":""{\""shrinkage\"": 0.845928544449892}""},{""trial"":7,""objective"":0.0306902109,""pr_auc_w"":0.0166295004,""inner_precision"":0.0245248314,""inner_recall"":1.0,""inner_f1"":0.0478755236,""params"":""{\""shrinkage\"": 0.05551188346992342}""},{""trial"":8,""objective"":0.0313059607,""pr_auc_w"":0.0179472905,""inner_precision"":0.0243976822,""inner_recall"":1.0,""inner_f1"":0.0476332242,""params"":""{\""shrinkage\"": 0.10676108371306547}""},{""trial"":9,""objective"":0.0314283689,""pr_auc_w"":0.0180092437,""inner_precision"":0.0245006891,""inner_recall"":1.0,""inner_f1"":0.0478295219,""params"":""{\""shrinkage\"": 0.3471018388265885}""}]"
T21,record|engineered|lda,20460830,0,0.03166361257964273,0.00014848446438178657,0.025612879619465796,0.31250000000000006,0.04734528238079136,"{""shrinkage"": 0.19876977370591942}","[{""trial"":0,""objective"":0.0300451837,""pr_auc_w"":0.0162378439,""inner_precision"":0.024024024,""inner_recall"":1.0,""inner_f1"":0.0469208211,""params"":""{\""shrinkage\"": 0.19893405638267347}""},{""trial"":1,""objective"":0.0298506761,""pr_auc_w"":0.0158841938,""inner_precision"":0.024024024,""inner_recall"":1.0,""inner_f1"":0.0469208211,""params"":""{\""shrinkage\"": 0.5872328852557418}""},{""trial"":2,""objective"":0.0300237023,""pr_auc_w"":0.0161987869,""inner_precision"":0.024024024,""inner_recall"":1.0,""inner_f1"":0.0469208211,""params"":""{\""shrinkage\"": 0.4682905398465679}""},{""trial"":3,""objective"":0.0301655922,""pr_auc_w"":0.0164567686,""inner_precision"":0.024024024,""inner_recall"":1.0,""inner_f1"":0.0469208211,""params"":""{\""shrinkage\"": 0.4149894533655556}""},{""trial"":4,""objective"":0.0307219782,""pr_auc_w"":0.0174683795,""inner_precision"":0.024024024,""inner_recall"":1.0,""inner_f1"":0.0469208211,""params"":""{\""shrinkage\"": 0.5499843716540096}""},{""trial"":5,""objective"":0.030022014,""pr_auc_w"":0.0161957172,""inner_precision"":0.024024024,""inner_recall"":1.0,""inner_f1"":0.0469208211,""params"":""{\""shrinkage\"": 0.3448680135955151}""},{""trial"":6,""objective"":0.0312422543,""pr_auc_w"":0.018414336,""inner_precision"":0.024024024,""inner_recall"":1.0,""inner_f1"":0.0469208211,""params"":""{\""shrinkage\"": 0.8297508690290475}""},{""trial"":7,""objective"":0.0303614283,""pr_auc_w"":0.0168128343,""inner_precision"":0.024024024,""inner_recall"":1.0,""inner_f1"":0.0469208211,""params"":""{\""shrinkage\"": 0.551559215949898}""},{""trial"":8,""objective"":0.030362478,""pr_auc_w"":0.0168147428,""inner_precision"":0.024024024,""inner_recall"":1.0,""inner_f1"":0.0469208211,""params"":""{\""shrinkage\"": 0.5731479764644536}""},{""trial"":9,""objective"":0.0316636126,""pr_auc_w"":0.019180442,""inner_precision"":0.024024024,""inner_recall"":1.0,""inner_f1"":0.0469208211,""params"":""{\""shrinkage\"": 0.19876977370591942}""}]"
T21,record|engineered|lda,20460830,1,0.3295458326487315,0.99999999,1.0,0.2333333333333333,0.37837837837837834,"{""shrinkage"": 0.25591831945056254}","[{""trial"":0,""objective"":0.3200878154,""pr_auc_w"":0.2723955367,""inner_precision"":1.0,""inner_recall"":0.2333333333,""inner_f1"":0.3783783784,""params"":""{\""shrinkage\"": 0.13434065584777988}""},{""trial"":1,""objective"":0.3201450123,""pr_auc_w"":0.2724995309,""inner_precision"":1.0,""inner_recall"":0.2333333333,""inner_f1"":0.3783783784,""params"":""{\""shrinkage\"": 0.999285735248399}""},{""trial"":2,""objective"":0.050546756,""pr_auc_w"":0.030319615,""inner_precision"":0.0603448276,""inner_recall"":0.1,""inner_f1"":0.0752688172,""params"":""{\""shrinkage\"": 0.22701724263243295}""},{""trial"":3,""objective"":0.2217751788,""pr_auc_w"":0.169461364,""inner_precision"":0.3684210526,""inner_recall"":0.2333333333,""inner_f1"":0.2857142857,""params"":""{\""shrinkage\"": 0.8112618102577643}""},{""trial"":4,""objective"":0.2026045575,""pr_auc_w"":0.1601074599,""inner_precision"":0.28,""inner_recall"":0.2333333333,""inner_f1"":0.2545454545,""params"":""{\""shrinkage\"": 0.8704102356039516}""},{""trial"":5,""objective"":0.0489066921,""pr_auc_w"":0.0280144233,""inner_precision"":0.0592885375,""inner_recall"":0.1,""inner_f1"":0.0744416873,""params"":""{\""shrinkage\"": 0.9478807941358663}""},{""trial"":6,""objective"":0.1540610528,""pr_auc_w"":0.1313506745,""inner_precision"":1.0,""inner_recall"":0.1,""inner_f1"":0.1818181818,""params"":""{\""shrinkage\"": 0.45073778219546723}""},{""trial"":7,""objective"":0.3099494471,""pr_auc_w"":0.2539621397,""inner_precision"":1.0,""inner_recall"":0.2333333333,""inner_f1"":0.3783783784,""params"":""{\""shrinkage\"": 0.8307536075200264}""},{""trial"":8,""objective"":0.3172206551,""pr_auc_w"":0.2671825179,""inner_precision"":1.0,""inner_recall"":0.2333333333,""inner_f1"":0.3783783784,""params"":""{\""shrinkage\"": 0.11777940120173602}""},{""trial"":9,""objective"":0.3295458326,""pr_auc_w"":0.2895919316,""inner_precision"":1.0,""inner_recall"":0.2333333333,""inner_f1"":0.3783783784,""params"":""{\""shrinkage\"": 0.25591831945056254}""}]"
T21,record|engineered|lda,20460830,2,0.04193602897270485,1e-08,0.024242424242424107,1.0,0.04733727810650862,"{""shrinkage"": 0.10565089824279306}","[{""trial"":0,""objective"":0.0337088032,""pr_auc_w"":0.0206526658,""inner_precision"":0.0254655419,""inner_recall"":1.0,""inner_f1"":0.0496663045,""params"":""{\""shrinkage\"": 0.8421770348988623}""},{""trial"":1,""objective"":0.0314756652,""pr_auc_w"":0.0184979818,""inner_precision"":0.0242424242,""inner_recall"":1.0,""inner_f1"":0.0473372781,""params"":""{\""shrinkage\"": 0.6670344950558792}""},{""trial"":2,""objective"":0.0319628327,""pr_auc_w"":0.019383741,""inner_precision"":0.0242424242,""inner_recall"":1.0,""inner_f1"":0.0473372781,""params"":""{\""shrinkage\"": 0.7813537007521427}""},{""trial"":3,""objective"":0.034213087,""pr_auc_w"":0.021582389,""inner_precision"":0.0272287213,""inner_recall"":0.28125,""inner_f1"":0.0496506068,""params"":""{\""shrinkage\"": 0.031249402701154283}""},{""trial"":4,""objective"":0.0322115049,""pr_auc_w"":0.0198358722,""inner_precision"":0.0242424242,""inner_recall"":1.0,""inner_f1"":0.0473372781,""params"":""{\""shrinkage\"": 0.9004610060139552}""},{""trial"":5,""objective"":0.0317915632,""pr_auc_w"":0.0190723419,""inner_precision"":0.0242424242,""inner_recall"":1.0,""inner_f1"":0.0473372781,""params"":""{\""shrinkage\"": 0.2676094135082888}""},{""trial"":6,""objective"":0.0322066617,""pr_auc_w"":0.0184716684,""inner_precision"":0.0251121076,""inner_recall"":1.0,""inner_f1"":0.0489938758,""params"":""{\""shrinkage\"": 0.31947428933377253}""},{""trial"":7,""objective"":0.0307319594,""pr_auc_w"":0.0171457895,""inner_precision"":0.0242424242,""inner_recall"":1.0,""inner_f1"":0.0473372781,""params"":""{\""shrinkage\"": 0.07900398899896899}""},{""trial"":8,""objective"":0.041936029,""pr_auc_w"":0.0256642145,""inner_precision"":0.0410677618,""inner_recall"":0.125,""inner_f1"":0.0618238022,""params"":""{\""shrinkage\"": 0.10565089824279306}""},{""trial"":9,""objective"":0.0328596608,""pr_auc_w"":0.0208416905,""inner_precision"":0.0243531202,""inner_recall"":1.0,""inner_f1"":0.0475482912,""params"":""{\""shrinkage\"": 0.27886866549034095}""}]"
T21,record|engineered|lda,20460830,3,0.2963144976447651,0.99999999,1.0,0.21875,0.358974358974359,"{""shrinkage"": 0.050566036187994934}","[{""trial"":0,""objective"":0.0333246271,""pr_auc_w"":0.0216454955,""inner_precision"":0.0252805867,""inner_recall"":0.40625,""inner_f1"":0.0475991212,""params"":""{\""shrinkage\"": 0.41282779715453544}""},{""trial"":1,""objective"":0.0324882889,""pr_auc_w"":0.020339116,""inner_precision"":0.0242424242,""inner_recall"":1.0,""inner_f1"":0.0473372781,""params"":""{\""shrinkage\"": 0.141939773307184}""},{""trial"":2,""objective"":0.0316933,""pr_auc_w"":0.0188936815,""inner_precision"":0.0242424242,""inner_recall"":1.0,""inner_f1"":0.0473372781,""params"":""{\""shrinkage\"": 0.5147374571858931}""},{""trial"":3,""objective"":0.2963144976,""pr_auc_w"":0.2450473384,""inner_precision"":1.0,""inner_recall"":0.21875,""inner_f1"":0.358974359,""params"":""{\""shrinkage\"": 0.050566036187994934}""},{""trial"":4,""objective"":0.0323918357,""pr_auc_w"":0.0201637465,""inner_precision"":0.0242424242,""inner_recall"":1.0,""inner_f1"":0.0473372781,""params"":""{\""shrinkage\"": 0.24599988393518368}""},{""trial"":5,""objective"":0.2594820429,""pr_auc_w"":0.1924063752,""inner_precision"":0.7777777778,""inner_recall"":0.21875,""inner_f1"":0.3414634146,""params"":""{\""shrinkage\"": 0.8967706674371783}""},{""trial"":6,""objective"":0.2467272051,""pr_auc_w"":0.1758676457,""inner_precision"":0.7,""inner_recall"":0.21875,""inner_f1"":0.3333333333,""params"":""{\""shrinkage\"": 0.23643830247375475}""},{""trial"":7,""objective"":0.250174666,""pr_auc_w"":0.1821357564,""inner_precision"":0.7,""inner_recall"":0.21875,""inner_f1"":0.3333333333,""params"":""{\""shrinkage\"": 0.3808653771713998}""},{""trial"":8,""objective"":0.215363161,""pr_auc_w"":0.137023929,""inner_precision"":0.5384615385,""inner_recall"":0.21875,""inner_f1"":0.3111111111,""params"":""{\""shrinkage\"": 0.7358918550020058}""},{""trial"":9,""objective"":0.0391558014,""pr_auc_w"":0.0223493661,""inner_precision"":0.0316253854,""inner_recall"":0.53125,""inner_f1"":0.0596970001,""params"":""{\""shrinkage\"": 0.1644573623837644}""}]"
